item_code,item_name,description,item_group,stock_uom,is_stock_item,include_item_in_manufacturing,is_purchase_item,is_sales_item
1L500109-625,TRIM-DOOR OPENING,TRIM-DOOR OPENING,All Item Groups,EA,1,0,1,0
35553-2-255,DETECTOR,DETECTOR,All Item Groups,EA,1,0,1,0
35562-2-310,SENSOR,SENSOR,All Item Groups,EA,1,0,1,0
5A1641,RING,RING,All Item Groups,EA,1,0,1,0
63-533,NUT,NUT,All Item Groups,EA,1,0,1,0
65-46360-7,MIXER ASSY,MIXER ASSY,All Item Groups,EA,1,0,1,0
161W2160-3,"AXLE ASSY-MLG, AFL","AXLE ASSY-MLG, AFL",All Item Groups,EA,1,0,1,0
3M-434 (2 INCH),Temperature Vibration Damping Tape2 In X 60 Yd,Temperature Vibration Damping Tape2 In X 60 Yd,All Item Groups,EA,1,0,1,0
VAT,VAT,VAT,All Item Groups,EA,1,0,1,0
UNIVERSAL TEMP,UNIVERSAL TEMP,UNIVERSAL TEMP,All Item Groups,EA,1,0,1,0
D2711004700000,SWITCH-PUSH BUTTON,SWITCH-PUSH BUTTON,All Item Groups,EA,1,0,1,0
5017-2050219800,SHOULDER HARNESS ASSY,SHOULDER HARNESS ASSY,All Item Groups,EA,1,0,1,0
MS21075L3,NUT,NUT,All Item Groups,EA,1,0,1,0
NAS514P1032-10,SCREW,SCREW,All Item Groups,EA,1,0,1,0
MS21250-10056,BOLT,BOLT,All Item Groups,EA,1,0,1,0
Q4559X,LAMP,LAMP,All Item Groups,EA,1,0,1,0
338-118-304-0,RING-SECTOR SUPPORT,RING-SECTOR SUPPORT,All Item Groups,EA,1,0,1,0
310A2022-3,LINK,LINK,All Item Groups,EA,1,0,1,0
310A2028-6,BUSHING,BUSHING,All Item Groups,EA,1,0,1,0
NSA936501TA1004,TERMINAL,TERMINAL,All Item Groups,EA,1,0,1,0
856A1480G01,"FADEC-ENGINE PRESERVATION, FALSE METERING VALVE SI","FADEC-ENGINE PRESERVATION, FALSE METERING VALVE SI",All Item Groups,EA,1,0,1,0
E0250A0S,RELAY BASE MODULE,RELAY BASE MODULE,All Item Groups,EA,1,0,1,0
NSA935805-06,CONDUIT,CONDUIT,All Item Groups,EA,1,0,1,0
50845-1,TERMINAL,TERMINAL,All Item Groups,EA,1,0,1,0
5908974-17,GCU GENERATOR,GCU GENERATOR,All Item Groups,EA,1,0,1,0
4978-2,"SWITCH , PUSH BUTTON","SWITCH , PUSH BUTTON",All Item Groups,EA,1,0,1,0
2-7679-2,FUSE,FUSE,All Item Groups,EA,1,0,1,0
2-8011-1,FUSE,FUSE,All Item Groups,EA,1,0,1,0
BACB30VT5HK4,BOLT,BOLT,All Item Groups,EA,1,0,1,0
2670137-101,VALVE,VALVE,All Item Groups,EA,1,0,1,0
72552828-1,LED,LED,All Item Groups,EA,1,0,1,0
113W9389Y2,SEAL,SEAL,All Item Groups,EA,1,0,1,0
AGS3900,GASKET,GASKET,All Item Groups,EA,1,0,1,0
137-00-341-13GB,ARMCAP ASSY,ARMCAP ASSY,All Item Groups,EA,1,0,1,0
419K62T2,TIRE,TIRE,All Item Groups,EA,1,0,1,0
1319556,INVOICE REF. 1319556,INVOICE REF. 1319556,All Item Groups,EA,1,0,1,0
1326702,INVOICE REF. 1326702,INVOICE REF. 1326702,All Item Groups,EA,1,0,1,0
1337656,INVOICE REF. 1337656,INVOICE REF. 1337656,All Item Groups,EA,1,0,1,0
CERTIFICATION,RE-CERTIFICATION,RE-CERTIFICATION,All Item Groups,EA,1,0,1,0
201490002,MAIN GEAR - RH,MAIN GEAR - RH,All Item Groups,EA,1,0,1,0
201490001,MAIN GEAR - LH,MAIN GEAR - LH,All Item Groups,EA,1,0,1,0
D23581100-19,NLG- A330,NLG- A330,All Item Groups,EA,1,0,1,0
4100507-001,CONTROLLER ASSY-INTEGRATED SYS,CONTROLLER ASSY-INTEGRATED SYS,All Item Groups,EA,1,0,1,0
107C800-21,MICROPHONE,MICROPHONE,All Item Groups,EA,1,0,1,0
2-1587-1,BRAKE ASSY-BFG,BRAKE ASSY-BFG,All Item Groups,EA,1,0,1,0
9339M40G05,SEAL-OIL STA,SEAL-OIL STA,All Item Groups,EA,1,0,1,0
FUCHS RENOLITE 762,FUCHS RENOLITE 762 HIGH TEMP JOINTING COMPOUND 200,FUCHS RENOLITE 762 HIGH TEMP JOINTING COMPOUND 200,All Item Groups,TB,1,0,1,0
C20633000,BRAKE ASSY,BRAKE ASSY,All Item Groups,EA,1,0,1,0
MS24665-155,PIN,PIN,All Item Groups,EA,1,0,1,0
NAS1100E3-7,SCREW,SCREW,All Item Groups,EA,1,0,1,0
AS43013-128,PACKING,PACKING,All Item Groups,EA,1,0,1,0
2A258-0357,BOGIE ASSY,BOGIE ASSY,All Item Groups,EA,1,0,1,0
251A1481-17,FAIRLEAD,FAIRLEAD,All Item Groups,EA,1,0,1,0
CUSTOMS PROCESSING FEE,CUSTOMS PROCESSING FEE,CUSTOMS PROCESSING FEE,All Item Groups,EA,1,0,1,0
PROCESSING FEE,PROCESSING FEE,PROCESSING FEE,All Item Groups,EA,1,0,1,0
D5463013220000,WASHER,WASHER,All Item Groups,EA,1,0,1,0
124-514-1,INDICATOR,INDICATOR,All Item Groups,EA,1,0,1,0
AS44692,Washer,Washer,All Item Groups,EA,1,0,1,0
AS43013-125,RING-SEALING,RING-SEALING,All Item Groups,EA,1,0,1,0
6A4181,GASKET,GASKET,All Item Groups,EA,1,0,1,0
6A4139,"GASKET, CORRUOINT","GASKET, CORRUOINT",All Item Groups,EA,1,0,1,0
4W0169,"BOLT .250 DIA X 0.938, V25","BOLT .250 DIA X 0.938, V25",All Item Groups,EA,1,0,1,0
2A1470,SEAL C- METAL,SEAL C- METAL,All Item Groups,EA,1,0,1,0
2A0696,SEAL-C METAL,SEAL-C METAL,All Item Groups,EA,1,0,1,0
MS9197-09,NUT-TUBE,NUT-TUBE,All Item Groups,EA,1,0,1,0
2A2256,"METAL RING, 6380DX.040X.040","METAL RING, 6380DX.040X.040",All Item Groups,EA,1,0,1,0
2A1226,GASKET OPTION,GASKET OPTION,All Item Groups,EA,1,0,1,0
GHG20-63,HEAT GUN,HEAT GUN,All Item Groups,EA,1,0,1,0
INTL WIRE FEE,INTERNATIONAL WIRE FEE,INTERNATIONAL WIRE FEE,All Item Groups,EA,1,0,1,0
8TJ146AAP1,TRANSMITTER OIL,TRANSMITTER OIL,All Item Groups,EA,1,0,1,0
HG2030AE23,ADIRU,ADIRU,All Item Groups,EA,1,0,1,0
2050M55P01,BUSHING,BUSHING,All Item Groups,EA,1,0,1,0
HG2030BE03,ADIRU,ADIRU,All Item Groups,EA,1,0,1,0
930-2000-001,TRANSCEIVER,TRANSCEIVER,All Item Groups,EA,1,0,1,0
OMNIDRIVE USB2 LF,SB ATA FLASH/SRAM/LINEAR FLASH PC CARD READER,SB ATA FLASH/SRAM/LINEAR FLASH PC CARD READER,All Item Groups,EA,1,0,1,0
63292070-4,"VALVE OUTLINE, FAN AIR MODULATING","VALVE OUTLINE, FAN AIR MODULATING",All Item Groups,EA,1,0,1,0
8084040H,VALVE,VALVE,All Item Groups,EA,1,0,1,0
HG2040AD03,SAARU,SAARU,All Item Groups,EA,1,0,1,0
KT9283M41P04,NUT,NUT,All Item Groups,EA,1,0,1,0
JA9211M39G02,BUSHING-SHROUD,BUSHING-SHROUD,All Item Groups,EA,1,0,1,0
JA9206M79P03,WASHER,WASHER,All Item Groups,EA,1,0,1,0
JA9206M79P02,WASHER,WASHER,All Item Groups,EA,1,0,1,0
JA9206M79P01,WASHER,WASHER,All Item Groups,EA,1,0,1,0
141T4801-59,Window assy,Window assy,All Item Groups,EA,1,0,1,0
J815P020A,BOLT-SHEAR DBL HEX HD,BOLT-SHEAR DBL HEX HD,All Item Groups,EA,1,0,1,0
J1494P07D,BOLT MACH DBL HEX HD,BOLT MACH DBL HEX HD,All Item Groups,EA,1,0,1,0
ZOK 27 RTU,GAS TURBINE WASHING FLUID,GAS TURBINE WASHING FLUID,All Item Groups,PL,1,0,1,0
MO3316,LPS3 RUST INHIBITOR 380ML,LPS3 RUST INHIBITOR 380ML,All Item Groups,CAN,1,0,1,0
T8EH,"ANTI SEIZE GREASE, 8-OZ-CAN","ANTI SEIZE GREASE, 8-OZ-CAN",All Item Groups,CAN,1,0,1,0
SHERLOCKTP1-80Z,LEAK DETECTOR-TYPE1 8OZ 237 ML,LEAK DETECTOR-TYPE1 8OZ 237 ML,All Item Groups,EA,1,0,1,0
CITRASAFE-1LTR,CLEANING AGENT 1 LTR,CLEANING AGENT 1 LTR,All Item Groups,CAN,1,0,1,0
ARDROX 185L 20LTR,ARDROX 185L 20LTR,ARDROX 185L 20LTR,All Item Groups,PL,1,0,1,0
J644P14D,BOLT-MACH DBL HEX HD,BOLT-MACH DBL HEX HD,All Item Groups,EA,1,0,1,0
9381M62P04,BUSHING-SPACER,BUSHING-SPACER,All Item Groups,EA,1,0,1,0
2050M55P02,BUSHING,BUSHING,All Item Groups,EA,1,0,1,0
HAZMAT,HAZMAT CHARGES,HAZMAT CHARGES,All Item Groups,EA,1,0,1,0
2100-1020-02,COCKPIT VOICE RECORDER,COCKPIT VOICE RECORDER,All Item Groups,EA,1,0,1,0
2312M35-2,CONVERTER,CONVERTER,All Item Groups,EA,1,0,1,0
313W5808-3,SEAL,SEAL,All Item Groups,EA,1,0,1,0
30H673,PORTABLE FIRE EXTINGUISHER,PORTABLE FIRE EXTINGUISHER,All Item Groups,EA,1,0,1,0
BACB30YP6K22,BOLT,BOLT,All Item Groups,EA,1,0,1,0
5446500-001,COUPLER,COUPLER,All Item Groups,EA,1,0,1,0
1775M39P05,BUSHING,BUSHING,All Item Groups,EA,1,0,1,0
856A2706G01,BEAM TORQUE ADAPTER,BEAM TORQUE ADAPTER,All Item Groups,EA,1,0,1,0
856A2705G01,"FIXTURE, HANDLING-BOOSTER ROTOR/STATOR ASSEMBLY","FIXTURE, HANDLING-BOOSTER ROTOR/STATOR ASSEMBLY",All Item Groups,EA,1,0,1,0
856A2704G01,GUIDE  WRENCH ANTI-TORQUE,GUIDE  WRENCH ANTI-TORQUE,All Item Groups,EA,1,0,1,0
FZH6K22-14P3,PLUG,PLUG,All Item Groups,EA,1,0,1,0
ZOT40X,TORX-INSERT BIT,TORX-INSERT BIT,All Item Groups,EA,1,0,1,0
ZOT30X,TORX-INSERT BITS,TORX-INSERT BITS,All Item Groups,EA,1,0,1,0
ZOT10X,TORX-INSERT BITS,TORX-INSERT BITS,All Item Groups,EA,1,0,1,0
ZOT9X,TORX-INSERT BITS,TORX-INSERT BITS,All Item Groups,EA,1,0,1,0
ZOT8X,TORX-INSERT BIT,TORX-INSERT BIT,All Item Groups,EA,1,0,1,0
TT-P-28,NCP COATINGS TT-P-28GL TYPE I LOW VOC COATING 1USG,NCP COATINGS TT-P-28GL TYPE I LOW VOC COATING 1USG,All Item Groups,CAN,1,0,1,0
AS3209-010,PACKING-PREFORMED,PACKING-PREFORMED,All Item Groups,EA,1,0,1,0
AS3208-02,PACKING,PACKING,All Item Groups,EA,1,0,1,0
J816P086A,BOLT,BOLT,All Item Groups,EA,1,0,1,0
673049,GASKET,GASKET,All Item Groups,EA,1,0,1,0
MS9058-05,RING,RING,All Item Groups,EA,1,0,1,0
MS9967-011,O-RING,O-RING,All Item Groups,EA,1,0,1,0
MS9967-012,O-RING,O-RING,All Item Groups,EA,1,0,1,0
MS9226-03,"WIRE , LOCKING DIA: CRES NICKEL ALLOY","WIRE , LOCKING DIA: CRES NICKEL ALLOY",All Item Groups,EA,1,0,1,0
AS3214-02,LOCKWIRE 1 LB,LOCKWIRE 1 LB,All Item Groups,EA,1,0,1,0
MS20995C32,WIRE-LOCK,WIRE-LOCK,All Item Groups,EA,1,0,1,0
DEF STAN 91-38,FUCHS PX-7 (S-743) SOFT PETROLATUM TECHNICAL 100GM,FUCHS PX-7 (S-743) SOFT PETROLATUM TECHNICAL 100GM,All Item Groups,CAN,1,0,1,0
DTD900/6128,ROCOL Anti-Seize 797 500gm Can,ROCOL Anti-Seize 797 500gm Can,All Item Groups,CAN,1,0,1,0
DTD900/4586,Hylomar PL32L (Light) Aerograde 100gm Tube,Hylomar PL32L (Light) Aerograde 100gm Tube,All Item Groups,TB,1,0,1,0
DEF STAN 80-81,ROCOL MTLM 100gm Tube,ROCOL MTLM 100gm Tube,All Item Groups,TB,1,0,1,0
2315M20-3,WIPER BLADE,WIPER BLADE,All Item Groups,EA,1,0,1,0
DR29628T,TIRE H44.5x16.5-21 28PR 225mph,TIRE H44.5x16.5-21 28PR 225mph,All Item Groups,EA,1,0,1,0
123,TESTING,TESTING,All Item Groups,EA,1,0,1,0
P394P04,BLADE STG4,BLADE STG4,All Item Groups,EA,1,0,1,0
VP PACKING,PACKING,PACKING,All Item Groups,EA,1,0,1,0
J-TOW737-C-T,TOWBAR FOR BOEING 737 FLY-AWAY,TOWBAR FOR BOEING 737 FLY-AWAY,All Item Groups,EA,1,0,1,0
COFFEE DWC,COFFEE DWC,COFFEE DWC,All Item Groups,EA,1,0,1,0
HANDLING FEE,Handling Fee,Handling Fee,All Item Groups,EA,1,0,1,0
025-1157-001,CAP,CAP,All Item Groups,EA,1,0,1,0
024147-000,BATTERY UNIT,BATTERY UNIT,All Item Groups,EA,1,0,1,0
9607M05P52,PACKING,PACKING,All Item Groups,EA,1,0,1,0
40885-7,FUEL CONTROL UNIT,FUEL CONTROL UNIT,All Item Groups,EA,1,0,1,0
EASTMAN TURBO OIL 2380,OIL,OIL,All Item Groups,EA,1,0,1,0
0123FA2A,DETECTOR,DETECTOR,All Item Groups,EA,1,0,1,0
F039WWBCAC,LAMP,LAMP,All Item Groups,PK,1,0,1,0
F18T5CWRS,LAMP,LAMP,All Item Groups,EA,1,0,1,0
MS20426D3-4,RIVET,RIVET,All Item Groups,EA,1,0,1,0
1343887,ILS MONTHLY PAY,ILS MONTHLY PAY,All Item Groups,EA,1,0,1,0
1351620,ILS MONTHLY PAY,ILS MONTHLY PAY,All Item Groups,EA,1,0,1,0
856A1471G02,LPT SUPPORT BRACKET SET,LPT SUPPORT BRACKET SET,All Item Groups,EA,1,0,1,0
1316200-3,BRAKE METERING VALVE,BRAKE METERING VALVE,All Item Groups,EA,1,0,1,0
BACJ40E20-38,BONDING JUMPER,BONDING JUMPER,All Item Groups,EA,1,0,1,0
FCT39-3-4,BUSHING,BUSHING,All Item Groups,EA,1,0,1,0
AS43013-124,RING,RING,All Item Groups,EA,1,0,1,0
M25988-1-905,PACKING,PACKING,All Item Groups,EA,1,0,1,0
MS9966-10,PACKING,PACKING,All Item Groups,EA,1,0,1,0
MS9967-010,PACKING-PREFORMED,PACKING-PREFORMED,All Item Groups,EA,1,0,1,0
AS43013-116,RING,RING,All Item Groups,EA,1,0,1,0
M25988-1-155,O-RING,O-RING,All Item Groups,EA,1,0,1,0
AS3209-226,PACKING,PACKING,All Item Groups,EA,1,0,1,0
69490D216,RING,RING,All Item Groups,EA,1,0,1,0
2-1684,BRAKE ASSY-MLG,BRAKE ASSY-MLG,All Item Groups,EA,1,0,1,0
MS21921-10J,"NUT, SLEEVE COUPLING","NUT, SLEEVE COUPLING",All Item Groups,EA,1,0,1,0
856A1313G03,SUPPORT,SUPPORT,All Item Groups,EA,1,0,1,0
IAE1F10028,"PEDESTAL, FIXED","PEDESTAL, FIXED",All Item Groups,EA,1,0,1,0
IAE1F10085,PEDESTAL ADJUSTABLE,PEDESTAL ADJUSTABLE,All Item Groups,EA,1,0,1,0
856A1312G07,SUPPORT -  ENG. HANDLING,SUPPORT -  ENG. HANDLING,All Item Groups,EA,1,0,1,0
856A1312G05,SUPPORT-ENGINE HANDLING,SUPPORT-ENGINE HANDLING,All Item Groups,EA,1,0,1,0
856A1312G06,SUPPORT,SUPPORT,All Item Groups,EA,1,0,1,0
M23053/12-234-C,HEAT SHRINKABLE SLEEVE,HEAT SHRINKABLE SLEEVE,All Item Groups,EA,1,0,1,0
856A1312G02,SUPPORT-ENGINE HANDLING,SUPPORT-ENGINE HANDLING,All Item Groups,EA,1,0,1,0
M23053/12-233-C,HEAT SHRINKABLE SLEEVE,HEAT SHRINKABLE SLEEVE,All Item Groups,EA,1,0,1,0
9211M39G01,BUSHING-SHROUD,BUSHING-SHROUD,All Item Groups,EA,1,0,1,0
NAS6704HU23,BOLT,BOLT,All Item Groups,EA,1,0,1,0
M83248/1-216,O-RING,O-RING,All Item Groups,EA,1,0,1,0
DAN7-8-3,HI-LOCK,HI-LOCK,All Item Groups,EA,1,0,1,0
NAS1154V6D,SCREW,SCREW,All Item Groups,EA,1,0,1,0
NAS6704HU25,BOLT,BOLT,All Item Groups,EA,1,0,1,0
S700M0986,GASKET,GASKET,All Item Groups,EA,1,0,1,0
D5288024600001,"FITTING ASSY FWD, MLG (LH)","FITTING ASSY FWD, MLG (LH)",All Item Groups,EA,1,0,1,0
NSA8218-03,SEAL,SEAL,All Item Groups,EA,1,0,1,0
AS3209-153,O-RING,O-RING,All Item Groups,EA,1,0,1,0
AN960C416L,WASHER-FLAT,WASHER-FLAT,All Item Groups,EA,1,0,1,0
NSA5060C4,NUT,NUT,All Item Groups,EA,1,0,1,0
RTV 157 GREY,HIGH STRENGTH SILICONE GREY,HIGH STRENGTH SILICONE GREY,All Item Groups,EA,1,0,1,0
AS3208-08,Packing,Packing,All Item Groups,EA,1,0,1,0
802465,PLATE ASSY-BASE,PLATE ASSY-BASE,All Item Groups,EA,1,0,1,0
BACC18AC10,CIRCUIT BREAKER,CIRCUIT BREAKER,All Item Groups,EA,1,0,1,0
BACJ40AC45-6,JUMPER ASSY,JUMPER ASSY,All Item Groups,EA,1,0,1,0
3179287-2,FILTER,FILTER,All Item Groups,EA,1,0,1,0
3181274-2,SWITCH,SWITCH,All Item Groups,EA,1,0,1,0
NSA8203-132,ORING,ORING,All Item Groups,EA,1,0,1,0
HEALTH,CERTIFICATE,CERTIFICATE,All Item Groups,EA,1,0,1,0
P11-3,"ALUMINUM FOIL TAPE 3"" X 60 YRD","ALUMINUM FOIL TAPE 3"" X 60 YRD",All Item Groups,RL,1,0,1,0
TURBONYCOIL600,TURBINE ENGINE OIL,TURBINE ENGINE OIL,All Item Groups,QT,1,0,1,0
AS43013-214,RING-SEALING,RING-SEALING,All Item Groups,EA,1,0,1,0
MS9966-06,PACKING,PACKING,All Item Groups,EA,1,0,1,0
AS43013-120,RING-SEALING,RING-SEALING,All Item Groups,EA,1,0,1,0
AS43013-112,PACKING,PACKING,All Item Groups,EA,1,0,1,0
AS3209-119,PACKING,PACKING,All Item Groups,EA,1,0,1,0
AS3209-122,PACKING,PACKING,All Item Groups,EA,1,0,1,0
MOBILE JET OIL II,MOBILE JET OIL II,MOBILE JET OIL II,All Item Groups,QT,1,0,1,0
624EN334-R,SWITCH,SWITCH,All Item Groups,EA,1,0,1,0
BACB30LM3H32,BOLT,BOLT,All Item Groups,EA,1,0,1,0
7715206-1,PAWL,PAWL,All Item Groups,EA,1,0,1,0
AOG,FEES,FEES,All Item Groups,EA,1,0,1,0
PR1422B1-2-6OZ,SEALANT,SEALANT,All Item Groups,EA,1,0,1,0
PR1440B1-2-6OZ,SEALANT,SEALANT,All Item Groups,EA,1,0,1,0
PR1440B2-6OZ,SEALANT,SEALANT,All Item Groups,EA,1,0,1,0
A35299,PACKING,PACKING,All Item Groups,EA,1,0,1,0
68-1357,PACKING,PACKING,All Item Groups,EA,1,0,1,0
2002M71G01,"SHIELD, HEAT","SHIELD, HEAT",All Item Groups,EA,1,0,1,0
EN6114V5Y15,BOLT,BOLT,All Item Groups,EA,1,0,1,0
HG2050AC11,ADIRU,ADIRU,All Item Groups,EA,1,0,1,0
NAS6707U19,BOLT,BOLT,All Item Groups,EA,1,0,1,0
4305990080,BRAKE SENSOR,BRAKE SENSOR,All Item Groups,EA,1,0,1,0
3937251-1,Pipe assy,Pipe assy,All Item Groups,EA,1,0,1,0
1C7003-41ABE,COVER,COVER,All Item Groups,EA,1,0,1,0
J490P04,NUT,NUT,All Item Groups,EA,1,0,1,0
2949M03P01,"LOCK,BLADE STAGE 9","LOCK,BLADE STAGE 9",All Item Groups,EA,1,0,1,0
J-AXLE12HPA,JACK AXLE,JACK AXLE,All Item Groups,EA,1,0,1,0
56-1050,RETAINING GREASE,RETAINING GREASE,All Item Groups,EA,1,0,1,0
39-164,SEAL,SEAL,All Item Groups,EA,1,0,1,0
43-1486,BOLT,BOLT,All Item Groups,EA,1,0,1,0
TR756-02,STEM,STEM,All Item Groups,EA,1,0,1,0
904800-01,ACTUATOR,ACTUATOR,All Item Groups,EA,1,0,1,0
A61545-001,SERVO VALVE,SERVO VALVE,All Item Groups,EA,1,0,1,0
ILS002835,ILS MONTHLY PAY,ILS MONTHLY PAY,All Item Groups,EA,1,0,1,0
ILS002834,ILS MONTHLY PAY,ILS MONTHLY PAY,All Item Groups,EA,1,0,1,0
INV NO-77849,INV NO-77849,INV NO-77849,All Item Groups,EA,1,0,1,0
INV NO-77290,INV NO-77290,INV NO-77290,All Item Groups,EA,1,0,1,0
INV NO-76855,INV NO-76855,INV NO-76855,All Item Groups,EA,1,0,1,0
INV NO-76399,INV NO-76399,INV NO-76399,All Item Groups,EA,1,0,1,0
M25988-3-010,O-RING,O-RING,All Item Groups,EA,1,0,1,0
143A5240-64,BREAK ASSY,BREAK ASSY,All Item Groups,EA,1,0,1,0
143A5240-63,BREAK ASSY,BREAK ASSY,All Item Groups,EA,1,0,1,0
1359M89P01,SEAL,SEAL,All Item Groups,EA,1,0,1,0
J221P117,PACKING-PREFORMED O-RING,PACKING-PREFORMED O-RING,All Item Groups,EA,1,0,1,0
J979P06QQ,NUT,NUT,All Item Groups,EA,1,0,1,0
SC0090Y,FLAMMABLE STORAGE SAFETY CABINET,FLAMMABLE STORAGE SAFETY CABINET,All Item Groups,EA,1,0,1,0
2564M15G01,"SEAL,STAGE 3 COMPRESSOR STATOR","SEAL,STAGE 3 COMPRESSOR STATOR",All Item Groups,EA,1,0,1,0
2564M15G02,SEAL STAGE 3 COMPRESSOR STATOR,SEAL STAGE 3 COMPRESSOR STATOR,All Item Groups,EA,1,0,1,0
2564M19G02,SEAL STAGE 2 COMPRESSOR STATOR,SEAL STAGE 2 COMPRESSOR STATOR,All Item Groups,EA,1,0,1,0
J1493P05A,BOLT-MACH DBL HEX HD,BOLT-MACH DBL HEX HD,All Item Groups,EA,1,0,1,0
65C30960-11,DUCT ASSY,DUCT ASSY,All Item Groups,EA,1,0,1,0
856A2645G07,BEAM -  LIFTVAR CG ENG,BEAM -  LIFTVAR CG ENG,All Item Groups,EA,1,0,1,0
856A1421G01,FIXT. LIFT HPC STATOR CASE,FIXT. LIFT HPC STATOR CASE,All Item Groups,EA,1,0,1,0
856A1084G04,HAND OPERATED VSV ACTUATOR HYDRAULIC CART,HAND OPERATED VSV ACTUATOR HYDRAULIC CART,All Item Groups,EA,1,0,1,0
336-014-902-0,SEAL-RING,SEAL-RING,All Item Groups,EA,1,0,1,0
PUR0GNEACTV4LB,CITRIC ACID ACTIVATOR 10200,CITRIC ACID ACTIVATOR 10200,All Item Groups,EA,1,0,1,0
SW-GSNG/GAL,Potable Tank Cleaner,Potable Tank Cleaner,All Item Groups,EA,1,0,1,0
PUR0GENEQT,PUROGENE SANITIZER AND DEODORIZER,PUROGENE SANITIZER AND DEODORIZER,All Item Groups,EA,1,0,1,0
P109P53,HPC BLADE -STAGE 9 LKG,HPC BLADE -STAGE 9 LKG,All Item Groups,EA,1,0,1,0
9941M16P02,BUSHING,BUSHING,All Item Groups,EA,1,0,1,0
P264G07,"VANE SECTOR, S4","VANE SECTOR, S4",All Item Groups,EA,1,0,1,0
465020-03030316,AIR DATA AND INERTIAL REF UNIT,AIR DATA AND INERTIAL REF UNIT,All Item Groups,EA,1,0,1,0
2411M39P02,BEARING-BALL THRUST NO.3,BEARING-BALL THRUST NO.3,All Item Groups,EA,1,0,1,0
5937609-501,SEAL,SEAL,All Item Groups,EA,1,0,1,0
2564M15G04,SEAL STAGE 3 COMPRESSOR STATOR,SEAL STAGE 3 COMPRESSOR STATOR,All Item Groups,EA,1,0,1,0
2564M15G03,SEAL STAGE 3 COMPRESSOR STATOR,SEAL STAGE 3 COMPRESSOR STATOR,All Item Groups,EA,1,0,1,0
1820154319,INVOICE RR,INVOICE RR,All Item Groups,EA,1,0,1,0
2564M19G04,SEAL STAGE 2 COMPRESSOR STATOR,SEAL STAGE 2 COMPRESSOR STATOR,All Item Groups,EA,1,0,1,0
KPC4-825-8,PITOT PROBE COVER,PITOT PROBE COVER,All Item Groups,EA,1,0,1,0
KPC4-480-325,PITOT PROBE COVER,PITOT PROBE COVER,All Item Groups,EA,1,0,1,0
FTC-102,PITOT PROBE COVER,PITOT PROBE COVER,All Item Groups,EA,1,0,1,0
315W5245-1,Fitting,Fitting,All Item Groups,EA,1,0,1,0
649-412-305-0,CLAMP,CLAMP,All Item Groups,EA,1,0,1,0
J1431P08,"CLAMP, LOOP","CLAMP, LOOP",All Item Groups,EA,1,0,1,0
9971M82P02,"RING, RETAINING","RING, RETAINING",All Item Groups,EA,1,0,1,0
1663M70P02,RING-RETAINING KEYED,RING-RETAINING KEYED,All Item Groups,EA,1,0,1,0
1590M33P01,"LINK ASSY, S3","LINK ASSY, S3",All Item Groups,EA,1,0,1,0
D12861818,INVOICE NUMBER,INVOICE NUMBER,All Item Groups,EA,1,0,1,0
DXBR002449745,INVOICE NUMBER,INVOICE NUMBER,All Item Groups,EA,1,0,1,0
DXBIR01903786,INVOICE NUMBER,INVOICE NUMBER,All Item Groups,EA,1,0,1,0
D12847678,INVOICE NUMBER,INVOICE NUMBER,All Item Groups,EA,1,0,1,0
DXBIR01899169,INVOICE NUMBER,INVOICE NUMBER,All Item Groups,EA,1,0,1,0
D12810547,INVOICE NUMBER,INVOICE NUMBER,All Item Groups,EA,1,0,1,0
DXBIR01892234,INVOICE NUMBER,INVOICE NUMBER,All Item Groups,EA,1,0,1,0
DXBIDR0161238,INVOICE NUMBER,INVOICE NUMBER,All Item Groups,EA,1,0,1,0
D12766960,INVOICE NUMBER,INVOICE NUMBER,All Item Groups,EA,1,0,1,0
DXBIR01886165,INVOICE NUMBER,INVOICE NUMBER,All Item Groups,EA,1,0,1,0
D12761006,INVOICE NUMBER,INVOICE NUMBER,All Item Groups,EA,1,0,1,0
D12755105,INVOICE NUMBER,INVOICE NUMBER,All Item Groups,EA,1,0,1,0
DXBIR01879792,INVOICE NUMBER,INVOICE NUMBER,All Item Groups,EA,1,0,1,0
D08504K3D1E01B0,TRIPOD JACK,TRIPOD JACK,All Item Groups,EA,1,0,1,0
336-030-302-0,SKIN FILLET FWD,SKIN FILLET FWD,All Item Groups,EA,1,0,1,0
336-550-102-0,SHIM,SHIM,All Item Groups,EA,1,0,1,0
P395P04,BLADE-STG5,BLADE-STG5,All Item Groups,EA,1,0,1,0
B64534-3,CYLINDER,CYLINDER,All Item Groups,EA,1,0,1,0
1FA14012-6,ACTUATOR ASSY,ACTUATOR ASSY,All Item Groups,EA,1,0,1,0
AS3209-029,O-RING,O-RING,All Item Groups,EA,1,0,1,0
336-018-602-0,PLUG,PLUG,All Item Groups,EA,1,0,1,0
9111M35P07,"SCREW-SOCKET HEAD (6,6G)","SCREW-SOCKET HEAD (6,6G)",All Item Groups,EA,1,0,1,0
649-781-725-0,"BOLT,","BOLT,",All Item Groups,EA,1,0,1,0
HG2100AB02,INERTIAL REFERENCE UNIT,INERTIAL REFERENCE UNIT,All Item Groups,EA,1,0,1,0
2564M14P01,SHROUD ASSY-CPRSR STTR STG 3,SHROUD ASSY-CPRSR STTR STG 3,All Item Groups,EA,1,0,1,0
9131M66P03,"BUSHING, BELLCR","BUSHING, BELLCR",All Item Groups,EA,1,0,1,0
60476,BUSHING,BUSHING,All Item Groups,EA,1,0,1,0
1277M91G09,"SHROUD,ASSY-CPRSR STTR STG 3","SHROUD,ASSY-CPRSR STTR STG 3",All Item Groups,EA,1,0,1,0
2050M82G05,SHROUD ASSY-CPRSR STTR STG 2,SHROUD ASSY-CPRSR STTR STG 2,All Item Groups,EA,1,0,1,0
OL387AS15,LAMP,LAMP,All Item Groups,EA,1,0,1,0
GE1864,LAMP,LAMP,All Item Groups,EA,1,0,1,0
1559M27G06,"SEAL, VANE ASSY","SEAL, VANE ASSY",All Item Groups,EA,1,0,1,0
340-054-502-0,BEARING-ROLLER,BEARING-ROLLER,All Item Groups,EA,1,0,1,0
2564M19G01,SEAL STAGE2 COMPRESSOR STATOR,SEAL STAGE2 COMPRESSOR STATOR,All Item Groups,EA,1,0,1,0
AF888,PATCH,PATCH,All Item Groups,EA,1,0,1,0
PR1782C-2,Low Density Fuel Tank Sealant,Low Density Fuel Tank Sealant,All Item Groups,EA,1,0,1,0
ZEP-RTU,RTU Cleaner Disinfectant,RTU Cleaner Disinfectant,All Item Groups,EA,1,0,1,0
DOWSIL-1200-OS,OS CLEAR PRIMER,OS CLEAR PRIMER,All Item Groups,EA,1,0,1,0
PR1782B1-2-6OZ,Low Density Sealant 6 Oz Liquid Black,Low Density Sealant 6 Oz Liquid Black,All Item Groups,EA,1,0,1,0
PR1436GPT,Sprayable Corrosion Inhibitive Sealant Pint Kit,Sprayable Corrosion Inhibitive Sealant Pint Kit,All Item Groups,EA,1,0,1,0
PL470,Dry Film Lubricant,Dry Film Lubricant,All Item Groups,EA,1,0,1,0
ROCOL ASC251T,ANTI-SEIZE,ANTI-SEIZE,All Item Groups,EA,1,0,1,0
ROCOL-797,ANTI SEIZE 797,ANTI SEIZE 797,All Item Groups,EA,1,0,1,0
DRY MOLY SPRAY,AEROSOL,AEROSOL,All Item Groups,EA,1,0,1,0
MS20995C47SS1LB,STAINLESS LOCKWIRE 0.047 1LB,STAINLESS LOCKWIRE 0.047 1LB,All Item Groups,EA,1,0,1,0
MS20995NC20,400 NICKEL ALLOY WIRE .020 1LB,400 NICKEL ALLOY WIRE .020 1LB,All Item Groups,EA,1,0,1,0
106862,SKYFLEX TAPE,SKYFLEX TAPE,All Item Groups,EA,1,0,1,0
FREKOTE 700-NC,MOLD RELEASE AGENT,MOLD RELEASE AGENT,All Item Groups,EA,1,0,1,0
SOCOPAC-50S,Socomore 50S Corrosion Preventative 500ml,Socomore 50S Corrosion Preventative 500ml,All Item Groups,EA,1,0,1,0
M00316,LPS3 RUST INHIBITOR 380ML,LPS3 RUST INHIBITOR 380ML,All Item Groups,EA,1,0,1,0
ARDROX-AV25-AEROSOL,CORROSION INHIBITOR 400ML,CORROSION INHIBITOR 400ML,All Item Groups,EA,1,0,1,0
SP77006A,SANI PAK,SANI PAK,All Item Groups,EA,1,0,1,0
CITRA-SAFE-5LTR,CLEANER DISINFECTANT,CLEANER DISINFECTANT,All Item Groups,EA,1,0,1,0
8500-5200-5LT,Thinner,Thinner,All Item Groups,EA,1,0,1,0
CA1000-6OZ,CORROSION INHIBITIVE JOINTING COMPOUND 6 OZ,CORROSION INHIBITIVE JOINTING COMPOUND 6 OZ,All Item Groups,EA,1,0,1,0
DOWSIL-730FS,SOLVENT RESISTANT SEALANT 90ML,SOLVENT RESISTANT SEALANT 90ML,All Item Groups,EA,1,0,1,0
FLOORSIL2-8.15-310ML,DARK GREY SEALANT 310 ML CG,DARK GREY SEALANT 310 ML CG,All Item Groups,EA,1,0,1,0
PR148-1PTBLUE,"ADHESION PROMOTER, BLUE, 1 PT","ADHESION PROMOTER, BLUE, 1 PT",All Item Groups,EA,1,0,1,0
PR1440A1-2,SEALANT 654 SEMKIT 6OZ,SEALANT 654 SEMKIT 6OZ,All Item Groups,EA,1,0,1,0
DELIVERY CHARGES,DELIVERY,DELIVERY,All Item Groups,EA,1,0,1,0
LOCTITE ABLESTIK 104 RR,LOCTITE ABLESTIK 104 EPOXY ADHESIVE A/B RR,LOCTITE ABLESTIK 104 EPOXY ADHESIVE A/B RR,All Item Groups,EA,1,0,1,0
A840R0025L694SC,APLIX 840 ACRYLIC PSA LOOP,APLIX 840 ACRYLIC PSA LOOP,All Item Groups,RL,1,0,1,0
3M850,"CLEAR POLYSTER FILM TAPE, 3M TAPE 850","CLEAR POLYSTER FILM TAPE, 3M TAPE 850",All Item Groups,EA,1,0,1,0
P55,DOUBLE SIDED CARPET TAPE,DOUBLE SIDED CARPET TAPE,All Item Groups,RL,1,0,1,0
3M 950,TRANSFERBAND 3M 950,TRANSFERBAND 3M 950,All Item Groups,RL,1,0,1,0
SCOTCHWELD-EC1300L,CONTACT RUBBER AND GASKET ADHESIVE (WITH TOLUENE),CONTACT RUBBER AND GASKET ADHESIVE (WITH TOLUENE),All Item Groups,QT,1,0,1,0
ARALDITE AW1334,EPOXY RESIN,EPOXY RESIN,All Item Groups,CAN,1,0,1,0
LOCTITE 271,HIGH STRENGTH THREADLOCKER,HIGH STRENGTH THREADLOCKER,All Item Groups,BOT,1,0,1,0
LOCTITE 672,ANAEROBIC RETAINING COMPOUND,ANAEROBIC RETAINING COMPOUND,All Item Groups,BOT,1,0,1,0
021200-20193,SCOTCH SEAL 1252 TAMPER PROOF SEALANT WHITE,SCOTCH SEAL 1252 TAMPER PROOF SEALANT WHITE,All Item Groups,TB,1,0,1,0
CV116-GPR0,PPG CV116PU COATING GLOSS CLEAR,PPG CV116PU COATING GLOSS CLEAR,All Item Groups,TN,1,0,1,0
LUBRIBOND 220 AEROSOL,LUBRIBOND 220 AEROSOL,LUBRIBOND 220 AEROSOL,All Item Groups,CAN,1,0,1,0
SANTOVAC-5,POLYPHENYL ETHER FLUID,POLYPHENYL ETHER FLUID,All Item Groups,BOT,1,0,1,0
LUBTORK,ANTI-SEIZE COMPOUND,ANTI-SEIZE COMPOUND,All Item Groups,EA,1,0,1,0
338-092-218-0,LPT MODULE,LPT MODULE,All Item Groups,EA,1,0,1,0
SHC100-2KG,MOBIL AVIATION GREASE SHC100,MOBIL AVIATION GREASE SHC100,All Item Groups,CAN,1,0,1,0
MOLUB-ALLOY-PASTE-WHITE,Molub-Alloy Paste White T 100gm Tube,Molub-Alloy Paste White T 100gm Tube,All Item Groups,TB,1,0,1,0
ETO2389-QT,EASTMAN TURBO OIL 2389 QT CAN,EASTMAN TURBO OIL 2389 QT CAN,All Item Groups,QT,1,0,1,0
32EN21-4,SWITCH,SWITCH,All Item Groups,EA,1,0,1,0
NSA8202-6,O-RING,O-RING,All Item Groups,EA,1,0,1,0
NSA8200-2,PACKING,PACKING,All Item Groups,EA,1,0,1,0
ABS0901R200,CLAMP,CLAMP,All Item Groups,EA,1,0,1,0
9GD402429-00,SEAL,SEAL,All Item Groups,EA,1,0,1,0
1744587-01,FILTER,FILTER,All Item Groups,EA,1,0,1,0
4406001-001,INDICATOR-TAMPER,INDICATOR-TAMPER,All Item Groups,EA,1,0,1,0
EV0-34401,GASKET,GASKET,All Item Groups,EA,1,0,1,0
ABS0114T4D15,BOLT-HEXAGON HEAD,BOLT-HEXAGON HEAD,All Item Groups,EA,1,0,1,0
NSA5355-6CA,WASHER LOCK,WASHER LOCK,All Item Groups,EA,1,0,1,0
NSA5031-4-10,BOLT,BOLT,All Item Groups,EA,1,0,1,0
NAS1921B04S02U,RIVET-BLIND,RIVET-BLIND,All Item Groups,EA,1,0,1,0
NAS1611-209,PACKING,PACKING,All Item Groups,EA,1,0,1,0
M83248-1-024,PACKING-PREFORMED,PACKING-PREFORMED,All Item Groups,EA,1,0,1,0
ASNA2128-05C05,BUSH-SHOULDERED,BUSH-SHOULDERED,All Item Groups,EA,1,0,1,0
ABS0114T4D44,BOLT-HEXAGON HEAD,BOLT-HEXAGON HEAD,All Item Groups,EA,1,0,1,0
ASNA2531-3,NUT,NUT,All Item Groups,EA,1,0,1,0
AS43013-156,RING-SEALING TORIODAL,RING-SEALING TORIODAL,All Item Groups,EA,1,0,1,0
AS43013-114,RING,RING,All Item Groups,EA,1,0,1,0
AS3582-252,PACKING PREFORMED,PACKING PREFORMED,All Item Groups,EA,1,0,1,0
AS3209-012,Packing,Packing,All Item Groups,EA,1,0,1,0
AS20627,NUT,NUT,All Item Groups,EA,1,0,1,0
ABS5800D096B,SEAL,SEAL,All Item Groups,EA,1,0,1,0
ABS0836B06,Tube-heat,Tube-heat,All Item Groups,EA,1,0,1,0
9GD402431-10,SEAL,SEAL,All Item Groups,EA,1,0,1,0
2-266N602-70,PACKING,PACKING,All Item Groups,EA,1,0,1,0
0F25-021,"RING, SEALING","RING, SEALING",All Item Groups,EA,1,0,1,0
S9413-010,PACKING,PACKING,All Item Groups,EA,1,0,1,0
S3225-906,"SEAL,RING","SEAL,RING",All Item Groups,EA,1,0,1,0
S3225-902,PACKING,PACKING,All Item Groups,EA,1,0,1,0
NSA835070-5C,RING FOR FLARED TUBE,RING FOR FLARED TUBE,All Item Groups,EA,1,0,1,0
325241-10,PACKING,PACKING,All Item Groups,EA,1,0,1,0
NSA8208-266,O-RING,O-RING,All Item Groups,EA,1,0,1,0
NSA8207-5,O-RING,O-RING,All Item Groups,EA,1,0,1,0
NSA8203-230,O-RING,O-RING,All Item Groups,EA,1,0,1,0
NSA8203-016,O-RING,O-RING,All Item Groups,EA,1,0,1,0
NSA8200-6,O-RING,O-RING,All Item Groups,EA,1,0,1,0
NSA5050-4,NUT,NUT,All Item Groups,EA,1,0,1,0
NSA5050-3,NUT,NUT,All Item Groups,EA,1,0,1,0
NAS1726C4S,NUT,NUT,All Item Groups,EA,1,0,1,0
NAS1611-317,PACKING,PACKING,All Item Groups,EA,1,0,1,0
NAS1611-241,PACKING,PACKING,All Item Groups,EA,1,0,1,0
NAS1096-3-10,SCREW,SCREW,All Item Groups,EA,1,0,1,0
MS9386-159,PACKING-PREFORMED,PACKING-PREFORMED,All Item Groups,EA,1,0,1,0
AS3578-281,PACKING,PACKING,All Item Groups,EA,1,0,1,0
AS3578-270,PACKING,PACKING,All Item Groups,EA,1,0,1,0
AS3578-226,PACKING-PREFORMED,PACKING-PREFORMED,All Item Groups,EA,1,0,1,0
AS3578-901,PACKING-PREFORM,PACKING-PREFORM,All Item Groups,EA,1,0,1,0
MS35333-38,WASHER LOCK,WASHER LOCK,All Item Groups,EA,1,0,1,0
MS29561-242,PACKING-PREFORMED,PACKING-PREFORMED,All Item Groups,EA,1,0,1,0
MS27196-32,GASKET,GASKET,All Item Groups,EA,1,0,1,0
MS24665-377,COTTER PIN,COTTER PIN,All Item Groups,EA,1,0,1,0
MS24665-374,PIN-COTTER,PIN-COTTER,All Item Groups,EA,1,0,1,0
MS21042-6,NUT,NUT,All Item Groups,EA,1,0,1,0
M83485-1-902,PACKING,PACKING,All Item Groups,EA,1,0,1,0
M83248-2-905,PACKING,PACKING,All Item Groups,EA,1,0,1,0
M25988-2-906,PACKING-PREFORMED,PACKING-PREFORMED,All Item Groups,EA,1,0,1,0
M25988-2-013,PACKING-PREFORMED,PACKING-PREFORMED,All Item Groups,EA,1,0,1,0
M25988-2-011,PACKING,PACKING,All Item Groups,EA,1,0,1,0
MS21043-3,SELF LOCKING NUT,SELF LOCKING NUT,All Item Groups,EA,1,0,1,0
MPLA1016,OIL SCAVENGE ELEMENT,OIL SCAVENGE ELEMENT,All Item Groups,EA,1,0,1,0
728-602061-000,GASKET,GASKET,All Item Groups,EA,1,0,1,0
2050M83G05,SHROUD ASSY-CPRSR STTR STG 3,SHROUD ASSY-CPRSR STTR STG 3,All Item Groups,EA,1,0,1,0
M47381,GUIDE CONE-WHEEL,GUIDE CONE-WHEEL,All Item Groups,EA,1,0,1,0
98F27401000000,PITCH TRIM CONTROL,PITCH TRIM CONTROL,All Item Groups,EA,1,0,1,0
98A57103013000,TAP TEST TOOL,TAP TEST TOOL,All Item Groups,EA,1,0,1,0
HU44533,MAGNETIC STRENGTH TEST PIECE,MAGNETIC STRENGTH TEST PIECE,All Item Groups,EA,1,0,1,0
HU29255,Extractor with slide hammer,Extractor with slide hammer,All Item Groups,EA,1,0,1,0
98F27508209000,PIN SET - NEUTRAL SETTING,PIN SET - NEUTRAL SETTING,All Item Groups,EA,1,0,1,0
98F27608701000,LR - DIST COLLAR SPOILER,LR - DIST COLLAR SPOILER,All Item Groups,EA,1,0,1,0
98D27603002001,KEY - SPOILER MAINTENANCE,KEY - SPOILER MAINTENANCE,All Item Groups,EA,1,0,1,0
HU87128,EXTRACTOR - R/I N.3/4 HINGE PIN T/R,EXTRACTOR - R/I N.3/4 HINGE PIN T/R,All Item Groups,EA,1,0,1,0
HU55152-1,BRACE - HOLD OPEN COWLS LH,BRACE - HOLD OPEN COWLS LH,All Item Groups,EA,1,0,1,0
HU55151-1,BRACE - HOLD OPEN COWLS RH,BRACE - HOLD OPEN COWLS RH,All Item Groups,EA,1,0,1,0
98F71203001026,CHEST - TORQUE SET,CHEST - TORQUE SET,All Item Groups,EA,1,0,1,0
98F32204001001,"COLLAR - SAFETY, NLG DOOR","COLLAR - SAFETY, NLG DOOR",All Item Groups,EA,1,0,1,0
701-2978000,"PIN - SAFETY, PAX DOOR DAMPER","PIN - SAFETY, PAX DOOR DAMPER",All Item Groups,EA,1,0,1,0
9501501-4000,TOOL VACUUM TOILET - LEAK TESTER,TOOL VACUUM TOILET - LEAK TESTER,All Item Groups,EA,1,0,1,0
995000-00,TOOL MANUAL RELEASE,TOOL MANUAL RELEASE,All Item Groups,EA,1,0,1,0
98A35207599000,"HOSE - ADAPTER, ALTITUDE SWITCH","HOSE - ADAPTER, ALTITUDE SWITCH",All Item Groups,EA,1,0,1,0
M47380-200,GUIDE CONE BRAKE,GUIDE CONE BRAKE,All Item Groups,EA,1,0,1,0
R46014,ADAPTOR,ADAPTOR,All Item Groups,EA,1,0,1,0
M47382-100,GUIDE CONE WHEEL,GUIDE CONE WHEEL,All Item Groups,EA,1,0,1,0
U21842000,EXTRACTOR,EXTRACTOR,All Item Groups,EA,1,0,1,0
460007011,"SPANNER-AXLE NUT, MLG","SPANNER-AXLE NUT, MLG",All Item Groups,EA,1,0,1,0
98F07104000002,"PAD - JACKING, SET - WING","PAD - JACKING, SET - WING",All Item Groups,EA,1,0,1,0
98F07103500001,"ADAPTER, JACK - NOSE","ADAPTER, JACK - NOSE",All Item Groups,EA,1,0,1,0
98F32304000000,TARGET - FALSE,TARGET - FALSE,All Item Groups,EA,1,0,1,0
D23156000,PIN - SAFETY,PIN - SAFETY,All Item Groups,EA,1,0,1,0
98F29208457000,"PIN - SAFETY, RAT","PIN - SAFETY, RAT",All Item Groups,EA,1,0,1,0
98A55308440001,"SLING - UNIVERSAL, TAILPLANE","SLING - UNIVERSAL, TAILPLANE",All Item Groups,EA,1,0,1,0
98F27208312000,PIN - RIGGING,PIN - RIGGING,All Item Groups,EA,1,0,1,0
98D27803500001,FLAP - SLAT LOCKING ZERO TOO;,FLAP - SLAT LOCKING ZERO TOO;,All Item Groups,EA,1,0,1,0
98D27903500000,PIN - SIDE STICK LOADING,PIN - SIDE STICK LOADING,All Item Groups,EA,1,0,1,0
98A28104000000,PURGER - WATER DRAIN,PURGER - WATER DRAIN,All Item Groups,EA,1,0,1,0
98A28007570000,"ADAPTER - VENT AND DRAIN VALVE, APU","ADAPTER - VENT AND DRAIN VALVE, APU",All Item Groups,EA,1,0,1,0
98A25207503000,PULLEY ASSEMBLY - SEALING CORD,PULLEY ASSEMBLY - SEALING CORD,All Item Groups,EA,1,0,1,0
97A28002117002,TOOL - PURGING,TOOL - PURGING,All Item Groups,EA,1,0,1,0
98F52308227002,"STRUT - SUPPORT, CARGO DOOR","STRUT - SUPPORT, CARGO DOOR",All Item Groups,EA,1,0,1,0
98A52307628000,SAFETY - LOCK. CARGO DOOR ACTUATOR,SAFETY - LOCK. CARGO DOOR ACTUATOR,All Item Groups,EA,1,0,1,0
98F32104013000,SAFETY COLLAR - DOOR MLG,SAFETY COLLAR - DOOR MLG,All Item Groups,EA,1,0,1,0
98D27803000000,"LOCKING TOOL - FLAP SLAT LEVER, INT. POSITION","LOCKING TOOL - FLAP SLAT LEVER, INT. POSITION",All Item Groups,EA,1,0,1,0
TS212-5/16A,"TORQ - SET INSERT BITS HEX SHANK 5/16""","TORQ - SET INSERT BITS HEX SHANK 5/16""",All Item Groups,EA,1,0,1,0
TS212-1/4,TORQ - SET INSERT BITS,TORQ - SET INSERT BITS,All Item Groups,EA,1,0,1,0
TS212-6,TORQ-SET INSERT BITS,TORQ-SET INSERT BITS,All Item Groups,EA,1,0,1,0
TS212-10,TORQ - SET INSERT BITS,TORQ - SET INSERT BITS,All Item Groups,EA,1,0,1,0
TS212-8,TORQ-SET INSERT BITS,TORQ-SET INSERT BITS,All Item Groups,EA,1,0,1,0
"SUPER BEE 210, 25 LT",BEE210,BEE210,All Item Groups,LT,1,0,1,0
TR-114 1QT,AER SSH THINNER,AER SSH THINNER,All Item Groups,QT,1,0,1,0
9190 1QT,ACTIVATOR,ACTIVATOR,All Item Groups,QT,1,0,1,0
CS6035 1QT,HARDNER,HARDNER,All Item Groups,QT,1,0,1,0
HS2118 CHROME FREE PRIMER 1GLN,AERODUR BEIGE,AERODUR BEIGE,All Item Groups,GA,1,0,1,0
S66/22R 1LT,HARDNER,HARDNER,All Item Groups,LT,1,0,1,0
AERDUR ARC 1LT WHITE000100 BAC7067 M8001,AERDUR ARC 1LT,AERDUR ARC 1LT,All Item Groups,LT,1,0,1,0
C25/90S 5LT,THINNER,THINNER,All Item Groups,EA,1,0,1,0
S66/14 5 LT,HARDNER,HARDNER,All Item Groups,EA,1,0,1,0
AERODUR PRIMER BARRIER 37045 5 LT WHITE,AERODUR PRIMER BARRIER,AERODUR PRIMER BARRIER,All Item Groups,EA,1,0,1,0
SOLVENT CLEANING 98068 25 LT,CLEANING SOLVENT,CLEANING SOLVENT,All Item Groups,EA,1,0,1,0
THIN TR-111 1GL EUR ECLIPSE,FLOW CONTROL COMPONENT TR-111,FLOW CONTROL COMPONENT TR-111,All Item Groups,GA,1,0,1,0
AER HARD PC-233 1GL EUR,"AER HARD, 1GL EUR","AER HARD, 1GL EUR",All Item Groups,GA,1,0,1,0
ECLIPSE 1GLN BAC4306 ECL-G-511,GREEN COLOR PAINT,GREEN COLOR PAINT,All Item Groups,GA,1,0,1,0
AER ECL-G-375 RED 1GL,RED COLOR PAINT,RED COLOR PAINT,All Item Groups,GA,1,0,1,0
ECLIPSE 1GLN 000744 BAC701 ECL-G-92,BLACK COLOR PAINT,BLACK COLOR PAINT,All Item Groups,GA,1,0,1,0
AER ECL-G-2712 BLUE 1GL,BLUE COLOR PAINT,BLUE COLOR PAINT,All Item Groups,GA,1,0,1,0
ECLIPSE 1 GLN 715007 BAC708 ECL-G-127,GRAY COLOR PAINT,GRAY COLOR PAINT,All Item Groups,GA,1,0,1,0
AER ECL-G-101 BAC707 1GL EUR,GRAY COLOR PAINT,GRAY COLOR PAINT,All Item Groups,GA,1,0,1,0
AER ECL-G-1622 BAC70846 WHT 1GL EUR,WHITE COLOR PAINT,WHITE COLOR PAINT,All Item Groups,GA,1,0,1,0
1559M27G01,"SEAL, S4 STATOR","SEAL, S4 STATOR",All Item Groups,EA,1,0,1,0
2564M18P03,SHROUD ASSY-CPRSR STTR STG 2,SHROUD ASSY-CPRSR STTR STG 2,All Item Groups,EA,1,0,1,0
1359M84P08,"SEAL, EXT PRESS","SEAL, EXT PRESS",All Item Groups,EA,1,0,1,0
2564M18P01,SHROUD ASSY-CPRSR STTR STG 2,SHROUD ASSY-CPRSR STTR STG 2,All Item Groups,EA,1,0,1,0
J814P004A,BOLT-SHEAR DBL HEX HD,BOLT-SHEAR DBL HEX HD,All Item Groups,EA,1,0,1,0
9523M35G03,"ARM, S1 & 2 VSV","ARM, S1 & 2 VSV",All Item Groups,EA,1,0,1,0
1L400407-51,SHROUD ASSY-TOILET LID SEAT,SHROUD ASSY-TOILET LID SEAT,All Item Groups,EA,1,0,1,0
2564M18P02,SHROUD ASSY-CPRSR STTR STG 2,SHROUD ASSY-CPRSR STTR STG 2,All Item Groups,EA,1,0,1,0
2564M14P03,SHROUD ASSY-CPRSR STTR STG 3,SHROUD ASSY-CPRSR STTR STG 3,All Item Groups,EA,1,0,1,0
659W1190-9,HINGE ARM,HINGE ARM,All Item Groups,EA,1,0,1,0
BACN11Z3CK,NUT,NUT,All Item Groups,EA,1,0,1,0
BACB30PW4C68,BOLT,BOLT,All Item Groups,EA,1,0,1,0
BACB30LM7U28,BOLT,BOLT,All Item Groups,EA,1,0,1,0
98F27201002000,SAFETY PIN-RUDDER,SAFETY PIN-RUDDER,All Item Groups,EA,1,0,1,0
PWA88012,"PIN-LOCK,DIRECTIONAL CONTROL VALVE","PIN-LOCK,DIRECTIONAL CONTROL VALVE",All Item Groups,EA,1,0,1,0
9045000-1,EXCITER IGNITION,EXCITER IGNITION,All Item Groups,EA,1,0,1,0
DMC50-17-3,VHF ANTENNA,VHF ANTENNA,All Item Groups,EA,1,0,1,0
141A6174-3,SEAL,SEAL,All Item Groups,EA,1,0,1,0
1285M34P01,BUSHING,BUSHING,All Item Groups,EA,1,0,1,0
ABS0338-01,WASHER,WASHER,All Item Groups,EA,1,0,1,0
ABS0376-3-30,BOLT,BOLT,All Item Groups,EA,1,0,1,0
NAS1351-3-10P,SCREW,SCREW,All Item Groups,EA,1,0,1,0
ABS0208-01,"WASHER, COUNTERSUNK","WASHER, COUNTERSUNK",All Item Groups,EA,1,0,1,0
ABS0365-3-1B,Nut Clip,Nut Clip,All Item Groups,EA,1,0,1,0
ABS0365-3-2B,Nut Clip,Nut Clip,All Item Groups,EA,1,0,1,0
NAS1726-4E,NUT,NUT,All Item Groups,EA,1,0,1,0
NAS1149C0432R,WASHER,WASHER,All Item Groups,EA,1,0,1,0
MS21250-04010,BOLT,BOLT,All Item Groups,EA,1,0,1,0
NAS1102-08-6,SCREW,SCREW,All Item Groups,EA,1,0,1,0
ABS0336-08,STUD,STUD,All Item Groups,EA,1,0,1,0
ABS0376-3-40,BOLT,BOLT,All Item Groups,EA,1,0,1,0
MS14183PC3,WASHER,WASHER,All Item Groups,EA,1,0,1,0
M25988-3-019,ORING,ORING,All Item Groups,EA,1,0,1,0
NSA8208-259,O-RING,O-RING,All Item Groups,EA,1,0,1,0
412242,BATTERY,BATTERY,All Item Groups,EA,1,0,1,0
MS21250-04006,BOLT,BOLT,All Item Groups,EA,1,0,1,0
4L83-046,VALVE ASSEMBLY,VALVE ASSEMBLY,All Item Groups,EA,1,0,1,0
HL13VAZ6-5,PIN,PIN,All Item Groups,EA,1,0,1,0
BACB30US4K7,BOLT,BOLT,All Item Groups,EA,1,0,1,0
BACB30YP5K4,BOLT,BOLT,All Item Groups,EA,1,0,1,0
7012-18088-03,VALVE,VALVE,All Item Groups,EA,1,0,1,0
513829,Refractometer Magnaflux,Refractometer Magnaflux,All Item Groups,EA,1,0,1,0
PSM-5,Sherwin Test Panel,Sherwin Test Panel,All Item Groups,EA,1,0,1,0
APOLLO-UV/WHITE,Labino Apollo 3.0 Radiometer / Photometer (M513),Labino Apollo 3.0 Radiometer / Photometer (M513),All Item Groups,EA,1,0,1,0
APOLLO-MOUNTING,Labino Apollo 2.0 Mounting Stand,Labino Apollo 2.0 Mounting Stand,All Item Groups,EA,1,0,1,0
L118 ZEUS,Labino UV/LED Lamp [mb 3.0 ZEUS] with calibration,Labino UV/LED Lamp [mb 3.0 ZEUS] with calibration,All Item Groups,EA,1,0,1,0
HU40324,TURNING TOOL,TURNING TOOL,All Item Groups,EA,1,0,1,0
J78005-3,BOX PROTECTOR,BOX PROTECTOR,All Item Groups,EA,1,0,1,0
HU37545,PIN-LOCATION,PIN-LOCATION,All Item Groups,EA,1,0,1,0
HU80289,DECOKING TOOL,DECOKING TOOL,All Item Groups,EA,1,0,1,0
HU37694,TOOL: ASSEMBLE DEDICATED,TOOL: ASSEMBLE DEDICATED,All Item Groups,EA,1,0,1,0
315W5110-7,"KIT,COLOR CHIP","KIT,COLOR CHIP",All Item Groups,KT,1,0,1,0
HU81875,TOOL KIT ULTRASONIC,TOOL KIT ULTRASONIC,All Item Groups,KT,1,0,1,0
HU55771-1,TOOL: STAND-TRANSPORTATION,TOOL: STAND-TRANSPORTATION,All Item Groups,EA,1,0,1,0
HU55770,TOOL: STAND-TRANSPORTATION,TOOL: STAND-TRANSPORTATION,All Item Groups,EA,1,0,1,0
HU55763,ADAPTOR-STAND,ADAPTOR-STAND,All Item Groups,EA,1,0,1,0
A54P846,MALE AIRLINE,MALE AIRLINE,All Item Groups,EA,1,0,1,0
A54M1000,END LINK,END LINK,All Item Groups,EA,1,0,1,0
A54P1015,INLET AIR ADAPTOR,INLET AIR ADAPTOR,All Item Groups,EA,1,0,1,0
A54E847,FEMALE AIRLINE,FEMALE AIRLINE,All Item Groups,EA,1,0,1,0
A54M907,"1/2"" METRO DRIVE","1/2"" METRO DRIVE",All Item Groups,EA,1,0,1,0
NFE27160M5X16,SCREW-FHC,SCREW-FHC,All Item Groups,EA,1,0,1,0
HU37524,"GAUGE SET, IP","GAUGE SET, IP",All Item Groups,EA,1,0,1,0
HU38665,BLANK-BREATHER,BLANK-BREATHER,All Item Groups,EA,1,0,1,0
A54P1000,ORING,ORING,All Item Groups,EA,1,0,1,0
A54M908,DRIVE SHEAR KEY,DRIVE SHEAR KEY,All Item Groups,EA,1,0,1,0
HU37060,Location pin,Location pin,All Item Groups,EA,1,0,1,0
J78017-28,"ATTACH PIN 1/4""","ATTACH PIN 1/4""",All Item Groups,EA,1,0,1,0
HU34316,"SOCKET, PNEUMATIC","SOCKET, PNEUMATIC",All Item Groups,EA,1,0,1,0
HU38477,RING-SUPPORT,RING-SUPPORT,All Item Groups,EA,1,0,1,0
HU55324-5,SHOULDERED PIN,SHOULDERED PIN,All Item Groups,EA,1,0,1,0
HU55083-5,SCREW,SCREW,All Item Groups,EA,1,0,1,0
HU37849,BAR,BAR,All Item Groups,EA,1,0,1,0
HU38551,RING-SUPPORT,RING-SUPPORT,All Item Groups,EA,1,0,1,0
J71031-1,ALIGNMENT/THREAD PROTECTOR,ALIGNMENT/THREAD PROTECTOR,All Item Groups,EA,1,0,1,0
HU55366-1,PIN SHOULDERED,PIN SHOULDERED,All Item Groups,EA,1,0,1,0
HU85462,"EXTRACTOR, BUSH","EXTRACTOR, BUSH",All Item Groups,EA,1,0,1,0
HU85460,EXTRACTOR,EXTRACTOR,All Item Groups,EA,1,0,1,0
HU85459,"EXTRACTOR, BUSH","EXTRACTOR, BUSH",All Item Groups,EA,1,0,1,0
HU85458,"EXTRACTOR, BUSH","EXTRACTOR, BUSH",All Item Groups,EA,1,0,1,0
HU38864,COVER-PROTECT V.S.C.,COVER-PROTECT V.S.C.,All Item Groups,EA,1,0,1,0
HU50111-1,SPANNER,SPANNER,All Item Groups,EA,1,0,1,0
HU38390-3,PRESS-LOCKNUT CUP,PRESS-LOCKNUT CUP,All Item Groups,EA,1,0,1,0
HU38685,PIN,PIN,All Item Groups,EA,1,0,1,0
00464-134-000,BALL LOCK PIN,BALL LOCK PIN,All Item Groups,EA,1,0,1,0
HU51409,LEVER,LEVER,All Item Groups,EA,1,0,1,0
HU37848,BAR,BAR,All Item Groups,EA,1,0,1,0
HU37693,ASSEMBLE OIL SLINGER,ASSEMBLE OIL SLINGER,All Item Groups,EA,1,0,1,0
HU85237-1,DRIFT,DRIFT,All Item Groups,EA,1,0,1,0
HU85455,"PUSHER, BUSH","PUSHER, BUSH",All Item Groups,EA,1,0,1,0
APV7830-00-0G,PIN,PIN,All Item Groups,EA,1,0,1,0
HU85418,SUPPORT,SUPPORT,All Item Groups,EA,1,0,1,0
HU85299,WRENCH,WRENCH,All Item Groups,EA,1,0,1,0
HU85315,"PIN, LOCATING","PIN, LOCATING",All Item Groups,EA,1,0,1,0
HU85158,"SUPPORT, CENTERING","SUPPORT, CENTERING",All Item Groups,EA,1,0,1,0
HU85036,SUPPORT,SUPPORT,All Item Groups,EA,1,0,1,0
HU85454,"PUSHER, BUSH","PUSHER, BUSH",All Item Groups,EA,1,0,1,0
HU85448,TOOL,TOOL,All Item Groups,EA,1,0,1,0
HU85236,SEAL FITTING TOOL,SEAL FITTING TOOL,All Item Groups,EA,1,0,1,0
HU85058,HAND TOOL,HAND TOOL,All Item Groups,EA,1,0,1,0
J78017-6,"FITTING, LOWER ATTACH","FITTING, LOWER ATTACH",All Item Groups,EA,1,0,1,0
HU85297,RAM,RAM,All Item Groups,EA,1,0,1,0
HU55419-1,PIN - SPRING,PIN - SPRING,All Item Groups,EA,1,0,1,0
HU85457,"PUSHER, BUSH","PUSHER, BUSH",All Item Groups,EA,1,0,1,0
HU85241,"FITTING TOOL, CONNECTOR","FITTING TOOL, CONNECTOR",All Item Groups,EA,1,0,1,0
HU85240,FITTING TOOL,FITTING TOOL,All Item Groups,EA,1,0,1,0
HU85228,SEAL FITTING TOOL,SEAL FITTING TOOL,All Item Groups,EA,1,0,1,0
HU85132,SUPPORT,SUPPORT,All Item Groups,EA,1,0,1,0
HU55083-4,HANDLE ASSY,HANDLE ASSY,All Item Groups,EA,1,0,1,0
6400022,TOOL: GAS DETECTOR,TOOL: GAS DETECTOR,All Item Groups,EA,1,0,1,0
HU85083,EXTRACTOR,EXTRACTOR,All Item Groups,EA,1,0,1,0
HU85546,TOOL,TOOL,All Item Groups,EA,1,0,1,0
HU85069,EXTRACTOR,EXTRACTOR,All Item Groups,EA,1,0,1,0
HU85213,SEAL FITTING TOOL,SEAL FITTING TOOL,All Item Groups,EA,1,0,1,0
HU85547,TOOL,TOOL,All Item Groups,EA,1,0,1,0
HU85212,SEAL FITTING TOOL,SEAL FITTING TOOL,All Item Groups,EA,1,0,1,0
HU85488,TOOL,TOOL,All Item Groups,EA,1,0,1,0
HU85293,SUPPORT,SUPPORT,All Item Groups,EA,1,0,1,0
HU85226,SEAL FITTING TOOL,SEAL FITTING TOOL,All Item Groups,EA,1,0,1,0
HU85059,EXTRACTOR,EXTRACTOR,All Item Groups,EA,1,0,1,0
HU41046,KEEP RING-BEARING REMOVAL,KEEP RING-BEARING REMOVAL,All Item Groups,EA,1,0,1,0
HU85256,ADAPTOR,ADAPTOR,All Item Groups,EA,1,0,1,0
HU85071,EXTRACTOR,EXTRACTOR,All Item Groups,EA,1,0,1,0
HU85091,DRIFT,DRIFT,All Item Groups,EA,1,0,1,0
HU85131,PRESS,PRESS,All Item Groups,EA,1,0,1,0
HU85072,"PUSHER, ROLLER","PUSHER, ROLLER",All Item Groups,EA,1,0,1,0
HU85421,PUSHER,PUSHER,All Item Groups,EA,1,0,1,0
HU85294,SUPPORT,SUPPORT,All Item Groups,EA,1,0,1,0
HU30071,"BOLT-STOP,IP TURBINE","BOLT-STOP,IP TURBINE",All Item Groups,EA,1,0,1,0
HU85150,SUPPORT,SUPPORT,All Item Groups,EA,1,0,1,0
HU85214,EXTRACTOR,EXTRACTOR,All Item Groups,EA,1,0,1,0
HU85065,HAND TOOL,HAND TOOL,All Item Groups,EA,1,0,1,0
HU85447,CONNECTOR,CONNECTOR,All Item Groups,EA,1,0,1,0
HU85446,CONNECTOR,CONNECTOR,All Item Groups,EA,1,0,1,0
HU85445,CONNECTOR,CONNECTOR,All Item Groups,EA,1,0,1,0
HU85077,PUSHER,PUSHER,All Item Groups,EA,1,0,1,0
HU85420,SUPPORT,SUPPORT,All Item Groups,EA,1,0,1,0
HU85272,SUPPORT,SUPPORT,All Item Groups,EA,1,0,1,0
HU85295,RAM,RAM,All Item Groups,EA,1,0,1,0
HU38878,EXTRACTOR-CENTRAL,EXTRACTOR-CENTRAL,All Item Groups,EA,1,0,1,0
HU85317,"PUSHER, INSTALLATION","PUSHER, INSTALLATION",All Item Groups,EA,1,0,1,0
HU85056,EXTRACTOR,EXTRACTOR,All Item Groups,EA,1,0,1,0
HU85055,SUPPORT,SUPPORT,All Item Groups,EA,1,0,1,0
HU85070,CENTERING SUPPORT,CENTERING SUPPORT,All Item Groups,EA,1,0,1,0
HU85075,CENTERING SUPPORT,CENTERING SUPPORT,All Item Groups,EA,1,0,1,0
HU85006,TOOL: ACCESS COVER DRIVE,TOOL: ACCESS COVER DRIVE,All Item Groups,EA,1,0,1,0
HU38865,"PIN-GUIDE,HP SYSTEM","PIN-GUIDE,HP SYSTEM",All Item Groups,EA,1,0,1,0
HU85276,EXTRACTOR,EXTRACTOR,All Item Groups,EA,1,0,1,0
HU85020,"SUPPORT, CENTERING","SUPPORT, CENTERING",All Item Groups,EA,1,0,1,0
HU85239,BOBBIN,BOBBIN,All Item Groups,EA,1,0,1,0
HU85238,BOBBIN,BOBBIN,All Item Groups,EA,1,0,1,0
HU85028,DRIFT,DRIFT,All Item Groups,EA,1,0,1,0
HU85519,"SUPPORT, CENTERING","SUPPORT, CENTERING",All Item Groups,EA,1,0,1,0
HU85484,EXTRACTOR,EXTRACTOR,All Item Groups,EA,1,0,1,0
HU85509,WRENCH,WRENCH,All Item Groups,EA,1,0,1,0
HU85067-1,CENTERING SUPPORT,CENTERING SUPPORT,All Item Groups,EA,1,0,1,0
HU85060,EXTRACTOR,EXTRACTOR,All Item Groups,EA,1,0,1,0
HU38555,TOOL: ALIGNMENT TORQUE,TOOL: ALIGNMENT TORQUE,All Item Groups,EA,1,0,1,0
HU85227,SEAL FITTING TOOL,SEAL FITTING TOOL,All Item Groups,EA,1,0,1,0
HU85023-1,ADPTOR PUSHER.,ADPTOR PUSHER.,All Item Groups,EA,1,0,1,0
J78005-5,PROTECTOR THREAD RR,PROTECTOR THREAD RR,All Item Groups,EA,1,0,1,0
HU85528,TOOL,TOOL,All Item Groups,EA,1,0,1,0
HU85080,EXTRACTOR,EXTRACTOR,All Item Groups,EA,1,0,1,0
HU85486,TOOL,TOOL,All Item Groups,EA,1,0,1,0
HU85302,TOOL: ANTI ROTATION KEY,TOOL: ANTI ROTATION KEY,All Item Groups,EA,1,0,1,0
HU38235,"CLAMP-RING,SHOP","CLAMP-RING,SHOP",All Item Groups,EA,1,0,1,0
HU85307,TOOL: WASHER GEAR BOX,TOOL: WASHER GEAR BOX,All Item Groups,EA,1,0,1,0
HU38460,SPACER-SUPPORT AND,SPACER-SUPPORT AND,All Item Groups,EA,1,0,1,0
HU85316,CUTTER,CUTTER,All Item Groups,EA,1,0,1,0
HU55347-3,Transportation trolley,Transportation trolley,All Item Groups,EA,1,0,1,0
HU39043,LOCATION BRACKET,LOCATION BRACKET,All Item Groups,EA,1,0,1,0
HU41620,CLAMP,CLAMP,All Item Groups,EA,1,0,1,0
HU85138,WASHER,WASHER,All Item Groups,EA,1,0,1,0
HU85076,SUPPORT,SUPPORT,All Item Groups,EA,1,0,1,0
HU55418-5,PIN,PIN,All Item Groups,EA,1,0,1,0
HU85169,SUPPORT,SUPPORT,All Item Groups,EA,1,0,1,0
HU85139,SPACER,SPACER,All Item Groups,EA,1,0,1,0
J71031-18,ALIGNMENT/THREAD PROTECTOR,ALIGNMENT/THREAD PROTECTOR,All Item Groups,EA,1,0,1,0
HU55368-3,PIN PIVOT,PIN PIVOT,All Item Groups,EA,1,0,1,0
HU85095,CLAMP,CLAMP,All Item Groups,EA,1,0,1,0
HU55418-3,"PIN, SHOULDER","PIN, SHOULDER",All Item Groups,EA,1,0,1,0
HU28653,Stop Bolt,Stop Bolt,All Item Groups,EA,1,0,1,0
HU85123,SPACER,SPACER,All Item Groups,EA,1,0,1,0
MH14186,BLANK,BLANK,All Item Groups,EA,1,0,1,0
HU85126,SPACER,SPACER,All Item Groups,EA,1,0,1,0
HU85453,IMMOBILISER,IMMOBILISER,All Item Groups,EA,1,0,1,0
RX77794,SEAL,SEAL,All Item Groups,EA,1,0,1,0
RX77793,SEAL,SEAL,All Item Groups,EA,1,0,1,0
HU85122,SPACER,SPACER,All Item Groups,EA,1,0,1,0
HU85121,SPACER,SPACER,All Item Groups,EA,1,0,1,0
HU80298,FLEXIBLE DRIVE BRUSH,FLEXIBLE DRIVE BRUSH,All Item Groups,EA,1,0,1,0
HU55062-3,Supporting device,Supporting device,All Item Groups,EA,1,0,1,0
HU85125,SPACER,SPACER,All Item Groups,EA,1,0,1,0
RX77792,SEAL,SEAL,All Item Groups,EA,1,0,1,0
HU55081-1,SLING TURN OVER AGB,SLING TURN OVER AGB,All Item Groups,EA,1,0,1,0
HU41278-1,SPANNER-LPT NUT,SPANNER-LPT NUT,All Item Groups,EA,1,0,1,0
HU55355-3,TOOL: SLING,TOOL: SLING,All Item Groups,EA,1,0,1,0
HU55108,TOOL: SLING REMOVAL/,TOOL: SLING REMOVAL/,All Item Groups,EA,1,0,1,0
HU85005-1,"BEAN - HANDLING,EXT. GEARBOX","BEAN - HANDLING,EXT. GEARBOX",All Item Groups,EA,1,0,1,0
HU55391-1,TOOL: NOSE COWL STAND,TOOL: NOSE COWL STAND,All Item Groups,EA,1,0,1,0
HU55380-2,TRANSPORTATION CONTAINER,TRANSPORTATION CONTAINER,All Item Groups,EA,1,0,1,0
HU87133,TOOL: SLING,TOOL: SLING,All Item Groups,EA,1,0,1,0
HU85303,Container,Container,All Item Groups,EA,1,0,1,0
HU55104-1,Container,Container,All Item Groups,EA,1,0,1,0
HU55381,TOOL: STAND-TRANSPORTATION,TOOL: STAND-TRANSPORTATION,All Item Groups,EA,1,0,1,0
IAE1R18423,RIGGING PIN,RIGGING PIN,All Item Groups,EA,1,0,1,0
IAE1J12180,PROTECTOR-HUB,PROTECTOR-HUB,All Item Groups,EA,1,0,1,0
IAE1J12282,EXPANDING PLIER,EXPANDING PLIER,All Item Groups,EA,1,0,1,0
IAE1P16285,ADAPTER TIEROD ENGINE ASSY HP SYSTEM,ADAPTER TIEROD ENGINE ASSY HP SYSTEM,All Item Groups,EA,1,0,1,0
IAE1J12026,TURNING HANDLE,TURNING HANDLE,All Item Groups,EA,1,0,1,0
IAE1R18234,SUPPORT ROD,SUPPORT ROD,All Item Groups,EA,1,0,1,0
IAE1F10104,WRENCH HAND NUT,WRENCH HAND NUT,All Item Groups,EA,1,0,1,0
IAE1J12119,ADPTR EXT INT GEARBOX BRG SUP ASSY INTMD,ADPTR EXT INT GEARBOX BRG SUP ASSY INTMD,All Item Groups,EA,1,0,1,0
IAE1J12118,STND STGE-LP STUB SHAFT NO1 BRNG SUP ASSY INTR,STND STGE-LP STUB SHAFT NO1 BRNG SUP ASSY INTR,All Item Groups,EA,1,0,1,0
IAE1J12507,PIN ALIGNING LPC RTR NO1 BPG RTR CTR INTER,PIN ALIGNING LPC RTR NO1 BPG RTR CTR INTER,All Item Groups,EA,1,0,1,0
IAE1J12106,PIN-ALIGNING,PIN-ALIGNING,All Item Groups,EA,1,0,1,0
IAE1J12024,WRENCH SPECIAL ENGINE ASSY BOLT NO2 BRG HSG,WRENCH SPECIAL ENGINE ASSY BOLT NO2 BRG HSG,All Item Groups,EA,1,0,1,0
IAE1J12188,BOLT-PULLER,BOLT-PULLER,All Item Groups,EA,1,0,1,0
IAE1F10044,DRIVER-INSTALLATION,DRIVER-INSTALLATION,All Item Groups,EA,1,0,1,0
IAE1F10012,"PUSHER, INSTALLATION","PUSHER, INSTALLATION",All Item Groups,EA,1,0,1,0
IAE1F10412,"PUSHER-PULLER,R/I","PUSHER-PULLER,R/I",All Item Groups,EA,1,0,1,0
IAE1F10294,PULLER-REMOVAL,PULLER-REMOVAL,All Item Groups,EA,1,0,1,0
IAE1F10293,PULLER-REMOVAL,PULLER-REMOVAL,All Item Groups,EA,1,0,1,0
IAE1F10292,PULLER-REMOVAL,PULLER-REMOVAL,All Item Groups,EA,1,0,1,0
IAE1F10023,ADAPTER HANDLING-GEARBOX,ADAPTER HANDLING-GEARBOX,All Item Groups,EA,1,0,1,0
IAE1F10022,"JACK, HYDRAULIC","JACK, HYDRAULIC",All Item Groups,EA,1,0,1,0
IAE1F10021,STAND STORAGE ENGINE ASSY GEARBOX MODULE GROUP,STAND STORAGE ENGINE ASSY GEARBOX MODULE GROUP,All Item Groups,EA,1,0,1,0
IAE1F10011,"PIN, HANDLING GEARBOX","PIN, HANDLING GEARBOX",All Item Groups,EA,1,0,1,0
IAE2R18871,BRIDGE INSPECTION,BRIDGE INSPECTION,All Item Groups,EA,1,0,1,0
IAE1J12220,PULLER HYDRAULIC ENGINE ASSY LP SHAFT,PULLER HYDRAULIC ENGINE ASSY LP SHAFT,All Item Groups,EA,1,0,1,0
IAE1R18907,RETAINER EXPANDING LPT SHAFT,RETAINER EXPANDING LPT SHAFT,All Item Groups,EA,1,0,1,0
IAE1P17039,PULLER,PULLER,All Item Groups,EA,1,0,1,0
IAE1P17038,PULLER SLIDE CASE TURBO EXHAUST ASSY,PULLER SLIDE CASE TURBO EXHAUST ASSY,All Item Groups,EA,1,0,1,0
IAE1M14146,PLATE SUPPORT LPT SHAFT,PLATE SUPPORT LPT SHAFT,All Item Groups,EA,1,0,1,0
IAE1F10043,FIXTURE SUPPORT TEC,FIXTURE SUPPORT TEC,All Item Groups,EA,1,0,1,0
IAE1F10084,FIXTURE SUPPORT,FIXTURE SUPPORT,All Item Groups,EA,1,0,1,0
IAE1F10080,STAND HORIZONTAL LPT MODULE GROUP,STAND HORIZONTAL LPT MODULE GROUP,All Item Groups,EA,1,0,1,0
IAE1P16047,ADAPTER HYDRAULIC ENGINE ASSY HPT REMOVE INSTALL,ADAPTER HYDRAULIC ENGINE ASSY HPT REMOVE INSTALL,All Item Groups,EA,1,0,1,0
IAE1F10052,"SLING, TWO CABLES","SLING, TWO CABLES",All Item Groups,EA,1,0,1,0
IAE1P16028,STAND BUILD HPT ROTOR AND STATOR ASSY,STAND BUILD HPT ROTOR AND STATOR ASSY,All Item Groups,EA,1,0,1,0
IAE1F10026,PUMP-HYDRAULIC,PUMP-HYDRAULIC,All Item Groups,EA,1,0,1,0
IAE1P16092,GAGE - IGNITER,GAGE - IGNITER,All Item Groups,EA,1,0,1,0
IAE1P16046,FIXTURE REMOV INSTALL ENGINE ASSY HPT,FIXTURE REMOV INSTALL ENGINE ASSY HPT,All Item Groups,EA,1,0,1,0
IAE1J12019,STAND TRANSPORT STORAGE ENGINE ASSY FAN ROTOR,STAND TRANSPORT STORAGE ENGINE ASSY FAN ROTOR,All Item Groups,EA,1,0,1,0
856A3525G04,CRADLE,CRADLE,All Item Groups,EA,1,0,1,0
856A3732G04,FIXTURE HANDLING-BOOSTER ROTOR/STATOR ASSY,FIXTURE HANDLING-BOOSTER ROTOR/STATOR ASSY,All Item Groups,EA,1,0,1,0
856A3773G03,FIXTURE  HANDLING,FIXTURE  HANDLING,All Item Groups,EA,1,0,1,0
856A3519G05,SLING -  THREE LEGS -  AGB HANDLIN,SLING -  THREE LEGS -  AGB HANDLIN,All Item Groups,EA,1,0,1,0
856A3598G03,SUPT. FUEL PUMP & MEC,SUPT. FUEL PUMP & MEC,All Item Groups,EA,1,0,1,0
856A3591G01,PROTECTOR -  MOUNT PIN,PROTECTOR -  MOUNT PIN,All Item Groups,EA,1,0,1,0
856A3778G01,PINS - GUIDE SPINNER,PINS - GUIDE SPINNER,All Item Groups,EA,1,0,1,0
856A2956G01,RING FAN ASSEMBLY,RING FAN ASSEMBLY,All Item Groups,EA,1,0,1,0
856A3728G02,CORE ENGINE SEALING PLATE & LOCK,CORE ENGINE SEALING PLATE & LOCK,All Item Groups,EA,1,0,1,0
856A1312G08,SUPPORT,SUPPORT,All Item Groups,EA,1,0,1,0
856A2632G01,PULLER,PULLER,All Item Groups,EA,1,0,1,0
856A2754G02,FIXTURE  SUPPORT AGB,FIXTURE  SUPPORT AGB,All Item Groups,EA,1,0,1,0
856A2727G01,PULLER  RADIAL DRIVE SHAFT,PULLER  RADIAL DRIVE SHAFT,All Item Groups,EA,1,0,1,0
856A3506G03,WRENCH  TORQUE LPT,WRENCH  TORQUE LPT,All Item Groups,EA,1,0,1,0
856A2717G01,ADAPTER LOCK  CORE ENGINE,ADAPTER LOCK  CORE ENGINE,All Item Groups,EA,1,0,1,0
856A2647G02,STAND TRANS/STORE LPT,STAND TRANS/STORE LPT,All Item Groups,EA,1,0,1,0
856A3409G01,KIT PINS GUIDE,KIT PINS GUIDE,All Item Groups,EA,1,0,1,0
856A2631G01,STAND -  STORAGE FAN BLADE,STAND -  STORAGE FAN BLADE,All Item Groups,EA,1,0,1,0
856A2625G01,STAND STORAGE LP BOOSTER,STAND STORAGE LP BOOSTER,All Item Groups,EA,1,0,1,0
856A2501G01,WRENCH -  VBV MANUAL,WRENCH -  VBV MANUAL,All Item Groups,EA,1,0,1,0
856A3604P01,WRENCH -  HORZ DR SHAFT NUT,WRENCH -  HORZ DR SHAFT NUT,All Item Groups,EA,1,0,1,0
856A3576G01,TOOL R/I SEALS AGB,TOOL R/I SEALS AGB,All Item Groups,EA,1,0,1,0
856A2805G01,TURNBUCKLE AGB/TGB,TURNBUCKLE AGB/TGB,All Item Groups,EA,1,0,1,0
856A2609G01,BLOCK -  JACKING FUEL PUMP,BLOCK -  JACKING FUEL PUMP,All Item Groups,EA,1,0,1,0
856A3419G02,ADAPTER -  PULLER COVER,ADAPTER -  PULLER COVER,All Item Groups,EA,1,0,1,0
856A2537G01,PROTECT -  MOUNT PIN,PROTECT -  MOUNT PIN,All Item Groups,EA,1,0,1,0
856A3708G01,TOOL PUSH PULL,TOOL PUSH PULL,All Item Groups,EA,1,0,1,0
856A3724G02,TOOL SET  SIGHT FAN DISK BOLTS,TOOL SET  SIGHT FAN DISK BOLTS,All Item Groups,EA,1,0,1,0
856A2308G02,SLEEVE CNTER MOD 1/LPT MAJ MOD,SLEEVE CNTER MOD 1/LPT MAJ MOD,All Item Groups,EA,1,0,1,0
856A2711G01,FIXTURE   CENTER LPT SHAFT,FIXTURE   CENTER LPT SHAFT,All Item Groups,EA,1,0,1,0
856A3709G03,FIXTURE ALIGNMENT,FIXTURE ALIGNMENT,All Item Groups,EA,1,0,1,0
856A2626G02,STAND STORAGE #1-2,STAND STORAGE #1-2,All Item Groups,EA,1,0,1,0
856A2316G01,TORQUE WRENCH LPT CPL NUT,TORQUE WRENCH LPT CPL NUT,All Item Groups,EA,1,0,1,0
856A3443G03,"PULLER,OUTER RACE&SLEEVE BEARING NO8","PULLER,OUTER RACE&SLEEVE BEARING NO8",All Item Groups,EA,1,0,1,0
856A2712G02,SEGMENTS   HANDLE TURBINE F,SEGMENTS   HANDLE TURBINE F,All Item Groups,EA,1,0,1,0
856A2555G08,BEAM  LIFT FAN FRAME,BEAM  LIFT FAN FRAME,All Item Groups,EA,1,0,1,0
856A2773G01,SPACERS SUPT LPTR/CASE,SPACERS SUPT LPTR/CASE,All Item Groups,EA,1,0,1,0
856A2661G01,PULLER AFT ROTATING AIR/OIL SEPERATOR,PULLER AFT ROTATING AIR/OIL SEPERATOR,All Item Groups,EA,1,0,1,0
856A2668G02,KIT - PULLER ADAPTERS,KIT - PULLER ADAPTERS,All Item Groups,EA,1,0,1,0
856A3721G03,ADAPTER  LIFT/TURN #1,ADAPTER  LIFT/TURN #1,All Item Groups,EA,1,0,1,0
856A3777G02,TEMPLATE  LOCATING-JET#3,TEMPLATE  LOCATING-JET#3,All Item Groups,EA,1,0,1,0
856A3704G01,TORQUE ADAPTER,TORQUE ADAPTER,All Item Groups,EA,1,0,1,0
856A2780G02,ADPT HANDLE,ADPT HANDLE,All Item Groups,EA,1,0,1,0
856A2577P01,RING  LOCATE #5,RING  LOCATE #5,All Item Groups,EA,1,0,1,0
856A2726G01,TURNBUCKLE TGB/AGB,TURNBUCKLE TGB/AGB,All Item Groups,EA,1,0,1,0
856A2722G01,GUIDE PINS-LPT/TRF,GUIDE PINS-LPT/TRF,All Item Groups,EA,1,0,1,0
856A3392G01,WRENCH -  TORQUE AFT ROTATING,WRENCH -  TORQUE AFT ROTATING,All Item Groups,EA,1,0,1,0
856A3485P01,CAP  PROTECTIVE THREAD,CAP  PROTECTIVE THREAD,All Item Groups,EA,1,0,1,0
856A2663G01,ADAPTER PULLER,ADAPTER PULLER,All Item Groups,EA,1,0,1,0
856A3234P01,PROTECTOR  CVT AFT,PROTECTOR  CVT AFT,All Item Groups,EA,1,0,1,0
31110-120,SERVO RUDDER CONTROL,SERVO RUDDER CONTROL,All Item Groups,EA,1,0,1,0
659W1190-2,HNGE ARM,HNGE ARM,All Item Groups,EA,1,0,1,0
F013WWBCAC,LAMP,LAMP,All Item Groups,EA,1,0,1,0
2564M19G03,SEAL STAGE 2 COMPRESSOR STATOR,SEAL STAGE 2 COMPRESSOR STATOR,All Item Groups,EA,1,0,1,0
2050M82G03,SHROUD ASSY-CPRSR STTR STG 2,SHROUD ASSY-CPRSR STTR STG 2,All Item Groups,EA,1,0,1,0
BACB30LE4K20,bolt,bolt,All Item Groups,EA,1,0,1,0
KJB378304B,Bushing,Bushing,All Item Groups,EA,1,0,1,0
141T4004-22,WINDSHIELD,WINDSHIELD,All Item Groups,EA,1,0,1,0
63600-101,LIFE VEST,LIFE VEST,All Item Groups,EA,1,0,1,0
115A2752-5,RETAINER,RETAINER,All Item Groups,EA,1,0,1,0
115A2790-5,SEAL,SEAL,All Item Groups,EA,1,0,1,0
313A2114U12,SEAL,SEAL,All Item Groups,EA,1,0,1,0
J1438P910,PACKING,PACKING,All Item Groups,EA,1,0,1,0
240114,POWER MODULE ASSEMBLY,POWER MODULE ASSEMBLY,All Item Groups,EA,1,0,1,0
35240130-22,FILL FITTING,FILL FITTING,All Item Groups,EA,1,0,1,0
0102AY1AF,Total Air Temperature,Total Air Temperature,All Item Groups,EA,1,0,1,0
5011KTU01,TANK ASSY,TANK ASSY,All Item Groups,EA,1,0,1,0
5003KTU01,TANK UNIT,TANK UNIT,All Item Groups,EA,1,0,1,0
31-7771-3,LAMP,LAMP,All Item Groups,EA,1,0,1,0
A2577187320400,SCREW,SCREW,All Item Groups,EA,1,0,1,0
ABS0692-01,WASHER,WASHER,All Item Groups,EA,1,0,1,0
4224057WE,WIPER BLADE,WIPER BLADE,All Item Groups,EA,1,0,1,0
DAN125-5S,"WASHER, COUNTERSUNK","WASHER, COUNTERSUNK",All Item Groups,EA,1,0,1,0
ABS0336-07,STUD,STUD,All Item Groups,EA,1,0,1,0
NAS1100-3-10,SCREW,SCREW,All Item Groups,EA,1,0,1,0
117042-02,OXYGEN GENERATOR,OXYGEN GENERATOR,All Item Groups,EA,1,0,1,0
117042-03,OXYGEN GENERATOR,OXYGEN GENERATOR,All Item Groups,EA,1,0,1,0
MS35214-50,SCREW,SCREW,All Item Groups,EA,1,0,1,0
MS24266R14B7SN,CONNECTOR,CONNECTOR,All Item Groups,EA,1,0,1,0
98F20008247000,QUANTITY LIMITER-REGREASING,QUANTITY LIMITER-REGREASING,All Item Groups,EA,1,0,1,0
HU37594,"ADAPTER - CHOCKING PAD AND SLIDER, REMOVAL","ADAPTER - CHOCKING PAD AND SLIDER, REMOVAL",All Item Groups,EA,1,0,1,0
HU55105-2,Steady Engine Mounts,Steady Engine Mounts,All Item Groups,EA,1,0,1,0
HU87131-1,EXTRACTOR - LOCK WASHER,EXTRACTOR - LOCK WASHER,All Item Groups,EA,1,0,1,0
98F07107501000,"ADAPTER-AFT,JACKING","ADAPTER-AFT,JACKING",All Item Groups,EA,1,0,1,0
HU36634,SLING LIFT ENG REAR MOUNT,SLING LIFT ENG REAR MOUNT,All Item Groups,EA,1,0,1,0
HU35382-1,LIFTER-REM INST ENGINE FRONT MOUNT,LIFTER-REM INST ENGINE FRONT MOUNT,All Item Groups,EA,1,0,1,0
98F52003006002,SAFETY BARRIER EMERGENCY EXIT,SAFETY BARRIER EMERGENCY EXIT,All Item Groups,EA,1,0,1,0
HU42375,Wedge,Wedge,All Item Groups,EA,1,0,1,0
HU35451,Extracting hook,Extracting hook,All Item Groups,EA,1,0,1,0
HU44265,DOWEL,DOWEL,All Item Groups,EA,1,0,1,0
98F54003008004,ADAPTOR-DYNAMOMETRIC AT RIB1,ADAPTOR-DYNAMOMETRIC AT RIB1,All Item Groups,EA,1,0,1,0
HU87113-1,SAFETY STRUT - HOLD OPEN DEVICE,SAFETY STRUT - HOLD OPEN DEVICE,All Item Groups,EA,1,0,1,0
98F71201010000,"APPROACH DEVICE FITTING - ENGINE, PYLON","APPROACH DEVICE FITTING - ENGINE, PYLON",All Item Groups,EA,1,0,1,0
HU55761,ADAPTER - BOOTSTRAP,ADAPTER - BOOTSTRAP,All Item Groups,EA,1,0,1,0
98F71201006080,BOOTSTRAP SYSTEM-A330 RR,BOOTSTRAP SYSTEM-A330 RR,All Item Groups,EA,1,0,1,0
98A52307557000,VALVE-VACUUM. SCUFF PLATE,VALVE-VACUUM. SCUFF PLATE,All Item Groups,EA,1,0,1,0
98L36103002000,ENGINE BLEED,ENGINE BLEED,All Item Groups,EA,1,0,1,0
98A28104031001,PURGER-WATER DRAIN,PURGER-WATER DRAIN,All Item Groups,EA,1,0,1,0
654A0004-169,PLATE,PLATE,All Item Groups,EA,1,0,1,0
15801-160,VALVE ASSY FLUSH,VALVE ASSY FLUSH,All Item Groups,EA,1,0,1,0
98F27208691000,"TURN-BARREL,RUDDER","TURN-BARREL,RUDDER",All Item Groups,EA,1,0,1,0
AETL34989,PIN SPANNER,PIN SPANNER,All Item Groups,EA,1,0,1,0
98F54003023002,WRENCH-CASTELLATED,WRENCH-CASTELLATED,All Item Groups,EA,1,0,1,0
98F27203002000,GAUGE-RUDDER NEUTRAL SETTING,GAUGE-RUDDER NEUTRAL SETTING,All Item Groups,EA,1,0,1,0
HU44525-2,IMMOBILIZER,IMMOBILIZER,All Item Groups,EA,1,0,1,0
324477,"CAP,PROTECTIVE-FIRE EXTINGUISHER SYSTEM","CAP,PROTECTIVE-FIRE EXTINGUISHER SYSTEM",All Item Groups,EA,1,0,1,0
29A029,CALIBRATION BLOCK,CALIBRATION BLOCK,All Item Groups,EA,1,0,1,0
98F57004009001,SET - GUIDE CONE,SET - GUIDE CONE,All Item Groups,EA,1,0,1,0
98F54003001000,"EXTRACTOR-PYLON SHAFT, RIB 12 - RIB 18","EXTRACTOR-PYLON SHAFT, RIB 12 - RIB 18",All Item Groups,EA,1,0,1,0
98F27508238004,"STOP-CARRIAGE,FLAP","STOP-CARRIAGE,FLAP",All Item Groups,EA,1,0,1,0
98F52308279000,BAR-R I ACTUATOR,BAR-R I ACTUATOR,All Item Groups,EA,1,0,1,0
3881052-2WE,"Indicator, Pressure","Indicator, Pressure",All Item Groups,EA,1,0,1,0
3881017-1WE,HOUSING-FILTER,HOUSING-FILTER,All Item Groups,EA,1,0,1,0
F5757157921602,LH OB Flap Rub Strip,LH OB Flap Rub Strip,All Item Groups,EA,1,0,1,0
165823,CELL,CELL,All Item Groups,EA,1,0,1,0
466-8,TEMPERATURE SENSOR,TEMPERATURE SENSOR,All Item Groups,EA,1,0,1,0
PS870A2-6OZ,Sealant 654 Semkit 6Oz,Sealant 654 Semkit 6Oz,All Item Groups,KT,1,0,1,0
C24966000,VALVE,VALVE,All Item Groups,EA,1,0,1,0
RENEW,LICENSE,LICENSE,All Item Groups,EA,1,0,1,0
E0092-41-160NN,BONDING JUMPER,BONDING JUMPER,All Item Groups,EA,1,0,1,0
ABS0734-226,GASKET,GASKET,All Item Groups,EA,1,0,1,0
E0052N16B26SYF,"CONNECTOR, PLUG-BODY","CONNECTOR, PLUG-BODY",All Item Groups,EA,1,0,1,0
E0052N8B3ASNF,"CONNECTOR, PLUG-BODY","CONNECTOR, PLUG-BODY",All Item Groups,EA,1,0,1,0
NAS7204U4,BOLT,BOLT,All Item Groups,EA,1,0,1,0
NSA5620-01,STUD,STUD,All Item Groups,EA,1,0,1,0
NAS1805-10L,NUT,NUT,All Item Groups,EA,1,0,1,0
SPSA340-1-6-3,Windshield,Windshield,All Item Groups,EA,1,0,1,0
AS62424,CLAMP,CLAMP,All Item Groups,EA,1,0,1,0
NAS1351-3-10,SCREW,SCREW,All Item Groups,EA,1,0,1,0
85333RS12-03PNL,CONNECTOR,CONNECTOR,All Item Groups,EA,1,0,1,0
4557,LAMP,LAMP,All Item Groups,EA,1,0,1,0
4384089,BULB,BULB,All Item Groups,EA,1,0,1,0
4394909,LIGHT,LIGHT,All Item Groups,EA,1,0,1,0
31-8585-1,GASKET,GASKET,All Item Groups,EA,1,0,1,0
966A0000-02,HEAT EXCHANGER,HEAT EXCHANGER,All Item Groups,EA,1,0,1,0
A35226,NUT,NUT,All Item Groups,EA,1,0,1,0
311A2553-12,HINGE,HINGE,All Item Groups,EA,1,0,1,0
443W3075-17W,THRESHOLD,THRESHOLD,All Item Groups,EA,1,0,1,0
BACN10ZV3,NUT,NUT,All Item Groups,EA,1,0,1,0
BACC63BV22B19PN,CONNECTOR,CONNECTOR,All Item Groups,EA,1,0,1,0
113A9308-1,BOLT,BOLT,All Item Groups,EA,1,0,1,0
BACB28AZ11A039Z,BUSHING,BUSHING,All Item Groups,EA,1,0,1,0
B0E2013-0301,HOSE,HOSE,All Item Groups,EA,1,0,1,0
B0E2013-0573,HOSE,HOSE,All Item Groups,EA,1,0,1,0
137-00-100-09,NUT,NUT,All Item Groups,EA,1,0,1,0
IT-4350-639,HOSE,HOSE,All Item Groups,EA,1,0,1,0
60-0304-51,POWER SUPPLY,POWER SUPPLY,All Item Groups,EA,1,0,1,0
B0E2013-0341,HOSE ASSY,HOSE ASSY,All Item Groups,EA,1,0,1,0
2085M48P01,SEAL,SEAL,All Item Groups,EA,1,0,1,0
ABS0371-01,RING-SNAP,RING-SNAP,All Item Groups,EA,1,0,1,0
ASNA2001T3-6,BOLT,BOLT,All Item Groups,EA,1,0,1,0
ASNA2001T3-5,SCREW,SCREW,All Item Groups,EA,1,0,1,0
NAS1791A3-2,NUT,NUT,All Item Groups,EA,1,0,1,0
NAS1102-06-5,SCREW,SCREW,All Item Groups,EA,1,0,1,0
ASNA2001T3-7,SCREW,SCREW,All Item Groups,EA,1,0,1,0
NAS1169C10,WASHER,WASHER,All Item Groups,EA,1,0,1,0
ABS0368-01,RECEPTABLE,RECEPTABLE,All Item Groups,EA,1,0,1,0
ASNA2001T4-15,SCREW,SCREW,All Item Groups,EA,1,0,1,0
ASNA2001T3-12,SCREW,SCREW,All Item Groups,EA,1,0,1,0
ABS0604-4,WASHER,WASHER,All Item Groups,EA,1,0,1,0
NAS1791A3-3,NUT-PLATE,NUT-PLATE,All Item Groups,EA,1,0,1,0
ASNA2857-030,PIN,PIN,All Item Groups,EA,1,0,1,0
ASNA2857-020,STUD,STUD,All Item Groups,EA,1,0,1,0
NAS1102E06-5,SCREW,SCREW,All Item Groups,EA,1,0,1,0
EN6131-3C1,NUT CLIP,NUT CLIP,All Item Groups,EA,1,0,1,0
NAS1096-3-9,SCREW,SCREW,All Item Groups,EA,1,0,1,0
ABS0336-03,STUD,STUD,All Item Groups,EA,1,0,1,0
EN6092-01,RECEPTACLE,RECEPTACLE,All Item Groups,EA,1,0,1,0
ASNA2001T4-23,SCREW,SCREW,All Item Groups,EA,1,0,1,0
ASNA2001T4-26,SCREW,SCREW,All Item Groups,EA,1,0,1,0
NSA5084-3,"NUT, CLIP","NUT, CLIP",All Item Groups,EA,1,0,1,0
NAS1153V9R,SCREW,SCREW,All Item Groups,EA,1,0,1,0
CC FEES,CREDIT CARD FEES,CREDIT CARD FEES,All Item Groups,EA,1,0,1,0
FW20027,GUARD,GUARD,All Item Groups,EA,1,0,1,0
5912415-1,PANEL ASSY-UPPER WINDOW,PANEL ASSY-UPPER WINDOW,All Item Groups,EA,1,0,1,0
BACB30LH3-7,BOLT,BOLT,All Item Groups,EA,1,0,1,0
BACB30NN3K16,BOLT,BOLT,All Item Groups,EA,1,0,1,0
BACB30NN3K8,BOLT,BOLT,All Item Groups,EA,1,0,1,0
BACB30NN3K7,BOLT,BOLT,All Item Groups,EA,1,0,1,0
BACB30NN3K10,BOLT,BOLT,All Item Groups,EA,1,0,1,0
BACB30LH3-13,BOLT,BOLT,All Item Groups,EA,1,0,1,0
BACB30NN3K13,BOLT,BOLT,All Item Groups,EA,1,0,1,0
BACB30XD3K5,BOLT,BOLT,All Item Groups,EA,1,0,1,0
UT630-2,"WRENCH-REMOVE INSTALL, OIL PUMP","WRENCH-REMOVE INSTALL, OIL PUMP",All Item Groups,EA,1,0,1,0
HU89025-1,SLING TURNOVER - AIR INTAKE COWL,SLING TURNOVER - AIR INTAKE COWL,All Item Groups,EA,1,0,1,0
HU87129,EXTRACTOR-R/I N.5 HINGE PIN T/R,EXTRACTOR-R/I N.5 HINGE PIN T/R,All Item Groups,EA,1,0,1,0
HU87127,EXTRACTOR-R/I N.2 HINGE PIN T/R,EXTRACTOR-R/I N.2 HINGE PIN T/R,All Item Groups,EA,1,0,1,0
NAS1515H6H,WASHER,WASHER,All Item Groups,EA,1,0,1,0
NAS1081-08A3,SCREW,SCREW,All Item Groups,EA,1,0,1,0
HV10000-601,HYD LOCK,HYD LOCK,All Item Groups,EA,1,0,1,0
UA538551-3,IDG OIL COOLER,IDG OIL COOLER,All Item Groups,EA,1,0,1,0
967A0000-03,"EXCHANGER-HEAT,MAIN","EXCHANGER-HEAT,MAIN",All Item Groups,EA,1,0,1,0
21435-00,LOW FREQUENCY UNDERWATER,LOW FREQUENCY UNDERWATER,All Item Groups,EA,1,0,1,0
NAS1304-6D,BOLT,BOLT,All Item Groups,EA,1,0,1,0
B30PN14-32,ENGINE MOUNT BOLT,ENGINE MOUNT BOLT,All Item Groups,EA,1,0,1,0
B30PN10-19,ENGINE MOUNT BOLTS,ENGINE MOUNT BOLTS,All Item Groups,EA,1,0,1,0
D5211028200300,GEARBOX,GEARBOX,All Item Groups,EA,1,0,1,0
NAS1790C4R4P,"BOLT, FLUSH HEAD","BOLT, FLUSH HEAD",All Item Groups,EA,1,0,1,0
ASNA2857-040,STUD,STUD,All Item Groups,EA,1,0,1,0
ASNA2001T3-13,ACREW,ACREW,All Item Groups,EA,1,0,1,0
NAS1792A3-3,NUT,NUT,All Item Groups,EA,1,0,1,0
NAS1149C0363R,WASHER,WASHER,All Item Groups,EA,1,0,1,0
NAS1149C0332R,WASHER,WASHER,All Item Groups,EA,1,0,1,0
ABS0367-030,STUD,STUD,All Item Groups,EA,1,0,1,0
ASNA2001T3-15,SCREW,SCREW,All Item Groups,EA,1,0,1,0
ASNA2001T3-9,SCREW CSK,SCREW CSK,All Item Groups,EA,1,0,1,0
ABS0370-01,WASHER,WASHER,All Item Groups,EA,1,0,1,0
ABS0051-06,NUT,NUT,All Item Groups,EA,1,0,1,0
AS3578-008,O-RING,O-RING,All Item Groups,EA,1,0,1,0
NAS1096-3-12,SCREW,SCREW,All Item Groups,EA,1,0,1,0
ABS0804-5,NUT SELF-LOCKING,NUT SELF-LOCKING,All Item Groups,EA,1,0,1,0
E0092-10-160NN,BONDING JUMPER,BONDING JUMPER,All Item Groups,EA,1,0,1,0
EN2997RS61203AN,CONNECTOR,CONNECTOR,All Item Groups,EA,1,0,1,0
E0052N8B3ASNE,CONNECTOR,CONNECTOR,All Item Groups,EA,1,0,1,0
3214-31,BATTERY,BATTERY,All Item Groups,EA,1,0,1,0
BV03202N01-50,LAMP HOLDER,LAMP HOLDER,All Item Groups,EA,1,0,1,0
ABS5311-01,SEALANT TAPE,SEALANT TAPE,All Item Groups,FT,1,0,1,0
NSA5031-4-6,BOLT,BOLT,All Item Groups,EA,1,0,1,0
NSA5031-4-11,"BOLT, HEX HEAD, SHORT THREAD","BOLT, HEX HEAD, SHORT THREAD",All Item Groups,EA,1,0,1,0
EA934NA-AB,Loctite EA934NA A/B QT KT,Loctite EA934NA A/B QT KT,All Item Groups,EA,1,0,1,0
BMS9-8-3K70P/42,DRY CARBON FIBER,DRY CARBON FIBER,All Item Groups,EA,1,0,1,0
GF01581C12080B80000,DRY GLASS FABRIC,DRY GLASS FABRIC,All Item Groups,EA,1,0,1,0
GS213-3,ADHESIVE TAPE VACUUM BAG SEAL,ADHESIVE TAPE VACUUM BAG SEAL,All Item Groups,EA,1,0,1,0
LOCTITE601(50-MLBOTTLE),ACRYLIC ADHESIVE,ACRYLIC ADHESIVE,All Item Groups,EA,1,0,1,0
SL-030,SURFACE RESISTANCE METER,SURFACE RESISTANCE METER,All Item Groups,EA,1,0,1,0
24654-208,CABLE,CABLE,All Item Groups,EA,1,0,1,0
HG2021GP01,GLOBAL POSITION,GLOBAL POSITION,All Item Groups,EA,1,0,1,0
M81824-1-2,"SPLICE: CRIMP,PLATED,NI,CU,BLK,","SPLICE: CRIMP,PLATED,NI,CU,BLK,",All Item Groups,EA,1,0,1,0
DK120-90,BEACON,BEACON,All Item Groups,EA,1,0,1,0
43-1329,BOLT,BOLT,All Item Groups,EA,1,0,1,0
68-1156,ORING,ORING,All Item Groups,EA,1,0,1,0
980A0000-01,"VALVE - CHECK, DOWNSTREAM","VALVE - CHECK, DOWNSTREAM",All Item Groups,EA,1,0,1,0
A2527039620000,BUSHING,BUSHING,All Item Groups,EA,1,0,1,0
DP3113A,PBE CREW MEMBER,PBE CREW MEMBER,All Item Groups,EA,1,0,1,0
NSA5112-05,WASHER SEAL,WASHER SEAL,All Item Groups,EA,1,0,1,0
8009431,SEALING,SEALING,All Item Groups,EA,1,0,1,0
ABS0696X2-3-32,STUD,STUD,All Item Groups,EA,1,0,1,0
A2821500400200,PIPE,PIPE,All Item Groups,EA,1,0,1,0
A5735003820000,RING,RING,All Item Groups,EA,1,0,1,0
A5735003820200,RING,RING,All Item Groups,EA,1,0,1,0
D5337021720000,PLUG,PLUG,All Item Groups,EA,1,0,1,0
G5757123020000,COVER,COVER,All Item Groups,EA,1,0,1,0
F5598003220000,SEAL,SEAL,All Item Groups,EA,1,0,1,0
F2527666720000,PACKING,PACKING,All Item Groups,EA,1,0,1,0
F5758503500100,SEAL,SEAL,All Item Groups,EA,1,0,1,0
F5758503500000,SEAL,SEAL,All Item Groups,EA,1,0,1,0
F5758503000100,SEAL,SEAL,All Item Groups,EA,1,0,1,0
F5758503000000,SEAL,SEAL,All Item Groups,EA,1,0,1,0
F0003001600100,KNOB,KNOB,All Item Groups,EA,1,0,1,0
F5725408900200,GASKET,GASKET,All Item Groups,EA,1,0,1,0
MF10-05-11,OXYGEN MASK,OXYGEN MASK,All Item Groups,EA,1,0,1,0
MN1500,MEGAPHONE BATTERY,MEGAPHONE BATTERY,All Item Groups,EA,1,0,1,0
MS29513-030,O-RING,O-RING,All Item Groups,EA,1,0,1,0
NAS1921M05S06AU,RIVET,RIVET,All Item Groups,EA,1,0,1,0
NAS1921M05S04AU,RIVET,RIVET,All Item Groups,EA,1,0,1,0
NAS1921M04S06AU,RIVET,RIVET,All Item Groups,EA,1,0,1,0
NAS1919M05S06AU,RIVET,RIVET,All Item Groups,EA,1,0,1,0
NAS1919M05S04AU,RIVET,RIVET,All Item Groups,EA,1,0,1,0
NAS1919M04S03AU,RIVET,RIVET,All Item Groups,EA,1,0,1,0
MOLYKOTE-G-RAPID,SPRAY PASTE 400ML,SPRAY PASTE 400ML,All Item Groups,EA,1,0,1,0
G1L123-25,OXYGEN CONTAINER ASSEMBLY FOUR MASK,OXYGEN CONTAINER ASSEMBLY FOUR MASK,All Item Groups,EA,1,0,1,0
NAS1919M04S02AU,"RIVET, BLIND","RIVET, BLIND",All Item Groups,EA,1,0,1,0
NAS1919M05S03AU,"RIVET, BLIND","RIVET, BLIND",All Item Groups,EA,1,0,1,0
NAS1921M04S04AU,"RIVET, BLIND","RIVET, BLIND",All Item Groups,EA,1,0,1,0
NAS1921M05S03AU,"RIVET, BLIND","RIVET, BLIND",All Item Groups,EA,1,0,1,0
NAS1921M06S06AU,"RIVET, BLIND","RIVET, BLIND",All Item Groups,EA,1,0,1,0
1997M88G01,TUBE-LUBE,TUBE-LUBE,All Item Groups,EA,1,0,1,0
NAS1921M06S03AU,"RIVET,BLIND","RIVET,BLIND",All Item Groups,EA,1,0,1,0
NAS1921M05S05AU,"RIVET,BLIND","RIVET,BLIND",All Item Groups,EA,1,0,1,0
NAS1921M05S02AU,"RIVET,BLIND","RIVET,BLIND",All Item Groups,EA,1,0,1,0
NAS1919M05S05AU,RIVET,RIVET,All Item Groups,EA,1,0,1,0
NAS1919M04S06AU,"RIVET,BLIND","RIVET,BLIND",All Item Groups,EA,1,0,1,0
NAS1919M04S05AU,"RIVET,BLIND","RIVET,BLIND",All Item Groups,EA,1,0,1,0
E71720-00,OXYGEN GENERATOR,OXYGEN GENERATOR,All Item Groups,EA,1,0,1,0
65C33932U6,CHORD,CHORD,All Item Groups,EA,1,0,1,0
DYKEM 44,Medium Felt Tip Paint Marker Black,Medium Felt Tip Paint Marker Black,All Item Groups,EA,1,0,1,0
MS20995C32SS1LB,STAINLESS LOCKWIRE 0.032 1LB,STAINLESS LOCKWIRE 0.032 1LB,All Item Groups,EA,1,0,1,0
ARPOSOLVE-IPA735A,ALCOHOL ISOPROPYL,ALCOHOL ISOPROPYL,All Item Groups,EA,1,0,1,0
ARDROX 3140,Long Term Corrosion Preventative,Long Term Corrosion Preventative,All Item Groups,EA,1,0,1,0
3M471-2,"TAPE - YELLOW VINYL ADHESIVE,NO.471, 2 INCHES WIDE","TAPE - YELLOW VINYL ADHESIVE,NO.471, 2 INCHES WIDE",All Item Groups,EA,1,0,1,0
GNGA47,NYCO GRAPHIED ANTI-SEIZE COMPOUND 1 KG,NYCO GRAPHIED ANTI-SEIZE COMPOUND 1 KG,All Item Groups,EA,1,0,1,0
M00116,LPS1 GREASELESS LUBRICANT 379 ML,LPS1 GREASELESS LUBRICANT 379 ML,All Item Groups,EA,1,0,1,0
M83248/1-261,O-RING,O-RING,All Item Groups,EA,1,0,1,0
J221P142,PACKING-PREFORMED O-RING,PACKING-PREFORMED O-RING,All Item Groups,EA,1,0,1,0
J221P146,PACKING-PREFORMED O-RING,PACKING-PREFORMED O-RING,All Item Groups,EA,1,0,1,0
4100-160000-00,CIRCUIT CARD ASSEMBLY,CIRCUIT CARD ASSEMBLY,All Item Groups,EA,1,0,1,0
4059,BATTERY,BATTERY,All Item Groups,EA,1,0,1,0
BACB30XD3K6,BOLT,BOLT,All Item Groups,EA,1,0,1,0
15801-120,VALVE,VALVE,All Item Groups,EA,1,0,1,0
142-147,CONTROL UNIT: ANTISKID/AUTOBRAKE,CONTROL UNIT: ANTISKID/AUTOBRAKE,All Item Groups,EA,1,0,1,0
J540AI4-100,VACUUM GENERATOR,VACUUM GENERATOR,All Item Groups,EA,1,0,1,0
380428-10-1,APU,APU,All Item Groups,EA,1,0,1,0
BACC63CB10A5SN,CONNECTOR,CONNECTOR,All Item Groups,EA,1,0,1,0
BACN11AL1,NUT,NUT,All Item Groups,EA,1,0,1,0
4077880-962,MCDU,MCDU,All Item Groups,EA,1,0,1,0
NSA5031-4-19,BOLT,BOLT,All Item Groups,EA,1,0,1,0
ABS0258-10A,COLLAR,COLLAR,All Item Groups,EA,1,0,1,0
NAS1474R4,NUT,NUT,All Item Groups,EA,1,0,1,0
NSA5031-4-20,BOLT,BOLT,All Item Groups,EA,1,0,1,0
RD-AA1008-01,ENHANCED PES CONTROLLER,ENHANCED PES CONTROLLER,All Item Groups,EA,1,0,1,0
98A57304002000,EXTRACTION MANHOLE BOLT,EXTRACTION MANHOLE BOLT,All Item Groups,EA,1,0,1,0
98A53003500000,FASTENER REMOVAL TOOL,FASTENER REMOVAL TOOL,All Item Groups,EA,1,0,1,0
P336P11,HPC BLADE STAGE 6 LKG,HPC BLADE STAGE 6 LKG,All Item Groups,EA,1,0,1,0
P11-2,"ALUMINIUM FOIL TAPE 2""X60YRD","ALUMINIUM FOIL TAPE 2""X60YRD",All Item Groups,EA,1,0,1,0
BONDERITE-MCR1200,CHEMICAL CONVERSION COATING KIT,CHEMICAL CONVERSION COATING KIT,All Item Groups,EA,1,0,1,0
PS870B1-2,SEALANT,SEALANT,All Item Groups,EA,1,0,1,0
AEROFLEX G12E25,PAINT,PAINT,All Item Groups,EA,1,0,1,0
AEROFLEX FINISH G12 E25 5LT ALUMINIUM,WING COATING,WING COATING,All Item Groups,EA,1,0,1,0
CEE BEE E-3000,PAINT STRIPPER,PAINT STRIPPER,All Item Groups,EA,1,0,1,0
HU89020-2,DOLLY-AIR INTAKE COWL,DOLLY-AIR INTAKE COWL,All Item Groups,EA,1,0,1,0
519858-8,APU STARTER MOTOR,APU STARTER MOTOR,All Item Groups,EA,1,0,1,0
NSA8203-137,O-RING,O-RING,All Item Groups,EA,1,0,1,0
FRH280002,VALVE-AIR RELEASE,VALVE-AIR RELEASE,All Item Groups,EA,1,0,1,0
F2151506800300,BOLT,BOLT,All Item Groups,EA,1,0,1,0
DIESTONE-DLS-5LT,CLEANER-GENERAL,CLEANER-GENERAL,All Item Groups,CAN,1,0,1,0
OMAT4/71,RAPID RELUBE KIT,RAPID RELUBE KIT,All Item Groups,KT,1,0,1,0
PL32-L,GASKETING COMPOUND,GASKETING COMPOUND,All Item Groups,EA,1,0,1,0
SGM494,SILICON GREASE,SILICON GREASE,All Item Groups,EA,1,0,1,0
14HMB1,WATERPROOF BARRIER,WATERPROOF BARRIER,All Item Groups,RL,1,0,1,0
SODIUM-ALGINATE-TECHNICAL,RELEASE AGENT,RELEASE AGENT,All Item Groups,EA,1,0,1,0
SAN-50,TISSUE MASK CLEANER,TISSUE MASK CLEANER,All Item Groups,EA,1,0,1,0
GE-815GD-NF,GENERAL PURPOSE CLEANER,GENERAL PURPOSE CLEANER,All Item Groups,CAN,1,0,1,0
AMS1535,GLASS CLEANER,GLASS CLEANER,All Item Groups,EA,1,0,1,0
FLOORSIL-1217,PRIMER,PRIMER,All Item Groups,EA,1,0,1,0
PR-1005L,RED TOP COAT COMPOUND,RED TOP COAT COMPOUND,All Item Groups,EA,1,0,1,0
LOCTITE7471,ACTIVATOR,ACTIVATOR,All Item Groups,CAN,1,0,1,0
KB48A,ADHESIVE TAPE,ADHESIVE TAPE,All Item Groups,RL,1,0,1,0
APLIX-840-HOOK,APLIX 840 ARCYLIC PSA HOOK (25MM X 50M ROLL),APLIX 840 ARCYLIC PSA HOOK (25MM X 50M ROLL),All Item Groups,RL,1,0,1,0
3M-4016,OFF WHITE TAPE,OFF WHITE TAPE,All Item Groups,RL,1,0,1,0
683-3-2/X310A,CLEAR POLYURETHANE VARNISH,CLEAR POLYURETHANE VARNISH,All Item Groups,KT,1,0,1,0
346-57-70DV-7-278,ALEXIT FST TOPCOAT FOGGY,ALEXIT FST TOPCOAT FOGGY,All Item Groups,CAN,1,0,1,0
PR143,EPOXY PRIMER YELLOWISH/GREENISH,EPOXY PRIMER YELLOWISH/GREENISH,All Item Groups,LT,1,0,1,0
NAS1149C1490R,WASHER,WASHER,All Item Groups,EA,1,0,1,0
282101,RED WASHER,RED WASHER,All Item Groups,EA,1,0,1,0
BONDERITE-L-GP-M-709,Dry Film Lubricant 1.25Kg Can,Dry Film Lubricant 1.25Kg Can,All Item Groups,CAN,1,0,1,0
ARPOSOLVE952-GL,TT-N-95 TYPE 2 SOLVENT,TT-N-95 TYPE 2 SOLVENT,All Item Groups,CAN,1,0,1,0
F5725306720600,SHIM,SHIM,All Item Groups,EA,1,0,1,0
GIVRANT-45,COOLING AGENT,COOLING AGENT,All Item Groups,EA,1,0,1,0
XYLENE,XYLENE FLUID,XYLENE FLUID,All Item Groups,EA,1,0,1,0
COSMOLINE-1060,CORROSION PREVENTIVE COMPOUND,CORROSION PREVENTIVE COMPOUND,All Item Groups,EA,1,0,1,0
HT3326-5FR-200ML,POLYURETHANE SEALANT-GAP FILLER,POLYURETHANE SEALANT-GAP FILLER,All Item Groups,EA,1,0,1,0
ARALDITE-HY994,HARDENER,HARDENER,All Item Groups,EA,1,0,1,0
SWIFT-TAK-2050,ADHESIVE,ADHESIVE,All Item Groups,EA,1,0,1,0
CA8351-FS26251-GREY,HS PU TOPCOAT SEMI MATT,HS PU TOPCOAT SEMI MATT,All Item Groups,EA,1,0,1,0
WELDINGC0RDCR40-05850925-100ME,"CORD,WELDING,DARK GRAY","CORD,WELDING,DARK GRAY",All Item Groups,EA,1,0,1,0
NSA8420-0,CORD-LIGATURE,CORD-LIGATURE,All Item Groups,EA,1,0,1,0
HS-8171,HIGH TEMPERATURE VACUUM BAGGING FILM,HIGH TEMPERATURE VACUUM BAGGING FILM,All Item Groups,EA,1,0,1,0
5440D40BLANC,"PATCH, SELF-ADHESIVE, WHITE","PATCH, SELF-ADHESIVE, WHITE",All Item Groups,EA,1,0,1,0
ARDROX AV980,WAX AND GREASE REMOVER,WAX AND GREASE REMOVER,All Item Groups,EA,1,0,1,0
AEROSHELL FLUID 41,AEROSHELL FLUID 41,AEROSHELL FLUID 41,All Item Groups,BOX,1,0,1,0
NAS7204U10,SCREW,SCREW,All Item Groups,EA,1,0,1,0
NAS1096-2-10,SCREW,SCREW,All Item Groups,EA,1,0,1,0
44066,SEAL,SEAL,All Item Groups,EA,1,0,1,0
PR1196PT,SECONDARY FUEL BARRIER COATING,SECONDARY FUEL BARRIER COATING,All Item Groups,EA,1,0,1,0
D5713019420400,PACKING,PACKING,All Item Groups,EA,1,0,1,0
A5713052120300,WASHER,WASHER,All Item Groups,EA,1,0,1,0
A5461187950000,WASHER LOCK,WASHER LOCK,All Item Groups,EA,1,0,1,0
A2627048920000,WASHER,WASHER,All Item Groups,EA,1,0,1,0
840751,SEPARATOR ASSY,SEPARATOR ASSY,All Item Groups,EA,1,0,1,0
431-0025-505,SCREW,SCREW,All Item Groups,EA,1,0,1,0
1015597,SEAL,SEAL,All Item Groups,EA,1,0,1,0
1014503,SEAL,SEAL,All Item Groups,EA,1,0,1,0
1014346,SEAL,SEAL,All Item Groups,EA,1,0,1,0
9108A0001-01,SEAL,SEAL,All Item Groups,EA,1,0,1,0
SP108N,WASHER,WASHER,All Item Groups,EA,1,0,1,0
SLW40442-500X,WASHER,WASHER,All Item Groups,EA,1,0,1,0
RDLWQMLCE50SP6B,LOCKWASHER,LOCKWASHER,All Item Groups,EA,1,0,1,0
QA03963,FILTER,FILTER,All Item Groups,EA,1,0,1,0
HTE7300CR1-018,PACKING,PACKING,All Item Groups,EA,1,0,1,0
DVE90-06,VALVE-SOLENOID,VALVE-SOLENOID,All Item Groups,EA,1,0,1,0
HTES006-094-688,TENSION PIN,TENSION PIN,All Item Groups,EA,1,0,1,0
QA03362,FILTER,FILTER,All Item Groups,EA,1,0,1,0
KB27127,SEAL,SEAL,All Item Groups,EA,1,0,1,0
1014302,SEAL,SEAL,All Item Groups,EA,1,0,1,0
KB29665,WASHER,WASHER,All Item Groups,EA,1,0,1,0
LA2E50700130000,SDAC,SDAC,All Item Groups,EA,1,0,1,0
F5725402220000,SEAL,SEAL,All Item Groups,EA,1,0,1,0
F5518252320100,RING-SEALING,RING-SEALING,All Item Groups,EA,1,0,1,0
F5518252320000,RING-SEALING,RING-SEALING,All Item Groups,EA,1,0,1,0
F5518249420000,GASKET-VENT,GASKET-VENT,All Item Groups,EA,1,0,1,0
F5518243020000,JOINT,JOINT,All Item Groups,EA,1,0,1,0
F5518181220000,RING-SEALING,RING-SEALING,All Item Groups,EA,1,0,1,0
F5518181120000,RING-SEALING,RING-SEALING,All Item Groups,EA,1,0,1,0
F5518180920000,RING-SEALING,RING-SEALING,All Item Groups,EA,1,0,1,0
F2151525300000,PIN,PIN,All Item Groups,EA,1,0,1,0
F2151514020000,GASKET,GASKET,All Item Groups,EA,1,0,1,0
NSA5355-4ACL,LOCK WASHER,LOCK WASHER,All Item Groups,EA,1,0,1,0
NSA5061-4,WASHER,WASHER,All Item Groups,EA,1,0,1,0
MS20392-4C23,PIN,PIN,All Item Groups,EA,1,0,1,0
ABS1040-80,BLEED AIR DUCT SEAL,BLEED AIR DUCT SEAL,All Item Groups,EA,1,0,1,0
68-1363,Packing,Packing,All Item Groups,EA,1,0,1,0
EN3545D02FXA46A,CONNECTOR,CONNECTOR,All Item Groups,EA,1,0,1,0
EN3545D02MXB46A,CONNECTOR,CONNECTOR,All Item Groups,EA,1,0,1,0
EN3545D02FXA45A,CONNECTOR,CONNECTOR,All Item Groups,EA,1,0,1,0
EN3545D02MXB45A,CONNECTOR,CONNECTOR,All Item Groups,EA,1,0,1,0
NSA937901E3,MARKER,MARKER,All Item Groups,EA,1,0,1,0
NSA937901S,MODULE CLAMP,MODULE CLAMP,All Item Groups,EA,1,0,1,0
NSA935401-05,TIE-CABLE,TIE-CABLE,All Item Groups,EA,1,0,1,0
NSA935401-03,TIE,TIE,All Item Groups,EA,1,0,1,0
EN3155-003F2222,CONTACT,CONTACT,All Item Groups,EA,1,0,1,0
EN3155-016M2222,"CONTACT, MALE FOR MODULE","CONTACT, MALE FOR MODULE",All Item Groups,EA,1,0,1,0
E0170FA2200,"CONTACT, PIN","CONTACT, PIN",All Item Groups,EA,1,0,1,0
NSA937901E6,MODULE ID LABEL,MODULE ID LABEL,All Item Groups,EA,1,0,1,0
EN3545-007SCD,BACKSHELL,BACKSHELL,All Item Groups,EA,1,0,1,0
412A1230-87,FITTING,FITTING,All Item Groups,EA,1,0,1,0
BOE2013-0515,HOSE,HOSE,All Item Groups,EA,1,0,1,0
B0E2013-0304,HOSE,HOSE,All Item Groups,EA,1,0,1,0
B0E2013-0335,HOSE,HOSE,All Item Groups,EA,1,0,1,0
B0E2013-0310,HOSE,HOSE,All Item Groups,EA,1,0,1,0
B0E2013-0356,HOSE AY,HOSE AY,All Item Groups,EA,1,0,1,0
B0E2013-0468,HOSE,HOSE,All Item Groups,EA,1,0,1,0
BOE2013-0316,HOSE,HOSE,All Item Groups,EA,1,0,1,0
BACB28AZ11A049Z,BUSHING,BUSHING,All Item Groups,EA,1,0,1,0
BACR15DR3AN2,RIVET,RIVET,All Item Groups,EA,1,0,1,0
B0E2013-0406,HOSE,HOSE,All Item Groups,EA,1,0,1,0
ARDROX 6025A,AIRCRAFT CLEANER 25LT PAIL,AIRCRAFT CLEANER 25LT PAIL,All Item Groups,EA,1,0,1,0
F5725009020000,RING,RING,All Item Groups,EA,1,0,1,0
F5518181020000,RING-SEALING,RING-SEALING,All Item Groups,EA,1,0,1,0
D5725125720000,RING,RING,All Item Groups,EA,1,0,1,0
NSA5532-819,LOCK WASHER,LOCK WASHER,All Item Groups,EA,1,0,1,0
NSA5112-04,WASHER,WASHER,All Item Groups,EA,1,0,1,0
8ES005304-00,POWER SUPPLY UNIT,POWER SUPPLY UNIT,All Item Groups,EA,1,0,1,0
ABS5093B485,"MOISTURE BARRIER FOIL, SELF ADHESIVE","MOISTURE BARRIER FOIL, SELF ADHESIVE",All Item Groups,EA,1,0,1,0
DAN365-01,WASHER,WASHER,All Item Groups,EA,1,0,1,0
NYCO-65-1KG,NYCO 65 VASELINE 1 KG,NYCO 65 VASELINE 1 KG,All Item Groups,EA,1,0,1,0
LA2E20202930000,FWC,FWC,All Item Groups,EA,1,0,1,0
DAN364-01,PIN,PIN,All Item Groups,EA,1,0,1,0
E0091-41-240NN,BONDING,BONDING,All Item Groups,EA,1,0,1,0
8ES455012-00,POWER SUPPLY,POWER SUPPLY,All Item Groups,EA,1,0,1,0
B0E2013-0638,HOSE,HOSE,All Item Groups,EA,1,0,1,0
F9000095017595,BUNDLE,BUNDLE,All Item Groups,EA,1,0,1,0
F9000095228695,BUNDLE,BUNDLE,All Item Groups,EA,1,0,1,0
F9000095018495,BUNDLE,BUNDLE,All Item Groups,EA,1,0,1,0
F9000095227395,BUNDLE,BUNDLE,All Item Groups,EA,1,0,1,0
F9000095471895,BUNDLE,BUNDLE,All Item Groups,EA,1,0,1,0
NSA935401-13,"TIE,CABLE","TIE,CABLE",All Item Groups,EA,1,0,1,0
5007897-3,MAIN WHEEL ASSEMBLY,MAIN WHEEL ASSEMBLY,All Item Groups,EA,1,0,1,0
2594661-803,RADIO MAGNETIC INDICATOR,RADIO MAGNETIC INDICATOR,All Item Groups,EA,1,0,1,0
122-30026-01841,SHADE,SHADE,All Item Groups,EA,1,0,1,0
AS3582-244,O-RING,O-RING,All Item Groups,EA,1,0,1,0
NAS1612-8,PACKING,PACKING,All Item Groups,EA,1,0,1,0
ASNA2397-10L,WASHER,WASHER,All Item Groups,EA,1,0,1,0
ABS5800D080B,SEAL,SEAL,All Item Groups,EA,1,0,1,0
4329685,"COVER ASSY, UPPER","COVER ASSY, UPPER",All Item Groups,EA,1,0,1,0
DAN262CC,SILICON SECTION SEAT TRACK,SILICON SECTION SEAT TRACK,All Item Groups,EA,1,0,1,0
D23119550,"Box, Electrical","Box, Electrical",All Item Groups,EA,1,0,1,0
D61500-74,CONNECTOR,CONNECTOR,All Item Groups,EA,1,0,1,0
NSA8134-05X,BEARING SPHERICAL,BEARING SPHERICAL,All Item Groups,EA,1,0,1,0
E0399-01,"DISCHARGER-STATIC,THERMOPLASTIC","DISCHARGER-STATIC,THERMOPLASTIC",All Item Groups,EA,1,0,1,0
E0400-01,STATIC DISCHARGER,STATIC DISCHARGER,All Item Groups,EA,1,0,1,0
E0080-02-14C,BACKSHELL,BACKSHELL,All Item Groups,EA,1,0,1,0
E0092-10-200NN,LEAD BONDING,LEAD BONDING,All Item Groups,EA,1,0,1,0
D57LCN400,HOSE ASSY,HOSE ASSY,All Item Groups,EA,1,0,1,0
F5217057100200,SPRING ROD ASSY,SPRING ROD ASSY,All Item Groups,EA,1,0,1,0
NSA5030-3-7,SCREW,SCREW,All Item Groups,EA,1,0,1,0
ASNA2879A040,CAP NEW,CAP NEW,All Item Groups,EA,1,0,1,0
143A8335-1,GASKET,GASKET,All Item Groups,EA,1,0,1,0
91B458-00,BUSH,BUSH,All Item Groups,EA,1,0,1,0
6610-20567-01,ACTUATOR - ROTARY,ACTUATOR - ROTARY,All Item Groups,EA,1,0,1,0
MS21059L3,NUT PLATE,NUT PLATE,All Item Groups,EA,1,0,1,0
NAS1790-3R5,BOLT,BOLT,All Item Groups,EA,1,0,1,0
E0052R14B15SNF,CONNECTOR,CONNECTOR,All Item Groups,EA,1,0,1,0
MS35769-10,GASKET,GASKET,All Item Groups,EA,1,0,1,0
E0052R12B10SNE,CONNECTOR-PLUG,CONNECTOR-PLUG,All Item Groups,EA,1,0,1,0
401U3500-5937,LAMINATE,LAMINATE,All Item Groups,EA,1,0,1,0
E0090-10-200,BONDING LEAD,BONDING LEAD,All Item Groups,EA,1,0,1,0
E0419A5,GUARD SWITCH,GUARD SWITCH,All Item Groups,EA,1,0,1,0
NAS1790C3R15P,BOLT,BOLT,All Item Groups,EA,1,0,1,0
NAS7204A2,BOLT,BOLT,All Item Groups,EA,1,0,1,0
NSA936604CA0931,END CAP,END CAP,All Item Groups,EA,1,0,1,0
NAS1790-3R4,BOLT,BOLT,All Item Groups,EA,1,0,1,0
A1111013820500,PATCH,PATCH,All Item Groups,EA,1,0,1,0
NAS1790C3R5P,BOLT,BOLT,All Item Groups,EA,1,0,1,0
NAS7204A4,BOLT,BOLT,All Item Groups,EA,1,0,1,0
ASNA2001T3-23,SCREW,SCREW,All Item Groups,EA,1,0,1,0
NAS1790-4R7,BOLT,BOLT,All Item Groups,EA,1,0,1,0
NAS1790-5R13,BOLT,BOLT,All Item Groups,EA,1,0,1,0
NAS1790C4R3P,BOLT,BOLT,All Item Groups,EA,1,0,1,0
NSA8203-222,O-RING,O-RING,All Item Groups,EA,1,0,1,0
NSA8203-226,PACKING,PACKING,All Item Groups,EA,1,0,1,0
NSA5110-3-1,NUT,NUT,All Item Groups,EA,1,0,1,0
E0052N16B26SNF,CONNECTOR,CONNECTOR,All Item Groups,EA,1,0,1,0
NSA5474-3K7,NUT,NUT,All Item Groups,EA,1,0,1,0
822-1338-225,ATC Transponder,ATC Transponder,All Item Groups,EA,1,0,1,0
15 TONS,TEST WEIGHT,TEST WEIGHT,All Item Groups,EA,1,0,1,0
GANTRY CRANE 15 TON,INSPECTION & CERTIFICATION,INSPECTION & CERTIFICATION,All Item Groups,EA,1,0,1,0
GANTRY CRANE 10 TON,INSPECTION & CERTIFICATION,INSPECTION & CERTIFICATION,All Item Groups,EA,1,0,1,0
5912290-505,PANEL,PANEL,All Item Groups,EA,1,0,1,0
066-50013-0202,DME INTERROGATOR,DME INTERROGATOR,All Item Groups,EA,1,0,1,0
417A8100-1,DUCT ASSY,DUCT ASSY,All Item Groups,EA,1,0,1,0
NAS1102E3-10,SCREW-MACH FLAT HEAD,SCREW-MACH FLAT HEAD,All Item Groups,EA,1,0,1,0
SWE81002,LIFTING SLING FOR SWE8200,LIFTING SLING FOR SWE8200,All Item Groups,EA,1,0,1,0
SWE8202-290A,PIGGYBACK TORQUE MULTIPLIER W/ RATCHET,PIGGYBACK TORQUE MULTIPLIER W/ RATCHET,All Item Groups,EA,1,0,1,0
SWE8200,TORQUE MULTIPLIER,TORQUE MULTIPLIER,All Item Groups,EA,1,0,1,0
30006-0043,AP DYNAMOMETER,AP DYNAMOMETER,All Item Groups,EA,1,0,1,0
AN960-10L,WASHERFL,WASHERFL,All Item Groups,EA,1,0,1,0
M3.31000T1,TORQUE MULTIPLIER,TORQUE MULTIPLIER,All Item Groups,EA,1,0,1,0
NAS1790-4R5,BOLT,BOLT,All Item Groups,EA,1,0,1,0
NAS1790-5R9,SCREW,SCREW,All Item Groups,EA,1,0,1,0
NAS1790-5R12,BOLT,BOLT,All Item Groups,EA,1,0,1,0
CJ250,13 PC MEDIUM - DUTY GENERAL PURPOSE PULLER SET,13 PC MEDIUM - DUTY GENERAL PURPOSE PULLER SET,All Item Groups,EA,1,0,1,0
CJ250HMRFR,2- 1/2 LB SLIDE HAMMER,2- 1/2 LB SLIDE HAMMER,All Item Groups,EA,1,0,1,0
CJ240,13 PC LIGHT DUTY GENERAL PURPOSE PULLER SET,13 PC LIGHT DUTY GENERAL PURPOSE PULLER SET,All Item Groups,EA,1,0,1,0
CJ240HMRFR,2 LB SLIDE HAMMER,2 LB SLIDE HAMMER,All Item Groups,EA,1,0,1,0
14330-230,VALVE ASSY,VALVE ASSY,All Item Groups,EA,1,0,1,0
622-7383-001,ADF ANTENNA,ADF ANTENNA,All Item Groups,EA,1,0,1,0
TS212-3/8A,TORQ - SET INSERT BITS,TORQ - SET INSERT BITS,All Item Groups,EA,1,0,1,0
TS212-1/4A,TORQ - SET INSERT BITS,TORQ - SET INSERT BITS,All Item Groups,EA,1,0,1,0
TS212-8A,TORQ - SET INSERT BITS,TORQ - SET INSERT BITS,All Item Groups,EA,1,0,1,0
TS212-5,TORQ - SET INSERT BITS,TORQ - SET INSERT BITS,All Item Groups,EA,1,0,1,0
TS212-3,TORQ - SET INSERT BITS,TORQ - SET INSERT BITS,All Item Groups,EA,1,0,1,0
TS212-1,TORQ - SET INSERT BITS,TORQ - SET INSERT BITS,All Item Groups,EA,1,0,1,0
TS212-0,TORQ - SET INSERT BITS,TORQ - SET INSERT BITS,All Item Groups,EA,1,0,1,0
4002-17W,STUD ASSY,STUD ASSY,All Item Groups,EA,1,0,1,0
BACC63BP22C39S6,CONNECTOR,CONNECTOR,All Item Groups,EA,1,0,1,0
NAS1919M04S04AU,RIVETS,RIVETS,All Item Groups,EA,1,0,1,0
NAS1921M04S03AU,RIVETS,RIVETS,All Item Groups,EA,1,0,1,0
NAS1921M04S05AU,RIVETS,RIVETS,All Item Groups,EA,1,0,1,0
NAS1921M06S05AU,RIVET,RIVET,All Item Groups,EA,1,0,1,0
ABS0337-01A,RECEPTACLE,RECEPTACLE,All Item Groups,EA,1,0,1,0
ABS0341-2-01,RETAINER,RETAINER,All Item Groups,EA,1,0,1,0
NAS1169C10L,WASHER,WASHER,All Item Groups,EA,1,0,1,0
NAS1790C4R7P,SCREW,SCREW,All Item Groups,EA,1,0,1,0
AS12944,WASHER,WASHER,All Item Groups,EA,1,0,1,0
NAS1611-027,PACKING,PACKING,All Item Groups,EA,1,0,1,0
ABS0557-01,SLEEVE,SLEEVE,All Item Groups,EA,1,0,1,0
ABS0551-050,STUD,STUD,All Item Groups,EA,1,0,1,0
ABS0556-01,RING RETAINER,RING RETAINER,All Item Groups,EA,1,0,1,0
NAS1790-3R8,BOLT,BOLT,All Item Groups,EA,1,0,1,0
NAS1790-3R6,BOLT,BOLT,All Item Groups,EA,1,0,1,0
ABS0691-010,STUD,STUD,All Item Groups,EA,1,0,1,0
NAS1612-6,"PACKING,PREFMD","PACKING,PREFMD",All Item Groups,EA,1,0,1,0
MS21062-3,NUT,NUT,All Item Groups,EA,1,0,1,0
MS21060-3,"LOCK NUT,PLATE,TWO LUG","LOCK NUT,PLATE,TWO LUG",All Item Groups,EA,1,0,1,0
ABS0126-12-02,BACKSHELL,BACKSHELL,All Item Groups,EA,1,0,1,0
146A8335-2,GASKET,GASKET,All Item Groups,EA,1,0,1,0
07650043-0501,"STUD, LATCHING","STUD, LATCHING",All Item Groups,EA,1,0,1,0
BACC63BP22D55PN,CONNECTOR,CONNECTOR,All Item Groups,EA,1,0,1,0
3604,CLAMP,CLAMP,All Item Groups,EA,1,0,1,0
TA12C59WTH08HB,LOOP CLAMP,LOOP CLAMP,All Item Groups,EA,1,0,1,0
DIN1481-5X50,PIN,PIN,All Item Groups,EA,1,0,1,0
HA72-0230820,LOCKING ASSY,LOCKING ASSY,All Item Groups,EA,1,0,1,0
ABS0341-1-01,"RETAINER, VALVE","RETAINER, VALVE",All Item Groups,EA,1,0,1,0
ABS0551-030,STUD,STUD,All Item Groups,EA,1,0,1,0
ABS0551-015,STUD,STUD,All Item Groups,EA,1,0,1,0
NSA937901MA2202,MODULE,MODULE,All Item Groups,EA,1,0,1,0
NAS1612-12,SEAL,SEAL,All Item Groups,EA,1,0,1,0
143A8335-2,GASKET,GASKET,All Item Groups,EA,1,0,1,0
50840,TERMINAL PLUG,TERMINAL PLUG,All Item Groups,EA,1,0,1,0
69-100-0080,JT8D SENSOR ADAPTER,JT8D SENSOR ADAPTER,All Item Groups,EA,1,0,1,0
Z22-430-0097,KIT ADAPTOR MOUNT SCREW,KIT ADAPTOR MOUNT SCREW,All Item Groups,EA,1,0,1,0
10-320-0329,JT8D SENSOR ADAPTER,JT8D SENSOR ADAPTER,All Item Groups,EA,1,0,1,0
XLR5-31,TELEPHONE JACK,TELEPHONE JACK,All Item Groups,EA,1,0,1,0
7500454,O-RING,O-RING,All Item Groups,EA,1,0,1,0
MS24665-88,PIN,PIN,All Item Groups,EA,1,0,1,0
MS24665-355,PIN,PIN,All Item Groups,EA,1,0,1,0
MS24665-319,PIN,PIN,All Item Groups,EA,1,0,1,0
MS24665-178,PIN,PIN,All Item Groups,EA,1,0,1,0
MS21256-2,CLIP,CLIP,All Item Groups,EA,1,0,1,0
MS172291,WASHER,WASHER,All Item Groups,EA,1,0,1,0
M83248-1-910,O-RING,O-RING,All Item Groups,EA,1,0,1,0
M83248/1-908,O-RING,O-RING,All Item Groups,EA,1,0,1,0
M83248/1-020,O-RING,O-RING,All Item Groups,EA,1,0,1,0
M25988/2-218,O-RING,O-RING,All Item Groups,EA,1,0,1,0
M25988/2-036,O-RING,O-RING,All Item Groups,EA,1,0,1,0
M25988/1-911,O-RING,O-RING,All Item Groups,EA,1,0,1,0
M25988/1-905,PACKING,PACKING,All Item Groups,EA,1,0,1,0
EN6114K3X6,BOLT,BOLT,All Item Groups,EA,1,0,1,0
EN6114K3X4,BOLT,BOLT,All Item Groups,EA,1,0,1,0
EN6114K3-6,BOLT,BOLT,All Item Groups,EA,1,0,1,0
EN6114K3-5,Hi-Lite Bolt,Hi-Lite Bolt,All Item Groups,EA,1,0,1,0
EN6114K3-4,Hi-Lite Bolt,Hi-Lite Bolt,All Item Groups,EA,1,0,1,0
DAN6-6-5,HI-LOK PIN,HI-LOK PIN,All Item Groups,EA,1,0,1,0
DAN6-6-4,HI-LOK PIN,HI-LOK PIN,All Item Groups,EA,1,0,1,0
D64013,LOCK PLATE,LOCK PLATE,All Item Groups,EA,1,0,1,0
D62596,SHIM,SHIM,All Item Groups,EA,1,0,1,0
D61889,LOCK WASHERR,LOCK WASHERR,All Item Groups,EA,1,0,1,0
D61883,SHIM,SHIM,All Item Groups,EA,1,0,1,0
D61882,SHIM,SHIM,All Item Groups,EA,1,0,1,0
BE28990,E-SEAL,E-SEAL,All Item Groups,EA,1,0,1,0
ASNA2538-3,NUT,NUT,All Item Groups,EA,1,0,1,0
ASNA2529-6,NUT,NUT,All Item Groups,EA,1,0,1,0
ASNA0113-32CA,WASHER,WASHER,All Item Groups,EA,1,0,1,0
AS3208-05,O-RING,O-RING,All Item Groups,EA,1,0,1,0
95394-05,ISOLATOR,ISOLATOR,All Item Groups,EA,1,0,1,0
6355-0906,O- RING,O- RING,All Item Groups,EA,1,0,1,0
53100269-1,SCREEN,SCREEN,All Item Groups,EA,1,0,1,0
398-21,FILTER,FILTER,All Item Groups,EA,1,0,1,0
2721-1,AIR FILTER,AIR FILTER,All Item Groups,EA,1,0,1,0
2201859-39,HOSE,HOSE,All Item Groups,EA,1,0,1,0
MS29513-175,O-RING,O-RING,All Item Groups,EA,1,0,1,0
203-811538,SEAL,SEAL,All Item Groups,EA,1,0,1,0
202-811538,SEAL,SEAL,All Item Groups,EA,1,0,1,0
100-905-2454,SEAL,SEAL,All Item Groups,EA,1,0,1,0
201275896,WASHER,WASHER,All Item Groups,EA,1,0,1,0
7600763,DRAIN FILTER,DRAIN FILTER,All Item Groups,EA,1,0,1,0
M83248-1-016,O-RING 5/8 INCH ID 3,O-RING 5/8 INCH ID 3,All Item Groups,EA,1,0,1,0
MS24665-86,COTTER PIN,COTTER PIN,All Item Groups,EA,1,0,1,0
MS24665-376,PIN,PIN,All Item Groups,EA,1,0,1,0
MS24665-372,PIN,PIN,All Item Groups,EA,1,0,1,0
MS24665-360,PIN,PIN,All Item Groups,EA,1,0,1,0
MS24665-357,PIN,PIN,All Item Groups,EA,1,0,1,0
MS24665-310,PIN,PIN,All Item Groups,EA,1,0,1,0
MS24665-309,PIN,PIN,All Item Groups,EA,1,0,1,0
MS24665-308,PIN,PIN,All Item Groups,EA,1,0,1,0
MS24665-306,PIN,PIN,All Item Groups,EA,1,0,1,0
MS24665-304,"PIN, COTTER","PIN, COTTER",All Item Groups,EA,1,0,1,0
MS24665-302,"PIN, COTTER","PIN, COTTER",All Item Groups,EA,1,0,1,0
MS24665-300,"PIN, COTTER","PIN, COTTER",All Item Groups,EA,1,0,1,0
MS24665-285,PIN-COTTER,PIN-COTTER,All Item Groups,EA,1,0,1,0
MS24665-283,STEEL,STEEL,All Item Groups,EA,1,0,1,0
MS24665-231,PIN,PIN,All Item Groups,EA,1,0,1,0
MS24665-174,PIN,PIN,All Item Groups,EA,1,0,1,0
MS24665-172,"PIN, COTTER","PIN, COTTER",All Item Groups,EA,1,0,1,0
MS24665-162,PIN,PIN,All Item Groups,EA,1,0,1,0
MS24665-153,"PIN, COTTER","PIN, COTTER",All Item Groups,EA,1,0,1,0
MS24665-151,PIN,PIN,All Item Groups,EA,1,0,1,0
MS24665-134,PIN,PIN,All Item Groups,EA,1,0,1,0
MS24665-132,PIN,PIN,All Item Groups,EA,1,0,1,0
M25988-1-018,PACKING,PACKING,All Item Groups,EA,1,0,1,0
AS43013-155,RING,RING,All Item Groups,EA,1,0,1,0
AS43003-908,PACKING,PACKING,All Item Groups,EA,1,0,1,0
3882496-1,FUEL FILTER ELEMENT,FUEL FILTER ELEMENT,All Item Groups,EA,1,0,1,0
F0003150100000,CLAMP BLOCK,CLAMP BLOCK,All Item Groups,EA,1,0,1,0
A5461085450000,WASHER,WASHER,All Item Groups,EA,1,0,1,0
S8991A4H142M,TUBE,TUBE,All Item Groups,EA,1,0,1,0
NAS1102E3-8,SCREW,SCREW,All Item Groups,EA,1,0,1,0
AS12943,WASHER,WASHER,All Item Groups,EA,1,0,1,0
AS54744,BOLT,BOLT,All Item Groups,EA,1,0,1,0
974540,PUMP,PUMP,All Item Groups,EA,1,0,1,0
NAS1102E3-12,SCREW,SCREW,All Item Groups,EA,1,0,1,0
ASNA2001T3-10,SCREW,SCREW,All Item Groups,EA,1,0,1,0
DAN203B50,RIVET,RIVET,All Item Groups,EA,1,0,1,0
NAS1149FN832P,WASHER,WASHER,All Item Groups,EA,1,0,1,0
141T4004-21,WINDSHIELD,WINDSHIELD,All Item Groups,EA,1,0,1,0
INSTALLATION SERVICES,SUPPLY & INSTALLATION OF CCTV & ACCESS CONTROL SYS,SUPPLY & INSTALLATION OF CCTV & ACCESS CONTROL SYS,All Item Groups,EA,1,0,1,0
NSA5653-21-0287,SPACER,SPACER,All Item Groups,EA,1,0,1,0
F2527035801400,COVER,COVER,All Item Groups,EA,1,0,1,0
F2128505020000,"HOLDER, ELAST.","HOLDER, ELAST.",All Item Groups,EA,1,0,1,0
F5453043021000,SEAL,SEAL,All Item Groups,EA,1,0,1,0
F5453043021200,SEAL,SEAL,All Item Groups,EA,1,0,1,0
F5453043021300,SEAL,SEAL,All Item Groups,EA,1,0,1,0
F5453043021100,SEAL,SEAL,All Item Groups,EA,1,0,1,0
F5453043020600,SEAL,SEAL,All Item Groups,EA,1,0,1,0
F5453043020800,SEAL,SEAL,All Item Groups,EA,1,0,1,0
F5453043020700,SEAL,SEAL,All Item Groups,EA,1,0,1,0
F5453043020900,SEAL,SEAL,All Item Groups,EA,1,0,1,0
F5453043021500,SEAL,SEAL,All Item Groups,EA,1,0,1,0
F5453043021600,SEAL,SEAL,All Item Groups,EA,1,0,1,0
F5453043020400,SEAL,SEAL,All Item Groups,EA,1,0,1,0
F5453043020500,SEAL,SEAL,All Item Groups,EA,1,0,1,0
F5453044020000,SEAL,SEAL,All Item Groups,EA,1,0,1,0
F5453048820000,SEAL,SEAL,All Item Groups,EA,1,0,1,0
F5237149120600,FLAG,FLAG,All Item Groups,EA,1,0,1,0
F5757467720000,SPACER,SPACER,All Item Groups,EA,1,0,1,0
F5453044320000,SEAL,SEAL,All Item Groups,EA,1,0,1,0
CDSP6200-5,PEEPHOLE ASSY,PEEPHOLE ASSY,All Item Groups,EA,1,0,1,0
NSA5076-6,COLLAR,COLLAR,All Item Groups,EA,1,0,1,0
NAS617-6,O-RING,O-RING,All Item Groups,EA,1,0,1,0
NAS1612-5,PACKING,PACKING,All Item Groups,EA,1,0,1,0
NAS1612-4,O-RING,O-RING,All Item Groups,EA,1,0,1,0
NAS1612-16A,PACKING,PACKING,All Item Groups,EA,1,0,1,0
NAS1611-122,O-RING,O-RING,All Item Groups,EA,1,0,1,0
NAS1611-115,Packing,Packing,All Item Groups,EA,1,0,1,0
NAS1611-029,O-RING,O-RING,All Item Groups,EA,1,0,1,0
NAS1611-016A,O-RING,O-RING,All Item Groups,EA,1,0,1,0
NAS1611-008,O-RING,O-RING,All Item Groups,EA,1,0,1,0
MS29561-259,O-RING,O-RING,All Item Groups,EA,1,0,1,0
MS29561-145,O-RING,O-RING,All Item Groups,EA,1,0,1,0
MS29561-009,O-RING,O-RING,All Item Groups,EA,1,0,1,0
NSA5355-4CA,WASHER,WASHER,All Item Groups,EA,1,0,1,0
NAS1726-3E,"NUT, SELF-LOCK, SHEAR TYPE","NUT, SELF-LOCK, SHEAR TYPE",All Item Groups,EA,1,0,1,0
NAS1149D0332K,WASHER,WASHER,All Item Groups,EA,1,0,1,0
NAS1149C0463R,WASHER,WASHER,All Item Groups,EA,1,0,1,0
117042-04,OXY GENERATOR ASSY,OXY GENERATOR ASSY,All Item Groups,EA,1,0,1,0
AIR FREIGHT CHARGE ( COURIER ) ( SIN-DXB,Air Freight Charge ( Courier ) ( SIN-DXB ),Air Freight Charge ( Courier ) ( SIN-DXB ),All Item Groups,EA,1,0,1,0
AIR FREIGHT CHARGES ( TURKEY-DXB ),AIR FREIGHT CHARGES ( TURKEY-DXB ),AIR FREIGHT CHARGES ( TURKEY-DXB ),All Item Groups,EA,1,0,1,0
AIR FREIGHT CHARGES ( UK-DXB ),.,.,All Item Groups,EA,1,0,1,0
AIR FREIGHT CHARGES ( SIN-DXB ),.,.,All Item Groups,EA,1,0,1,0
AIR FREIGHT CHARGES ( GERMANY-DXB ),.,.,All Item Groups,EA,1,0,1,0
AIR FREIGHT CHARGES ( USA-DXB ),.,.,All Item Groups,EA,1,0,1,0
S9413-227,PACKING,PACKING,All Item Groups,EA,1,0,1,0
SP108G,WASHER,WASHER,All Item Groups,EA,1,0,1,0
SP107L,WASHER,WASHER,All Item Groups,EA,1,0,1,0
S9413-214,PACKING,PACKING,All Item Groups,EA,1,0,1,0
S9413-114,SEAL,SEAL,All Item Groups,EA,1,0,1,0
430B100-3,FILTER,FILTER,All Item Groups,EA,1,0,1,0
NSA8205-114,O-RING,O-RING,All Item Groups,EA,1,0,1,0
NSA8203-239,O-RING,O-RING,All Item Groups,EA,1,0,1,0
NSA8203-238,"O-RING, FLUOROSILICONE","O-RING, FLUOROSILICONE",All Item Groups,EA,1,0,1,0
NSA8203-219,O-RING,O-RING,All Item Groups,EA,1,0,1,0
NSA8202-5,O-RING,O-RING,All Item Groups,EA,1,0,1,0
S4165,SEAL,SEAL,All Item Groups,EA,1,0,1,0
NSA5355-7CA,WASHER,WASHER,All Item Groups,EA,1,0,1,0
NSA5355-5CA,WASHER,WASHER,All Item Groups,EA,1,0,1,0
NSBT-8N,NEVER SEEZ PURE NICKEL ANTI SEIZE 8 OZ 227.2 G CAN,NEVER SEEZ PURE NICKEL ANTI SEIZE 8 OZ 227.2 G CAN,All Item Groups,EA,1,0,1,0
BACB30LH3-3,BOLT,BOLT,All Item Groups,EA,1,0,1,0
251A3122-16,UPPER COVER ASSY,UPPER COVER ASSY,All Item Groups,EA,1,0,1,0
251A3122-15,UPPER COVER ASSY,UPPER COVER ASSY,All Item Groups,EA,1,0,1,0
002A0002-500,PSU PANEL,PSU PANEL,All Item Groups,EA,1,0,1,0
002A0072-2,TOP KIT,TOP KIT,All Item Groups,EA,1,0,1,0
002A0072-1,TOP KIT,TOP KIT,All Item Groups,EA,1,0,1,0
ABS0901R040,CLAMP,CLAMP,All Item Groups,EA,1,0,1,0
R0SIML0C2600LW,WASHER,WASHER,All Item Groups,EA,1,0,1,0
SIMASNA2056-02,NUT,NUT,All Item Groups,EA,1,0,1,0
K8831,WASHER,WASHER,All Item Groups,EA,1,0,1,0
MICROBMONITOR 2,"TEST KIT - MICROBIAL, FUEL","TEST KIT - MICROBIAL, FUEL",All Item Groups,KT,1,0,1,0
BACB28AK08-452,BUSHING,BUSHING,All Item Groups,EA,1,0,1,0
DAN169E3-12,SCREW,SCREW,All Item Groups,EA,1,0,1,0
32595-1,WASHER,WASHER,All Item Groups,EA,1,0,1,0
20021-306,SCREW,SCREW,All Item Groups,EA,1,0,1,0
20021-304,SCREW,SCREW,All Item Groups,EA,1,0,1,0
32594-1,CAP,CAP,All Item Groups,EA,1,0,1,0
AS3582-140,PACKING,PACKING,All Item Groups,EA,1,0,1,0
NAS1102E3-16,SCREW,SCREW,All Item Groups,EA,1,0,1,0
MS21075-3N,NUT,NUT,All Item Groups,EA,1,0,1,0
"LOADING UNLOADING 
CUSTOMS CIRCUIT""",.,.,All Item Groups,EA,1,0,1,0
222CE06L15Y12,"SSPC-SOLID STATE POWER CONTROLLER,PC","SSPC-SOLID STATE POWER CONTROLLER,PC",All Item Groups,EA,1,0,1,0
NAS1101-3H8,BOLT,BOLT,All Item Groups,EA,1,0,1,0
A2527576120400,HANDLE SECTION,HANDLE SECTION,All Item Groups,EA,1,0,1,0
NAS1102-06-4,SCREW,SCREW,All Item Groups,EA,1,0,1,0
72879-1,MOUNTING BLOCKS,MOUNTING BLOCKS,All Item Groups,EA,1,0,1,0
AN960C416,WASHER-FLAT,WASHER-FLAT,All Item Groups,EA,1,0,1,0
E0090-10-125,BONDING JUMPER,BONDING JUMPER,All Item Groups,EA,1,0,1,0
E0090-10-380,BONDING JUMPER,BONDING JUMPER,All Item Groups,EA,1,0,1,0
E0088-10-160,BONDING JUMPER,BONDING JUMPER,All Item Groups,EA,1,0,1,0
EN3155-016M2018,CONTACT,CONTACT,All Item Groups,EA,1,0,1,0
DAN313-01A,CLIP SPRING,CLIP SPRING,All Item Groups,EA,1,0,1,0
ABS0718-07,STUD,STUD,All Item Groups,EA,1,0,1,0
ABS0718A06,STUD,STUD,All Item Groups,EA,1,0,1,0
ABS0718A05,STUD,STUD,All Item Groups,EA,1,0,1,0
ABS0718A03,STUD,STUD,All Item Groups,EA,1,0,1,0
NAS1102-08-5,SCREW,SCREW,All Item Groups,EA,1,0,1,0
NAS1193E4-2,LOCKING,LOCKING,All Item Groups,EA,1,0,1,0
NAS1193E4-1,LOCKING,LOCKING,All Item Groups,EA,1,0,1,0
SB3-002-010-02,LOWER SHROUD,LOWER SHROUD,All Item Groups,EA,1,0,1,0
SB3-002-010-01,SHROUD,SHROUD,All Item Groups,EA,1,0,1,0
NSA934120-01,MODULE,MODULE,All Item Groups,EA,1,0,1,0
AS3582-240,O-RING,O-RING,All Item Groups,EA,1,0,1,0
AS3582-043,O-RING,O-RING,All Item Groups,EA,1,0,1,0
SP127E,WASHER FLAT,WASHER FLAT,All Item Groups,EA,1,0,1,0
NAS1102E3-32,SCREW,SCREW,All Item Groups,EA,1,0,1,0
ABS0638B14,BACKSHELL,BACKSHELL,All Item Groups,EA,1,0,1,0
MSN429,MSN429,MSN429,All Item Groups,EA,1,0,1,0
S4563-9,FILTER,FILTER,All Item Groups,EA,1,0,1,0
S602-4-2X1-9,PACKING,PACKING,All Item Groups,EA,1,0,1,0
F3221012820600,WASHER,WASHER,All Item Groups,EA,1,0,1,0
F3221012820400,WASHER,WASHER,All Item Groups,EA,1,0,1,0
F3221012820200,WASHER,WASHER,All Item Groups,EA,1,0,1,0
F3221012820000,WASHER,WASHER,All Item Groups,EA,1,0,1,0
ASNA0243A08030,CORD,CORD,All Item Groups,EA,1,0,1,0
170-274,INSERT,INSERT,All Item Groups,EA,1,0,1,0
RR185,RETAINER,RETAINER,All Item Groups,EA,1,0,1,0
113A8700-1,ROD ASSY,ROD ASSY,All Item Groups,EA,1,0,1,0
DAPCO-2200,PRIMELESS FIREWALL SEALANT,PRIMELESS FIREWALL SEALANT,All Item Groups,KT,1,0,1,0
341D8010-501,OIL COOLER,OIL COOLER,All Item Groups,EA,1,0,1,0
NSA5474-5K7,NUT,NUT,All Item Groups,EA,1,0,1,0
755CA02F,CONTACTOR,CONTACTOR,All Item Groups,EA,1,0,1,0
504529-408,STRAP,STRAP,All Item Groups,EA,1,0,1,0
979786-5,SHUTOFF VALVE,SHUTOFF VALVE,All Item Groups,EA,1,0,1,0
144A9451Y4,ISOLATOR,ISOLATOR,All Item Groups,EA,1,0,1,0
22616-1,SOLENOID,SOLENOID,All Item Groups,EA,1,0,1,0
196299-001,SOLENOID,SOLENOID,All Item Groups,EA,1,0,1,0
969A0000-02,CONDENSER,CONDENSER,All Item Groups,EA,1,0,1,0
C61558,CUP,CUP,All Item Groups,EA,1,0,1,0
TRANSFER PACKAGE,TRANSFER PACKAGE,TRANSFER PACKAGE,All Item Groups,EA,1,0,1,0
69-73730-4,WASHER,WASHER,All Item Groups,EA,1,0,1,0
FW52833,ANNULUS FILLER,ANNULUS FILLER,All Item Groups,EA,1,0,1,0
B0E2013-0570,HOSE,HOSE,All Item Groups,EA,1,0,1,0
BA24320A-1,LAVATORY FIRE EXTINGUISHER,LAVATORY FIRE EXTINGUISHER,All Item Groups,EA,1,0,1,0
848032-09,CIRCLIP,CIRCLIP,All Item Groups,EA,1,0,1,0
F5247321920000,CLAMP,CLAMP,All Item Groups,EA,1,0,1,0
E0091-41-160NN,BONDING JUMPER,BONDING JUMPER,All Item Groups,EA,1,0,1,0
654A0004-622,BEAM ASSY,BEAM ASSY,All Item Groups,EA,1,0,1,0
212A1214-12,BRACKET ASSY,BRACKET ASSY,All Item Groups,EA,1,0,1,0
212A1214-11,BRACKET ASSY,BRACKET ASSY,All Item Groups,EA,1,0,1,0
212A1214-9,BRACKET ASSY,BRACKET ASSY,All Item Groups,EA,1,0,1,0
212A1125-19,ROD AY,ROD AY,All Item Groups,EA,1,0,1,0
FP4B0BDBB1,.,.,All Item Groups,EA,1,0,1,0
INVOICE#: FP44FC6E8F,.,.,All Item Groups,EA,1,0,1,0
INVOICE#: FP32318B0C,.,.,All Item Groups,EA,1,0,1,0
"FOR INVOICE 63659,",.,.,All Item Groups,EA,1,0,1,0
146A8127U1,SHIELD,SHIELD,All Item Groups,EA,1,0,1,0
411A4917-2011,BLANKET,BLANKET,All Item Groups,EA,1,0,1,0
NE102666-0934AS,CLAMP,CLAMP,All Item Groups,EA,1,0,1,0
91E204-51,TORSION BAR,TORSION BAR,All Item Groups,EA,1,0,1,0
91E075-00,BUSHING,BUSHING,All Item Groups,EA,1,0,1,0
91E062-01,ROLLER,ROLLER,All Item Groups,EA,1,0,1,0
91E164-01,SPACER,SPACER,All Item Groups,EA,1,0,1,0
91E913-01,ROLLER BEARING,ROLLER BEARING,All Item Groups,EA,1,0,1,0
82000-48302,HOUSING ASSY,HOUSING ASSY,All Item Groups,EA,1,0,1,0
115A6251-1,BUSHING,BUSHING,All Item Groups,EA,1,0,1,0
DXBAI7615 AIR FREIGHT CHARGE,.,.,All Item Groups,EA,1,0,1,0
DXBAI7666 AIR FREIGHT CHARGE,.,.,All Item Groups,EA,1,0,1,0
DXBAI7551 AIR FREIGHT CHARGES ( USA-DXB,.,.,All Item Groups,EA,1,0,1,0
DXBAI7471 AIR FREIGHT CHARGES ( UK-DXB ),.,.,All Item Groups,EA,1,0,1,0
E71740-00,OXYGEN GENERATOR,OXYGEN GENERATOR,All Item Groups,EA,1,0,1,0
ABS0902-100,CLAMP,CLAMP,All Item Groups,EA,1,0,1,0
E0039R14T15SNF,CONNECTOR,CONNECTOR,All Item Groups,EA,1,0,1,0
E0052N8B3ASWF,CONNECTOR,CONNECTOR,All Item Groups,EA,1,0,1,0
PGA0116W,STANDBY MAGNETIC COMPASS,STANDBY MAGNETIC COMPASS,All Item Groups,EA,1,0,1,0
F5755004320000,SEAL,SEAL,All Item Groups,EA,1,0,1,0
G5777103021400,SEAL,SEAL,All Item Groups,EA,1,0,1,0
G5777103021600,SEAL,SEAL,All Item Groups,EA,1,0,1,0
MS20392-3C21,PIN,PIN,All Item Groups,EA,1,0,1,0
MS21075L3N,NUT-PLATE,NUT-PLATE,All Item Groups,EA,1,0,1,0
115A2752-18,RETAINER,RETAINER,All Item Groups,EA,1,0,1,0
E72220-10,GENERATOR,GENERATOR,All Item Groups,EA,1,0,1,0
C24960000-1,VALVE,VALVE,All Item Groups,EA,1,0,1,0
705CA01,CONTACTOR-THREE POLE,CONTACTOR-THREE POLE,All Item Groups,EA,1,0,1,0
M81714/3-DB1,TERMINAL,TERMINAL,All Item Groups,EA,1,0,1,0
CFM56-5A,CFM56-5A,CFM56-5A,All Item Groups,EA,1,0,1,0
A319,AIRBUS A319,AIRBUS A319,All Item Groups,EA,1,0,1,0
A320,AIRBUS A320,AIRBUS A320,All Item Groups,EA,1,0,1,0
980B0000-02,VALVE-CHECK DOWNSTREAM,VALVE-CHECK DOWNSTREAM,All Item Groups,EA,1,0,1,0
FREIGHT,Freight,Freight,All Item Groups,EA,1,0,1,0
V2500-A1,V2500-A1 ENGINE ASSY,V2500-A1 ENGINE ASSY,All Item Groups,EA,1,0,1,0
E72240-09,OXYGEN GENERATOR,OXYGEN GENERATOR,All Item Groups,EA,1,0,1,0
HAZMAT FEES,HAZMAT,HAZMAT,All Item Groups,EA,1,0,1,0
BSI,BORESCOPE INSPECTION,BORESCOPE INSPECTION,All Item Groups,EA,1,0,1,0
65C33095-5,GASKET,GASKET,All Item Groups,EA,1,0,1,0
9EL406445-40,LENS,LENS,All Item Groups,EA,1,0,1,0
ABS0083-06,NUT,NUT,All Item Groups,EA,1,0,1,0
NSA935401-04,STRAP,STRAP,All Item Groups,EA,1,0,1,0
NSA935401-08,TIE CABLE,TIE CABLE,All Item Groups,EA,1,0,1,0
NSA937901E4,MODULE,MODULE,All Item Groups,EA,1,0,1,0
EN6114V3-3,BOLT,BOLT,All Item Groups,EA,1,0,1,0
ABS0260V10-9-2,PIN,PIN,All Item Groups,EA,1,0,1,0
NAS1473A3,NUT,NUT,All Item Groups,EA,1,0,1,0
NAS1102-06-7,SCREW,SCREW,All Item Groups,EA,1,0,1,0
F5331435020000,WASHER,WASHER,All Item Groups,EA,1,0,1,0
ASNA2001T3-17,SCREW,SCREW,All Item Groups,EA,1,0,1,0
F5331560520000,WASHER,WASHER,All Item Groups,EA,1,0,1,0
NAS1791A4-2,NUT,NUT,All Item Groups,EA,1,0,1,0
F0003006500100,SLEEVE,SLEEVE,All Item Groups,EA,1,0,1,0
F5755086420000,SEAL,SEAL,All Item Groups,EA,1,0,1,0
E0666D28A0,RELAY FIN,RELAY FIN,All Item Groups,EA,1,0,1,0
A2577285000200,GUIDE,GUIDE,All Item Groups,EA,1,0,1,0
NSA8203-242,O RING,O RING,All Item Groups,EA,1,0,1,0
TRANSPORTATION,TRANSPORTATION,TRANSPORTATION,All Item Groups,EA,1,0,1,0
EXPENDABLES,EXPENDABLES,EXPENDABLES,All Item Groups,EA,1,0,1,0
INSURANCE POLICY,INSURANCE,INSURANCE,All Item Groups,EA,1,0,1,0
E0718-02,TUBING,TUBING,All Item Groups,EA,1,0,1,0
F9237000704200,PLACARD SET,PLACARD SET,All Item Groups,EA,1,0,1,0
F9237000704000,PLACARD SET,PLACARD SET,All Item Groups,EA,1,0,1,0
F9237000703600,PLACARD SET,PLACARD SET,All Item Groups,EA,1,0,1,0
E0397FY2000,CONTACT,CONTACT,All Item Groups,EA,1,0,1,0
EN3155-018M1616,PIN,PIN,All Item Groups,EA,1,0,1,0
G9297006500800,EQUIPMENT,EQUIPMENT,All Item Groups,EA,1,0,1,0
NSA939526-03C,SHUNT,SHUNT,All Item Groups,EA,1,0,1,0
NSA931320-030,CIRCUIT BREAKER,CIRCUIT BREAKER,All Item Groups,EA,1,0,1,0
ABS0772A01A,CLIP-LOCKING,CLIP-LOCKING,All Item Groups,EA,1,0,1,0
NAS1149CN616R,WASHER,WASHER,All Item Groups,EA,1,0,1,0
NAS1100-06-10,SCREW,SCREW,All Item Groups,EA,1,0,1,0
ABS0901R100,CLAMP,CLAMP,All Item Groups,EA,1,0,1,0
F0003056400000,HARNESS,HARNESS,All Item Groups,EA,1,0,1,0
DAN169E3-10,SCREW,SCREW,All Item Groups,EA,1,0,1,0
ASNA2128-06C10,BUSHING SHOULDERED,BUSHING SHOULDERED,All Item Groups,EA,1,0,1,0
ABS1510E160NN,BRAID,BRAID,All Item Groups,EA,1,0,1,0
EN3646RS6083ABW,CONNECTOR,CONNECTOR,All Item Groups,EA,1,0,1,0
8-372-05,Sensor,Sensor,All Item Groups,EA,1,0,1,0
F5518370031101,RIB,RIB,All Item Groups,EA,1,0,1,0
LA2E90707HM0100,ECAM CONTROL PANEL,ECAM CONTROL PANEL,All Item Groups,EA,1,0,1,0
HG2030AD10,ADIRU,ADIRU,All Item Groups,EA,1,0,1,0
NAS1149CN832R,WASHER,WASHER,All Item Groups,EA,1,0,1,0
NSA5067-3-1,NUT,NUT,All Item Groups,EA,1,0,1,0
NAS1291C3M,NUT,NUT,All Item Groups,EA,1,0,1,0
NSA5527-03-08,SPACER,SPACER,All Item Groups,EA,1,0,1,0
MS21042-04,NUT,NUT,All Item Groups,EA,1,0,1,0
NAS1149CN432R,WASHER,WASHER,All Item Groups,EA,1,0,1,0
NAS6703-3,BOLT,BOLT,All Item Groups,EA,1,0,1,0
NSA5067-08-1,NUT,NUT,All Item Groups,EA,1,0,1,0
MS21047L3,NUT,NUT,All Item Groups,EA,1,0,1,0
NAS1801-3-9,SCREW,SCREW,All Item Groups,EA,1,0,1,0
NSA5066-3-1,CLIP - NUT,CLIP - NUT,All Item Groups,EA,1,0,1,0
EN2997KE3C10,CAP,CAP,All Item Groups,EA,1,0,1,0
EN6081D5-06,RIVET,RIVET,All Item Groups,EA,1,0,1,0
ABS0805-13M,CLAMP,CLAMP,All Item Groups,EA,1,0,1,0
AS21919WCH15,CLAMP,CLAMP,All Item Groups,EA,1,0,1,0
ABS0805-11,CLAMP,CLAMP,All Item Groups,EA,1,0,1,0
EN2997KE508,CONNECTOR,CONNECTOR,All Item Groups,EA,1,0,1,0
EN2997KE510,CONNECTOR,CONNECTOR,All Item Groups,EA,1,0,1,0
NYCOLUBE-11B,NYCOLUBE 11B,NYCOLUBE 11B,All Item Groups,CAN,1,0,1,0
ROYCO481,ROYCO 481 CORROSION PREVENTIVE COMPOUND,ROYCO 481 CORROSION PREVENTIVE COMPOUND,All Item Groups,EA,1,0,1,0
M25988/1-906,PACKING,PACKING,All Item Groups,EA,1,0,1,0
H3743-7,LATCH,LATCH,All Item Groups,EA,1,0,1,0
LA2H60300HM0100,BTMU - BRAKE TEMPERATURE MONITORING UNIT,BTMU - BRAKE TEMPERATURE MONITORING UNIT,All Item Groups,EA,1,0,1,0
PACKAGING,PACKAGING,PACKAGING,All Item Groups,EA,1,0,1,0
STORAGE,STORAGE,STORAGE,All Item Groups,EA,1,0,1,0
GILLFAB 4505,FLOOR PANEL,FLOOR PANEL,All Item Groups,EA,1,0,1,0
GILLFAB 4522,FLOOR PANEL,FLOOR PANEL,All Item Groups,EA,1,0,1,0
GILLFAB 4605,FLOOR PANEL,FLOOR PANEL,All Item Groups,EA,1,0,1,0
F9297001400400,ELECEQPT,ELECEQPT,All Item Groups,EA,1,0,1,0
F9249016920200,PLATE,PLATE,All Item Groups,EA,1,0,1,0
F9249016920000,PLATE,PLATE,All Item Groups,EA,1,0,1,0
F9297582000000,HARNESS,HARNESS,All Item Groups,EA,1,0,1,0
NAS1101-04-7,SCREW,SCREW,All Item Groups,EA,1,0,1,0
NAS1101-04-6,SCREW,SCREW,All Item Groups,EA,1,0,1,0
F5398895426400,BRACKET,BRACKET,All Item Groups,EA,1,0,1,0
EN6081AD4-08,RIVET,RIVET,All Item Groups,EA,1,0,1,0
D9249171620200,BRACKET,BRACKET,All Item Groups,EA,1,0,1,0
EN6101AD3-03,RIVET,RIVET,All Item Groups,EA,1,0,1,0
F5398895403200,BRACKET,BRACKET,All Item Groups,EA,1,0,1,0
EN6081D5-07,RIVET,RIVET,All Item Groups,EA,1,0,1,0
D5357068121400,ANGLE,ANGLE,All Item Groups,EA,1,0,1,0
F5398895426200,BRACKET,BRACKET,All Item Groups,EA,1,0,1,0
F5398895426000,BRACKET,BRACKET,All Item Groups,EA,1,0,1,0
F5757157921600,RUB STRIP,RUB STRIP,All Item Groups,EA,1,0,1,0
E0080-01-12C,BACKSHELL,BACKSHELL,All Item Groups,EA,1,0,1,0
NSA936603CC0100,CAP,CAP,All Item Groups,EA,1,0,1,0
AS21919WCH12,CLAMP,CLAMP,All Item Groups,EA,1,0,1,0
AS21919WCH08,CLAMP,CLAMP,All Item Groups,EA,1,0,1,0
ABS0805-10,CLAMP,CLAMP,All Item Groups,EA,1,0,1,0
NAS1801-08-21,SCREW,SCREW,All Item Groups,EA,1,0,1,0
NSA5527-03-08D,SPACER,SPACER,All Item Groups,EA,1,0,1,0
ABS0805-12,CLAMP,CLAMP,All Item Groups,EA,1,0,1,0
AS21919WCH09,CLAMP,CLAMP,All Item Groups,EA,1,0,1,0
NAS1801-3-21,SCREW,SCREW,All Item Groups,EA,1,0,1,0
F9297001300700,ELECEQPT,ELECEQPT,All Item Groups,EA,1,0,1,0
NSA935808C03,WASHER,WASHER,All Item Groups,EA,1,0,1,0
AS21919WCH07,CLAMP,CLAMP,All Item Groups,EA,1,0,1,0
RXSOL-25-6014-500,Silica Gel White Desiccant 500 Gram,Silica Gel White Desiccant 500 Gram,All Item Groups,EA,1,0,1,0
SC4L500301-5,FAUCET,FAUCET,All Item Groups,EA,1,0,1,0
975A0000-03,ACTUATOR,ACTUATOR,All Item Groups,EA,1,0,1,0
DAN169E3-11,SCREW,SCREW,All Item Groups,EA,1,0,1,0
DAN169E3-8,SCREW,SCREW,All Item Groups,EA,1,0,1,0
PL88-900LH00,LIGHT STRIP,LIGHT STRIP,All Item Groups,EA,1,0,1,0
GILLFAB4523,PANEL,PANEL,All Item Groups,EA,1,0,1,0
ABS0805-08,CLAMP,CLAMP,All Item Groups,EA,1,0,1,0
411N1240-1,BRACKET,BRACKET,All Item Groups,EA,1,0,1,0
4A4011-7,Emergency Evacuation Slide Assy,Emergency Evacuation Slide Assy,All Item Groups,EA,1,0,1,0
4052510-979,FMC,FMC,All Item Groups,EA,1,0,1,0
64753,COFFEE MAKER,COFFEE MAKER,All Item Groups,EA,1,0,1,0
1386M56P03,SHAFT-CPRSR ROTOR,SHAFT-CPRSR ROTOR,All Item Groups,EA,1,0,1,0
140N2022-1,VALVE - ASSEMBLY-DRAIN - FUSELAGE,VALVE - ASSEMBLY-DRAIN - FUSELAGE,All Item Groups,EA,1,0,1,0
115E4091G1,BRACKET ASSY,BRACKET ASSY,All Item Groups,EA,1,0,1,0
LA2K2B100DL0000,FCPC,FCPC,All Item Groups,EA,1,0,1,0
J221P126,PACKING-PREFORMED O-RING,PACKING-PREFORMED O-RING,All Item Groups,EA,1,0,1,0
9992M86G08,PLUG ASSY,PLUG ASSY,All Item Groups,EA,1,0,1,0
J221P910,PACKING-PREFORMED O-RING,PACKING-PREFORMED O-RING,All Item Groups,EA,1,0,1,0
9375M33P01,"GASKET, METAL","GASKET, METAL",All Item Groups,EA,1,0,1,0
1324M88P02,GASKET-SEAL,GASKET-SEAL,All Item Groups,EA,1,0,1,0
9973M77P07,"GASKET, SEAL","GASKET, SEAL",All Item Groups,EA,1,0,1,0
9375M33P02,"GASKET, METAL","GASKET, METAL",All Item Groups,EA,1,0,1,0
68-1602,PACKING,PACKING,All Item Groups,EA,1,0,1,0
NAS1473R4,NUT,NUT,All Item Groups,EA,1,0,1,0
1538M29P10,"SEAL, RING","SEAL, RING",All Item Groups,EA,1,0,1,0
1324M79P01,"GASKET, C-SEAL","GASKET, C-SEAL",All Item Groups,EA,1,0,1,0
52Z2278-064,NUT,NUT,All Item Groups,EA,1,0,1,0
ABS0336-09,STUD,STUD,All Item Groups,EA,1,0,1,0
ABS0336-10,STUD,STUD,All Item Groups,EA,1,0,1,0
ABS0336-12,STUD,STUD,All Item Groups,EA,1,0,1,0
ABS0336-13,STUD,STUD,All Item Groups,EA,1,0,1,0
SP127J,WASHER,WASHER,All Item Groups,EA,1,0,1,0
A2901144800000,CLAMP,CLAMP,All Item Groups,EA,1,0,1,0
F0003157600000,CLAMP,CLAMP,All Item Groups,EA,1,0,1,0
F0003155000000,CLAMP,CLAMP,All Item Groups,EA,1,0,1,0
F0003154900000,CLAMP,CLAMP,All Item Groups,EA,1,0,1,0
F0003152800000,CLAMP - BLOCK,CLAMP - BLOCK,All Item Groups,EA,1,0,1,0
F0003159600000,CLAMP,CLAMP,All Item Groups,EA,1,0,1,0
F0003159300000,CLAMP,CLAMP,All Item Groups,EA,1,0,1,0
F0003152000000,CLAMP,CLAMP,All Item Groups,EA,1,0,1,0
F0003151900000,CLAMP,CLAMP,All Item Groups,EA,1,0,1,0
F5453431420200,STIFFENER,STIFFENER,All Item Groups,EA,1,0,1,0
F5453255120000,PIN,PIN,All Item Groups,EA,1,0,1,0
NSA5516-28ND,CLAMP,CLAMP,All Item Groups,EA,1,0,1,0
F5761029220100,SEAL,SEAL,All Item Groups,EA,1,0,1,0
A2979-3,STRUT ASSY,STRUT ASSY,All Item Groups,EA,1,0,1,0
102AH2AG,TEMPSENSOR,TEMPSENSOR,All Item Groups,EA,1,0,1,0
7517900-10020,COMPUTER-TCAS,COMPUTER-TCAS,All Item Groups,EA,1,0,1,0
ARPOSOLVE-329,ACETONE329 FAST EVAPORATING CLEANER 1 GL,ACETONE329 FAST EVAPORATING CLEANER 1 GL,All Item Groups,EA,1,0,1,0
MOLYKOTE-D321R,MOLYKOTE D321R ANTI FRICTION COATING SPRAY,MOLYKOTE D321R ANTI FRICTION COATING SPRAY,All Item Groups,CAN,1,0,1,0
MOV,MINIMUM ORDER VALUE,MINIMUM ORDER VALUE,All Item Groups,EA,1,0,1,0
MS24665-437,PIN,PIN,All Item Groups,EA,1,0,1,0
62714,CARTRIDGE ASSY- VALVE,CARTRIDGE ASSY- VALVE,All Item Groups,EA,1,0,1,0
21990-02,FOIL ANTISKATING,FOIL ANTISKATING,All Item Groups,EA,1,0,1,0
91E688-51,FAIRING,FAIRING,All Item Groups,EA,1,0,1,0
3M-2525,ORANGE PERFORMANCE FLATBACK TAPE,ORANGE PERFORMANCE FLATBACK TAPE,All Item Groups,EA,1,0,1,0
FK26342,CLIP,CLIP,All Item Groups,EA,1,0,1,0
FO31/WW/BCAC,LAMP,LAMP,All Item Groups,EA,1,0,1,0
114A1411-1,LINK ASSY,LINK ASSY,All Item Groups,EA,1,0,1,0
114A1424-6,LINK ASSY,LINK ASSY,All Item Groups,EA,1,0,1,0
114A1424-5,LINK ASSY,LINK ASSY,All Item Groups,EA,1,0,1,0
A0861,BRACKET,BRACKET,All Item Groups,EA,1,0,1,0
500-12Y,ELT,ELT,All Item Groups,EA,1,0,1,0
IAE2J12030,GUIDE TUBE,GUIDE TUBE,All Item Groups,EA,1,0,1,0
IAE2P16204,"TUBE,BORESCOPE GUIDE","TUBE,BORESCOPE GUIDE",All Item Groups,EA,1,0,1,0
856A1310P02,Guide Tube,Guide Tube,All Item Groups,EA,1,0,1,0
BACC10DK3,CLAMP,CLAMP,All Item Groups,EA,1,0,1,0
1864,BULB - 28V .17A,BULB - 28V .17A,All Item Groups,EA,1,0,1,0
NAS1252-816L,WASHER,WASHER,All Item Groups,EA,1,0,1,0
AN960C516L,WASHER-FLAT,WASHER-FLAT,All Item Groups,EA,1,0,1,0
7839,LAMP,LAMP,All Item Groups,EA,1,0,1,0
312001P,FUSE,FUSE,All Item Groups,EA,1,0,1,0
NAS333CPA4-5,SCREW,SCREW,All Item Groups,EA,1,0,1,0
DAN269A25,TAPE,TAPE,All Item Groups,EA,1,0,1,0
4132A880ZB,COUPLING,COUPLING,All Item Groups,EA,1,0,1,0
MS21062L4,NUT,NUT,All Item Groups,EA,1,0,1,0
F5755034820300,CLEAT,CLEAT,All Item Groups,EA,1,0,1,0
NAS1153V8R,SCREW,SCREW,All Item Groups,EA,1,0,1,0
3250-81,BALLAST,BALLAST,All Item Groups,EA,1,0,1,0
9EL406445-20,LENZ,LENZ,All Item Groups,EA,1,0,1,0
K615P04,CF6 HPCB STG6,CF6 HPCB STG6,All Item Groups,EA,1,0,1,0
066-50007-0212,TRANSCEIVER-RADIO ALTIMITER,TRANSCEIVER-RADIO ALTIMITER,All Item Groups,EA,1,0,1,0
718115-08,SEAL,SEAL,All Item Groups,EA,1,0,1,0
MS27196-24,GASKET,GASKET,All Item Groups,EA,1,0,1,0
A45250-037,BLOCK,BLOCK,All Item Groups,EA,1,0,1,0
A42414,SHAFT,SHAFT,All Item Groups,EA,1,0,1,0
AST7839BP2,LAMP,LAMP,All Item Groups,EA,1,0,1,0
E0088-16-125,LEAD,LEAD,All Item Groups,EA,1,0,1,0
D2527750401200,PANEL,PANEL,All Item Groups,EA,1,0,1,0
PK010-0905,PACKING,PACKING,All Item Groups,EA,1,0,1,0
64400-200,HEADSET,HEADSET,All Item Groups,EA,1,0,1,0
201371613,"RING , RETAINING","RING , RETAINING",All Item Groups,EA,1,0,1,0
10088-0102,PRESELECTOR,PRESELECTOR,All Item Groups,EA,1,0,1,0
98N9091,BATTERY,BATTERY,All Item Groups,EA,1,0,1,0
AN6290-3,GASKET,GASKET,All Item Groups,EA,1,0,1,0
QA06101,FILTER,FILTER,All Item Groups,EA,1,0,1,0
6773F010000,HP VALVE,HP VALVE,All Item Groups,EA,1,0,1,0
HG2060AD01,ADIRU,ADIRU,All Item Groups,EA,1,0,1,0
HU55418-5DET48,PIN,PIN,All Item Groups,EA,1,0,1,0
HU55083-5DETL67,BODY/SCREW,BODY/SCREW,All Item Groups,EA,1,0,1,0
HU55347-3DTL10,TRANSPORTATION TROLLEY,TRANSPORTATION TROLLEY,All Item Groups,EA,1,0,1,0
HU55280-2DETL2,SHOCK MOUNT RH FRNT,SHOCK MOUNT RH FRNT,All Item Groups,EA,1,0,1,0
HU55280-2DETL4,SHOCK MOUNT REAR,SHOCK MOUNT REAR,All Item Groups,EA,1,0,1,0
HU55654,COVER-MVP,COVER-MVP,All Item Groups,EA,1,0,1,0
HU37292-2,"PLATE-SUPPORT,LP &","PLATE-SUPPORT,LP &",All Item Groups,EA,1,0,1,0
HU55436-2,ADAPTOR,ADAPTOR,All Item Groups,EA,1,0,1,0
HU41877,PLATE,PLATE,All Item Groups,EA,1,0,1,0
HU41811,Key,Key,All Item Groups,EA,1,0,1,0
RSE3450-4,BOLT,BOLT,All Item Groups,EA,1,0,1,0
HU42369,"GUIDE,PIN","GUIDE,PIN",All Item Groups,EA,1,0,1,0
HU50288-1,GAUGE-SETTING,GAUGE-SETTING,All Item Groups,EA,1,0,1,0
HU55423-5,CONVEYOR UNIT,CONVEYOR UNIT,All Item Groups,EA,1,0,1,0
3MIT315W5201,"MISCELANEOUS TOOL,FIELD REPAIR","MISCELANEOUS TOOL,FIELD REPAIR",All Item Groups,EA,1,0,1,0
HU55958,COVER-MVP,COVER-MVP,All Item Groups,EA,1,0,1,0
HU55957,COVER-MVP,COVER-MVP,All Item Groups,EA,1,0,1,0
HU55877,TOOL: EXHAUST LIFTING TOOL,TOOL: EXHAUST LIFTING TOOL,All Item Groups,EA,1,0,1,0
HU55732,ADAPTOR-STAND,ADAPTOR-STAND,All Item Groups,EA,1,0,1,0
HU44279,TOOL,TOOL,All Item Groups,EA,1,0,1,0
HU44276,ASSEMBLY TOOL,ASSEMBLY TOOL,All Item Groups,EA,1,0,1,0
HU44275,TOOL,TOOL,All Item Groups,EA,1,0,1,0
HU44274,TOOL,TOOL,All Item Groups,EA,1,0,1,0
EK3337830001,TOOL: THRUST REVERSER LEAK,TOOL: THRUST REVERSER LEAK,All Item Groups,KT,1,0,1,0
A54M1201,MUFFLER AIRMOTOR,MUFFLER AIRMOTOR,All Item Groups,EA,1,0,1,0
A54E848,CONNECTOR ASSY,CONNECTOR ASSY,All Item Groups,EA,1,0,1,0
A54M910,AIRMOTOR MOUNTING,AIRMOTOR MOUNTING,All Item Groups,EA,1,0,1,0
A54E845,CONNECTOR ASSY,CONNECTOR ASSY,All Item Groups,EA,1,0,1,0
A54M914,AIRMOTOR MOUNTING,AIRMOTOR MOUNTING,All Item Groups,EA,1,0,1,0
FK15508,"COVER, TRANSPORTATION ONLY","COVER, TRANSPORTATION ONLY",All Item Groups,EA,1,0,1,0
HU50466,PIN-GUIDE LP FAN,PIN-GUIDE LP FAN,All Item Groups,EA,1,0,1,0
J71033-29,LH T/R LATCH ASSY,LH T/R LATCH ASSY,All Item Groups,EA,1,0,1,0
HU50744,SUPPORT INNER -,SUPPORT INNER -,All Item Groups,EA,1,0,1,0
HU37807-2,Locking tool,Locking tool,All Item Groups,EA,1,0,1,0
J71001-48,CABLE ASSY,CABLE ASSY,All Item Groups,EA,1,0,1,0
MSE46B,BIT,BIT,All Item Groups,EA,1,0,1,0
HU85296,EXTRACTOR,EXTRACTOR,All Item Groups,EA,1,0,1,0
HU85456,"PUSHER, BUSH","PUSHER, BUSH",All Item Groups,EA,1,0,1,0
HU85074,EXTRACTOR,EXTRACTOR,All Item Groups,EA,1,0,1,0
HU41095,IMPACT ADAPTOR,IMPACT ADAPTOR,All Item Groups,EA,1,0,1,0
HU41303-2,ADJUSTER-VSV1,ADJUSTER-VSV1,All Item Groups,EA,1,0,1,0
HU38817,PLATE-TORQUE,PLATE-TORQUE,All Item Groups,EA,1,0,1,0
00468-325-000,BEARING,BEARING,All Item Groups,EA,1,0,1,0
WL29D93,PLUG DISCHARGER,PLUG DISCHARGER,All Item Groups,EA,1,0,1,0
HU85536-1,"SUPPORT, BEARING","SUPPORT, BEARING",All Item Groups,EA,1,0,1,0
HU37631,Loading tool,Loading tool,All Item Groups,EA,1,0,1,0
HU41302-1,ADJUSTING TOOL,ADJUSTING TOOL,All Item Groups,EA,1,0,1,0
HU41424,TOOL: SLING-LIFT,TOOL: SLING-LIFT,All Item Groups,EA,1,0,1,0
HU40025,SHAFT ( TOOL ),SHAFT ( TOOL ),All Item Groups,EA,1,0,1,0
HU55281-4,Engine cradle,Engine cradle,All Item Groups,EA,1,0,1,0
HU41805,ROUND UP RING,ROUND UP RING,All Item Groups,EA,1,0,1,0
1000535,CABLE LIQUID LIGHT GUIDE,CABLE LIQUID LIGHT GUIDE,All Item Groups,EA,1,0,1,0
HU85057,SUPPORT,SUPPORT,All Item Groups,EA,1,0,1,0
HU44564,GUIDE TUBE,GUIDE TUBE,All Item Groups,EA,1,0,1,0
HU85155,FIXTURE,FIXTURE,All Item Groups,EA,1,0,1,0
J78006-1,TOOL: T/R COWL HOLD OPEN,TOOL: T/R COWL HOLD OPEN,All Item Groups,EA,1,0,1,0
HU85024,PULLER,PULLER,All Item Groups,EA,1,0,1,0
HU56101,HOIST SLING,HOIST SLING,All Item Groups,EA,1,0,1,0
HU85419,IMMOBILISER,IMMOBILISER,All Item Groups,EA,1,0,1,0
HU85092,SUPPORT,SUPPORT,All Item Groups,EA,1,0,1,0
HU31047-3,Socket wrench adapter,Socket wrench adapter,All Item Groups,EA,1,0,1,0
HU85424,SUPPORT,SUPPORT,All Item Groups,EA,1,0,1,0
HU37561,Support tool,Support tool,All Item Groups,EA,1,0,1,0
HU55396,TOOL: LOWER NOSE COWL,TOOL: LOWER NOSE COWL,All Item Groups,EA,1,0,1,0
S535A22,TOOL: TORQUE TESTER,TOOL: TORQUE TESTER,All Item Groups,EA,1,0,1,0
HU85415,SUPPORT,SUPPORT,All Item Groups,EA,1,0,1,0
1047868,BATTERY,BATTERY,All Item Groups,EA,1,0,1,0
HU37276,TOOL: SUPPORT WEIGHT,TOOL: SUPPORT WEIGHT,All Item Groups,EA,1,0,1,0
HU37975-1,"TRUNNION SUPPORT, LP","TRUNNION SUPPORT, LP",All Item Groups,EA,1,0,1,0
HU42254,RING,RING,All Item Groups,EA,1,0,1,0
HU55330,TOOL: ADAPTOR SUPPORT,TOOL: ADAPTOR SUPPORT,All Item Groups,EA,1,0,1,0
HU50404-1,"PILOT-GUIDE, FAN","PILOT-GUIDE, FAN",All Item Groups,EA,1,0,1,0
HU80624-1,TOOL: FIXTURE,TOOL: FIXTURE,All Item Groups,EA,1,0,1,0
J71008-8,TOOL: TORQUE,TOOL: TORQUE,All Item Groups,EA,1,0,1,0
HU51268,TOOL: TROLLEY LP,TOOL: TROLLEY LP,All Item Groups,EA,1,0,1,0
HU38629,PLIER TORQUE TIGHTEN FAN,PLIER TORQUE TIGHTEN FAN,All Item Groups,EA,1,0,1,0
HU37507,RING-SUPPORTING,RING-SUPPORTING,All Item Groups,EA,1,0,1,0
HU85117-1,TARGETING TOOL,TARGETING TOOL,All Item Groups,EA,1,0,1,0
HU55950,COVER-MVP,COVER-MVP,All Item Groups,EA,1,0,1,0
HU37660-1,TOOL: SLEEVE SETTING LP,TOOL: SLEEVE SETTING LP,All Item Groups,EA,1,0,1,0
J71009-45,UPPER CTL BEAM,UPPER CTL BEAM,All Item Groups,EA,1,0,1,0
HU38554-1,TOOL: PLATE-INDEXING FAN,TOOL: PLATE-INDEXING FAN,All Item Groups,EA,1,0,1,0
HU41809,Extraction tool,Extraction tool,All Item Groups,EA,1,0,1,0
HU85275,EXTRACTOR,EXTRACTOR,All Item Groups,EA,1,0,1,0
HU55683,TOOL: ADJUSTER-SUPPORT,TOOL: ADJUSTER-SUPPORT,All Item Groups,EA,1,0,1,0
HU55650,COVER-MVP IP,COVER-MVP IP,All Item Groups,EA,1,0,1,0
HU55280-2DETL3,SHOCK MOUNT LH FRNT,SHOCK MOUNT LH FRNT,All Item Groups,EA,1,0,1,0
HU55551-1,HOISTING DEVICE,HOISTING DEVICE,All Item Groups,EA,1,0,1,0
HU55074-2,TOOL: CRADLE-INSTALL/REM,TOOL: CRADLE-INSTALL/REM,All Item Groups,EA,1,0,1,0
HU55336-1,TOOL: STAND PA,TOOL: STAND PA,All Item Groups,EA,1,0,1,0
HU41818-1,EXTRACTION TOOL,EXTRACTION TOOL,All Item Groups,EA,1,0,1,0
HU85064,EXTRACTOR,EXTRACTOR,All Item Groups,EA,1,0,1,0
HU55550-1,HOISTING DEVICE,HOISTING DEVICE,All Item Groups,EA,1,0,1,0
HU43468,ALIGNMENT TOOL,ALIGNMENT TOOL,All Item Groups,EA,1,0,1,0
HU20242-10,TOOL: SLING LIFT HP,TOOL: SLING LIFT HP,All Item Groups,EA,1,0,1,0
HU55324-6,ADAPTOR LIFTING,ADAPTOR LIFTING,All Item Groups,EA,1,0,1,0
HU85005-2,"BEAM - HANDLING,EXT. GEARBOX","BEAM - HANDLING,EXT. GEARBOX",All Item Groups,EA,1,0,1,0
HU50304-6,Supporting device,Supporting device,All Item Groups,EA,1,0,1,0
HU29216-2,TOOL: DISC SLAVE HP,TOOL: DISC SLAVE HP,All Item Groups,EA,1,0,1,0
HU55347-1,TOOL: STAND PARK/SHOP,TOOL: STAND PARK/SHOP,All Item Groups,EA,1,0,1,0
HU55391,TOOL: NOSE COWL STAND,TOOL: NOSE COWL STAND,All Item Groups,EA,1,0,1,0
EP48200,DOLLY-FAN COWL,DOLLY-FAN COWL,All Item Groups,EA,1,0,1,0
HU55148,TOOL: PUMP-THRUST RESERVER,TOOL: PUMP-THRUST RESERVER,All Item Groups,EA,1,0,1,0
141A3812-1,GENERATOR,GENERATOR,All Item Groups,EA,1,0,1,0
3250-31,BALL UNIT,BALL UNIT,All Item Groups,EA,1,0,1,0
ZC-450 MPI,ZC-450 MPI Bench Equipment,ZC-450 MPI Bench Equipment,All Item Groups,EA,1,0,1,0
ZC-FP-900 - FPI,FPI DIP TANK SYSTEM,FPI DIP TANK SYSTEM,All Item Groups,EA,1,0,1,0
MR-10022NEMB,PBE,PBE,All Item Groups,EA,1,0,1,0
F1101380-03,HOUSING EMER LIGHT EXIT SIGN,HOUSING EMER LIGHT EXIT SIGN,All Item Groups,EA,1,0,1,0
S3225-216,PACKING,PACKING,All Item Groups,EA,1,0,1,0
16131784,ARPOSOLVE IPA 735A,ARPOSOLVE IPA 735A,All Item Groups,GA,1,0,1,0
RFENGSTDIAECFM2,CFM56-5 ENGINE STAND,CFM56-5 ENGINE STAND,All Item Groups,EA,1,0,1,0
F5725777120200,PIN,PIN,All Item Groups,EA,1,0,1,0
F2527669947600,STRIP JOINING CARPET,STRIP JOINING CARPET,All Item Groups,EA,1,0,1,0
F5755034820200,CLEAT,CLEAT,All Item Groups,EA,1,0,1,0
MA5115,ELSD DEVICE,ELSD DEVICE,All Item Groups,EA,1,0,1,0
FLOORSIL2-8.8 (310-ML-CARTRIDGE),PACIFIC BLUE SILICONE SEALANT,PACIFIC BLUE SILICONE SEALANT,All Item Groups,EA,1,0,1,0
431-0662-006,SCREW,SCREW,All Item Groups,EA,1,0,1,0
F1131045420000,PLACARD,PLACARD,All Item Groups,EA,1,0,1,0
F5331586120000,PAD,PAD,All Item Groups,EA,1,0,1,0
ABS0638B16,BACKSHLL,BACKSHLL,All Item Groups,EA,1,0,1,0
F2127922320000,EDGING,EDGING,All Item Groups,EA,1,0,1,0
F0003011800000,ROD,ROD,All Item Groups,EA,1,0,1,0
F0003073101200,HOSE,HOSE,All Item Groups,EA,1,0,1,0
A5461036120000,SEAL,SEAL,All Item Groups,EA,1,0,1,0
F5453043022000,SEAL,SEAL,All Item Groups,EA,1,0,1,0
F5453043020100,SEAL,SEAL,All Item Groups,EA,1,0,1,0
NSA937901MA2206,MODULE,MODULE,All Item Groups,EA,1,0,1,0
21SN04-333,SWITCH -FUEL PRESSURE,SWITCH -FUEL PRESSURE,All Item Groups,EA,1,0,1,0
1011402-131,PIVOT,PIVOT,All Item Groups,EA,1,0,1,0
TEST,tes pn,tes pn,All Item Groups,EA,1,0,1,0
F5537111620800,FITTING,FITTING,All Item Groups,EA,1,0,1,0
E0080-01-10C,BACKSHELL - CONNECTOR,BACKSHELL - CONNECTOR,All Item Groups,EA,1,0,1,0
EN3646A61006DN,CONNECTOR PLUG,CONNECTOR PLUG,All Item Groups,EA,1,0,1,0
E0080-02-12C,BACKSHELL,BACKSHELL,All Item Groups,EA,1,0,1,0
ABS0638B10,BACKSHELL CONNECTOR,BACKSHELL CONNECTOR,All Item Groups,EA,1,0,1,0
EN3646A61006BN,CONNECTOR - PLUG,CONNECTOR - PLUG,All Item Groups,EA,1,0,1,0
ABS0638A12,BACKSHELL - CONNECTOR,BACKSHELL - CONNECTOR,All Item Groups,EA,1,0,1,0
D37LUQ400,BELLOWS,BELLOWS,All Item Groups,EA,1,0,1,0
F5247162420400,BUSHING,BUSHING,All Item Groups,EA,1,0,1,0
F5358972120600,DOOR SEAL,DOOR SEAL,All Item Groups,EA,1,0,1,0
EN3646A6083ABN,CONNECTOR PLUG,CONNECTOR PLUG,All Item Groups,EA,1,0,1,0
NAS1102E3-6,SCREW,SCREW,All Item Groups,EA,1,0,1,0
NSA5619-01,WASHER,WASHER,All Item Groups,EA,1,0,1,0
E0088-41-100,BONDING LEAD,BONDING LEAD,All Item Groups,EA,1,0,1,0
ASNA2337-01,FASTNER,FASTNER,All Item Groups,EA,1,0,1,0
NAS7204-5,BOLT,BOLT,All Item Groups,EA,1,0,1,0
ABS0364A26S,CONNECTOR-RECEPTACLE,CONNECTOR-RECEPTACLE,All Item Groups,EA,1,0,1,0
E0088-06-160,BONDING JUMPER,BONDING JUMPER,All Item Groups,EA,1,0,1,0
F5725306120000,PIN FAIL SAFE,PIN FAIL SAFE,All Item Groups,EA,1,0,1,0
ABS0364B26P,CONNECTOR,CONNECTOR,All Item Groups,EA,1,0,1,0
NAS1100-06-8,SCREW,SCREW,All Item Groups,EA,1,0,1,0
MS27291-3,BACKSHELL,BACKSHELL,All Item Groups,EA,1,0,1,0
AS3582-029,PACKING,PACKING,All Item Groups,EA,1,0,1,0
E0088-16-200,BONDING JUMPER,BONDING JUMPER,All Item Groups,EA,1,0,1,0
NAS1611-116,PACKING,PACKING,All Item Groups,EA,1,0,1,0
ABS1238-26-30B,LMAP,LMAP,All Item Groups,EA,1,0,1,0
ABS1238-26-15B,LAMP,LAMP,All Item Groups,EA,1,0,1,0
MS20392-3C19,PIN,PIN,All Item Groups,EA,1,0,1,0
NAS1149DN832K,WASHER,WASHER,All Item Groups,EA,1,0,1,0
NAS1096-2-7,SCREW,SCREW,All Item Groups,EA,1,0,1,0
DAN125-4,WASHER,WASHER,All Item Groups,EA,1,0,1,0
NAS1102-08-8,SCREW,SCREW,All Item Groups,EA,1,0,1,0
ABS0718-03,STUD,STUD,All Item Groups,EA,1,0,1,0
20001-204,COTTER-PIN,COTTER-PIN,All Item Groups,EA,1,0,1,0
QA07695,FILTER,FILTER,All Item Groups,EA,1,0,1,0
98F32104003000,HANDLING TROLLEY,HANDLING TROLLEY,All Item Groups,EA,1,0,1,0
624912,PACKING,PACKING,All Item Groups,EA,1,0,1,0
343463,RETAINING RING,RETAINING RING,All Item Groups,EA,1,0,1,0
NAS1611-119,O-RING,O-RING,All Item Groups,EA,1,0,1,0
346937,"SHAFT, CPLG","SHAFT, CPLG",All Item Groups,EA,1,0,1,0
8GS406708-28,LAMP,LAMP,All Item Groups,EA,1,0,1,0
8GS406707-28,LAMP,LAMP,All Item Groups,EA,1,0,1,0
F5331440121000,STRIP PTFE,STRIP PTFE,All Item Groups,EA,1,0,1,0
F5331440820800,STRIP PTFE,STRIP PTFE,All Item Groups,EA,1,0,1,0
F5331440820200,STRIP PTFE,STRIP PTFE,All Item Groups,EA,1,0,1,0
ASNA2001V3-10,SCREW,SCREW,All Item Groups,EA,1,0,1,0
F5391505620000,HOLDER,HOLDER,All Item Groups,EA,1,0,1,0
ASNA2412B150,ATTACHMENT-RETENTION,ATTACHMENT-RETENTION,All Item Groups,EA,1,0,1,0
ABS0581V08-06P,FITTING,FITTING,All Item Groups,EA,1,0,1,0
EN3646RS61006BN,CONNECTOR,CONNECTOR,All Item Groups,EA,1,0,1,0
ABS0638B08,BACKSHELL-CONNECTOR,BACKSHELL-CONNECTOR,All Item Groups,EA,1,0,1,0
FRH010041,ACTUATOR TWIN MOTOR,ACTUATOR TWIN MOTOR,All Item Groups,EA,1,0,1,0
EN3646A61203BN,CONNECTOR,CONNECTOR,All Item Groups,EA,1,0,1,0
NSA5379-6C,WASHER,WASHER,All Item Groups,EA,1,0,1,0
NAS1790-4R6,BOLT,BOLT,All Item Groups,EA,1,0,1,0
EN3155-019F2018,CONTACT,CONTACT,All Item Groups,EA,1,0,1,0
E0092-40-250NN,LEAD,LEAD,All Item Groups,EA,1,0,1,0
ZAW382-01,PRESSURE TRANSDUCER,PRESSURE TRANSDUCER,All Item Groups,EA,1,0,1,0
CR2248-4-2,RIVET,RIVET,All Item Groups,EA,1,0,1,0
MS21250-06010,BOLT,BOLT,All Item Groups,EA,1,0,1,0
NSA5050-6C,NUT,NUT,All Item Groups,EA,1,0,1,0
A3611506320000,TAB - LOCK,TAB - LOCK,All Item Groups,EA,1,0,1,0
EN3646RS61006DN,CONNECTOR,CONNECTOR,All Item Groups,EA,1,0,1,0
DAN191C20,RING,RING,All Item Groups,EA,1,0,1,0
NSA5732-150,ATTACHMENT,ATTACHMENT,All Item Groups,EA,1,0,1,0
F5358972020400,SEAL,SEAL,All Item Groups,EA,1,0,1,0
E0080-02-08C,BACKSHELL,BACKSHELL,All Item Groups,EA,1,0,1,0
EN3646A6083ADN,CONNECTOR,CONNECTOR,All Item Groups,EA,1,0,1,0
UNIFORM,UNIFORM,UNIFORM,All Item Groups,EA,1,0,1,0
856A1310G01,"TOOL KIT, HP TURBINE","TOOL KIT, HP TURBINE",All Item Groups,EA,1,0,1,0
856A1351P01,"GUIDE TUBE, BORESCOPE HP TURBINE SHROUD","GUIDE TUBE, BORESCOPE HP TURBINE SHROUD",All Item Groups,EA,1,0,1,0
TAAI2-308120-01,SEAT COVER BOTTOM,SEAT COVER BOTTOM,All Item Groups,EA,1,0,1,0
336-014-808-0,"SPOOL,BOOSTER","SPOOL,BOOSTER",All Item Groups,EA,1,0,1,0
MS24693C307,SCREW,SCREW,All Item Groups,EA,1,0,1,0
NAS1739B4-6,BLIND RIVET,BLIND RIVET,All Item Groups,EA,1,0,1,0
NAS1739B5-5,BLIND RIVET,BLIND RIVET,All Item Groups,EA,1,0,1,0
CR2248-4-4,BLIND RIVET,BLIND RIVET,All Item Groups,EA,1,0,1,0
NAS1739B5-3,BLIND RIVET,BLIND RIVET,All Item Groups,EA,1,0,1,0
HST12WF6-4,HI-LITE,HI-LITE,All Item Groups,EA,1,0,1,0
CR2248-5-6,BLIND RIVET,BLIND RIVET,All Item Groups,EA,1,0,1,0
MS17987C412,QUICK RELEASE PIN,QUICK RELEASE PIN,All Item Groups,EA,1,0,1,0
NAS7204-4,BOLT,BOLT,All Item Groups,EA,1,0,1,0
065-50000-0509,SLAT AND FLAP CONTROL COMPUTER,SLAT AND FLAP CONTROL COMPUTER,All Item Groups,EA,1,0,1,0
91-536,HOIST-MINILIFT,HOIST-MINILIFT,All Item Groups,EA,1,0,1,0
F3231527220000,PIN,PIN,All Item Groups,EA,1,0,1,0
F0003067300000,STRUT-FOLDING,STRUT-FOLDING,All Item Groups,EA,1,0,1,0
NSA5088V5-23,SCREW,SCREW,All Item Groups,EA,1,0,1,0
MS16624-1025,RETAINING-RING,RETAINING-RING,All Item Groups,EA,1,0,1,0
NAS1149D0416H,WASHER,WASHER,All Item Groups,EA,1,0,1,0
NAS514P832-5,SCREW,SCREW,All Item Groups,EA,1,0,1,0
ASNA2528-6,NUT,NUT,All Item Groups,EA,1,0,1,0
EN6115V3X4,BOLT,BOLT,All Item Groups,EA,1,0,1,0
ASNA2050DXJ4820,RIVET,RIVET,All Item Groups,EA,1,0,1,0
ASNA2050DXJ4020,RIVET,RIVET,All Item Groups,EA,1,0,1,0
NAS1169T10L,WASHER,WASHER,All Item Groups,EA,1,0,1,0
NAS1153V3,SCREW,SCREW,All Item Groups,EA,1,0,1,0
NAS1153V4,SCREW,SCREW,All Item Groups,EA,1,0,1,0
NAS1153V5,SCREW,SCREW,All Item Groups,EA,1,0,1,0
A9232132520000,WASHER,WASHER,All Item Groups,EA,1,0,1,0
NSA5088V5-35,SCREW,SCREW,All Item Groups,EA,1,0,1,0
EN3646RS61419DN,CONNECTOR,CONNECTOR,All Item Groups,EA,1,0,1,0
NAS1154V11,SCREW,SCREW,All Item Groups,EA,1,0,1,0
ABS0785B05A,BRACKET,BRACKET,All Item Groups,EA,1,0,1,0
4744003-4,HINGE ARM,HINGE ARM,All Item Groups,EA,1,0,1,0
4744033-1,PIN,PIN,All Item Groups,EA,1,0,1,0
F5725408900000,GASKET,GASKET,All Item Groups,EA,1,0,1,0
141A4841-106,NUT PLATE ASSY,NUT PLATE ASSY,All Item Groups,EA,1,0,1,0
141A4841-118,NUTPLATE STRIP ASSY,NUTPLATE STRIP ASSY,All Item Groups,EA,1,0,1,0
141A4841-108,NUTPLATE STRIP ASSY,NUTPLATE STRIP ASSY,All Item Groups,EA,1,0,1,0
69B01706-13,SLEEVE,SLEEVE,All Item Groups,EA,1,0,1,0
FK19265,LINK,LINK,All Item Groups,EA,1,0,1,0
9EL406847-00,LENZ,LENZ,All Item Groups,EA,1,0,1,0
NAS1154V10,SCREW,SCREW,All Item Groups,EA,1,0,1,0
NAS1153V9,SCREW,SCREW,All Item Groups,EA,1,0,1,0
EN6115V3X5,BOLT,BOLT,All Item Groups,EA,1,0,1,0
NAS1102E3-24,SCREW,SCREW,All Item Groups,EA,1,0,1,0
9331M55P02,SEAL,SEAL,All Item Groups,EA,1,0,1,0
1320A0000-02,TRIM AIR VALVE,TRIM AIR VALVE,All Item Groups,EA,1,0,1,0
31-7741-1,HOLDER LAMP,HOLDER LAMP,All Item Groups,EA,1,0,1,0
FK16589,SEAL,SEAL,All Item Groups,EA,1,0,1,0
2403-89,VHF ANTENNA,VHF ANTENNA,All Item Groups,EA,1,0,1,0
38HM98,SWITCH,SWITCH,All Item Groups,EA,1,0,1,0
FK21248,SEAL,SEAL,All Item Groups,EA,1,0,1,0
2914114-3,SPRING TENSION,SPRING TENSION,All Item Groups,EA,1,0,1,0
AS1503-37D0050,HOSE,HOSE,All Item Groups,EA,1,0,1,0
D2557243520000,FILTER,FILTER,All Item Groups,EA,1,0,1,0
D2557243220000,BRACKET,BRACKET,All Item Groups,EA,1,0,1,0
D9249107300400,CONNECTOR,CONNECTOR,All Item Groups,EA,1,0,1,0
F5218061600000,LEVER ASSY-LWR,LEVER ASSY-LWR,All Item Groups,EA,1,0,1,0
F0003157700000,CLMPBLCK,CLMPBLCK,All Item Groups,EA,1,0,1,0
F0003157500000,CLMPBLCK,CLMPBLCK,All Item Groups,EA,1,0,1,0
F5451138520000,PLATE,PLATE,All Item Groups,EA,1,0,1,0
F5747002020200,SPRING,SPRING,All Item Groups,EA,1,0,1,0
NSA5031-4-5,BOLT,BOLT,All Item Groups,EA,1,0,1,0
NSA5031-4-7,BOLT,BOLT,All Item Groups,EA,1,0,1,0
EN6069AD5-12,RIVET,RIVET,All Item Groups,EA,1,0,1,0
EN6122C05-03H,BOLT,BOLT,All Item Groups,EA,1,0,1,0
1159SCP408-1,"ACTUATOR, SECONDARY LOCK","ACTUATOR, SECONDARY LOCK",All Item Groups,EA,1,0,1,0
A5361006320300,RETAINER-CENTER,RETAINER-CENTER,All Item Groups,EA,1,0,1,0
A16051-007,BUSH,BUSH,All Item Groups,EA,1,0,1,0
NAS1921C04-02,RIVET,RIVET,All Item Groups,EA,1,0,1,0
NAS1921C05-06,RIVET,RIVET,All Item Groups,EA,1,0,1,0
NAS1921C05-05,RIVET,RIVET,All Item Groups,EA,1,0,1,0
NAS1921C05-04,RIVET,RIVET,All Item Groups,EA,1,0,1,0
NAS1921C05-03,RIVET,RIVET,All Item Groups,EA,1,0,1,0
ASNA2529-4,BOLT,BOLT,All Item Groups,EA,1,0,1,0
ASNA2529-3,"NUT, SELF LOCKING","NUT, SELF LOCKING",All Item Groups,EA,1,0,1,0
98F27407513000,"FRAME - SUPPORT, THS AC-TUATOR","FRAME - SUPPORT, THS AC-TUATOR",All Item Groups,EA,1,0,1,0
D27510043001AF,CONTROL UNIT ASSY-FLAPS,CONTROL UNIT ASSY-FLAPS,All Item Groups,EA,1,0,1,0
ABS0951B3LM002,SWITCH,SWITCH,All Item Groups,EA,1,0,1,0
KIT2040025-305,FILTER,FILTER,All Item Groups,EA,1,0,1,0
NSA5060-6,NUT,NUT,All Item Groups,EA,1,0,1,0
HL10VF8-5,HIN/ALOK PIN,HIN/ALOK PIN,All Item Groups,EA,1,0,1,0
DAN5-8-4,HL PIN,HL PIN,All Item Groups,EA,1,0,1,0
DAN5-5-3,HI-LOK PIN,HI-LOK PIN,All Item Groups,EA,1,0,1,0
DIN65399-4020CF,RIVET,RIVET,All Item Groups,EA,1,0,1,0
ABS-61-2274-1,EMERGENCY LIGHT BATTERY,EMERGENCY LIGHT BATTERY,All Item Groups,EA,1,0,1,0
FK10129,BRACKET,BRACKET,All Item Groups,EA,1,0,1,0
E72230-09,GENERATOR,GENERATOR,All Item Groups,EA,1,0,1,0
F5725600420100,DOOR-NACA DUCT,DOOR-NACA DUCT,All Item Groups,EA,1,0,1,0
HL110VF6-3,PIN,PIN,All Item Groups,EA,1,0,1,0
DAN6-5-3,PIN,PIN,All Item Groups,EA,1,0,1,0
NSA5075-5,COLLAR,COLLAR,All Item Groups,EA,1,0,1,0
MS14103-10P,BEARING,BEARING,All Item Groups,EA,1,0,1,0
ABS0473-22,MUFF,MUFF,All Item Groups,EA,1,0,1,0
NAS7203U12,BOLT,BOLT,All Item Groups,EA,1,0,1,0
ABS0376-3-35,SCREW,SCREW,All Item Groups,EA,1,0,1,0
EN6115V3-5,BOLT,BOLT,All Item Groups,EA,1,0,1,0
F5725600420000,DOOR,DOOR,All Item Groups,EA,1,0,1,0
2041446-0401,PLANAR ARRAY,PLANAR ARRAY,All Item Groups,EA,1,0,1,0
FK16590,SEAL ASSY,SEAL ASSY,All Item Groups,EA,1,0,1,0
FK16588,SEAL ASSY,SEAL ASSY,All Item Groups,EA,1,0,1,0
MS9902-05,PLUG,PLUG,All Item Groups,EA,1,0,1,0
45-231-1,TUBE ADJUSTER,TUBE ADJUSTER,All Item Groups,EA,1,0,1,0
697505685,PIN,PIN,All Item Groups,EA,1,0,1,0
NAS1739B5-2,BLIND RIVET,BLIND RIVET,All Item Groups,EA,1,0,1,0
NAS1739B5-4,BLIND RIVET,BLIND RIVET,All Item Groups,EA,1,0,1,0
HST12WF6-3,PIN,PIN,All Item Groups,EA,1,0,1,0
C2F9895M96,LONCOIN II FW #9895M96 NAVY BLUE,LONCOIN II FW #9895M96 NAVY BLUE,All Item Groups,RL,1,0,1,0
229455,GASKET,GASKET,All Item Groups,EA,1,0,1,0
130590-2,PANEL PRESSURE SELECTOR,PANEL PRESSURE SELECTOR,All Item Groups,EA,1,0,1,0
123327-1,ROLLER ASSEMBLY,ROLLER ASSEMBLY,All Item Groups,EA,1,0,1,0
2955810-3,ROLLER ASSY,ROLLER ASSY,All Item Groups,EA,1,0,1,0
98A54403011000,TOOL R I-SPIGOT BALL JOINT,TOOL R I-SPIGOT BALL JOINT,All Item Groups,EA,1,0,1,0
MISC-50346,PUMP,PUMP,All Item Groups,EA,1,0,1,0
PLT5115-06-10,BLIND BOLT,BLIND BOLT,All Item Groups,EA,1,0,1,0
PLT5115-06-09,BLIND BOLT,BLIND BOLT,All Item Groups,EA,1,0,1,0
PLT5115-06-08,BLIND BOLT,BLIND BOLT,All Item Groups,EA,1,0,1,0
FLASHBREAKER 1R,GREEN PRESSURE SENSITIVE TAPE,GREEN PRESSURE SENSITIVE TAPE,All Item Groups,EA,1,0,1,0
ASNA2027V3-8,BOLT,BOLT,All Item Groups,EA,1,0,1,0
A5361100220200,ROLLER,ROLLER,All Item Groups,EA,1,0,1,0
FK22981,RUBBER SEAL,RUBBER SEAL,All Item Groups,EA,1,0,1,0
ASNA2532-3,NUT,NUT,All Item Groups,EA,1,0,1,0
NAS1921C04-03,RIVET,RIVET,All Item Groups,EA,1,0,1,0
FK21251,SEAL,SEAL,All Item Groups,EA,1,0,1,0
002A0002-502,SPRING CLIP,SPRING CLIP,All Item Groups,EA,1,0,1,0
F5347821620200,BEAM LONGITUDINAL SEAT TRACK,BEAM LONGITUDINAL SEAT TRACK,All Item Groups,EA,1,0,1,0
F0003155400000,CLAMP BLOCK,CLAMP BLOCK,All Item Groups,EA,1,0,1,0
F0003150400000,CLAMP - BLOCK,CLAMP - BLOCK,All Item Groups,EA,1,0,1,0
F0003157100000,CLAMP - BLOCK,CLAMP - BLOCK,All Item Groups,EA,1,0,1,0
F5746232820200,BOLT,BOLT,All Item Groups,EA,1,0,1,0
DAN11-8X,COLLAR,COLLAR,All Item Groups,EA,1,0,1,0
HL70-8,COLLAR,COLLAR,All Item Groups,EA,1,0,1,0
DAN5-8-4X,PIN,PIN,All Item Groups,EA,1,0,1,0
HL110VF8-3,PIN,PIN,All Item Groups,EA,1,0,1,0
F5757477320000,WASHER,WASHER,All Item Groups,EA,1,0,1,0
F5755033400200,STRUT,STRUT,All Item Groups,EA,1,0,1,0
DAN5-6-3,HI-LOK PIN,HI-LOK PIN,All Item Groups,EA,1,0,1,0
DAN6-5-4,HI-LOK PIN,HI-LOK PIN,All Item Groups,EA,1,0,1,0
30-75-00011,"CORD, COILED","CORD, COILED",All Item Groups,EA,1,0,1,0
ASNA2529-5,NUT,NUT,All Item Groups,EA,1,0,1,0
EN6115V4-9,BOLT,BOLT,All Item Groups,EA,1,0,1,0
EN6115V3-3,BOLT,BOLT,All Item Groups,EA,1,0,1,0
NAS1921C05-02,BLIND RIVET,BLIND RIVET,All Item Groups,EA,1,0,1,0
2080M28P10,SHROUD-HPT STATOR,SHROUD-HPT STATOR,All Item Groups,EA,1,0,1,0
ASNA0113-48ADL,WASHER,WASHER,All Item Groups,EA,1,0,1,0
NAS1102E3-36,SCREW,SCREW,All Item Groups,EA,1,0,1,0
ABS0376-3-25,BOLT,BOLT,All Item Groups,EA,1,0,1,0
EN6131-3C2,NUT,NUT,All Item Groups,EA,1,0,1,0
EN6115V3-4,BOLT,BOLT,All Item Groups,EA,1,0,1,0
Q4631,LAMP,LAMP,All Item Groups,EA,1,0,1,0
NSA5472-7K7,NUT,NUT,All Item Groups,EA,1,0,1,0
NAS1096-3-8,SCREW,SCREW,All Item Groups,EA,1,0,1,0
HYDRAULIC ANALYSIS,HYDRAULIC ANALYSIS,HYDRAULIC ANALYSIS,All Item Groups,EA,1,0,1,0
HL70-6,HI-LOK,HI-LOK,All Item Groups,EA,1,0,1,0
768681,COVER,COVER,All Item Groups,EA,1,0,1,0
PLT5115-06-12,BLIND BOLT,BLIND BOLT,All Item Groups,EA,1,0,1,0
P15-350S,FLEECE FLITER,FLEECE FLITER,All Item Groups,RL,1,0,1,0
AN415-5,PIN,PIN,All Item Groups,EA,1,0,1,0
NSA5472-9K7,NUT,NUT,All Item Groups,EA,1,0,1,0
5.0586E+12,REAR SEAT FITTING,REAR SEAT FITTING,All Item Groups,EA,1,0,1,0
NAS6405-23D,BOLT,BOLT,All Item Groups,EA,1,0,1,0
A5361100320000,SPACER,SPACER,All Item Groups,EA,1,0,1,0
ASNA2536-3,NUT,NUT,All Item Groups,EA,1,0,1,0
F5348609520800,PLATE SHEAR,PLATE SHEAR,All Item Groups,EA,1,0,1,0
HL11VF10-7,HI-LOCK,HI-LOCK,All Item Groups,EA,1,0,1,0
ASNA2397KD10L,WASHER,WASHER,All Item Groups,EA,1,0,1,0
84354350,"BREAKER, REMOTE CONT","BREAKER, REMOTE CONT",All Item Groups,EA,1,0,1,0
BACB30MY5K5,BOLT,BOLT,All Item Groups,EA,1,0,1,0
TA1670-02WD0401,CLIP,CLIP,All Item Groups,EA,1,0,1,0
F5755033400000,STRUT,STRUT,All Item Groups,EA,1,0,1,0
F5331637720000,SPACER,SPACER,All Item Groups,EA,1,0,1,0
DAN254A4X7X9D,RIVET,RIVET,All Item Groups,EA,1,0,1,0
NSA5472-8K7,NUT,NUT,All Item Groups,EA,1,0,1,0
NSA5516CA28NJ,CLAMP,CLAMP,All Item Groups,EA,1,0,1,0
170-15647-990,SHADE,SHADE,All Item Groups,EA,1,0,1,0
FK21249,SEAL,SEAL,All Item Groups,EA,1,0,1,0
ABS0304A2-11H,"PROFILE, SILICONE4.5ME LENGTH","PROFILE, SILICONE4.5ME LENGTH",All Item Groups,CM,1,0,1,0
NAS1102E08-8,SCREW,SCREW,All Item Groups,EA,1,0,1,0
NSA55144-003,"WASHER, LOCK RETAINING","WASHER, LOCK RETAINING",All Item Groups,EA,1,0,1,0
ASNA2056-01DB,STUD,STUD,All Item Groups,EA,1,0,1,0
F2527060120400,MASK,MASK,All Item Groups,EA,1,0,1,0
NSA939511-04,COVER,COVER,All Item Groups,EA,1,0,1,0
NSA5039-3-5,SCREW,SCREW,All Item Groups,EA,1,0,1,0
NSA5030-3-3,SCREW,SCREW,All Item Groups,EA,1,0,1,0
ABS0336-06,STUD,STUD,All Item Groups,EA,1,0,1,0
740001-1,DISCHARGER-STATIC,DISCHARGER-STATIC,All Item Groups,EA,1,0,1,0
ABS0551-040,STUD,STUD,All Item Groups,EA,1,0,1,0
5L0039100115000,WASHER - LOCK,WASHER - LOCK,All Item Groups,EA,1,0,1,0
LN1434-06X16,BOLT,BOLT,All Item Groups,EA,1,0,1,0
MS29513-266,O-RING,O-RING,All Item Groups,EA,1,0,1,0
E0091-40-460NN,BONDING JUMPER,BONDING JUMPER,All Item Groups,EA,1,0,1,0
NSA8206-273,O-RING,O-RING,All Item Groups,EA,1,0,1,0
NAS1919M04S03U,RIVET,RIVET,All Item Groups,EA,1,0,1,0
00-12976-01,MOLDED ASSY,MOLDED ASSY,All Item Groups,EA,1,0,1,0
NAS1611-012,O-RING,O-RING,All Item Groups,EA,1,0,1,0
ABS0691-140,STUD,STUD,All Item Groups,EA,1,0,1,0
NSA55132-103,STUD,STUD,All Item Groups,EA,1,0,1,0
ABS0336-11,STUD,STUD,All Item Groups,EA,1,0,1,0
DISC,DISCOUNT,DISCOUNT,All Item Groups,EA,1,0,1,0
LABOR,LABOR,LABOR,All Item Groups,EA,1,0,1,0
PSC738-6U13,SCREW,SCREW,All Item Groups,EA,1,0,1,0
E0053R8B3APNE,CONNECTOR,CONNECTOR,All Item Groups,EA,1,0,1,0
F5725002400000,PANEL ASSY,PANEL ASSY,All Item Groups,EA,1,0,1,0
CR2248-4-3,BLIND RIVET,BLIND RIVET,All Item Groups,EA,1,0,1,0
AS12946,WASHER,WASHER,All Item Groups,EA,1,0,1,0
DAN254A4X7X7D,RIVET,RIVET,All Item Groups,EA,1,0,1,0
AS60422,BOLT,BOLT,All Item Groups,EA,1,0,1,0
F5508054020801,PLATE,PLATE,All Item Groups,EA,1,0,1,0
F0003150000000,CLAMPBLOCK,CLAMPBLOCK,All Item Groups,EA,1,0,1,0
F5218122000600,PLATE ASSY - SHEET METAL,PLATE ASSY - SHEET METAL,All Item Groups,EA,1,0,1,0
ABS0473-14,MUFF,MUFF,All Item Groups,EA,1,0,1,0
CR3524-6-05,RIVET,RIVET,All Item Groups,EA,1,0,1,0
HST11AG8-6,BOLT,BOLT,All Item Groups,EA,1,0,1,0
RTV157-2-80Z,SEALANT,SEALANT,All Item Groups,EA,1,0,1,0
D41428,REDUCER PRESSURE,REDUCER PRESSURE,All Item Groups,EA,1,0,1,0
147W2672-5,CLIP,CLIP,All Item Groups,EA,1,0,1,0
KB73,ADHESIVE TAPE - INSULATION BLANKET,ADHESIVE TAPE - INSULATION BLANKET,All Item Groups,EA,1,0,1,0
GS-213,SEALANT TAPE,SEALANT TAPE,All Item Groups,EA,1,0,1,0
EA9396AB,LOCTITE EA 9396 AERO EXPOXY PASTE ADHESIVE A/B,LOCTITE EA 9396 AERO EXPOXY PASTE ADHESIVE A/B,All Item Groups,EA,1,0,1,0
EA9394,LOCTITE EA 9394 AERO,LOCTITE EA 9394 AERO,All Item Groups,EA,1,0,1,0
AEROSPEC 100,SEMI-FLUID GREASE,SEMI-FLUID GREASE,All Item Groups,EA,1,0,1,0
MSRR1064,CHT PRIMER NO6 SILICONE PRIMER,CHT PRIMER NO6 SILICONE PRIMER,All Item Groups,EA,1,0,1,0
PR-1204,DOWSIL PR 1204 CLEAR SILICON PRIMER,DOWSIL PR 1204 CLEAR SILICON PRIMER,All Item Groups,EA,1,0,1,0
RTV3145,DOWSIL 3145 RTV CLEAR SILICON ADHESIVE SEALANT,DOWSIL 3145 RTV CLEAR SILICON ADHESIVE SEALANT,All Item Groups,EA,1,0,1,0
HST97DU6,COLLAR,COLLAR,All Item Groups,EA,1,0,1,0
MS28775-341,O-RING,O-RING,All Item Groups,EA,1,0,1,0
2013-1A,EMERGENCY BATTERY,EMERGENCY BATTERY,All Item Groups,EA,1,0,1,0
BLT5562,BOLT,BOLT,All Item Groups,EA,1,0,1,0
FW20462,SEAL,SEAL,All Item Groups,EA,1,0,1,0
F2121588400000,DUCT,DUCT,All Item Groups,EA,1,0,1,0
F5508054020901,PLATE,PLATE,All Item Groups,EA,1,0,1,0
F5725397000000,PLUG,PLUG,All Item Groups,EA,1,0,1,0
DTF55AV360,HOSE,HOSE,All Item Groups,EA,1,0,1,0
NAS1919M04S04U,RIVET,RIVET,All Item Groups,EA,1,0,1,0
F2581072000000,BLANKET,BLANKET,All Item Groups,EA,1,0,1,0
EN6114K6-8,BOLT,BOLT,All Item Groups,EA,1,0,1,0
F5311681520000,RAIL,RAIL,All Item Groups,EA,1,0,1,0
F2557795420000,FILTER,FILTER,All Item Groups,EA,1,0,1,0
LN9198-4820CF,RIVET,RIVET,All Item Groups,EA,1,0,1,0
F5391622620101,BRACKET,BRACKET,All Item Groups,EA,1,0,1,0
F5391622620001,BRACKET,BRACKET,All Item Groups,EA,1,0,1,0
S628-21-95X1-78,PACKING,PACKING,All Item Groups,EA,1,0,1,0
D9251122801100,PLATE,PLATE,All Item Groups,EA,1,0,1,0
8ES005045-00,POWER SUPPLY UNIT,POWER SUPPLY UNIT,All Item Groups,EA,1,0,1,0
A5211070420000,SPACER,SPACER,All Item Groups,EA,1,0,1,0
HL94-8,COLLAR,COLLAR,All Item Groups,EA,1,0,1,0
NSA8203-237,PACKING,PACKING,All Item Groups,EA,1,0,1,0
TA025169-08,CLAMP,CLAMP,All Item Groups,EA,1,0,1,0
M25988-4-011,RING,RING,All Item Groups,EA,1,0,1,0
M25988-4-240,O-RING,O-RING,All Item Groups,EA,1,0,1,0
ABS0901R130,CLAMP,CLAMP,All Item Groups,EA,1,0,1,0
ABS0305KA2-11,SECTION,SECTION,All Item Groups,MTR,1,0,1,0
NAS1149CN816R,WASHER,WASHER,All Item Groups,EA,1,0,1,0
11-811538-1,PRECOOLER EXCHANGER,PRECOOLER EXCHANGER,All Item Groups,EA,1,0,1,0
ARM986,SEAL,SEAL,All Item Groups,EA,1,0,1,0
R5307008820600,RE KIT,RE KIT,All Item Groups,EA,1,0,1,0
U756213,SCREW,SCREW,All Item Groups,EA,1,0,1,0
ASNA2634-224,SLEEVE,SLEEVE,All Item Groups,EA,1,0,1,0
ABS0718-04,STUD,STUD,All Item Groups,EA,1,0,1,0
ABS0741-6C79,PIN,PIN,All Item Groups,EA,1,0,1,0
A5237808920200,GASKET,GASKET,All Item Groups,EA,1,0,1,0
DCIN112-08,HINGE ASSY,HINGE ASSY,All Item Groups,EA,1,0,1,0
A5217533322700,SLIDE PROTECT STRIP,SLIDE PROTECT STRIP,All Item Groups,EA,1,0,1,0
A5217533322600,SLIDE PROTECT STRIP,SLIDE PROTECT STRIP,All Item Groups,EA,1,0,1,0
F5218122000700,PLATE ASSYSHEET METAL,PLATE ASSYSHEET METAL,All Item Groups,EA,1,0,1,0
MS25988/1-904,ORING,ORING,All Item Groups,EA,1,0,1,0
HL82-10A,HI-COLLAR,HI-COLLAR,All Item Groups,EA,1,0,1,0
EN6114K6-9,BOLT,BOLT,All Item Groups,EA,1,0,1,0
EN6114K6-7,BOLT,BOLT,All Item Groups,EA,1,0,1,0
QA07693,HYD. FILTER ASSY,HYD. FILTER ASSY,All Item Groups,EA,1,0,1,0
CR2248-4-5,BLIND RIVET,BLIND RIVET,All Item Groups,EA,1,0,1,0
MS21242S05K,CLEVIS ROD-END,CLEVIS ROD-END,All Item Groups,EA,1,0,1,0
D2907018301400,ACCUMULATOR,ACCUMULATOR,All Item Groups,EA,1,0,1,0
MS35338-137,"WASHER, LOCK","WASHER, LOCK",All Item Groups,EA,1,0,1,0
NSA939511-10,COVER,COVER,All Item Groups,EA,1,0,1,0
9855DV,DAMPER,DAMPER,All Item Groups,EA,1,0,1,0
A25317-1,VALVE,VALVE,All Item Groups,EA,1,0,1,0
E03A00,Engine Pump Fire Valve,Engine Pump Fire Valve,All Item Groups,EA,1,0,1,0
E0667A28A0,RELAY,RELAY,All Item Groups,EA,1,0,1,0
NAS1100-08-16,SCREW,SCREW,All Item Groups,EA,1,0,1,0
MS51861-12C,SCREW,SCREW,All Item Groups,EA,1,0,1,0
NSA8147-05-10,BEARING,BEARING,All Item Groups,EA,1,0,1,0
ABS0691-150,STUD,STUD,All Item Groups,EA,1,0,1,0
HL94-6,COLLAR,COLLAR,All Item Groups,EA,1,0,1,0
91E079-00,BUSHING,BUSHING,All Item Groups,EA,1,0,1,0
NSA5042-08-165,BOLT,BOLT,All Item Groups,EA,1,0,1,0
A3611504720000,SEAL,SEAL,All Item Groups,EA,1,0,1,0
769105A,AIR CYCLE MACHINE,AIR CYCLE MACHINE,All Item Groups,EA,1,0,1,0
337-108-401-0,"BEARING, ROLLER NO 5","BEARING, ROLLER NO 5",All Item Groups,EA,1,0,1,0
2083M88P01,DEFLECTOR,DEFLECTOR,All Item Groups,EA,1,0,1,0
622-4540-020,DME INTERROGATE,DME INTERROGATE,All Item Groups,EA,1,0,1,0
390-300-241-0,PLUG IDENTI -5A3 W O PMUX,PLUG IDENTI -5A3 W O PMUX,All Item Groups,EA,1,0,1,0
8GH004554-28,LAMP,LAMP,All Item Groups,EA,1,0,1,0
CN20250020,HONEYCOMB,HONEYCOMB,All Item Groups,EA,1,0,1,0
293-332-30,DIGITAL MICROMETER,DIGITAL MICROMETER,All Item Groups,EA,1,0,1,0
TORQUE MULTIPLIER,TORQUE MULTIPLIER,TORQUE MULTIPLIER,All Item Groups,EA,1,0,1,0
DYNAMOMETER,DYNAMOMETER,DYNAMOMETER,All Item Groups,EA,1,0,1,0
EPOCH 650,OKM KIT LEND KNOB,OKM KIT LEND KNOB,All Item Groups,EA,1,0,1,0
LG-050,GAUGE-DIAL PUSH PULL,GAUGE-DIAL PUSH PULL,All Item Groups,EA,1,0,1,0
WT81,DIGITAL LUX METER,DIGITAL LUX METER,All Item Groups,EA,1,0,1,0
KDTW2020T,TORQUE WRENCH,TORQUE WRENCH,All Item Groups,EA,1,0,1,0
KDTW2010T,TORQUE WRENCH,TORQUE WRENCH,All Item Groups,EA,1,0,1,0
KDMW30060,TORQUE WRENCH,TORQUE WRENCH,All Item Groups,EA,1,0,1,0
QD4N550,TORQUE WRENCH,TORQUE WRENCH,All Item Groups,EA,1,0,1,0
4934220,TORQUE WRENCH,TORQUE WRENCH,All Item Groups,EA,1,0,1,0
64-452A,TORQUE WRENCH,TORQUE WRENCH,All Item Groups,EA,1,0,1,0
1108-150,DIGITAL CALIPER,DIGITAL CALIPER,All Item Groups,EA,1,0,1,0
1108-200,DIGITAL CALIPER,DIGITAL CALIPER,All Item Groups,EA,1,0,1,0
1108-300,DIGITAL CALIPER,DIGITAL CALIPER,All Item Groups,EA,1,0,1,0
571-212-30,DIGITAL CALIPER,DIGITAL CALIPER,All Item Groups,EA,1,0,1,0
571-211-30,DEPTH GAUGE,DEPTH GAUGE,All Item Groups,EA,1,0,1,0
293-351-30,DIGITAL MICROMETER,DIGITAL MICROMETER,All Item Groups,EA,1,0,1,0
293-350-10,DIGITAL MICROMETER,DIGITAL MICROMETER,All Item Groups,EA,1,0,1,0
293-343-30,DIGITAL MICROMETER,DIGITAL MICROMETER,All Item Groups,EA,1,0,1,0
293-341-30,DIGITAL MICROMETER,DIGITAL MICROMETER,All Item Groups,EA,1,0,1,0
293-340-30,DIGITAL MICROMETER,DIGITAL MICROMETER,All Item Groups,EA,1,0,1,0
