name,company,supplier,transaction_date,schedule_date,items:item_code,items:qty,items:uom,items:rate,items:description
PO-24-5538,Aeroparts AOG DWC LLC,BOEING FLEET,9/17/2024,12/1/2024,1L500109-625,10,EA,589,TRIM-DOOR OPENING 
PO-24-5539,Aeroparts AOG DWC LLC,BOEING FLEET,9/18/2024,1/16/2025,35553-2-255,1,EA,2299,DETECTOR
PO-24-5539,Aeroparts AOG DWC LLC,BOEING FLEET,9/18/2024,1/16/2025,35562-2-310,1,EA,2274,SENSOR
ERC-PO-25027,Royal Aircraft Maintenance Company DWC LLC,DASI LLC,9/5/2025,9/5/2025,5A1641,4,EA,74,RING
ERC-PO-25027,Royal Aircraft Maintenance Company DWC LLC,DASI LLC,9/5/2025,9/5/2025,5A1641,2,EA,60,RING
ERC-PO-25027,Royal Aircraft Maintenance Company DWC LLC,BOEING FLEET,9/18/2024,9/18/2024,63-533,330,EA,60.85,NUT
ERC-PO-25026,Royal Aircraft Maintenance Company DWC LLC,DASI LLC,9/5/2025,9/5/2025,5A1641,5,EA,60,RING
ERC-PO-25022,Royal Aircraft Maintenance Company DWC LLC,YAS INTERNATIONAL DIST.INC,9/19/2024,10/9/2024,65-46360-7,1,EA,2250,MIXER ASSY
ERC-PO-25022,Royal Aircraft Maintenance Company DWC LLC,BOEING FLEET,9/19/2024,10/4/2024,161W2160-3,1,EA,81078,"AXLE ASSY-MLG, AFL"
ERC-PO-25025,Royal Aircraft Maintenance Company DWC LLC,SAFARI AVIATION SERVICES FZE,9/4/2025,9/4/2025,3M-434 (2 INCH),5,EA,543.34,Temperature Vibration Damping Tape2 In X 60 Yd
ERC-PO-25024,Royal Aircraft Maintenance Company DWC LLC,ACE HARDWARE,8/26/2025,8/26/2025,VAT,1,EA,3.1,VAT
ERC-PO-25016,Royal Aircraft Maintenance Company DWC LLC,ACE HARDWARE,8/26/2025,8/26/2025,UNIVERSAL TEMP,1,EA,61.98,UNIVERSAL TEMP
ERC-PO-25023,Royal Aircraft Maintenance Company DWC LLC,"Taps Aero, LLC",9/19/2024,9/18/2024,D2711004700000,2,EA,1000,SWITCH-PUSH BUTTON
ERC-PO-25023,Royal Aircraft Maintenance Company DWC LLC,PROPONENT,9/19/2024,9/18/2024,5017-2050219800,2,EA,4585.41,SHOULDER HARNESS ASSY
ERC-PO-25019,Royal Aircraft Maintenance Company DWC LLC,AVIALL,9/19/2024,9/19/2024,MS21075L3,100,EA,0.75,NUT
ERC-PO-25019,Royal Aircraft Maintenance Company DWC LLC,WENCOR,9/19/2024,9/19/2024,NAS514P1032-10,100,EA,0.18,SCREW
ERC-PO-25019,Royal Aircraft Maintenance Company DWC LLC,BOEING DISTRIBUTION SERVICES,9/20/2024,9/30/2024,MS21250-10056,600,EA,4.65,BOLT
ERC-PO-25019,Royal Aircraft Maintenance Company DWC LLC,WENCOR,9/20/2024,9/30/2024,Q4559X,54,EA,23.5,LAMP
ERC-PO-25019,Royal Aircraft Maintenance Company DWC LLC,CFM INTERNATIONAL,9/24/2024,9/24/2024,338-118-304-0,1,EA,2439,RING-SECTOR SUPPORT
ERC-PO-25019,Royal Aircraft Maintenance Company DWC LLC,BOEING FLEET,9/24/2024,9/24/2024,310A2022-3,1,EA,3275,LINK
ERC-PO-25019,Royal Aircraft Maintenance Company DWC LLC,BOEING FLEET,9/24/2024,9/24/2024,310A2028-6,6,EA,496.69,BUSHING
ERC-PO-25019,Royal Aircraft Maintenance Company DWC LLC,BOEING DISTRIBUTION SERVICES,9/25/2024,9/25/2024,NSA936501TA1004,50,EA,7.13,TERMINAL
ERC-PO-25019,Royal Aircraft Maintenance Company DWC LLC,GULF AIRCRAFT & ENGINEERING SERVICES,9/2/2025,9/2/2025,856A1480G01,1,EA,731,"FADEC-ENGINE PRESERVATION, FALSE METERING VALVE SI"
ERC-PO-25019,Royal Aircraft Maintenance Company DWC LLC,BOEING DISTRIBUTION SERVICES,9/25/2024,9/25/2024,E0250A0S,5,EA,62.32,RELAY BASE MODULE
ERC-PO-25022,Royal Aircraft Maintenance Company DWC LLC,BOEING DISTRIBUTION SERVICES,9/25/2024,9/25/2024,NSA935805-06,6,EA,8.49,CONDUIT
ERC-PO-25022,Royal Aircraft Maintenance Company DWC LLC,PROPONENT,9/25/2024,9/25/2024,50845-1,100,EA,3.99,TERMINAL
ERC-PO-25021,Royal Aircraft Maintenance Company DWC LLC,"RIM Enterprises, LLC",9/27/2024,10/2/2024,5908974-17,1,EA,2200,GCU GENERATOR
ERC-PO-25021,Royal Aircraft Maintenance Company DWC LLC,UNITED AEROSPACE CORPORATION,9/30/2024,9/24/2024,4978-2,1,EA,2000,"SWITCH , PUSH BUTTON"
ERC-PO-25021,Royal Aircraft Maintenance Company DWC LLC,NEAREST EXIT LLC,10/1/2024,10/2/2024,2-7679-2,1,EA,3400,FUSE
ERC-PO-25021,Royal Aircraft Maintenance Company DWC LLC,NEAREST EXIT LLC,10/1/2024,10/2/2024,2-7679-2,1,EA,3250,FUSE
ERC-PO-25021,Royal Aircraft Maintenance Company DWC LLC,FAST AVIATION,10/1/2024,10/2/2024,2-8011-1,1,EA,5350,FUSE
ERC-PO-25021,Royal Aircraft Maintenance Company DWC LLC,BOEING FLEET,10/1/2024,10/2/2024,BACB30VT5HK4,100,EA,2.09,BOLT
ERC-PO-25020,Royal Aircraft Maintenance Company DWC LLC,BOEING FLEET,10/1/2024,10/1/2024,2670137-101,1,EA,4285,VALVE
ERC-PO-25020,Royal Aircraft Maintenance Company DWC LLC,AVIALL,10/1/2024,10/1/2024,72552828-1,50,EA,15.13,LED
ERC-PO-25020,Royal Aircraft Maintenance Company DWC LLC,BOEING FLEET,10/2/2024,10/2/2024,113W9389Y2,1,EA,1018,SEAL
ERC-PO-25018,Royal Aircraft Maintenance Company DWC LLC,WENCOR,8/29/2025,8/29/2025,AGS3900,5,EA,31.77,GASKET
ERC-PO-25018,Royal Aircraft Maintenance Company DWC LLC,PROPONENT,10/3/2024,12/23/2024,137-00-341-13GB,1,EA,864.14,ARMCAP ASSY
ERC-PO-25018,Royal Aircraft Maintenance Company DWC LLC,Aerotrends Aviation,10/3/2024,9/30/2024,419K62T2,90,EA,1550,TIRE
ERC-PO-25018,Royal Aircraft Maintenance Company DWC LLC,INVENTORY LOCATORY SERVICE LLC,10/3/2024,10/3/2024,1319556,1,EA,162.59,INVOICE REF. 1319556
ERC-PO-25018,Royal Aircraft Maintenance Company DWC LLC,INVENTORY LOCATORY SERVICE LLC,10/3/2024,10/3/2024,1326702,1,EA,142.49,INVOICE REF. 1326702
ERC-PO-25016,Royal Aircraft Maintenance Company DWC LLC,INVENTORY LOCATORY SERVICE LLC,10/3/2024,10/3/2024,1337656,1,EA,171.44,INVOICE REF. 1337656
ERC-PO-25015,Royal Aircraft Maintenance Company DWC LLC,AC Aerospace Management,10/7/2024,10/7/2024,CERTIFICATION,1,EA,105000,RE-CERTIFICATION
ERC-PO-25015,Royal Aircraft Maintenance Company DWC LLC,AC Aerospace Management,10/7/2024,10/7/2024,201490002,1,EA,500000,MAIN GEAR - RH
ERC-PO-25017,Royal Aircraft Maintenance Company DWC LLC,AC Aerospace Management,10/7/2024,10/7/2024,201490001,1,EA,500000,MAIN GEAR - LH
ERC-PO-25017,Royal Aircraft Maintenance Company DWC LLC,AC Aerospace Management,10/7/2024,10/7/2024,D23581100-19,1,EA,400000,NLG- A330
ERC-PO-25017,Royal Aircraft Maintenance Company DWC LLC,BOEING FLEET,10/7/2024,10/7/2024,4100507-001,1,EA,6628,CONTROLLER ASSY-INTEGRATED SYS
ERC-PO-25017,Royal Aircraft Maintenance Company DWC LLC,PROPONENT,10/8/2024,12/23/2024,137-00-341-13GB,1,EA,864.14,ARMCAP ASSY
ERC-PO-25017,Royal Aircraft Maintenance Company DWC LLC,BOEING FLEET,10/8/2024,10/8/2024,113W9389Y2,1,EA,1018,SEAL
ERC-PO-25017,Royal Aircraft Maintenance Company DWC LLC,TOP GSE,10/9/2024,10/9/2024,107C800-21,2,EA,200,MICROPHONE
ERC-PO-25017,Royal Aircraft Maintenance Company DWC LLC,AIRCRAFTERS,10/9/2024,10/28/2024,2-1587-1,1,EA,18000,BRAKE ASSY-BFG
ERC-PO-25016,Royal Aircraft Maintenance Company DWC LLC,CFM INTERNATIONAL,10/9/2024,10/16/2024,9339M40G05,1,EA,17690,SEAL-OIL STA
ERC-PO-25016,Royal Aircraft Maintenance Company DWC LLC,SILMID,8/20/2025,8/20/2025,FUCHS RENOLITE 762,1,TB,85.36,FUCHS RENOLITE 762 HIGH TEMP JOINTING COMPOUND 200
ERC-PO-25016,Royal Aircraft Maintenance Company DWC LLC,EWB AEROSPACE,10/10/2024,10/15/2024,C20633000,1,EA,39000,BRAKE ASSY
ERC-PO-25016,Royal Aircraft Maintenance Company DWC LLC,SAFARI AVIATION SERVICES FZE,8/28/2025,8/28/2025,VAT,1,EA,1.89,VAT
ERC-PO-25013,Royal Aircraft Maintenance Company DWC LLC,WENCOR,10/10/2024,10/9/2024,MS24665-155,600,EA,0.12,PIN
ERC-PO-25014,Royal Aircraft Maintenance Company DWC LLC,WENCOR,10/10/2024,10/9/2024,NAS1100E3-7,300,EA,0.4,SCREW
ERC-PO-25014,Royal Aircraft Maintenance Company DWC LLC,SAFARI AVIATION SERVICES FZE,8/28/2025,8/28/2025,AS43013-128,10,EA,3.78,PACKING
ERC-PO-25014,Royal Aircraft Maintenance Company DWC LLC,AEROSPACE SUPPORT ASSOCIATES LTD,10/10/2024,10/10/2024,2A258-0357,4,EA,550,BOGIE ASSY
ERC-PO-25014,Royal Aircraft Maintenance Company DWC LLC,BOEING FLEET,10/11/2024,10/18/2024,251A1481-17,1,EA,113,FAIRLEAD
ERC-PO-25014,Royal Aircraft Maintenance Company DWC LLC,GULF AIRCRAFT & ENGINEERING SERVICES,10/11/2024,10/9/2024,CUSTOMS PROCESSING FEE,1,EA,50,CUSTOMS PROCESSING FEE
ERC-PO-25014,Royal Aircraft Maintenance Company DWC LLC,GULF AIRCRAFT & ENGINEERING SERVICES,10/11/2024,10/9/2024,PROCESSING FEE,1,EA,50,PROCESSING FEE
ERC-PO-25014,Royal Aircraft Maintenance Company DWC LLC,GULF AIRCRAFT & ENGINEERING SERVICES,10/11/2024,10/9/2024,D5463013220000,2,EA,125,WASHER
ERC-PO-25014,Royal Aircraft Maintenance Company DWC LLC,HORIZON AIRCRAFT PARTS,10/11/2024,10/9/2024,124-514-1,1,EA,750,INDICATOR
ERC-PO-25014,Royal Aircraft Maintenance Company DWC LLC,INTERNATIONAL AERO ENGINES,8/22/2025,8/22/2025,AS44692,2,EA,19.99,Washer
ERC-PO-25013,Royal Aircraft Maintenance Company DWC LLC,INTERNATIONAL AERO ENGINES,8/22/2025,8/22/2025,AS43013-125,50,EA,22.23,RING-SEALING
ERC-PO-25013,Royal Aircraft Maintenance Company DWC LLC,INTERNATIONAL AERO ENGINES,8/22/2025,8/22/2025,6A4181,10,EA,79.93,GASKET
ERC-PO-25013,Royal Aircraft Maintenance Company DWC LLC,INTERNATIONAL AERO ENGINES,8/22/2025,8/22/2025,6A4139,10,EA,66.49,"GASKET, CORRUOINT"
ERC-PO-25013,Royal Aircraft Maintenance Company DWC LLC,INTERNATIONAL AERO ENGINES,8/22/2025,8/22/2025,4W0169,10,EA,0,"BOLT .250 DIA X 0.938, V25"
ERC-PO-25013,Royal Aircraft Maintenance Company DWC LLC,INTERNATIONAL AERO ENGINES,8/22/2025,8/22/2025,2A1470,16,EA,127.5,SEAL C- METAL 
ERC-PO-25013,Royal Aircraft Maintenance Company DWC LLC,INTERNATIONAL AERO ENGINES,8/22/2025,8/22/2025,2A0696,16,EA,119.6,SEAL-C METAL
ERC-PO-25013,Royal Aircraft Maintenance Company DWC LLC,INTERNATIONAL AERO ENGINES,8/22/2025,8/22/2025,MS9197-09,10,EA,0,NUT-TUBE
ERC-PO-25012,Royal Aircraft Maintenance Company DWC LLC,INTERNATIONAL AERO ENGINES,8/22/2025,8/22/2025,2A2256,16,EA,181.7,"METAL RING, 6380DX.040X.040"
ERC-PO-25012,Royal Aircraft Maintenance Company DWC LLC,INTERNATIONAL AERO ENGINES,8/22/2025,8/22/2025,2A1226,40,EA,115,GASKET OPTION 
ERC-PO-25012,Royal Aircraft Maintenance Company DWC LLC,ACE HARDWARE,8/26/2025,8/26/2025,VAT,2,EA,5.82,VAT
ERC-PO-25012,Royal Aircraft Maintenance Company DWC LLC,ACE HARDWARE,8/26/2025,8/26/2025,GHG20-63,2,EA,116.44,HEAT GUN
ERC-PO-25012,Royal Aircraft Maintenance Company DWC LLC,"1st Class Air Services, INC.",10/11/2024,10/9/2024,INTL WIRE FEE,1,EA,50,INTERNATIONAL WIRE FEE
ERC-PO-25012,Royal Aircraft Maintenance Company DWC LLC,"1st Class Air Services, INC.",10/11/2024,10/9/2024,8TJ146AAP1,1,EA,1600,TRANSMITTER OIL
ERC-PO-25012,Royal Aircraft Maintenance Company DWC LLC,"GA TELESIS, LLC",10/14/2024,10/9/2024,HG2030AE23,1,EA,49500,ADIRU
ERC-PO-25012,Royal Aircraft Maintenance Company DWC LLC,CFM INTERNATIONAL,10/14/2024,10/14/2024,2050M55P01,180,EA,127.75,BUSHING
ERC-PO-25012,Royal Aircraft Maintenance Company DWC LLC,AERFIN,10/15/2024,10/15/2024,HG2030BE03,1,EA,350000,ADIRU
ERC-PO-25012,Royal Aircraft Maintenance Company DWC LLC,Next Level Aviation,10/15/2024,10/15/2024,930-2000-001,1,EA,200000,TRANSCEIVER
ERC-PO-25011,Royal Aircraft Maintenance Company DWC LLC,MEMORIX ELEKTRONIK,10/15/2024,10/9/2024,OMNIDRIVE USB2 LF,1,EA,490,SB ATA FLASH/SRAM/LINEAR FLASH PC CARD READER
ERC-PO-25011,Royal Aircraft Maintenance Company DWC LLC,East Air Corp,10/15/2024,10/15/2024,63292070-4,1,EA,178100,"VALVE OUTLINE, FAN AIR MODULATING"
ERC-PO-25011,Royal Aircraft Maintenance Company DWC LLC,FAVIA INTERNATIONAL,10/16/2024,10/30/2024,8084040H,1,EA,4500,VALVE
ERC-PO-25011,Royal Aircraft Maintenance Company DWC LLC,GLOBAL AVIATION RESOURCES,10/16/2024,10/16/2024,HG2040AD03,1,EA,275000,SAARU
ERC-PO-25006,Royal Aircraft Maintenance Company DWC LLC,HEICO PARTS GROUP,10/17/2024,10/15/2024,KT9283M41P04,24,EA,35.8,NUT
ERC-PO-25010,Royal Aircraft Maintenance Company DWC LLC,HEICO PARTS GROUP,10/17/2024,10/15/2024,JA9211M39G02,76,EA,52,BUSHING-SHROUD
ERC-PO-25010,Royal Aircraft Maintenance Company DWC LLC,HEICO PARTS GROUP,10/17/2024,10/15/2024,JA9206M79P03,58,EA,27,WASHER
ERC-PO-25010,Royal Aircraft Maintenance Company DWC LLC,HEICO PARTS GROUP,10/17/2024,10/15/2024,JA9206M79P02,96,EA,28.99,WASHER
ERC-PO-25010,Royal Aircraft Maintenance Company DWC LLC,HEICO PARTS GROUP,10/17/2024,10/15/2024,JA9206M79P01,110,EA,34.33,WASHER
ERC-PO-25009,Royal Aircraft Maintenance Company DWC LLC,BOEING FLEET,10/17/2024,10/17/2024,141T4801-59,1,EA,31623,Window assy
ERC-PO-25009,Royal Aircraft Maintenance Company DWC LLC,BOEING FLEET,10/17/2024,10/2/2024,BACB30VT5HK4,100,EA,2.09,BOLT
ERC-PO-25008,Royal Aircraft Maintenance Company DWC LLC,CFM INTERNATIONAL,10/17/2024,10/15/2024,J815P020A,25,EA,35.75,BOLT-SHEAR DBL HEX HD
ERC-PO-25008,Royal Aircraft Maintenance Company DWC LLC,CFM INTERNATIONAL,10/17/2024,10/15/2024,J1494P07D,80,EA,8.25,BOLT MACH DBL HEX HD
ERC-PO-25007,Royal Aircraft Maintenance Company DWC LLC,SAFARI AVIATION SERVICES FZE,8/25/2025,8/25/2025,ZOK 27 RTU,2,PL,545.68,GAS TURBINE WASHING FLUID
ERC-PO-25005,Royal Aircraft Maintenance Company DWC LLC,SAFARI AVIATION SERVICES FZE,8/25/2025,8/25/2025,MO3316,3,CAN,18.77,LPS3 RUST INHIBITOR 380ML
ERC-PO-25021,Royal Aircraft Maintenance Company DWC LLC,SAFARI AVIATION SERVICES FZE,8/25/2025,8/25/2025,T8EH,1,CAN,622.33,"ANTI SEIZE GREASE, 8-OZ-CAN"
ERC-PO-25021,Royal Aircraft Maintenance Company DWC LLC,SAFARI AVIATION SERVICES FZE,8/25/2025,8/25/2025,SHERLOCKTP1-80Z,5,EA,17.62,LEAK DETECTOR-TYPE1 8OZ 237 ML
ERC-PO-25021,Royal Aircraft Maintenance Company DWC LLC,SAFARI AVIATION SERVICES FZE,8/25/2025,8/25/2025,CITRASAFE-1LTR,1,CAN,303.71,CLEANING AGENT 1 LTR
ERC-PO-25021,Royal Aircraft Maintenance Company DWC LLC,SAFARI AVIATION SERVICES FZE,8/25/2025,8/25/2025,ARDROX 185L 20LTR,1,PL,654.67,ARDROX 185L 20LTR
PO-24-5595,Aeroparts AOG DWC LLC,CFM INTERNATIONAL,10/17/2024,10/15/2024,J644P14D,50,EA,16.25,BOLT-MACH DBL HEX HD
PO-24-5596,Aeroparts AOG DWC LLC,"Mitchell Aircraft, LLC",10/17/2024,10/15/2024,9381M62P04,3,EA,66.67,BUSHING-SPACER
PO-24-5597,Aeroparts AOG DWC LLC,CFM INTERNATIONAL,10/17/2024,10/17/2024,2050M55P02,50,EA,141,BUSHING
PO-24-5598,Aeroparts AOG DWC LLC,ASL AEROSPACE,10/17/2024,10/9/2024,INTL WIRE FEE,1,EA,35,INTERNATIONAL WIRE FEE
PO-24-5598,Aeroparts AOG DWC LLC,ASL AEROSPACE,10/17/2024,10/9/2024,HAZMAT,1,EA,150,HAZMAT CHARGES
PO-24-5598,Aeroparts AOG DWC LLC,ASL AEROSPACE,10/17/2024,10/9/2024,2100-1020-02,1,EA,8500,COCKPIT VOICE RECORDER
PO-24-5599,Aeroparts AOG DWC LLC,AVSALES CORPORATION,10/17/2024,10/9/2024,2312M35-2,1,EA,2950,CONVERTER
PO-24-5600,Aeroparts AOG DWC LLC,BOEING FLEET,10/18/2024,10/16/2024,313W5808-3,5,EA,1907,SEAL
PO-24-5601,Aeroparts AOG DWC LLC,BOEING FLEET,10/18/2024,10/18/2024,113W9389Y2,1,EA,1018,SEAL
PO-24-5602,Aeroparts AOG DWC LLC,CASP AEROSPACE,10/18/2024,10/9/2024,30H673,4,EA,1013.5,PORTABLE FIRE EXTINGUISHER
PO-24-5603,Aeroparts AOG DWC LLC,BOEING FLEET,10/18/2024,10/15/2024,BACB30YP6K22,17,EA,12.54,BOLT
PO-24-5604,Aeroparts AOG DWC LLC,BOEING FLEET,10/21/2024,10/21/2024,5446500-001,1,EA,3783,COUPLER
PO-24-5606,Aeroparts AOG DWC LLC,"GA TELESIS, LLC",10/21/2024,10/15/2024,1775M39P05,6,EA,35,BUSHING
ERC-PO-25020,Royal Aircraft Maintenance Company DWC LLC,VORTEX AVIATION IRELAND LTD,8/22/2025,8/22/2025,856A2706G01,1,EA,0,BEAM TORQUE ADAPTER
ERC-PO-25020,Royal Aircraft Maintenance Company DWC LLC,VORTEX AVIATION IRELAND LTD,8/22/2025,8/22/2025,856A2705G01,1,EA,0,"FIXTURE, HANDLING-BOOSTER ROTOR/STATOR ASSEMBLY"
ERC-PO-25020,Royal Aircraft Maintenance Company DWC LLC,VORTEX AVIATION IRELAND LTD,8/22/2025,8/22/2025,856A2704G01,1,EA,0,GUIDE  WRENCH ANTI-TORQUE
PO-24-5607,Aeroparts AOG DWC LLC,BENCHMARK CONNECTOR CORPORATION,10/21/2024,10/16/2024,FZH6K22-14P3,20,EA,712.3,PLUG
ERC-PO-25018,Royal Aircraft Maintenance Company DWC LLC,EDGAR HAUSMANN GMBH,8/21/2025,8/21/2025,ZOT40X,10,EA,2.35,TORX-INSERT BIT
ERC-PO-25018,Royal Aircraft Maintenance Company DWC LLC,EDGAR HAUSMANN GMBH,8/21/2025,8/21/2025,ZOT30X,10,EA,2.35,TORX-INSERT BITS
ERC-PO-25018,Royal Aircraft Maintenance Company DWC LLC,EDGAR HAUSMANN GMBH,8/21/2025,8/21/2025,ZOT10X,10,EA,2.35,TORX-INSERT BITS
ERC-PO-25018,Royal Aircraft Maintenance Company DWC LLC,EDGAR HAUSMANN GMBH,8/21/2025,8/21/2025,ZOT9X,10,EA,2.35,TORX-INSERT BITS
ERC-PO-25018,Royal Aircraft Maintenance Company DWC LLC,EDGAR HAUSMANN GMBH,8/21/2025,8/21/2025,ZOT8X,10,EA,2.35,TORX-INSERT BIT
ERC-PO-25016,Royal Aircraft Maintenance Company DWC LLC,SILMID,8/20/2025,8/20/2025,TT-P-28,1,CAN,967,NCP COATINGS TT-P-28GL TYPE I LOW VOC COATING 1USG
ERC-PO-25015,Royal Aircraft Maintenance Company DWC LLC,WENCOR,8/18/2025,8/18/2025,AS3209-010,100,EA,0.98,PACKING-PREFORMED
ERC-PO-25015,Royal Aircraft Maintenance Company DWC LLC,WENCOR,8/18/2025,8/18/2025,AS3208-02,25,EA,1.07,PACKING
PO-24-5608,Aeroparts AOG DWC LLC,BOEING FLEET,10/21/2024,10/15/2024,J816P086A,10,EA,87,BOLT
ERC-PO-25017,Royal Aircraft Maintenance Company DWC LLC,PROPONENT,8/20/2025,8/20/2025,673049,10,EA,20.85,GASKET
ERC-PO-25017,Royal Aircraft Maintenance Company DWC LLC,PROPONENT,8/20/2025,8/20/2025,MS9058-05,10,EA,2,RING     
ERC-PO-25017,Royal Aircraft Maintenance Company DWC LLC,PROPONENT,8/20/2025,8/20/2025,MS9967-011,20,EA,2.09,O-RING
ERC-PO-25017,Royal Aircraft Maintenance Company DWC LLC,PROPONENT,8/20/2025,8/20/2025,MS9967-012,16,EA,2.48,O-RING
ERC-PO-25017,Royal Aircraft Maintenance Company DWC LLC,PROPONENT,8/20/2025,8/20/2025,MS9226-03,7,EA,70.1,"WIRE , LOCKING DIA: CRES NICKEL ALLOY"
ERC-PO-25017,Royal Aircraft Maintenance Company DWC LLC,PROPONENT,8/20/2025,8/20/2025,AS3214-02,2,EA,16.38,LOCKWIRE 1 LB
ERC-PO-25017,Royal Aircraft Maintenance Company DWC LLC,PROPONENT,8/20/2025,8/20/2025,MS20995C32,1,EA,12.85,WIRE-LOCK
ERC-PO-25016,Royal Aircraft Maintenance Company DWC LLC,SILMID,8/20/2025,8/20/2025,DEF STAN 91-38,1,CAN,27.08,FUCHS PX-7 (S-743) SOFT PETROLATUM TECHNICAL 100GM
ERC-PO-25016,Royal Aircraft Maintenance Company DWC LLC,SILMID,8/20/2025,8/20/2025,DTD900/6128,1,CAN,255.69,ROCOL Anti-Seize 797 500gm Can
ERC-PO-25016,Royal Aircraft Maintenance Company DWC LLC,SILMID,8/20/2025,8/20/2025,DTD900/4586,1,TB,16.95,Hylomar PL32L (Light) Aerograde 100gm Tube
ERC-PO-25016,Royal Aircraft Maintenance Company DWC LLC,SILMID,8/20/2025,8/20/2025,DEF STAN 80-81,1,TB,88.51,ROCOL MTLM 100gm Tube 
PO-24-5609,Aeroparts AOG DWC LLC,AIRCRAFT TRADING INC,10/25/2024,10/25/2024,INTL WIRE FEE,1,EA,60,INTERNATIONAL WIRE FEE
PO-24-5609,Aeroparts AOG DWC LLC,AIRCRAFT TRADING INC,10/25/2024,10/25/2024,CUSTOMS PROCESSING FEE,1,EA,13,CUSTOMS PROCESSING FEE
PO-24-5609,Aeroparts AOG DWC LLC,AIRCRAFT TRADING INC,10/25/2024,10/25/2024,2315M20-3,4,EA,785,WIPER BLADE
PO-24-5610,Aeroparts AOG DWC LLC,AVIOPARTS,10/22/2024,10/8/2024,DR29628T,50,EA,2200,TIRE H44.5x16.5-21 28PR 225mph
PO-24-5611,Aeroparts AOG DWC LLC,Matty Aviation,10/22/2024,10/22/2024,123,2,EA,0,TESTING
PO-24-5612,Aeroparts AOG DWC LLC,CFM INTERNATIONAL,10/22/2024,11/15/2024,P394P04,2,EA,1070,BLADE STG4
PO-24-5613,Aeroparts AOG DWC LLC,JMS AG,10/23/2024,10/23/2024,VP PACKING,1,EA,50,PACKING
PO-24-5613,Aeroparts AOG DWC LLC,JMS AG,10/23/2024,10/23/2024,J-TOW737-C-T,1,EA,4910,TOWBAR FOR BOEING 737 FLY-AWAY
PO-24-5614,Aeroparts AOG DWC LLC,JACKSON TRADING LLC,10/23/2024,10/23/2024,COFFEE DWC,1,EA,317.28,COFFEE DWC
PO-24-5616,Aeroparts AOG DWC LLC,Matty Aviation,10/24/2024,10/24/2024,HANDLING FEE,1,EA,125,Handling Fee
PO-24-5616,Aeroparts AOG DWC LLC,Matty Aviation,10/24/2024,10/24/2024,025-1157-001,1,EA,800,CAP
PO-24-5616,Aeroparts AOG DWC LLC,Matty Aviation,10/24/2024,10/24/2024,024147-000,3,EA,2900,BATTERY UNIT
PO-24-5617,Aeroparts AOG DWC LLC,Pacific Air Industries,10/24/2024,10/15/2024,9607M05P52,1,EA,154.35,PACKING
PO-24-5618,Aeroparts AOG DWC LLC,AERORENIX TECHNIC AVIATION LTD.,10/24/2024,10/31/2024,40885-7,1,EA,3600,FUEL CONTROL UNIT
PO-24-5619,Aeroparts AOG DWC LLC,AEROSOL INTERNATIONAL,10/24/2024,10/24/2024,VAT,1,EA,52.95,VAT
PO-24-5619,Aeroparts AOG DWC LLC,AEROSOL INTERNATIONAL,10/24/2024,10/24/2024,EASTMAN TURBO OIL 2380,3,EA,352.79,OIL
PO-24-5620,Aeroparts AOG DWC LLC,Matty Aviation,10/25/2024,10/25/2024,0123FA2A,1,EA,50,DETECTOR
PO-24-5621,Aeroparts AOG DWC LLC,BOEING FLEET,10/25/2024,10/8/2024,F039WWBCAC,2,PK,496,LAMP
PO-24-5622,Aeroparts AOG DWC LLC,PROPONENT,10/25/2024,10/8/2024,F18T5CWRS,75,EA,4.1,LAMP
PO-24-5623,Aeroparts AOG DWC LLC,AEROSOL INTERNATIONAL,10/28/2024,10/28/2024,VAT,1,EA,18.78,VAT
PO-24-5623,Aeroparts AOG DWC LLC,AEROSOL INTERNATIONAL,10/28/2024,10/28/2024,EASTMAN TURBO OIL 2380,24,QT,15.65,OIL
PO-24-5624,Aeroparts AOG DWC LLC,BOEING DISTRIBUTION SERVICES,10/30/2024,11/6/2024,MS20426D3-4,2000,EA,0.02,RIVET
PO-24-5625,Aeroparts AOG DWC LLC,INVENTORY LOCATORY SERVICE LLC,10/30/2024,10/30/2024,1343887,1,EA,101.99,ILS MONTHLY PAY
PO-24-5626,Aeroparts AOG DWC LLC,INVENTORY LOCATORY SERVICE LLC,10/30/2024,10/30/2024,1351620,1,EA,108.99,ILS MONTHLY PAY
PO-24-5627,Aeroparts AOG DWC LLC,Air Station Aviation,10/31/2024,11/20/2024,INTL WIRE FEE,1,EA,40,INTERNATIONAL WIRE FEE
ERC-PO-25013,Royal Aircraft Maintenance Company DWC LLC,ROTAFILO,8/14/2025,8/14/2025,856A1471G02,3,EA,1126,LPT SUPPORT BRACKET SET
PO-24-5627,Aeroparts AOG DWC LLC,Air Station Aviation,10/31/2024,11/20/2024,1316200-3,1,EA,1450,BRAKE METERING VALVE
PO-24-5629,Aeroparts AOG DWC LLC,BOEING FLEET,11/1/2024,10/9/2024,BACJ40E20-38,2,EA,53.48,"BONDING JUMPER	"
PO-24-5630,Aeroparts AOG DWC LLC,PROPONENT,11/1/2024,10/9/2024,FCT39-3-4,5,EA,73.33,BUSHING
ERC-PO-25014,Royal Aircraft Maintenance Company DWC LLC,WENCOR,8/15/2025,8/15/2025,AS43013-124,25,EA,1.84,RING
ERC-PO-25014,Royal Aircraft Maintenance Company DWC LLC,WENCOR,8/15/2025,8/15/2025,M25988-1-905,25,EA,1.88,PACKING
ERC-PO-25014,Royal Aircraft Maintenance Company DWC LLC,WENCOR,8/15/2025,8/15/2025,MS9966-10,25,EA,2,PACKING
ERC-PO-25014,Royal Aircraft Maintenance Company DWC LLC,WENCOR,8/15/2025,8/15/2025,AS3209-010,200,EA,0.98,PACKING-PREFORMED
ERC-PO-25014,Royal Aircraft Maintenance Company DWC LLC,WENCOR,8/15/2025,8/15/2025,MS9967-010,160,EA,1.9,PACKING-PREFORMED
ERC-PO-25014,Royal Aircraft Maintenance Company DWC LLC,WENCOR,8/15/2025,8/15/2025,AS43013-116,20,EA,1.75,RING
ERC-PO-25014,Royal Aircraft Maintenance Company DWC LLC,WENCOR,8/15/2025,8/15/2025,M25988-1-155,25,EA,2.32,O-RING 
ERC-PO-25014,Royal Aircraft Maintenance Company DWC LLC,WENCOR,8/15/2025,8/15/2025,AS3209-226,100,EA,1.49,PACKING
ERC-PO-25014,Royal Aircraft Maintenance Company DWC LLC,WENCOR,8/15/2025,8/15/2025,69490D216,10,EA,30.15,RING
PO-24-5631,Aeroparts AOG DWC LLC,B&W AVIATION,11/1/2024,11/1/2024,2-1684,2,EA,60000,BRAKE ASSY-MLG
PO-24-5632,Aeroparts AOG DWC LLC,BOEING DISTRIBUTION SERVICES,11/4/2024,11/4/2024,MS21921-10J,10,EA,18.77,"NUT, SLEEVE COUPLING"
ERC-PO-25013,Royal Aircraft Maintenance Company DWC LLC,ROTAFILO,8/14/2025,8/14/2025,856A1313G03,3,EA,3358,SUPPORT
ERC-PO-25013,Royal Aircraft Maintenance Company DWC LLC,ROTAFILO,8/14/2025,8/14/2025,IAE1F10028,5,EA,3393,"PEDESTAL, FIXED"
ERC-PO-25013,Royal Aircraft Maintenance Company DWC LLC,ROTAFILO,8/14/2025,8/14/2025,IAE1F10085,1,EA,3394,PEDESTAL ADJUSTABLE
ERC-PO-25013,Royal Aircraft Maintenance Company DWC LLC,ROTAFILO,8/14/2025,8/14/2025,856A1312G07,1,EA,3233,SUPPORT -  ENG. HANDLING
ERC-PO-25013,Royal Aircraft Maintenance Company DWC LLC,ROTAFILO,8/14/2025,8/14/2025,856A1312G05,1,EA,3677,SUPPORT-ENGINE HANDLING
ERC-PO-25013,Royal Aircraft Maintenance Company DWC LLC,ROTAFILO,8/14/2025,8/14/2025,856A1312G06,4,EA,3201,SUPPORT
PO-24-5633,Aeroparts AOG DWC LLC,WESTERN AMERICAN SPECIALTIES,11/4/2024,11/4/2024,M23053/12-234-C,1,EA,4897.1,HEAT SHRINKABLE SLEEVE
ERC-PO-25013,Royal Aircraft Maintenance Company DWC LLC,ROTAFILO,8/14/2025,8/14/2025,856A1312G02,10,EA,3174,SUPPORT-ENGINE HANDLING
PO-24-5633,Aeroparts AOG DWC LLC,WESTERN AMERICAN SPECIALTIES,11/4/2024,11/4/2024,M23053/12-233-C,1,EA,1389.3,HEAT SHRINKABLE SLEEVE
PO-24-5634,Aeroparts AOG DWC LLC,"Maximum Turbine Support,Inc",11/4/2024,10/15/2024,9211M39G01,34,EA,40,BUSHING-SHROUD
PO-24-5635,Aeroparts AOG DWC LLC,BOEING DISTRIBUTION SERVICES,11/5/2024,11/5/2024,NAS6704HU23,50,EA,8.49,BOLT
ERC-PO-25012,Royal Aircraft Maintenance Company DWC LLC,PROPONENT,8/13/2025,8/13/2025,M83248/1-216,13,EA,2.49,O-RING
PO-24-5635,Aeroparts AOG DWC LLC,BOEING DISTRIBUTION SERVICES,11/5/2024,11/5/2024,DAN7-8-3,20,EA,6.88,HI-LOCK
PO-24-5635,Aeroparts AOG DWC LLC,BOEING DISTRIBUTION SERVICES,11/5/2024,11/5/2024,NAS1154V6D,100,EA,6.9,SCREW
PO-24-5635,Aeroparts AOG DWC LLC,BOEING DISTRIBUTION SERVICES,11/5/2024,11/5/2024,NAS6704HU25,40,EA,7.51,BOLT
ERC-PO-25012,Royal Aircraft Maintenance Company DWC LLC,PROPONENT,8/13/2025,8/13/2025,S700M0986,10,EA,130.63,GASKET
PO-24-5636,Aeroparts AOG DWC LLC,UNICAL AVIATION,11/6/2024,11/5/2024,D5288024600001,1,EA,5250,"FITTING ASSY FWD, MLG (LH)"
PO-24-5637,Aeroparts AOG DWC LLC,PROPONENT,11/6/2024,11/5/2024,NSA8218-03,100,EA,3.28,SEAL
ERC-PO-25012,Royal Aircraft Maintenance Company DWC LLC,PROPONENT,8/13/2025,8/13/2025,AS3209-153,13,EA,2.96,O-RING
PO-24-5637,Aeroparts AOG DWC LLC,PROPONENT,11/6/2024,11/5/2024,AN960C416L,100,EA,0.94,WASHER-FLAT
PO-24-5637,Aeroparts AOG DWC LLC,PROPONENT,11/6/2024,11/5/2024,NSA5060C4,10,EA,4.73,NUT
PO-24-5638,Aeroparts AOG DWC LLC,BOEING DISTRIBUTION SERVICES,11/7/2024,11/7/2024,RTV 157 GREY,2,EA,87.33,HIGH STRENGTH SILICONE GREY
ERC-PO-25012,Royal Aircraft Maintenance Company DWC LLC,PROPONENT,8/13/2025,8/13/2025,AS3208-08,10,EA,3.43,Packing
PO-24-5639,Aeroparts AOG DWC LLC,DSC TRADING LLC,11/7/2024,11/6/2024,802465,5,EA,125,PLATE ASSY-BASE
PO-24-5640,Aeroparts AOG DWC LLC,BOEING FLEET,11/7/2024,10/10/2024,BACC18AC10,5,EA,193.54,CIRCUIT BREAKER
PO-24-5641,Aeroparts AOG DWC LLC,BOEING FLEET,11/8/2024,11/8/2024,BACJ40AC45-6,10,EA,16.18,JUMPER ASSY
PO-24-5641,Aeroparts AOG DWC LLC,BOEING FLEET,11/8/2024,11/8/2024,3179287-2,1,EA,2439,FILTER
PO-24-5642,Aeroparts AOG DWC LLC,"GA TELESIS, LLC",11/11/2024,11/11/2024,3181274-2,1,EA,2000,SWITCH
PO-24-5643,Aeroparts AOG DWC LLC,PROPONENT,11/11/2024,11/11/2024,NSA8203-132,50,EA,4.96,ORING
PO-24-5644,Aeroparts AOG DWC LLC,SAFARI AVIATION SERVICES FZE,11/12/2024,11/12/2024,VAT,1,EA,56.65,VAT
PO-24-5644,Aeroparts AOG DWC LLC,SAFARI AVIATION SERVICES FZE,11/12/2024,11/12/2024,CUSTOMS PROCESSING FEE,1,EA,35.33,CUSTOMS PROCESSING FEE
PO-24-5644,Aeroparts AOG DWC LLC,SAFARI AVIATION SERVICES FZE,11/12/2024,11/12/2024,HEALTH,1,EA,42.8,CERTIFICATE
PO-24-5644,Aeroparts AOG DWC LLC,SAFARI AVIATION SERVICES FZE,11/12/2024,11/12/2024,P11-3,3,RL,71.85,"ALUMINUM FOIL TAPE 3"" X 60 YRD"
PO-24-5644,Aeroparts AOG DWC LLC,SAFARI AVIATION SERVICES FZE,11/12/2024,11/12/2024,TURBONYCOIL600,24,QT,38.23,TURBINE ENGINE OIL
ERC-PO-25012,Royal Aircraft Maintenance Company DWC LLC,PROPONENT,8/13/2025,8/13/2025,AS43013-214,11,EA,2.95,RING-SEALING
ERC-PO-25012,Royal Aircraft Maintenance Company DWC LLC,PROPONENT,8/13/2025,8/13/2025,MS9966-06,10,EA,3.82,PACKING
ERC-PO-25012,Royal Aircraft Maintenance Company DWC LLC,PROPONENT,8/13/2025,8/13/2025,AS43013-120,17,EA,2,RING-SEALING
ERC-PO-25012,Royal Aircraft Maintenance Company DWC LLC,PROPONENT,8/13/2025,8/13/2025,AS43013-112,10,EA,2.67,PACKING
ERC-PO-25012,Royal Aircraft Maintenance Company DWC LLC,PROPONENT,8/13/2025,8/13/2025,AS3209-119,23,EA,1.43,PACKING
ERC-PO-25012,Royal Aircraft Maintenance Company DWC LLC,PROPONENT,8/13/2025,8/13/2025,AS3209-122,20,EA,1.88,PACKING
PO-24-5645,Aeroparts AOG DWC LLC,AEROSOL INTERNATIONAL,11/12/2024,11/12/2024,VAT,1,EA,427.5,VAT
PO-24-5645,Aeroparts AOG DWC LLC,AEROSOL INTERNATIONAL,11/12/2024,11/12/2024,MOBILE JET OIL II,480,QT,17.81,MOBILE JET OIL II
PO-24-5646,Aeroparts AOG DWC LLC,BOEING FLEET,11/18/2024,11/18/2024,624EN334-R,1,EA,2177,SWITCH
PO-24-5646,Aeroparts AOG DWC LLC,BOEING FLEET,11/18/2024,11/18/2024,BACB30LM3H32,100,EA,2.64,BOLT
PO-24-5647,Aeroparts AOG DWC LLC,BOEING FLEET,11/19/2024,10/16/2024,7715206-1,5,EA,213.3,PAWL
PO-24-5648,Aeroparts AOG DWC LLC,SAFARI AVIATION SERVICES FZE,11/19/2024,11/19/2024,VAT,1,EA,7.48,VAT
PO-24-5648,Aeroparts AOG DWC LLC,SAFARI AVIATION SERVICES FZE,11/19/2024,11/19/2024,CUSTOMS PROCESSING FEE,1,EA,44.62,CUSTOMS PROCESSING FEE
PO-24-5648,Aeroparts AOG DWC LLC,SAFARI AVIATION SERVICES FZE,11/19/2024,11/19/2024,AOG,1,EA,149.69,FEES
PO-24-5648,Aeroparts AOG DWC LLC,SAFARI AVIATION SERVICES FZE,11/19/2024,11/19/2024,PR1422B1-2-6OZ,1,EA,111.08,SEALANT
PO-24-5648,Aeroparts AOG DWC LLC,SAFARI AVIATION SERVICES FZE,11/19/2024,11/19/2024,PR1440B1-2-6OZ,5,EA,88.39,SEALANT
PO-24-5648,Aeroparts AOG DWC LLC,SAFARI AVIATION SERVICES FZE,11/19/2024,11/19/2024,PR1440B2-6OZ,4,EA,84.83,SEALANT
PO-24-5649,Aeroparts AOG DWC LLC,BOEING FLEET,11/19/2024,10/10/2024,A35299,50,EA,8.86,PACKING
PO-24-5650,Aeroparts AOG DWC LLC,AVIALL,11/19/2024,10/10/2024,68-1357,100,EA,13.68,PACKING
PO-24-5651,Aeroparts AOG DWC LLC,CFM INTERNATIONAL,11/20/2024,11/20/2024,2002M71G01,24,EA,1791,"SHIELD, HEAT"
PO-24-5652,Aeroparts AOG DWC LLC,WENCOR,11/21/2024,11/21/2024,EN6114V5Y15,75,EA,2.38,BOLT
PO-24-5653,Aeroparts AOG DWC LLC,GLOBAL AVIATION RESOURCES,11/21/2024,11/21/2024,HG2050AC11,1,EA,65000,ADIRU
PO-24-5654,Aeroparts AOG DWC LLC,"GA TELESIS, LLC",11/21/2024,11/21/2024,NAS6707U19,21,EA,40,BOLT
PO-24-5655,Aeroparts AOG DWC LLC,SAFARI AVIATION SERVICES FZE,11/21/2024,11/21/2024,TURBONYCOIL600,96,EA,38.23,TURBINE ENGINE OIL
PO-24-5656,Aeroparts AOG DWC LLC,SCORPION AERO SOLUTIONS,11/21/2024,11/21/2024,4305990080,2,EA,1300,BRAKE SENSOR
PO-24-5657,Aeroparts AOG DWC LLC,BOEING FLEET,11/21/2024,11/21/2024,3937251-1,1,EA,1641,Pipe assy
PO-24-5658,Aeroparts AOG DWC LLC,AVIALL SERVICES INC,11/26/2024,12/3/2024,1C7003-41ABE,4,EA,1133.58,COVER
PO-24-5659,Aeroparts AOG DWC LLC,BOEING FLEET,11/27/2024,10/15/2024,J490P04,10,EA,24.84,NUT
PO-24-5661,Aeroparts AOG DWC LLC,CFM INTERNATIONAL,11/27/2024,11/27/2024,2949M03P01,8,EA,600,"LOCK,BLADE STAGE 9"
PO-24-5662,Aeroparts AOG DWC LLC,JMS AG,11/28/2024,11/28/2024,J-AXLE12HPA,1,EA,2780,JACK AXLE
PO-24-5663,Aeroparts AOG DWC LLC,AVIALL,11/28/2024,11/28/2024,56-1050,3,EA,139.9,RETAINING GREASE
PO-24-5663,Aeroparts AOG DWC LLC,AVIALL,11/28/2024,11/28/2024,39-164,5,EA,230.78,SEAL
PO-24-5663,Aeroparts AOG DWC LLC,AVIALL,11/28/2024,11/28/2024,43-1486,8,EA,407.24,BOLT
PO-24-5663,Aeroparts AOG DWC LLC,AVIALL,11/28/2024,11/28/2024,63-533,150,EA,76.46,NUT
PO-24-5663,Aeroparts AOG DWC LLC,AVIALL,11/28/2024,11/28/2024,TR756-02,5,EA,188.08,STEM
PO-24-5665,Aeroparts AOG DWC LLC,SAFARI AVIATION SERVICES FZE,11/28/2024,11/28/2024,CUSTOMS PROCESSING FEE,1,EA,35.33,CUSTOMS PROCESSING FEE
PO-24-5665,Aeroparts AOG DWC LLC,SAFARI AVIATION SERVICES FZE,11/28/2024,11/28/2024,VAT,1,EA,25.8,VAT
PO-24-5665,Aeroparts AOG DWC LLC,SAFARI AVIATION SERVICES FZE,11/28/2024,11/28/2024,PR1440B1-2-6OZ,2,EA,88.39,SEALANT
PO-24-5665,Aeroparts AOG DWC LLC,SAFARI AVIATION SERVICES FZE,11/28/2024,11/28/2024,PR1440B2-6OZ,4,EA,84.83,SEALANT
PO-24-5666,Aeroparts AOG DWC LLC,AEROSOL INTERNATIONAL,11/28/2024,11/28/2024,VAT,1,EA,320.87,VAT
PO-24-5666,Aeroparts AOG DWC LLC,AEROSOL INTERNATIONAL,11/28/2024,11/28/2024,MOBILE JET OIL II,360,EA,17.83,MOBILE JET OIL II
PO-24-5667,Aeroparts AOG DWC LLC,AERORENIX TECHNIC AVIATION LTD.,11/29/2024,12/6/2024,904800-01,1,EA,6000,ACTUATOR
PO-24-5668,Aeroparts AOG DWC LLC,BOEING DISTRIBUTION SERVICES,12/2/2024,12/2/2024,MS21921-10J,10,EA,18.77,"NUT, SLEEVE COUPLING"
PO-24-5669,Aeroparts AOG DWC LLC,Grove Aviation Services,12/3/2024,11/6/2024,A61545-001,1,EA,1600,SERVO VALVE
PO-24-5670,Aeroparts AOG DWC LLC,INVENTORY LOCATORY SERVICE LLC,12/4/2024,12/4/2024,ILS002835,1,EA,1,ILS MONTHLY PAY
PO-24-5670,Aeroparts AOG DWC LLC,INVENTORY LOCATORY SERVICE LLC,12/4/2024,12/4/2024,ILS002834,1,EA,109.51,ILS MONTHLY PAY
PO-24-5671,Aeroparts AOG DWC LLC,EMTECH COMPUTER CO LLC,12/4/2024,12/4/2024,INV NO-77849,1,EA,1288.18,INV NO-77849
PO-24-5671,Aeroparts AOG DWC LLC,EMTECH COMPUTER CO LLC,12/4/2024,12/4/2024,INV NO-77290,1,EA,1204.26,INV NO-77290
PO-24-5671,Aeroparts AOG DWC LLC,EMTECH COMPUTER CO LLC,12/4/2024,12/4/2024,INV NO-76855,1,EA,1203.78,INV NO-76855
PO-24-5671,Aeroparts AOG DWC LLC,EMTECH COMPUTER CO LLC,12/4/2024,12/4/2024,INV NO-76399,1,EA,1168.69,INV NO-76399
PO-24-5672,Aeroparts AOG DWC LLC,WENCOR,12/4/2024,12/9/2024,M25988-3-010,200,EA,1.02,O-RING
PO-24-5673,Aeroparts AOG DWC LLC,BOEING FLEET,12/4/2024,12/4/2024,143A5240-64,3,EA,2580,BREAK ASSY
PO-24-5673,Aeroparts AOG DWC LLC,BOEING FLEET,12/4/2024,12/4/2024,143A5240-63,3,EA,2667,BREAK ASSY
PO-24-5674,Aeroparts AOG DWC LLC,CFM INTERNATIONAL,12/5/2024,11/12/2024,1359M89P01,50,EA,104.5,SEAL
PO-24-5674,Aeroparts AOG DWC LLC,CFM INTERNATIONAL,12/5/2024,11/12/2024,J221P117,100,EA,2.3,PACKING-PREFORMED O-RING
PO-24-5675,Aeroparts AOG DWC LLC,HEICO PARTS GROUP,12/5/2024,10/15/2024,J979P06QQ,54,EA,36,NUT
PO-24-5676,Aeroparts AOG DWC LLC,D-Safe Cabinets,12/6/2024,12/6/2024,SC0090Y,2,EA,1198.37,FLAMMABLE STORAGE SAFETY CABINET
PO-24-5677,Aeroparts AOG DWC LLC,CFM INTERNATIONAL,12/6/2024,12/13/2024,2564M15G01,5,EA,2591,"SEAL,STAGE 3 COMPRESSOR STATOR"
PO-24-5677,Aeroparts AOG DWC LLC,CFM INTERNATIONAL,12/6/2024,12/13/2024,2564M15G02,8,EA,2605,SEAL STAGE 3 COMPRESSOR STATOR
PO-24-5678,Aeroparts AOG DWC LLC,CFM INTERNATIONAL,12/9/2024,12/9/2024,2564M19G02,6,EA,2372,SEAL STAGE 2 COMPRESSOR STATOR
PO-24-5679,Aeroparts AOG DWC LLC,CFM INTERNATIONAL,12/10/2024,12/10/2024,J1493P05A,190,EA,4.05,BOLT-MACH DBL HEX HD
PO-24-5680,Aeroparts AOG DWC LLC,BOEING FLEET,12/10/2024,12/20/2024,65C30960-11,1,EA,15651,DUCT ASSY
ERC-PO-25011,Royal Aircraft Maintenance Company DWC LLC,DUBUDAT AEROSPACE,8/5/2025,8/5/2025,856A1471G02,1,EA,1200,LPT SUPPORT BRACKET SET
ERC-PO-25011,Royal Aircraft Maintenance Company DWC LLC,DUBUDAT AEROSPACE,8/5/2025,8/5/2025,856A2645G07,1,EA,19300,BEAM -  LIFTVAR CG ENG
ERC-PO-25011,Royal Aircraft Maintenance Company DWC LLC,DUBUDAT AEROSPACE,8/5/2025,8/5/2025,856A1421G01,1,EA,2100,FIXT. LIFT HPC STATOR CASE
ERC-PO-25011,Royal Aircraft Maintenance Company DWC LLC,DUBUDAT AEROSPACE,8/5/2025,8/5/2025,856A1084G04,1,EA,3001,HAND OPERATED VSV ACTUATOR HYDRAULIC CART
ERC-PO-25006,Royal Aircraft Maintenance Company DWC LLC,AVIALL SERVICES INC,7/9/2025,7/9/2025,336-014-902-0,2,EA,803,SEAL-RING
PO-24-5681,Aeroparts AOG DWC LLC,SAFARI AVIATION SERVICES FZE,12/10/2024,12/10/2024,CUSTOMS PROCESSING FEE,1,EA,35.33,CUSTOMS PROCESSING FEE
PO-24-5681,Aeroparts AOG DWC LLC,SAFARI AVIATION SERVICES FZE,12/10/2024,12/10/2024,HEALTH,1,EA,14.27,CERTIFICATE
PO-24-5681,Aeroparts AOG DWC LLC,SAFARI AVIATION SERVICES FZE,12/10/2024,12/10/2024,VAT,1,EA,24.13,VAT
PO-24-5681,Aeroparts AOG DWC LLC,SAFARI AVIATION SERVICES FZE,12/10/2024,12/10/2024,PUR0GNEACTV4LB,1,EA,225.21,CITRIC ACID ACTIVATOR 10200
PO-24-5681,Aeroparts AOG DWC LLC,SAFARI AVIATION SERVICES FZE,12/10/2024,12/10/2024,SW-GSNG/GAL,1,EA,93.69,Potable Tank Cleaner
PO-24-5681,Aeroparts AOG DWC LLC,SAFARI AVIATION SERVICES FZE,12/10/2024,12/10/2024,PUR0GENEQT,1,EA,163.67,PUROGENE SANITIZER AND DEODORIZER
PO-24-5682,Aeroparts AOG DWC LLC,CFM INTERNATIONAL,12/11/2024,12/11/2024,P109P53,10,EA,717,HPC BLADE -STAGE 9 LKG
PO-24-5683,Aeroparts AOG DWC LLC,CFM INTERNATIONAL,12/11/2024,12/11/2024,9941M16P02,200,EA,41,BUSHING
PO-24-5685,Aeroparts AOG DWC LLC,CFM INTERNATIONAL,12/11/2024,12/11/2024,P264G07,2,EA,3457,"VANE SECTOR, S4"
PO-24-5686,Aeroparts AOG DWC LLC,GLOBAL AVIATION RESOURCES,12/11/2024,12/11/2024,465020-03030316,1,EA,50000,AIR DATA AND INERTIAL REF UNIT
PO-24-5687,Aeroparts AOG DWC LLC,CFM INTERNATIONAL,12/12/2024,1/5/2025,338-118-304-0,1,EA,2439,RING-SECTOR SUPPORT
PO-24-5688,Aeroparts AOG DWC LLC,CFM INTERNATIONAL,12/12/2024,12/12/2024,2411M39P02,1,EA,40960,BEARING-BALL THRUST NO.3
PO-24-5689,Aeroparts AOG DWC LLC,Thameside Aero Spares Ltd,12/13/2024,12/13/2024,5937609-501,2,EA,150,SEAL
PO-24-5690,Aeroparts AOG DWC LLC,BOEING FLEET,12/13/2024,12/13/2024,143A5240-64,2,EA,2580,BREAK ASSY
PO-24-5690,Aeroparts AOG DWC LLC,BOEING FLEET,12/13/2024,12/13/2024,143A5240-63,2,EA,2667,BREAK ASSY
PO-24-5691,Aeroparts AOG DWC LLC,CFM INTERNATIONAL,12/13/2024,12/13/2024,2564M15G04,2,EA,2539,SEAL STAGE 3 COMPRESSOR STATOR
PO-24-5691,Aeroparts AOG DWC LLC,CFM INTERNATIONAL,12/13/2024,12/13/2024,2564M15G03,2,EA,2539,SEAL STAGE 3 COMPRESSOR STATOR
PO-24-5692,Aeroparts AOG DWC LLC,ROLLS ROYCE,12/16/2024,12/16/2024,1820154319,1,EA,42855,INVOICE RR
PO-24-5693,Aeroparts AOG DWC LLC,CFM INTERNATIONAL,12/16/2024,12/16/2024,2564M19G04,10,EA,2351,SEAL STAGE 2 COMPRESSOR STATOR
PO-24-5693,Aeroparts AOG DWC LLC,CFM INTERNATIONAL,12/16/2024,12/16/2024,2564M15G04,10,EA,2539,SEAL STAGE 3 COMPRESSOR STATOR
PO-24-5693,Aeroparts AOG DWC LLC,CFM INTERNATIONAL,12/16/2024,12/16/2024,2564M15G03,10,EA,2539,SEAL STAGE 3 COMPRESSOR STATOR
PO-24-5694,Aeroparts AOG DWC LLC,PILOT JOHN INTERNATONAL,12/16/2024,12/16/2024,KPC4-825-8,6,EA,138.8,PITOT PROBE COVER
PO-24-5694,Aeroparts AOG DWC LLC,PILOT JOHN INTERNATONAL,12/16/2024,12/16/2024,KPC4-480-325,12,EA,99.09,PITOT PROBE COVER
PO-24-5694,Aeroparts AOG DWC LLC,PILOT JOHN INTERNATONAL,12/16/2024,12/16/2024,FTC-102,7,EA,77.98,PITOT PROBE COVER
PO-24-5695,Aeroparts AOG DWC LLC,BOEING FLEET,12/16/2024,12/5/2024,315W5245-1,2,EA,785,Fitting
PO-24-5696,Aeroparts AOG DWC LLC,CFM INTERNATIONAL,12/16/2024,12/16/2024,649-412-305-0,30,EA,87.5,CLAMP
PO-24-5697,Aeroparts AOG DWC LLC,CFM INTERNATIONAL,12/17/2024,12/17/2024,J1431P08,25,EA,55.75,"CLAMP, LOOP"
PO-24-5697,Aeroparts AOG DWC LLC,CFM INTERNATIONAL,12/17/2024,12/17/2024,9971M82P02,2,EA,499.25,"RING, RETAINING"
PO-24-5698,Aeroparts AOG DWC LLC,CFM INTERNATIONAL,12/17/2024,12/17/2024,1663M70P02,10,EA,3656,RING-RETAINING KEYED
PO-24-5699,Aeroparts AOG DWC LLC,CFM INTERNATIONAL,12/18/2024,12/18/2024,1590M33P01,2,EA,2536,"LINK ASSY, S3"
PO-24-5700,Aeroparts AOG DWC LLC,CFM INTERNATIONAL,12/18/2024,12/18/2024,2411M39P02,1,EA,40960,BEARING-BALL THRUST NO.3
PO-24-5701,Aeroparts AOG DWC LLC,DHL WORLDWIDE EXPRESS DUBAI LLC,12/18/2024,12/18/2024,D12861818,1,EA,13.32,INVOICE NUMBER
PO-24-5701,Aeroparts AOG DWC LLC,DHL WORLDWIDE EXPRESS DUBAI LLC,12/18/2024,12/18/2024,DXBR002449745,1,EA,113.02,INVOICE NUMBER
PO-24-5701,Aeroparts AOG DWC LLC,DHL WORLDWIDE EXPRESS DUBAI LLC,12/18/2024,12/18/2024,DXBIR01903786,1,EA,1369.44,INVOICE NUMBER
PO-24-5701,Aeroparts AOG DWC LLC,DHL WORLDWIDE EXPRESS DUBAI LLC,12/18/2024,12/18/2024,D12847678,1,EA,10.87,INVOICE NUMBER
PO-24-5701,Aeroparts AOG DWC LLC,DHL WORLDWIDE EXPRESS DUBAI LLC,12/18/2024,12/18/2024,DXBIR01899169,1,EA,2196.11,INVOICE NUMBER
PO-24-5701,Aeroparts AOG DWC LLC,DHL WORLDWIDE EXPRESS DUBAI LLC,12/18/2024,12/18/2024,D12810547,1,EA,4.35,INVOICE NUMBER
PO-24-5701,Aeroparts AOG DWC LLC,DHL WORLDWIDE EXPRESS DUBAI LLC,12/18/2024,12/18/2024,DXBIR01892234,1,EA,1992.8,INVOICE NUMBER
PO-24-5701,Aeroparts AOG DWC LLC,DHL WORLDWIDE EXPRESS DUBAI LLC,12/18/2024,12/18/2024,DXBIDR0161238,1,EA,13.32,INVOICE NUMBER
PO-24-5701,Aeroparts AOG DWC LLC,DHL WORLDWIDE EXPRESS DUBAI LLC,12/18/2024,12/18/2024,D12766960,1,EA,15.22,INVOICE NUMBER
PO-24-5701,Aeroparts AOG DWC LLC,DHL WORLDWIDE EXPRESS DUBAI LLC,12/18/2024,12/18/2024,DXBIR01886165,1,EA,3253.06,INVOICE NUMBER
PO-24-5701,Aeroparts AOG DWC LLC,DHL WORLDWIDE EXPRESS DUBAI LLC,12/18/2024,12/18/2024,D12761006,1,EA,8.15,INVOICE NUMBER
PO-24-5701,Aeroparts AOG DWC LLC,DHL WORLDWIDE EXPRESS DUBAI LLC,12/18/2024,12/18/2024,D12755105,1,EA,13.59,INVOICE NUMBER
PO-24-5701,Aeroparts AOG DWC LLC,DHL WORLDWIDE EXPRESS DUBAI LLC,12/18/2024,12/18/2024,DXBIR01879792,1,EA,255.75,INVOICE NUMBER
PO-24-5702,Aeroparts AOG DWC LLC,UNICAL AVIATION,12/18/2024,12/18/2024,D08504K3D1E01B0,2,EA,1575,TRIPOD JACK
ERC-PO-25010,Royal Aircraft Maintenance Company DWC LLC,AVIALL SERVICES INC,7/29/2025,7/29/2025,336-030-302-0,20,EA,114.25,SKIN FILLET FWD
ERC-PO-25010,Royal Aircraft Maintenance Company DWC LLC,AVIALL SERVICES INC,7/29/2025,7/29/2025,336-550-102-0,10,EA,306.5,SHIM
PO-24-5703,Aeroparts AOG DWC LLC,CFM INTERNATIONAL,12/19/2024,12/19/2024,P395P04,5,EA,988,BLADE-STG5
PO-24-5704,Aeroparts AOG DWC LLC,"Safetech USA, Inc",12/20/2024,12/10/2024,B64534-3,5,EA,850,CYLINDER
PO-24-5705,Aeroparts AOG DWC LLC,CFM INTERNATIONAL,12/23/2024,12/23/2024,338-118-304-0,1,EA,2439,RING-SECTOR SUPPORT
PO-24-5706,Aeroparts AOG DWC LLC,OH Capital Assets,12/23/2024,11/18/2024,1FA14012-6,1,EA,2650,ACTUATOR ASSY
PO-24-5707,Aeroparts AOG DWC LLC,SAFARI AVIATION SERVICES FZE,12/24/2024,12/24/2024,VAT,1,EA,22.76,VAT
PO-24-5707,Aeroparts AOG DWC LLC,SAFARI AVIATION SERVICES FZE,12/24/2024,12/24/2024,HEALTH,1,EA,42.8,CERTIFICATE
PO-24-5707,Aeroparts AOG DWC LLC,SAFARI AVIATION SERVICES FZE,12/24/2024,12/24/2024,CUSTOMS PROCESSING FEE,1,EA,35.33,CUSTOMS PROCESSING FEE
PO-24-5707,Aeroparts AOG DWC LLC,SAFARI AVIATION SERVICES FZE,12/24/2024,12/24/2024,EASTMAN TURBO OIL 2380,24,QT,18.97,OIL
ERC-PO-25010,Royal Aircraft Maintenance Company DWC LLC,AVIALL SERVICES INC,7/29/2025,7/29/2025,AS3209-029,50,EA,0.52, O-RING
ERC-PO-25010,Royal Aircraft Maintenance Company DWC LLC,AVIALL SERVICES INC,7/29/2025,7/29/2025,336-018-602-0,100,EA,9.25,PLUG
ERC-PO-25009,Royal Aircraft Maintenance Company DWC LLC,CFM INTERNATIONAL,7/29/2025,7/29/2025,9111M35P07,25,EA,83.5,"SCREW-SOCKET HEAD (6,6G)"
ERC-PO-25009,Royal Aircraft Maintenance Company DWC LLC,CFM INTERNATIONAL,7/29/2025,7/29/2025,649-781-725-0,20,EA,46.25,"BOLT,"
PO-24-5708,Aeroparts AOG DWC LLC,GLOBAL AVIATION RESOURCES,12/24/2024,12/24/2024,HG2100AB02,1,EA,220000,INERTIAL REFERENCE UNIT
PO-24-5709,Aeroparts AOG DWC LLC,CFM INTERNATIONAL,12/25/2024,1/18/2025,2564M14P01,18,EA,1552,SHROUD ASSY-CPRSR STTR STG 3
PO-24-5710,Aeroparts AOG DWC LLC,CFM INTERNATIONAL,12/25/2024,1/18/2025,9131M66P03,100,EA,130.25,"BUSHING, BELLCR"
PO-24-5711,Aeroparts AOG DWC LLC,AVIALL,12/25/2024,12/23/2024,60476,2,EA,376.51,BUSHING
PO-24-5712,Aeroparts AOG DWC LLC,CFM INTERNATIONAL,12/25/2024,12/25/2024,1277M91G09,4,EA,1540,"SHROUD,ASSY-CPRSR STTR STG 3"
PO-24-5712,Aeroparts AOG DWC LLC,CFM INTERNATIONAL,12/25/2024,12/25/2024,2050M82G05,4,EA,1286,SHROUD ASSY-CPRSR STTR STG 2
PO-24-5713,Aeroparts AOG DWC LLC,SAFARI AVIATION SERVICES FZE,12/25/2024,12/25/2024,OL387AS15,30,EA,2.76,LAMP
PO-24-5713,Aeroparts AOG DWC LLC,SAFARI AVIATION SERVICES FZE,12/25/2024,12/25/2024,GE1864,10,EA,2.49,LAMP
PO-24-5714,Aeroparts AOG DWC LLC,CFM INTERNATIONAL,12/25/2024,12/25/2024,1559M27G06,24,EA,1540,"SEAL, VANE ASSY"
PO-24-5715,Aeroparts AOG DWC LLC,CFM INTERNATIONAL,12/25/2024,12/23/2024,340-054-502-0,1,EA,10590,BEARING-ROLLER
PO-24-5716,Aeroparts AOG DWC LLC,CFM INTERNATIONAL,12/25/2024,12/25/2024,2564M19G01,8,EA,2401,SEAL STAGE2 COMPRESSOR STATOR
PO-24-5717,Aeroparts AOG DWC LLC,SAFARI AVIATION SERVICES FZE,12/25/2024,12/25/2024,VAT,1,EA,3277.1,VAT
PO-24-5717,Aeroparts AOG DWC LLC,SAFARI AVIATION SERVICES FZE,12/25/2024,12/25/2024,AF888,10,EA,230.48,PATCH
PO-24-5717,Aeroparts AOG DWC LLC,SAFARI AVIATION SERVICES FZE,12/25/2024,12/25/2024,PR1782C-2,10,EA,183.37,Low Density Fuel Tank Sealant
PO-24-5717,Aeroparts AOG DWC LLC,SAFARI AVIATION SERVICES FZE,12/25/2024,12/25/2024,ZEP-RTU,30,EA,17.96,RTU Cleaner Disinfectant
PO-24-5717,Aeroparts AOG DWC LLC,SAFARI AVIATION SERVICES FZE,12/25/2024,12/25/2024,DOWSIL-1200-OS,10,EA,89.58,OS CLEAR PRIMER
PO-24-5717,Aeroparts AOG DWC LLC,SAFARI AVIATION SERVICES FZE,12/25/2024,12/25/2024,PR1782B1-2-6OZ,10,EA,141.13,Low Density Sealant 6 Oz Liquid Black
PO-24-5717,Aeroparts AOG DWC LLC,SAFARI AVIATION SERVICES FZE,12/25/2024,12/25/2024,PR1436GPT,10,EA,288.14,Sprayable Corrosion Inhibitive Sealant Pint Kit
PO-24-5717,Aeroparts AOG DWC LLC,SAFARI AVIATION SERVICES FZE,12/25/2024,12/25/2024,PL470,20,EA,89.12,Dry Film Lubricant
PO-24-5717,Aeroparts AOG DWC LLC,SAFARI AVIATION SERVICES FZE,12/25/2024,12/25/2024,ROCOL ASC251T,4,EA,345.82,ANTI-SEIZE
PO-24-5717,Aeroparts AOG DWC LLC,SAFARI AVIATION SERVICES FZE,12/25/2024,12/25/2024,ROCOL-797,4,EA,353.81,ANTI SEIZE 797
PO-24-5717,Aeroparts AOG DWC LLC,SAFARI AVIATION SERVICES FZE,12/25/2024,12/25/2024,DRY MOLY SPRAY,6,EA,144.59,AEROSOL
PO-24-5717,Aeroparts AOG DWC LLC,SAFARI AVIATION SERVICES FZE,12/25/2024,12/25/2024,MS20995C47SS1LB,1,EA,21.08,STAINLESS LOCKWIRE 0.047 1LB
PO-24-5717,Aeroparts AOG DWC LLC,SAFARI AVIATION SERVICES FZE,12/25/2024,12/25/2024,MS20995NC20,10,EA,59.26,400 NICKEL ALLOY WIRE .020 1LB
PO-24-5717,Aeroparts AOG DWC LLC,SAFARI AVIATION SERVICES FZE,12/25/2024,12/25/2024,106862,2,EA,3726.05,SKYFLEX TAPE
PO-24-5717,Aeroparts AOG DWC LLC,SAFARI AVIATION SERVICES FZE,12/25/2024,12/25/2024,FREKOTE 700-NC,20,EA,87.9,MOLD RELEASE AGENT
PO-24-5717,Aeroparts AOG DWC LLC,SAFARI AVIATION SERVICES FZE,12/25/2024,12/25/2024,SOCOPAC-50S,12,EA,120.59,Socomore 50S Corrosion Preventative 500ml 
PO-24-5717,Aeroparts AOG DWC LLC,SAFARI AVIATION SERVICES FZE,12/25/2024,12/25/2024,M00316,24,EA,18.73,LPS3 RUST INHIBITOR 380ML
PO-24-5717,Aeroparts AOG DWC LLC,SAFARI AVIATION SERVICES FZE,12/25/2024,12/25/2024,ARDROX-AV25-AEROSOL,8,EA,68,CORROSION INHIBITOR 400ML
PO-24-5717,Aeroparts AOG DWC LLC,SAFARI AVIATION SERVICES FZE,12/25/2024,12/25/2024,SP77006A,12,EA,44.91,SANI PAK
PO-24-5717,Aeroparts AOG DWC LLC,SAFARI AVIATION SERVICES FZE,12/25/2024,12/25/2024,CITRA-SAFE-5LTR,4,EA,507.02,CLEANER DISINFECTANT
PO-24-5717,Aeroparts AOG DWC LLC,SAFARI AVIATION SERVICES FZE,12/25/2024,12/25/2024,8500-5200-5LT,6,EA,231.53,Thinner
PO-24-5717,Aeroparts AOG DWC LLC,SAFARI AVIATION SERVICES FZE,12/25/2024,12/25/2024,CA1000-6OZ,8,EA,154.93,CORROSION INHIBITIVE JOINTING COMPOUND 6 OZ
PO-24-5717,Aeroparts AOG DWC LLC,SAFARI AVIATION SERVICES FZE,12/25/2024,12/25/2024,DOWSIL-730FS,10,EA,168.47,SOLVENT RESISTANT SEALANT 90ML
PO-24-5717,Aeroparts AOG DWC LLC,SAFARI AVIATION SERVICES FZE,12/25/2024,12/25/2024,FLOORSIL2-8.15-310ML,8,EA,100,DARK GREY SEALANT 310 ML CG
PO-24-5717,Aeroparts AOG DWC LLC,SAFARI AVIATION SERVICES FZE,12/25/2024,12/25/2024,PR148-1PTBLUE,10,EA,206.59,"ADHESION PROMOTER, BLUE, 1 PT"
PO-24-5717,Aeroparts AOG DWC LLC,SAFARI AVIATION SERVICES FZE,12/25/2024,12/25/2024,PR1440A1-2,20,EA,121.18,SEALANT 654 SEMKIT 6OZ
ERC-PO-25008,Royal Aircraft Maintenance Company DWC LLC,SILMID,7/24/2025,7/24/2025,DELIVERY CHARGES,1,EA,47,DELIVERY
ERC-PO-25008,Royal Aircraft Maintenance Company DWC LLC,SILMID,7/24/2025,7/24/2025,LOCTITE ABLESTIK 104 RR,1,EA,485.32,LOCTITE ABLESTIK 104 EPOXY ADHESIVE A/B RR
PO-24-5717,Aeroparts AOG DWC LLC,SAFARI AVIATION SERVICES FZE,12/25/2024,12/25/2024,A840R0025L694SC,6,RL,449.08,APLIX 840 ACRYLIC PSA LOOP
PO-24-5717,Aeroparts AOG DWC LLC,SAFARI AVIATION SERVICES FZE,12/25/2024,12/25/2024,3M850,10,EA,215.56,"CLEAR POLYSTER FILM TAPE, 3M TAPE 850"
PO-24-5717,Aeroparts AOG DWC LLC,SAFARI AVIATION SERVICES FZE,12/25/2024,12/25/2024,P55,10,RL,44.91,DOUBLE SIDED CARPET TAPE
PO-24-5717,Aeroparts AOG DWC LLC,SAFARI AVIATION SERVICES FZE,12/25/2024,12/25/2024,3M 950,10,RL,194.41,TRANSFERBAND 3M 950
PO-24-5717,Aeroparts AOG DWC LLC,SAFARI AVIATION SERVICES FZE,12/25/2024,12/25/2024,SCOTCHWELD-EC1300L,10,QT,148.45,CONTACT RUBBER AND GASKET ADHESIVE (WITH TOLUENE)
PO-24-5717,Aeroparts AOG DWC LLC,SAFARI AVIATION SERVICES FZE,12/25/2024,12/25/2024,ARALDITE AW1334,6,CAN,281.51,EPOXY RESIN
PO-24-5717,Aeroparts AOG DWC LLC,SAFARI AVIATION SERVICES FZE,12/25/2024,12/25/2024,LOCTITE 271,4,BOT,198.79,HIGH STRENGTH THREADLOCKER
PO-24-5717,Aeroparts AOG DWC LLC,SAFARI AVIATION SERVICES FZE,12/25/2024,12/25/2024,LOCTITE 672,6,BOT,192.58,ANAEROBIC RETAINING COMPOUND
PO-24-5717,Aeroparts AOG DWC LLC,SAFARI AVIATION SERVICES FZE,12/25/2024,12/25/2024,021200-20193,20,TB,73.4,SCOTCH SEAL 1252 TAMPER PROOF SEALANT WHITE
PO-24-5717,Aeroparts AOG DWC LLC,SAFARI AVIATION SERVICES FZE,12/25/2024,12/25/2024,CV116-GPR0,1,TN,965.18,PPG CV116PU COATING GLOSS CLEAR
PO-24-5717,Aeroparts AOG DWC LLC,SAFARI AVIATION SERVICES FZE,12/25/2024,12/25/2024,LUBRIBOND 220 AEROSOL,10,CAN,76.36,LUBRIBOND 220 AEROSOL
PO-24-5717,Aeroparts AOG DWC LLC,SAFARI AVIATION SERVICES FZE,12/25/2024,12/25/2024,SANTOVAC-5,2,BOT,1123.48,POLYPHENYL ETHER FLUID
PO-24-5717,Aeroparts AOG DWC LLC,SAFARI AVIATION SERVICES FZE,12/25/2024,12/25/2024,LUBTORK,40,EA,79.32,ANTI-SEIZE COMPOUND
ERC-PO-25007,Royal Aircraft Maintenance Company DWC LLC,"PTS Aviation, LLC",7/22/2025,7/22/2025,338-092-218-0,1,EA,890000,LPT MODULE
PO-24-5717,Aeroparts AOG DWC LLC,SAFARI AVIATION SERVICES FZE,12/25/2024,12/25/2024,SHC100-2KG,6,CAN,134.72,MOBIL AVIATION GREASE SHC100
PO-24-5717,Aeroparts AOG DWC LLC,SAFARI AVIATION SERVICES FZE,12/25/2024,12/25/2024,MOLUB-ALLOY-PASTE-WHITE,40,TB,30.52,Molub-Alloy Paste White T 100gm Tube
PO-24-5717,Aeroparts AOG DWC LLC,SAFARI AVIATION SERVICES FZE,12/25/2024,12/25/2024,ETO2389-QT,96,QT,28.94,EASTMAN TURBO OIL 2389 QT CAN
PO-24-5718,Aeroparts AOG DWC LLC,BOEING FLEET,12/26/2024,12/21/2024,32EN21-4,1,EA,2088,SWITCH
PO-24-5719,Aeroparts AOG DWC LLC,WENCOR,12/26/2024,12/26/2024,NSA8202-6,51,EA,2.67,O-RING
PO-24-5719,Aeroparts AOG DWC LLC,WENCOR,12/26/2024,12/26/2024,NSA8200-2,22,EA,4.8,PACKING
PO-24-5719,Aeroparts AOG DWC LLC,WENCOR,12/26/2024,12/26/2024,ABS0901R200,18,EA,8.89,CLAMP
PO-24-5719,Aeroparts AOG DWC LLC,WENCOR,12/26/2024,12/26/2024,9GD402429-00,12,EA,134.94,SEAL
PO-24-5719,Aeroparts AOG DWC LLC,WENCOR,12/26/2024,12/26/2024,1744587-01,12,EA,59.81,FILTER
PO-24-5719,Aeroparts AOG DWC LLC,WENCOR,12/26/2024,12/26/2024,4406001-001,38,EA,15.49,INDICATOR-TAMPER
PO-24-5719,Aeroparts AOG DWC LLC,WENCOR,12/26/2024,12/26/2024,EV0-34401,15,EA,8.17,GASKET
PO-24-5720,Aeroparts AOG DWC LLC,BOEING DISTRIBUTION SERVICES,12/26/2024,12/26/2024,ABS0114T4D15,14,EA,3.58,BOLT-HEXAGON HEAD
PO-24-5720,Aeroparts AOG DWC LLC,BOEING DISTRIBUTION SERVICES,12/26/2024,12/26/2024,NSA5355-6CA,51,EA,0.99,WASHER LOCK
PO-24-5720,Aeroparts AOG DWC LLC,BOEING DISTRIBUTION SERVICES,12/26/2024,12/26/2024,NSA5031-4-10,100,EA,11.21,BOLT
PO-24-5720,Aeroparts AOG DWC LLC,BOEING DISTRIBUTION SERVICES,12/26/2024,12/26/2024,NAS1921B04S02U,1000,EA,1.47,RIVET-BLIND
PO-24-5720,Aeroparts AOG DWC LLC,BOEING DISTRIBUTION SERVICES,12/26/2024,12/26/2024,NAS1611-209,22,EA,2.5,PACKING
PO-24-5720,Aeroparts AOG DWC LLC,BOEING DISTRIBUTION SERVICES,12/26/2024,12/26/2024,M83248-1-024,41,EA,1.24,PACKING-PREFORMED
PO-24-5720,Aeroparts AOG DWC LLC,BOEING DISTRIBUTION SERVICES,12/26/2024,12/26/2024,AS43013-116,50,EA,1.02,RING
PO-24-5720,Aeroparts AOG DWC LLC,BOEING DISTRIBUTION SERVICES,12/26/2024,12/26/2024,ASNA2128-05C05,14,EA,40.39,BUSH-SHOULDERED
PO-24-5720,Aeroparts AOG DWC LLC,BOEING DISTRIBUTION SERVICES,12/26/2024,12/26/2024,ABS0114T4D44,12,EA,55.58,BOLT-HEXAGON HEAD
PO-24-5720,Aeroparts AOG DWC LLC,BOEING DISTRIBUTION SERVICES,12/26/2024,12/26/2024,ABS0114T4D15,0,EA,3.57,BOLT-HEXAGON HEAD
PO-24-5721,Aeroparts AOG DWC LLC,PROPONENT,12/26/2024,12/26/2024,ASNA2531-3,33,EA,4.56,NUT
PO-24-5721,Aeroparts AOG DWC LLC,PROPONENT,12/26/2024,12/26/2024,AS43013-156,14,EA,4.92,RING-SEALING TORIODAL
PO-24-5721,Aeroparts AOG DWC LLC,PROPONENT,12/26/2024,12/26/2024,AS43013-114,14,EA,3.51,RING
PO-24-5721,Aeroparts AOG DWC LLC,PROPONENT,12/26/2024,12/26/2024,AS3582-252,22,EA,4.04,PACKING PREFORMED
PO-24-5721,Aeroparts AOG DWC LLC,PROPONENT,12/26/2024,12/26/2024,AS3209-012,14,EA,1.61,Packing
PO-24-5721,Aeroparts AOG DWC LLC,PROPONENT,12/26/2024,12/26/2024,AS20627,16,EA,3.99,NUT
PO-24-5721,Aeroparts AOG DWC LLC,PROPONENT,12/26/2024,12/26/2024,ABS5800D096B,16,EA,68.07,SEAL
PO-24-5721,Aeroparts AOG DWC LLC,PROPONENT,12/26/2024,12/26/2024,ABS0836B06,58,EA,13.49,Tube-heat
PO-24-5721,Aeroparts AOG DWC LLC,PROPONENT,12/26/2024,12/26/2024,9GD402431-10,12,EA,269.64,SEAL
PO-24-5721,Aeroparts AOG DWC LLC,PROPONENT,12/26/2024,12/26/2024,2-266N602-70,12,EA,5.03,PACKING
PO-24-5721,Aeroparts AOG DWC LLC,PROPONENT,12/26/2024,12/26/2024,0F25-021,15,EA,115.95,"RING, SEALING"
PO-24-5722,Aeroparts AOG DWC LLC,PROPONENT,12/26/2024,12/26/2024,S9413-010,26,EA,118,PACKING
PO-24-5722,Aeroparts AOG DWC LLC,PROPONENT,12/26/2024,12/26/2024,S3225-906,30,EA,39.91,"SEAL,RING"
PO-24-5722,Aeroparts AOG DWC LLC,PROPONENT,12/26/2024,12/26/2024,S3225-902,14,EA,64.4,PACKING
PO-24-5722,Aeroparts AOG DWC LLC,PROPONENT,12/26/2024,12/26/2024,NSA835070-5C,33,EA,4.26,RING FOR FLARED TUBE
ERC-PO-25005,Royal Aircraft Maintenance Company DWC LLC,AVIALL,7/8/2025,7/8/2025,325241-10,15,EA,17.74,PACKING
PO-24-5722,Aeroparts AOG DWC LLC,PROPONENT,12/26/2024,12/26/2024,NSA8208-266,12,EA,12.39,O-RING
PO-24-5722,Aeroparts AOG DWC LLC,PROPONENT,12/26/2024,12/26/2024,NSA8207-5,12,EA,4.74,O-RING
PO-24-5722,Aeroparts AOG DWC LLC,PROPONENT,12/26/2024,12/26/2024,NSA8203-230,34,EA,6.99,O-RING
PO-24-5722,Aeroparts AOG DWC LLC,PROPONENT,12/26/2024,12/26/2024,NSA8203-016,12,EA,4.21,O-RING
PO-24-5722,Aeroparts AOG DWC LLC,PROPONENT,12/26/2024,12/26/2024,NSA8200-6,16,EA,4.21,O-RING
PO-24-5722,Aeroparts AOG DWC LLC,PROPONENT,12/26/2024,12/26/2024,NSA5050-4,100,EA,1.41,NUT
PO-24-5722,Aeroparts AOG DWC LLC,PROPONENT,12/26/2024,12/26/2024,NSA5050-3,100,EA,0.96,NUT
PO-24-5722,Aeroparts AOG DWC LLC,PROPONENT,12/26/2024,12/26/2024,NAS1726C4S,400,EA,1.73,NUT
PO-24-5722,Aeroparts AOG DWC LLC,PROPONENT,12/26/2024,12/26/2024,NAS1611-317,200,EA,1.66,PACKING
PO-24-5722,Aeroparts AOG DWC LLC,PROPONENT,12/26/2024,12/26/2024,NAS1611-241,12,EA,3.65,PACKING
PO-24-5722,Aeroparts AOG DWC LLC,PROPONENT,12/26/2024,12/26/2024,NAS1096-3-10,200,EA,0.28,SCREW 
PO-24-5722,Aeroparts AOG DWC LLC,PROPONENT,12/26/2024,12/26/2024,MS9386-159,11,EA,15.59,PACKING-PREFORMED
PO-24-5722,Aeroparts AOG DWC LLC,PROPONENT,12/26/2024,12/26/2024,AS3578-281,11,EA,14.72,PACKING
PO-24-5722,Aeroparts AOG DWC LLC,PROPONENT,12/26/2024,12/26/2024,AS3578-270,12,EA,7.65,PACKING
PO-24-5722,Aeroparts AOG DWC LLC,PROPONENT,12/26/2024,12/26/2024,AS3578-226,24,EA,1.88,PACKING-PREFORMED
PO-24-5722,Aeroparts AOG DWC LLC,PROPONENT,12/26/2024,12/26/2024,AS3578-901,50,EA,0.67,PACKING-PREFORM
PO-24-5722,Aeroparts AOG DWC LLC,PROPONENT,12/26/2024,12/26/2024,MS35333-38,12,EA,0.37,WASHER LOCK
PO-24-5722,Aeroparts AOG DWC LLC,PROPONENT,12/26/2024,12/26/2024,MS29561-242,24,EA,2.26,PACKING-PREFORMED
PO-24-5722,Aeroparts AOG DWC LLC,PROPONENT,12/26/2024,12/26/2024,MS27196-32,14,EA,16.73,GASKET
PO-24-5722,Aeroparts AOG DWC LLC,PROPONENT,12/26/2024,12/26/2024,MS24665-377,1000,EA,0.23,COTTER PIN
PO-24-5722,Aeroparts AOG DWC LLC,PROPONENT,12/26/2024,12/26/2024,MS24665-374,1000,EA,0.22,PIN-COTTER
PO-24-5722,Aeroparts AOG DWC LLC,PROPONENT,12/26/2024,12/26/2024,MS21042-6,200,EA,0.71,NUT
PO-24-5722,Aeroparts AOG DWC LLC,PROPONENT,12/26/2024,12/26/2024,M83485-1-902,14,EA,4.15,PACKING
PO-24-5722,Aeroparts AOG DWC LLC,PROPONENT,12/26/2024,12/26/2024,M83248-2-905,14,EA,1.6,PACKING
PO-24-5722,Aeroparts AOG DWC LLC,PROPONENT,12/26/2024,12/26/2024,M25988-2-906,11,EA,4.11,PACKING-PREFORMED
PO-24-5722,Aeroparts AOG DWC LLC,PROPONENT,12/26/2024,12/26/2024,M25988-2-013,13,EA,2.5,PACKING-PREFORMED
PO-24-5722,Aeroparts AOG DWC LLC,PROPONENT,12/26/2024,12/26/2024,M25988-2-011,12,EA,2.03,PACKING
PO-24-5723,Aeroparts AOG DWC LLC,AVIALL,12/26/2024,12/26/2024,MS21043-3,200,EA,2.66,SELF LOCKING NUT
PO-24-5724,Aeroparts AOG DWC LLC,Seal Dynamics,12/26/2024,12/26/2024,MPLA1016,14,EA,314.58,OIL SCAVENGE ELEMENT
PO-24-5725,Aeroparts AOG DWC LLC,BOEING FLEET,12/26/2024,12/26/2024,728-602061-000,2,EA,2018,GASKET
PO-24-5726,Aeroparts AOG DWC LLC,CFM INTERNATIONAL,12/31/2024,12/31/2024,2050M83G05,4,EA,1540,SHROUD ASSY-CPRSR STTR STG 3
PO-24-5727,Aeroparts AOG DWC LLC,CFM INTERNATIONAL,12/31/2024,12/31/2024,2564M15G02,10,EA,2605,SEAL STAGE 3 COMPRESSOR STATOR
PO-24-5730,Aeroparts AOG DWC LLC,ROTAFILO,1/8/2025,1/8/2025,M47381,2,EA,0,GUIDE CONE-WHEEL
PO-24-5730,Aeroparts AOG DWC LLC,ROTAFILO,1/8/2025,1/8/2025,98F27401000000,1,EA,1008,PITCH TRIM CONTROL
PO-24-5730,Aeroparts AOG DWC LLC,ROTAFILO,1/8/2025,1/8/2025,INTL WIRE FEE,1,EA,28,INTERNATIONAL WIRE FEE
PO-24-5730,Aeroparts AOG DWC LLC,ROTAFILO,1/8/2025,1/8/2025,98A57103013000,1,EA,80.64,TAP TEST TOOL
PO-24-5730,Aeroparts AOG DWC LLC,ROTAFILO,1/8/2025,1/8/2025,HU44533,1,EA,777.6,MAGNETIC STRENGTH TEST PIECE
PO-24-5730,Aeroparts AOG DWC LLC,ROTAFILO,1/8/2025,1/8/2025,HU29255,1,EA,763.2,Extractor with slide hammer
PO-24-5730,Aeroparts AOG DWC LLC,ROTAFILO,1/8/2025,1/8/2025,98F27508209000,1,EA,285.12,PIN SET - NEUTRAL SETTING
PO-24-5730,Aeroparts AOG DWC LLC,ROTAFILO,1/8/2025,1/8/2025,98F27608701000,2,EA,1346.88,LR - DIST COLLAR SPOILER
PO-24-5730,Aeroparts AOG DWC LLC,ROTAFILO,1/8/2025,1/8/2025,98D27603002001,10,EA,190.08,KEY - SPOILER MAINTENANCE
PO-24-5730,Aeroparts AOG DWC LLC,ROTAFILO,1/8/2025,1/8/2025,HU87128,1,EA,934.08,EXTRACTOR - R/I N.3/4 HINGE PIN T/R
PO-24-5730,Aeroparts AOG DWC LLC,ROTAFILO,1/8/2025,1/8/2025,HU55152-1,1,EA,4138.56,BRACE - HOLD OPEN COWLS LH
PO-24-5730,Aeroparts AOG DWC LLC,ROTAFILO,1/8/2025,1/8/2025,HU55151-1,1,EA,4136.64,BRACE - HOLD OPEN COWLS RH
PO-24-5730,Aeroparts AOG DWC LLC,ROTAFILO,1/8/2025,1/8/2025,98F71203001026,1,EA,4009.92,CHEST - TORQUE SET
PO-24-5730,Aeroparts AOG DWC LLC,ROTAFILO,1/8/2025,1/8/2025,98F32204001001,2,EA,1015.68,"COLLAR - SAFETY, NLG DOOR"
PO-24-5730,Aeroparts AOG DWC LLC,ROTAFILO,1/8/2025,1/8/2025,701-2978000,2,EA,76.8,"PIN - SAFETY, PAX DOOR DAMPER"
PO-24-5730,Aeroparts AOG DWC LLC,ROTAFILO,1/8/2025,1/8/2025,9501501-4000,1,EA,3552.96,TOOL VACUUM TOILET - LEAK TESTER
PO-24-5730,Aeroparts AOG DWC LLC,ROTAFILO,1/8/2025,1/8/2025,995000-00,5,EA,52.8,TOOL MANUAL RELEASE
PO-24-5730,Aeroparts AOG DWC LLC,ROTAFILO,1/8/2025,1/8/2025,98A35207599000,1,EA,415.68,"HOSE - ADAPTER, ALTITUDE SWITCH"
PO-24-5730,Aeroparts AOG DWC LLC,ROTAFILO,1/8/2025,1/8/2025,M47380-200,1,EA,557.76,GUIDE CONE BRAKE
PO-24-5730,Aeroparts AOG DWC LLC,ROTAFILO,1/8/2025,1/8/2025,R46014,1,EA,286.08,ADAPTOR
PO-24-5730,Aeroparts AOG DWC LLC,ROTAFILO,1/8/2025,1/8/2025,M47382-100,1,EA,195.84,GUIDE CONE WHEEL
PO-24-5730,Aeroparts AOG DWC LLC,ROTAFILO,1/8/2025,1/8/2025,U21842000,1,EA,1152.96,EXTRACTOR
PO-24-5730,Aeroparts AOG DWC LLC,ROTAFILO,1/8/2025,1/8/2025,M47381,2,EA,244.8,GUIDE CONE-WHEEL
PO-24-5730,Aeroparts AOG DWC LLC,ROTAFILO,1/8/2025,1/8/2025,460007011,1,EA,383.04,"SPANNER-AXLE NUT, MLG"
PO-24-5730,Aeroparts AOG DWC LLC,ROTAFILO,1/8/2025,1/8/2025,98F07104000002,1,EA,3782.4,"PAD - JACKING, SET - WING"
PO-24-5730,Aeroparts AOG DWC LLC,ROTAFILO,1/8/2025,1/8/2025,98F07103500001,1,EA,132.48,"ADAPTER, JACK - NOSE"
PO-24-5730,Aeroparts AOG DWC LLC,ROTAFILO,1/8/2025,1/8/2025,98F32304000000,8,EA,74.88,TARGET - FALSE
PO-24-5730,Aeroparts AOG DWC LLC,ROTAFILO,1/8/2025,1/8/2025,D23156000,5,EA,71.04,PIN - SAFETY
PO-24-5730,Aeroparts AOG DWC LLC,ROTAFILO,1/8/2025,1/8/2025,98F29208457000,5,EA,844.8,"PIN - SAFETY, RAT"
PO-24-5730,Aeroparts AOG DWC LLC,ROTAFILO,1/8/2025,1/8/2025,98A55308440001,1,EA,7700.16,"SLING - UNIVERSAL, TAILPLANE "
PO-24-5730,Aeroparts AOG DWC LLC,ROTAFILO,1/8/2025,1/8/2025,98F27208312000,1,EA,107.52,PIN - RIGGING
PO-24-5730,Aeroparts AOG DWC LLC,ROTAFILO,1/8/2025,1/8/2025,98D27803500001,1,EA,381.12,FLAP - SLAT LOCKING ZERO TOO;
PO-24-5730,Aeroparts AOG DWC LLC,ROTAFILO,1/8/2025,1/8/2025,98D27903500000,2,EA,115.2,PIN - SIDE STICK LOADING
PO-24-5730,Aeroparts AOG DWC LLC,ROTAFILO,1/8/2025,1/8/2025,98A28104000000,1,EA,278.4,PURGER - WATER DRAIN
PO-24-5730,Aeroparts AOG DWC LLC,ROTAFILO,1/8/2025,1/8/2025,98A28007570000,1,EA,117.12,"ADAPTER - VENT AND DRAIN VALVE, APU"
PO-24-5730,Aeroparts AOG DWC LLC,ROTAFILO,1/8/2025,1/8/2025,98A25207503000,3,EA,511.68,PULLEY ASSEMBLY - SEALING CORD
PO-24-5730,Aeroparts AOG DWC LLC,ROTAFILO,1/8/2025,1/8/2025,97A28002117002,2,EA,254.4,TOOL - PURGING
PO-24-5730,Aeroparts AOG DWC LLC,ROTAFILO,1/8/2025,1/8/2025,98F52308227002,2,EA,907.2,"STRUT - SUPPORT, CARGO DOOR"
PO-24-5730,Aeroparts AOG DWC LLC,ROTAFILO,1/8/2025,1/8/2025,98A52307628000,1,EA,704.64,SAFETY - LOCK. CARGO DOOR ACTUATOR
PO-24-5730,Aeroparts AOG DWC LLC,ROTAFILO,1/8/2025,1/8/2025,98F32104013000,2,EA,632.64,SAFETY COLLAR - DOOR MLG
PO-24-5730,Aeroparts AOG DWC LLC,ROTAFILO,1/8/2025,1/8/2025,98D27803000000,1,EA,105.6,"LOCKING TOOL - FLAP SLAT LEVER, INT. POSITION"
PO-24-5731,Aeroparts AOG DWC LLC,EDGAR HAUSMANN GMBH,1/8/2025,1/8/2025,TS212-5/16A,150,EA,2.55,"TORQ - SET INSERT BITS HEX SHANK 5/16"""
PO-24-5731,Aeroparts AOG DWC LLC,EDGAR HAUSMANN GMBH,1/8/2025,1/8/2025,TS212-1/4,150,EA,2.55,TORQ - SET INSERT BITS
PO-24-5731,Aeroparts AOG DWC LLC,EDGAR HAUSMANN GMBH,1/8/2025,1/8/2025,TS212-6,250,EA,2.45,TORQ-SET INSERT BITS
PO-24-5731,Aeroparts AOG DWC LLC,EDGAR HAUSMANN GMBH,1/8/2025,1/8/2025,TS212-10,250,EA,2.45,TORQ - SET INSERT BITS
PO-24-5731,Aeroparts AOG DWC LLC,EDGAR HAUSMANN GMBH,1/8/2025,1/8/2025,TS212-8,250,EA,2.45,TORQ-SET INSERT BITS
PO-24-5732,Aeroparts AOG DWC LLC,BLUECHEM,1/9/2025,1/9/2025,VAT,1,EA,20084.67,VAT
PO-24-5732,Aeroparts AOG DWC LLC,BLUECHEM,1/9/2025,1/9/2025,"SUPER BEE 210, 25 LT",300,LT,8.87,BEE210
PO-24-5732,Aeroparts AOG DWC LLC,BLUECHEM,1/9/2025,1/9/2025,TR-114 1QT,204,QT,52.17,AER SSH THINNER
PO-24-5732,Aeroparts AOG DWC LLC,BLUECHEM,1/9/2025,1/9/2025,9190 1QT,204,QT,39.13,ACTIVATOR
PO-24-5732,Aeroparts AOG DWC LLC,BLUECHEM,1/9/2025,1/9/2025,CS6035 1QT,204,QT,58.7,HARDNER
PO-24-5732,Aeroparts AOG DWC LLC,BLUECHEM,1/9/2025,1/9/2025,HS2118 CHROME FREE PRIMER 1GLN,204,GA,286.96,AERODUR BEIGE
PO-24-5732,Aeroparts AOG DWC LLC,BLUECHEM,1/9/2025,1/9/2025,S66/22R 1LT,3,LT,82.17,HARDNER
PO-24-5732,Aeroparts AOG DWC LLC,BLUECHEM,1/9/2025,1/9/2025,AERDUR ARC 1LT WHITE000100 BAC7067 M8001,3,LT,172.17,AERDUR ARC 1LT
PO-24-5732,Aeroparts AOG DWC LLC,BLUECHEM,1/9/2025,1/9/2025,C25/90S 5LT,6,EA,110.87,THINNER
PO-24-5732,Aeroparts AOG DWC LLC,BLUECHEM,1/9/2025,1/9/2025,S66/14 5 LT,3,EA,391.3,HARDNER
PO-24-5732,Aeroparts AOG DWC LLC,BLUECHEM,1/9/2025,1/9/2025,AERODUR PRIMER BARRIER 37045 5 LT WHITE,3,EA,346.96,AERODUR PRIMER BARRIER
PO-24-5732,Aeroparts AOG DWC LLC,BLUECHEM,1/9/2025,1/9/2025,SOLVENT CLEANING 98068 25 LT,54,EA,286.96,CLEANING SOLVENT
PO-24-5732,Aeroparts AOG DWC LLC,BLUECHEM,1/9/2025,1/9/2025,THIN TR-111 1GL EUR ECLIPSE,216,GA,110.87,FLOW CONTROL COMPONENT TR-111
PO-24-5732,Aeroparts AOG DWC LLC,BLUECHEM,1/9/2025,1/9/2025,AER HARD PC-233 1GL EUR,216,GA,254.35,"AER HARD, 1GL EUR"
PO-24-5732,Aeroparts AOG DWC LLC,BLUECHEM,1/9/2025,1/9/2025,ECLIPSE 1GLN BAC4306 ECL-G-511,3,GA,813.91,GREEN COLOR PAINT
PO-24-5732,Aeroparts AOG DWC LLC,BLUECHEM,1/9/2025,1/9/2025,AER ECL-G-375 RED 1GL,3,GA,813.91,RED COLOR PAINT
PO-24-5732,Aeroparts AOG DWC LLC,BLUECHEM,1/9/2025,1/9/2025,ECLIPSE 1GLN 000744 BAC701 ECL-G-92,3,GA,560.87,BLACK COLOR PAINT
PO-24-5732,Aeroparts AOG DWC LLC,BLUECHEM,1/9/2025,1/9/2025,AER ECL-G-2712 BLUE 1GL,120,GA,566.09,BLUE COLOR PAINT
PO-24-5732,Aeroparts AOG DWC LLC,BLUECHEM,1/9/2025,1/9/2025,ECLIPSE 1 GLN 715007 BAC708 ECL-G-127,3,GA,620.87,GRAY COLOR PAINT
PO-24-5732,Aeroparts AOG DWC LLC,BLUECHEM,1/9/2025,1/9/2025,AER ECL-G-101 BAC707 1GL EUR,90,GA,297.39,GRAY COLOR PAINT
PO-24-5732,Aeroparts AOG DWC LLC,BLUECHEM,1/9/2025,1/9/2025,AER ECL-G-1622 BAC70846 WHT 1GL EUR,210,GA,517.83,WHITE COLOR PAINT
PO-24-5733,Aeroparts AOG DWC LLC,CFM INTERNATIONAL,1/9/2025,1/9/2025,1559M27G01,20,EA,756,"SEAL, S4 STATOR"
PO-24-5734,Aeroparts AOG DWC LLC,CFM INTERNATIONAL,1/10/2025,1/10/2025,2564M18P03,10,EA,1358,SHROUD ASSY-CPRSR STTR STG 2
PO-24-5735,Aeroparts AOG DWC LLC,CFM INTERNATIONAL,1/10/2025,1/10/2025,1359M84P08,5,EA,9399,"SEAL, EXT PRESS"
PO-24-5736,Aeroparts AOG DWC LLC,CFM INTERNATIONAL,1/10/2025,1/10/2025,2564M18P01,8,EA,1358,SHROUD ASSY-CPRSR STTR STG 2
PO-24-5737,Aeroparts AOG DWC LLC,CFM INTERNATIONAL,1/10/2025,1/10/2025,2564M14P01,6,EA,1552,SHROUD ASSY-CPRSR STTR STG 3
PO-24-5738,Aeroparts AOG DWC LLC,CFM INTERNATIONAL,1/10/2025,1/10/2025,J814P004A,50,EA,14.75,BOLT-SHEAR DBL HEX HD
PO-24-5739,Aeroparts AOG DWC LLC,CFM INTERNATIONAL,1/10/2025,1/10/2025,9523M35G03,30,EA,256.5,"ARM, S1 & 2 VSV"
PO-24-5740,Aeroparts AOG DWC LLC,BOEING FLEET,1/10/2025,1/10/2025,1L400407-51,2,EA,11153,SHROUD ASSY-TOILET LID SEAT
PO-24-5741,Aeroparts AOG DWC LLC,CFM INTERNATIONAL,1/10/2025,1/10/2025,2564M18P02,2,EA,1358,SHROUD ASSY-CPRSR STTR STG 2
PO-24-5742,Aeroparts AOG DWC LLC,CFM INTERNATIONAL,1/10/2025,1/10/2025,2564M14P03,2,EA,1552,SHROUD ASSY-CPRSR STTR STG 3
PO-24-5743,Aeroparts AOG DWC LLC,BOEING FLEET,1/10/2025,12/20/2024,659W1190-9,1,EA,3131.87,HINGE ARM
PO-24-5743,Aeroparts AOG DWC LLC,BOEING FLEET,1/10/2025,12/20/2024,BACN11Z3CK,100,EA,1.6,NUT
PO-24-5743,Aeroparts AOG DWC LLC,BOEING FLEET,1/10/2025,12/20/2024,BACB30PW4C68,5,EA,187.02,BOLT
PO-24-5743,Aeroparts AOG DWC LLC,BOEING FLEET,1/10/2025,12/20/2024,BACB30LM7U28,10,EA,40.07,BOLT
PO-24-5744,Aeroparts AOG DWC LLC,AeroWest Mfg Corp - Aircraft Maintenance Tooling &,1/13/2025,1/13/2025,98F27201002000,2,EA,65,SAFETY PIN-RUDDER
PO-24-5745,Aeroparts AOG DWC LLC,TOP GSE,1/13/2025,1/13/2025,PWA88012,1,EA,410,"PIN-LOCK,DIRECTIONAL CONTROL VALVE"
PO-24-5746,Aeroparts AOG DWC LLC,OH Capital Assets,1/14/2025,1/14/2025,9045000-1,1,EA,2500,EXCITER IGNITION
PO-24-5747,Aeroparts AOG DWC LLC,BOEING FLEET,1/16/2025,11/19/2024,DMC50-17-3,1,EA,2941,VHF ANTENNA
PO-24-5748,Aeroparts AOG DWC LLC,BOEING FLEET,1/16/2025,1/23/2025,141A6174-3,1,EA,1748,SEAL
PO-24-5749,Aeroparts AOG DWC LLC,CFM INTERNATIONAL,1/17/2025,1/17/2025,1285M34P01,100,EA,27,BUSHING
PO-24-5750,Aeroparts AOG DWC LLC,WENCOR,1/17/2025,1/17/2025,ABS0338-01,1800,EA,0,WASHER
PO-24-5750,Aeroparts AOG DWC LLC,WENCOR,1/17/2025,1/17/2025,ABS0376-3-30,600,EA,0,BOLT
PO-24-5750,Aeroparts AOG DWC LLC,WENCOR,1/17/2025,1/17/2025,NAS1351-3-10P,12,EA,0.53,SCREW
PO-24-5750,Aeroparts AOG DWC LLC,WENCOR,1/17/2025,1/17/2025,ABS0208-01,800,EA,0.73,"WASHER, COUNTERSUNK"
PO-24-5750,Aeroparts AOG DWC LLC,WENCOR,1/17/2025,1/17/2025,ABS0338-01,1800,EA,0.4,WASHER
PO-24-5750,Aeroparts AOG DWC LLC,WENCOR,1/17/2025,1/17/2025,ABS0365-3-1B,100,EA,1.3,Nut Clip
PO-24-5750,Aeroparts AOG DWC LLC,WENCOR,1/17/2025,1/17/2025,ABS0365-3-2B,100,EA,1.37,Nut Clip
PO-24-5750,Aeroparts AOG DWC LLC,WENCOR,1/17/2025,1/17/2025,NAS1726-4E,40,EA,2.57,NUT
PO-24-5750,Aeroparts AOG DWC LLC,WENCOR,1/17/2025,1/17/2025,NAS1149C0432R,200,EA,0.1,WASHER
PO-24-5750,Aeroparts AOG DWC LLC,WENCOR,1/17/2025,1/17/2025,MS21250-04010,40,EA,3.65,BOLT
PO-24-5750,Aeroparts AOG DWC LLC,WENCOR,1/17/2025,1/17/2025,NAS1102-08-6,100,EA,0.22,SCREW
PO-24-5750,Aeroparts AOG DWC LLC,WENCOR,1/17/2025,1/17/2025,ABS0336-08,1000,EA,1.64,STUD
PO-24-5750,Aeroparts AOG DWC LLC,WENCOR,1/17/2025,1/17/2025,ABS0376-3-30,600,EA,1.5,BOLT
PO-24-5750,Aeroparts AOG DWC LLC,WENCOR,1/17/2025,1/17/2025,ABS0376-3-40,300,EA,2.19,BOLT
PO-24-5750,Aeroparts AOG DWC LLC,WENCOR,1/17/2025,1/17/2025,MS14183PC3,24,EA,1.43,WASHER
PO-24-5750,Aeroparts AOG DWC LLC,WENCOR,1/17/2025,1/17/2025,M25988-3-019,25,EA,1.84,ORING
PO-24-5750,Aeroparts AOG DWC LLC,WENCOR,1/17/2025,1/17/2025,NSA8208-259,10,EA,15.23,O-RING
PO-24-5751,Aeroparts AOG DWC LLC,PROPONENT,1/17/2025,1/17/2025,412242,3,EA,0,BATTERY
PO-24-5751,Aeroparts AOG DWC LLC,PROPONENT,1/17/2025,1/17/2025,412242,3,EA,9035.82,BATTERY
PO-24-5751,Aeroparts AOG DWC LLC,PROPONENT,1/17/2025,1/17/2025,MS21250-04006,50,EA,6.94,BOLT
PO-24-5752,Aeroparts AOG DWC LLC,PDQ AIRSPARES,1/17/2025,1/17/2025,INTL WIRE FEE,1,EA,25,INTERNATIONAL WIRE FEE
PO-24-5752,Aeroparts AOG DWC LLC,PDQ AIRSPARES,1/17/2025,1/17/2025,4L83-046,2,EA,695,VALVE ASSEMBLY
PO-24-5753,Aeroparts AOG DWC LLC,BOEING FLEET,1/17/2025,1/24/2025,HL13VAZ6-5,50,EA,2.41,PIN
PO-24-5754,Aeroparts AOG DWC LLC,BOEING FLEET,1/17/2025,12/16/2024,BACB30US4K7,10,EA,14.39,BOLT
PO-24-5754,Aeroparts AOG DWC LLC,BOEING FLEET,1/17/2025,12/16/2024,BACB30YP5K4,30,EA,2.25,BOLT
PO-24-5755,Aeroparts AOG DWC LLC,MEL AVIATION COMPONENT,1/17/2025,1/17/2025,7012-18088-03,1,EA,16500,VALVE
PO-25-1,Aeroparts AOG DWC LLC,3E NDT,1/8/2025,1/8/2025,513829,1,EA,195,Refractometer Magnaflux
PO-25-1,Aeroparts AOG DWC LLC,3E NDT,1/8/2025,1/8/2025,PSM-5,4,EA,709,Sherwin Test Panel
PO-25-1,Aeroparts AOG DWC LLC,3E NDT,1/8/2025,1/8/2025,APOLLO-UV/WHITE,2,EA,1552.5,Labino Apollo 3.0 Radiometer / Photometer (M513) 
PO-25-1,Aeroparts AOG DWC LLC,3E NDT,1/8/2025,1/8/2025,APOLLO-MOUNTING,1,EA,385,Labino Apollo 2.0 Mounting Stand
PO-25-1,Aeroparts AOG DWC LLC,3E NDT,1/8/2025,1/8/2025,L118 ZEUS,2,EA,1950,Labino UV/LED Lamp [mb 3.0 ZEUS] with calibration 
PO-25-2,Aeroparts AOG DWC LLC,EMIRATES AIRLINES,1/9/2025,1/9/2025,HU40324,0,EA,303.03,TURNING TOOL
PO-25-2,Aeroparts AOG DWC LLC,EMIRATES AIRLINES,1/9/2025,1/9/2025,J78005-3,0,EA,909.09,BOX PROTECTOR
PO-25-2,Aeroparts AOG DWC LLC,EMIRATES AIRLINES,1/9/2025,1/9/2025,HU37545,0,EA,454.55,PIN-LOCATION
PO-25-2,Aeroparts AOG DWC LLC,EMIRATES AIRLINES,1/9/2025,1/9/2025,HU80289,0,EA,909.09,DECOKING TOOL
PO-25-2,Aeroparts AOG DWC LLC,EMIRATES AIRLINES,1/9/2025,1/9/2025,HU37694,0,EA,909.09,TOOL: ASSEMBLE DEDICATED
PO-25-2,Aeroparts AOG DWC LLC,EMIRATES AIRLINES,1/9/2025,1/9/2025,315W5110-7,0,KT,909.09,"KIT,COLOR CHIP"
PO-25-2,Aeroparts AOG DWC LLC,EMIRATES AIRLINES,1/9/2025,1/9/2025,HU81875,0,KT,909.09,TOOL KIT ULTRASONIC
PO-25-2,Aeroparts AOG DWC LLC,EMIRATES AIRLINES,1/9/2025,1/9/2025,HU55771-1,0,EA,909.09,TOOL: STAND-TRANSPORTATION
PO-25-2,Aeroparts AOG DWC LLC,EMIRATES AIRLINES,1/9/2025,1/9/2025,HU55770,0,EA,909.09,TOOL: STAND-TRANSPORTATION
PO-25-2,Aeroparts AOG DWC LLC,EMIRATES AIRLINES,1/9/2025,1/9/2025,HU55763,0,EA,909.09,ADAPTOR-STAND
PO-25-2,Aeroparts AOG DWC LLC,EMIRATES AIRLINES,1/9/2025,1/9/2025,A54P846,0,EA,454.55,MALE AIRLINE
PO-25-2,Aeroparts AOG DWC LLC,EMIRATES AIRLINES,1/9/2025,1/9/2025,A54M1000,0,EA,454.55,END LINK
PO-25-2,Aeroparts AOG DWC LLC,EMIRATES AIRLINES,1/9/2025,1/9/2025,A54P1015,0,EA,909.09,INLET AIR ADAPTOR
PO-25-2,Aeroparts AOG DWC LLC,EMIRATES AIRLINES,1/9/2025,1/9/2025,A54E847,0,EA,113.64,FEMALE AIRLINE
PO-25-2,Aeroparts AOG DWC LLC,EMIRATES AIRLINES,1/9/2025,1/9/2025,A54M907,0,EA,454.55,"1/2"" METRO DRIVE"
PO-25-2,Aeroparts AOG DWC LLC,EMIRATES AIRLINES,1/9/2025,1/9/2025,NFE27160M5X16,0,EA,227.27,SCREW-FHC
PO-25-2,Aeroparts AOG DWC LLC,EMIRATES AIRLINES,1/9/2025,1/9/2025,HU37524,0,EA,909.09,"GAUGE SET, IP"
PO-25-2,Aeroparts AOG DWC LLC,EMIRATES AIRLINES,1/9/2025,1/9/2025,HU38665,0,EA,909.09,BLANK-BREATHER
PO-25-2,Aeroparts AOG DWC LLC,EMIRATES AIRLINES,1/9/2025,1/9/2025,A54P1000,0,EA,18.18,ORING
PO-25-2,Aeroparts AOG DWC LLC,EMIRATES AIRLINES,1/9/2025,1/9/2025,A54M908,0,EA,56.82,DRIVE SHEAR KEY
PO-25-2,Aeroparts AOG DWC LLC,EMIRATES AIRLINES,1/9/2025,1/9/2025,HU37060,0,EA,454.55,Location pin
PO-25-2,Aeroparts AOG DWC LLC,EMIRATES AIRLINES,1/9/2025,1/9/2025,J78017-28,0,EA,454.55,"ATTACH PIN 1/4"""
PO-25-2,Aeroparts AOG DWC LLC,EMIRATES AIRLINES,1/9/2025,1/9/2025,HU34316,0,EA,909.09,"SOCKET, PNEUMATIC"
PO-25-2,Aeroparts AOG DWC LLC,EMIRATES AIRLINES,1/9/2025,1/9/2025,HU38477,0,EA,909.09,RING-SUPPORT
PO-25-2,Aeroparts AOG DWC LLC,EMIRATES AIRLINES,1/9/2025,1/9/2025,HU55324-5,0,EA,909.09,SHOULDERED PIN
PO-25-2,Aeroparts AOG DWC LLC,EMIRATES AIRLINES,1/9/2025,1/9/2025,HU55083-5,0,EA,909.09,SCREW
PO-25-2,Aeroparts AOG DWC LLC,EMIRATES AIRLINES,1/9/2025,1/9/2025,HU37849,0,EA,454.55,BAR
PO-25-2,Aeroparts AOG DWC LLC,EMIRATES AIRLINES,1/9/2025,1/9/2025,HU38551,0,EA,909.09,RING-SUPPORT
PO-25-2,Aeroparts AOG DWC LLC,EMIRATES AIRLINES,1/9/2025,1/9/2025,J71031-1,0,EA,909.09,ALIGNMENT/THREAD PROTECTOR
PO-25-2,Aeroparts AOG DWC LLC,EMIRATES AIRLINES,1/9/2025,1/9/2025,HU55366-1,0,EA,454.55,PIN SHOULDERED
PO-25-2,Aeroparts AOG DWC LLC,EMIRATES AIRLINES,1/9/2025,1/9/2025,HU85462,0,EA,909.09,"EXTRACTOR, BUSH"
PO-25-2,Aeroparts AOG DWC LLC,EMIRATES AIRLINES,1/9/2025,1/9/2025,HU85460,0,EA,909.09,EXTRACTOR
PO-25-2,Aeroparts AOG DWC LLC,EMIRATES AIRLINES,1/9/2025,1/9/2025,HU85459,0,EA,909.09,"EXTRACTOR, BUSH"
PO-25-2,Aeroparts AOG DWC LLC,EMIRATES AIRLINES,1/9/2025,1/9/2025,HU85458,0,EA,909.09,"EXTRACTOR, BUSH"
PO-25-2,Aeroparts AOG DWC LLC,EMIRATES AIRLINES,1/9/2025,1/9/2025,HU38864,0,EA,909.09,COVER-PROTECT V.S.C.
PO-25-2,Aeroparts AOG DWC LLC,EMIRATES AIRLINES,1/9/2025,1/9/2025,HU55324-5,0,EA,227.27,SHOULDERED PIN
PO-25-2,Aeroparts AOG DWC LLC,EMIRATES AIRLINES,1/9/2025,1/9/2025,HU55083-5,0,EA,909.09,SCREW
PO-25-2,Aeroparts AOG DWC LLC,EMIRATES AIRLINES,1/9/2025,1/9/2025,HU50111-1,0,EA,454.55,SPANNER
PO-25-2,Aeroparts AOG DWC LLC,EMIRATES AIRLINES,1/9/2025,1/9/2025,HU38390-3,0,EA,909.09,PRESS-LOCKNUT CUP
PO-25-2,Aeroparts AOG DWC LLC,EMIRATES AIRLINES,1/9/2025,1/9/2025,HU38685,0,EA,909.09,PIN
PO-25-2,Aeroparts AOG DWC LLC,EMIRATES AIRLINES,1/9/2025,1/9/2025,00464-134-000,0,EA,454.55,BALL LOCK PIN
PO-25-2,Aeroparts AOG DWC LLC,EMIRATES AIRLINES,1/9/2025,1/9/2025,HU51409,0,EA,909.09,LEVER
PO-25-2,Aeroparts AOG DWC LLC,EMIRATES AIRLINES,1/9/2025,1/9/2025,HU37848,0,EA,303.03,BAR
PO-25-2,Aeroparts AOG DWC LLC,EMIRATES AIRLINES,1/9/2025,1/9/2025,HU37693,0,EA,303.03,ASSEMBLE OIL SLINGER
PO-25-2,Aeroparts AOG DWC LLC,EMIRATES AIRLINES,1/9/2025,1/9/2025,HU55324-5,0,EA,227.27,SHOULDERED PIN
PO-25-2,Aeroparts AOG DWC LLC,EMIRATES AIRLINES,1/9/2025,1/9/2025,HU85237-1,0,EA,909.09,DRIFT
PO-25-2,Aeroparts AOG DWC LLC,EMIRATES AIRLINES,1/9/2025,1/9/2025,HU85455,0,EA,909.09,"PUSHER, BUSH"
PO-25-2,Aeroparts AOG DWC LLC,EMIRATES AIRLINES,1/9/2025,1/9/2025,APV7830-00-0G,0,EA,303.03,PIN
PO-25-2,Aeroparts AOG DWC LLC,EMIRATES AIRLINES,1/9/2025,1/9/2025,HU85418,0,EA,909.09,SUPPORT
PO-25-2,Aeroparts AOG DWC LLC,EMIRATES AIRLINES,1/9/2025,1/9/2025,HU85299,0,EA,909.09,WRENCH
PO-25-2,Aeroparts AOG DWC LLC,EMIRATES AIRLINES,1/9/2025,1/9/2025,HU85315,0,EA,909.09,"PIN, LOCATING"
PO-25-2,Aeroparts AOG DWC LLC,EMIRATES AIRLINES,1/9/2025,1/9/2025,HU85158,0,EA,909.09,"SUPPORT, CENTERING"
PO-25-2,Aeroparts AOG DWC LLC,EMIRATES AIRLINES,1/9/2025,1/9/2025,HU85036,0,EA,909.09,SUPPORT
PO-25-2,Aeroparts AOG DWC LLC,EMIRATES AIRLINES,1/9/2025,1/9/2025,HU85454,0,EA,909.09,"PUSHER, BUSH"
PO-25-2,Aeroparts AOG DWC LLC,EMIRATES AIRLINES,1/9/2025,1/9/2025,HU85448,0,EA,909.09,TOOL
PO-25-2,Aeroparts AOG DWC LLC,EMIRATES AIRLINES,1/9/2025,1/9/2025,HU85236,0,EA,909.09,SEAL FITTING TOOL
PO-25-2,Aeroparts AOG DWC LLC,EMIRATES AIRLINES,1/9/2025,1/9/2025,HU85058,0,EA,909.09,HAND TOOL
PO-25-2,Aeroparts AOG DWC LLC,EMIRATES AIRLINES,1/9/2025,1/9/2025,J78017-6,0,EA,909.09,"FITTING, LOWER ATTACH"
PO-25-2,Aeroparts AOG DWC LLC,EMIRATES AIRLINES,1/9/2025,1/9/2025,HU85297,0,EA,909.09,RAM
PO-25-2,Aeroparts AOG DWC LLC,EMIRATES AIRLINES,1/9/2025,1/9/2025,HU55419-1,0,EA,454.55,PIN - SPRING
PO-25-2,Aeroparts AOG DWC LLC,EMIRATES AIRLINES,1/9/2025,1/9/2025,HU85457,0,EA,909.09,"PUSHER, BUSH"
PO-25-2,Aeroparts AOG DWC LLC,EMIRATES AIRLINES,1/9/2025,1/9/2025,HU85241,0,EA,909.09,"FITTING TOOL, CONNECTOR"
PO-25-2,Aeroparts AOG DWC LLC,EMIRATES AIRLINES,1/9/2025,1/9/2025,HU85240,0,EA,909.09,FITTING TOOL
PO-25-2,Aeroparts AOG DWC LLC,EMIRATES AIRLINES,1/9/2025,1/9/2025,HU85228,0,EA,909.09,SEAL FITTING TOOL
PO-25-2,Aeroparts AOG DWC LLC,EMIRATES AIRLINES,1/9/2025,1/9/2025,HU85132,0,EA,909.09,SUPPORT
PO-25-2,Aeroparts AOG DWC LLC,EMIRATES AIRLINES,1/9/2025,1/9/2025,HU55083-4,0,EA,909.09,HANDLE ASSY
PO-25-2,Aeroparts AOG DWC LLC,EMIRATES AIRLINES,1/9/2025,1/9/2025,6400022,0,EA,454.55,TOOL: GAS DETECTOR
PO-25-2,Aeroparts AOG DWC LLC,EMIRATES AIRLINES,1/9/2025,1/9/2025,HU85083,0,EA,909.09,EXTRACTOR
PO-25-2,Aeroparts AOG DWC LLC,EMIRATES AIRLINES,1/9/2025,1/9/2025,HU85546,0,EA,909.09,TOOL
PO-25-2,Aeroparts AOG DWC LLC,EMIRATES AIRLINES,1/9/2025,1/9/2025,HU85069,0,EA,909.09,EXTRACTOR
PO-25-2,Aeroparts AOG DWC LLC,EMIRATES AIRLINES,1/9/2025,1/9/2025,HU85213,0,EA,909.09,SEAL FITTING TOOL
PO-25-2,Aeroparts AOG DWC LLC,EMIRATES AIRLINES,1/9/2025,1/9/2025,HU85547,0,EA,909.09,TOOL
PO-25-2,Aeroparts AOG DWC LLC,EMIRATES AIRLINES,1/9/2025,1/9/2025,HU85212,0,EA,909.09,SEAL FITTING TOOL
PO-25-2,Aeroparts AOG DWC LLC,EMIRATES AIRLINES,1/9/2025,1/9/2025,HU85488,0,EA,909.09,TOOL
PO-25-2,Aeroparts AOG DWC LLC,EMIRATES AIRLINES,1/9/2025,1/9/2025,HU85293,0,EA,909.09,SUPPORT
PO-25-2,Aeroparts AOG DWC LLC,EMIRATES AIRLINES,1/9/2025,1/9/2025,HU85226,0,EA,909.09,SEAL FITTING TOOL
PO-25-2,Aeroparts AOG DWC LLC,EMIRATES AIRLINES,1/9/2025,1/9/2025,HU85059,0,EA,909.09,EXTRACTOR
PO-25-2,Aeroparts AOG DWC LLC,EMIRATES AIRLINES,1/9/2025,1/9/2025,HU41046,0,EA,909.09,KEEP RING-BEARING REMOVAL
PO-25-2,Aeroparts AOG DWC LLC,EMIRATES AIRLINES,1/9/2025,1/9/2025,HU85256,0,EA,909.09,ADAPTOR
PO-25-2,Aeroparts AOG DWC LLC,EMIRATES AIRLINES,1/9/2025,1/9/2025,HU85071,0,EA,909.09,EXTRACTOR
PO-25-2,Aeroparts AOG DWC LLC,EMIRATES AIRLINES,1/9/2025,1/9/2025,HU85091,0,EA,909.09,DRIFT
PO-25-2,Aeroparts AOG DWC LLC,EMIRATES AIRLINES,1/9/2025,1/9/2025,HU85131,0,EA,909.09,PRESS
PO-25-2,Aeroparts AOG DWC LLC,EMIRATES AIRLINES,1/9/2025,1/9/2025,HU85072,0,EA,909.09,"PUSHER, ROLLER"
PO-25-2,Aeroparts AOG DWC LLC,EMIRATES AIRLINES,1/9/2025,1/9/2025,HU85421,0,EA,909.09,PUSHER
PO-25-2,Aeroparts AOG DWC LLC,EMIRATES AIRLINES,1/9/2025,1/9/2025,HU85294,0,EA,909.09,SUPPORT
PO-25-2,Aeroparts AOG DWC LLC,EMIRATES AIRLINES,1/9/2025,1/9/2025,HU55419-1,0,EA,454.55,PIN - SPRING
PO-25-2,Aeroparts AOG DWC LLC,EMIRATES AIRLINES,1/9/2025,1/9/2025,HU30071,0,EA,181.82,"BOLT-STOP,IP TURBINE"
PO-25-2,Aeroparts AOG DWC LLC,EMIRATES AIRLINES,1/9/2025,1/9/2025,HU85150,0,EA,909.09,SUPPORT
PO-25-2,Aeroparts AOG DWC LLC,EMIRATES AIRLINES,1/9/2025,1/9/2025,HU85214,0,EA,909.09,EXTRACTOR
PO-25-2,Aeroparts AOG DWC LLC,EMIRATES AIRLINES,1/9/2025,1/9/2025,HU85065,0,EA,909.09,HAND TOOL
PO-25-2,Aeroparts AOG DWC LLC,EMIRATES AIRLINES,1/9/2025,1/9/2025,HU85447,0,EA,909.09,CONNECTOR
PO-25-2,Aeroparts AOG DWC LLC,EMIRATES AIRLINES,1/9/2025,1/9/2025,HU85446,0,EA,909.09,CONNECTOR
PO-25-2,Aeroparts AOG DWC LLC,EMIRATES AIRLINES,1/9/2025,1/9/2025,HU85445,0,EA,909.09,CONNECTOR
PO-25-2,Aeroparts AOG DWC LLC,EMIRATES AIRLINES,1/9/2025,1/9/2025,HU85077,0,EA,909.09,PUSHER
PO-25-2,Aeroparts AOG DWC LLC,EMIRATES AIRLINES,1/9/2025,1/9/2025,HU85420,0,EA,909.09,SUPPORT
PO-25-2,Aeroparts AOG DWC LLC,EMIRATES AIRLINES,1/9/2025,1/9/2025,HU85272,0,EA,909.09,SUPPORT
PO-25-2,Aeroparts AOG DWC LLC,EMIRATES AIRLINES,1/9/2025,1/9/2025,HU85295,0,EA,909.09,RAM
PO-25-2,Aeroparts AOG DWC LLC,EMIRATES AIRLINES,1/9/2025,1/9/2025,HU38878,0,EA,909.09,EXTRACTOR-CENTRAL
PO-25-2,Aeroparts AOG DWC LLC,EMIRATES AIRLINES,1/9/2025,1/9/2025,HU85317,0,EA,909.09,"PUSHER, INSTALLATION"
PO-25-2,Aeroparts AOG DWC LLC,EMIRATES AIRLINES,1/9/2025,1/9/2025,HU85056,0,EA,909.09,EXTRACTOR
PO-25-2,Aeroparts AOG DWC LLC,EMIRATES AIRLINES,1/9/2025,1/9/2025,HU85055,0,EA,909.09,SUPPORT
PO-25-2,Aeroparts AOG DWC LLC,EMIRATES AIRLINES,1/9/2025,1/9/2025,HU85070,0,EA,909.09,CENTERING SUPPORT
PO-25-2,Aeroparts AOG DWC LLC,EMIRATES AIRLINES,1/9/2025,1/9/2025,HU85075,0,EA,909.09,CENTERING SUPPORT
PO-25-2,Aeroparts AOG DWC LLC,EMIRATES AIRLINES,1/9/2025,1/9/2025,HU85006,0,EA,454.55,TOOL: ACCESS COVER DRIVE
PO-25-2,Aeroparts AOG DWC LLC,EMIRATES AIRLINES,1/9/2025,1/9/2025,HU38865,0,EA,151.52,"PIN-GUIDE,HP SYSTEM"
PO-25-2,Aeroparts AOG DWC LLC,EMIRATES AIRLINES,1/9/2025,1/9/2025,HU85276,0,EA,909.09,EXTRACTOR
PO-25-2,Aeroparts AOG DWC LLC,EMIRATES AIRLINES,1/9/2025,1/9/2025,HU85020,0,EA,909.09,"SUPPORT, CENTERING"
PO-25-2,Aeroparts AOG DWC LLC,EMIRATES AIRLINES,1/9/2025,1/9/2025,HU85239,0,EA,909.09,BOBBIN
PO-25-2,Aeroparts AOG DWC LLC,EMIRATES AIRLINES,1/9/2025,1/9/2025,HU85238,0,EA,909.09,BOBBIN
PO-25-2,Aeroparts AOG DWC LLC,EMIRATES AIRLINES,1/9/2025,1/9/2025,HU85028,0,EA,454.55,DRIFT
PO-25-2,Aeroparts AOG DWC LLC,EMIRATES AIRLINES,1/9/2025,1/9/2025,HU85519,0,EA,909.09,"SUPPORT, CENTERING"
PO-25-2,Aeroparts AOG DWC LLC,EMIRATES AIRLINES,1/9/2025,1/9/2025,HU85484,0,EA,454.55,EXTRACTOR
PO-25-2,Aeroparts AOG DWC LLC,EMIRATES AIRLINES,1/9/2025,1/9/2025,HU85509,0,EA,909.09,WRENCH
PO-25-2,Aeroparts AOG DWC LLC,EMIRATES AIRLINES,1/9/2025,1/9/2025,HU85067-1,0,EA,909.09,CENTERING SUPPORT
PO-25-2,Aeroparts AOG DWC LLC,EMIRATES AIRLINES,1/9/2025,1/9/2025,HU85060,0,EA,909.09,EXTRACTOR
PO-25-2,Aeroparts AOG DWC LLC,EMIRATES AIRLINES,1/9/2025,1/9/2025,HU38555,0,EA,454.55,TOOL: ALIGNMENT TORQUE
PO-25-2,Aeroparts AOG DWC LLC,EMIRATES AIRLINES,1/9/2025,1/9/2025,HU85227,0,EA,454.55,SEAL FITTING TOOL
PO-25-2,Aeroparts AOG DWC LLC,EMIRATES AIRLINES,1/9/2025,1/9/2025,HU85023-1,0,EA,909.09,ADPTOR PUSHER.
PO-25-2,Aeroparts AOG DWC LLC,EMIRATES AIRLINES,1/9/2025,1/9/2025,J78005-5,0,EA,90.91,PROTECTOR THREAD RR
PO-25-2,Aeroparts AOG DWC LLC,EMIRATES AIRLINES,1/9/2025,1/9/2025,HU85528,0,EA,909.09,TOOL
PO-25-2,Aeroparts AOG DWC LLC,EMIRATES AIRLINES,1/9/2025,1/9/2025,HU85080,0,EA,909.09,EXTRACTOR
PO-25-2,Aeroparts AOG DWC LLC,EMIRATES AIRLINES,1/9/2025,1/9/2025,HU85486,0,EA,909.09,TOOL
PO-25-2,Aeroparts AOG DWC LLC,EMIRATES AIRLINES,1/9/2025,1/9/2025,HU85302,0,EA,454.55,TOOL: ANTI ROTATION KEY
PO-25-2,Aeroparts AOG DWC LLC,EMIRATES AIRLINES,1/9/2025,1/9/2025,HU38235,0,EA,227.27,"CLAMP-RING,SHOP"
PO-25-2,Aeroparts AOG DWC LLC,EMIRATES AIRLINES,1/9/2025,1/9/2025,HU85307,0,EA,454.55,TOOL: WASHER GEAR BOX
PO-25-2,Aeroparts AOG DWC LLC,EMIRATES AIRLINES,1/9/2025,1/9/2025,HU38460,0,EA,303.03,SPACER-SUPPORT AND
PO-25-2,Aeroparts AOG DWC LLC,EMIRATES AIRLINES,1/9/2025,1/9/2025,HU85316,0,EA,909.09,CUTTER
PO-25-2,Aeroparts AOG DWC LLC,EMIRATES AIRLINES,1/9/2025,1/9/2025,HU55347-3,0,EA,909.09,Transportation trolley
PO-25-2,Aeroparts AOG DWC LLC,EMIRATES AIRLINES,1/9/2025,1/9/2025,HU39043,0,EA,909.09,LOCATION BRACKET
PO-25-2,Aeroparts AOG DWC LLC,EMIRATES AIRLINES,1/9/2025,1/9/2025,HU41620,0,EA,227.27,CLAMP
PO-25-2,Aeroparts AOG DWC LLC,EMIRATES AIRLINES,1/9/2025,1/9/2025,HU85138,0,EA,909.09,WASHER
PO-25-2,Aeroparts AOG DWC LLC,EMIRATES AIRLINES,1/9/2025,1/9/2025,HU85076,0,EA,909.09,SUPPORT
PO-25-2,Aeroparts AOG DWC LLC,EMIRATES AIRLINES,1/9/2025,1/9/2025,HU55418-5,0,EA,454.55,PIN
PO-25-2,Aeroparts AOG DWC LLC,EMIRATES AIRLINES,1/9/2025,1/9/2025,HU85169,0,EA,909.09,SUPPORT
PO-25-2,Aeroparts AOG DWC LLC,EMIRATES AIRLINES,1/9/2025,1/9/2025,HU85139,0,EA,909.09,SPACER
PO-25-2,Aeroparts AOG DWC LLC,EMIRATES AIRLINES,1/9/2025,1/9/2025,J71031-18,0,EA,151.52,ALIGNMENT/THREAD PROTECTOR
PO-25-2,Aeroparts AOG DWC LLC,EMIRATES AIRLINES,1/9/2025,1/9/2025,HU55368-3,0,EA,227.27,PIN PIVOT
PO-25-2,Aeroparts AOG DWC LLC,EMIRATES AIRLINES,1/9/2025,1/9/2025,HU85095,0,EA,909.09,CLAMP
PO-25-2,Aeroparts AOG DWC LLC,EMIRATES AIRLINES,1/9/2025,1/9/2025,HU55418-3,0,EA,181.82,"PIN, SHOULDER"
PO-25-2,Aeroparts AOG DWC LLC,EMIRATES AIRLINES,1/9/2025,1/9/2025,HU28653,0,EA,181.82,Stop Bolt
PO-25-2,Aeroparts AOG DWC LLC,EMIRATES AIRLINES,1/9/2025,1/9/2025,HU85123,0,EA,909.09,SPACER
PO-25-2,Aeroparts AOG DWC LLC,EMIRATES AIRLINES,1/9/2025,1/9/2025,MH14186,0,EA,151.52,BLANK
PO-25-2,Aeroparts AOG DWC LLC,EMIRATES AIRLINES,1/9/2025,1/9/2025,HU85126,0,EA,909.09,SPACER
PO-25-2,Aeroparts AOG DWC LLC,EMIRATES AIRLINES,1/9/2025,1/9/2025,HU85453,0,EA,303.03,IMMOBILISER
PO-25-2,Aeroparts AOG DWC LLC,EMIRATES AIRLINES,1/9/2025,1/9/2025,RX77794,0,EA,113.64,SEAL
PO-25-2,Aeroparts AOG DWC LLC,EMIRATES AIRLINES,1/9/2025,1/9/2025,RX77793,0,EA,113.64,SEAL
PO-25-2,Aeroparts AOG DWC LLC,EMIRATES AIRLINES,1/9/2025,1/9/2025,HU85122,0,EA,909.09,SPACER
PO-25-2,Aeroparts AOG DWC LLC,EMIRATES AIRLINES,1/9/2025,1/9/2025,HU85121,0,EA,909.09,SPACER
PO-25-2,Aeroparts AOG DWC LLC,EMIRATES AIRLINES,1/9/2025,1/9/2025,HU80298,0,EA,227.27,FLEXIBLE DRIVE BRUSH
PO-25-2,Aeroparts AOG DWC LLC,EMIRATES AIRLINES,1/9/2025,1/9/2025,HU55062-3,0,EA,909.09,Supporting device
PO-25-2,Aeroparts AOG DWC LLC,EMIRATES AIRLINES,1/9/2025,1/9/2025,HU85125,0,EA,909.09,SPACER
PO-25-2,Aeroparts AOG DWC LLC,EMIRATES AIRLINES,1/9/2025,1/9/2025,RX77792,0,EA,90.91,SEAL
PO-25-2,Aeroparts AOG DWC LLC,EMIRATES AIRLINES,1/9/2025,1/9/2025,HU55081-1,0,EA,909.09,SLING TURN OVER AGB
PO-25-2,Aeroparts AOG DWC LLC,EMIRATES AIRLINES,1/9/2025,1/9/2025,HU41278-1,0,EA,909.09,SPANNER-LPT NUT
PO-25-2,Aeroparts AOG DWC LLC,EMIRATES AIRLINES,1/9/2025,1/9/2025,HU55355-3,0,EA,909.09,TOOL: SLING
PO-25-2,Aeroparts AOG DWC LLC,EMIRATES AIRLINES,1/9/2025,1/9/2025,HU55108,0,EA,909.09,TOOL: SLING REMOVAL/
PO-25-2,Aeroparts AOG DWC LLC,EMIRATES AIRLINES,1/9/2025,1/9/2025,HU85005-1,0,EA,909.09,"BEAN - HANDLING,EXT. GEARBOX"
PO-25-2,Aeroparts AOG DWC LLC,EMIRATES AIRLINES,1/9/2025,1/9/2025,HU55391-1,0,EA,909.09,TOOL: NOSE COWL STAND
PO-25-2,Aeroparts AOG DWC LLC,EMIRATES AIRLINES,1/9/2025,1/9/2025,HU55380-2,0,EA,909.09,TRANSPORTATION CONTAINER
PO-25-2,Aeroparts AOG DWC LLC,EMIRATES AIRLINES,1/9/2025,1/9/2025,HU87133,0,EA,303.03,TOOL: SLING
PO-25-2,Aeroparts AOG DWC LLC,EMIRATES AIRLINES,1/9/2025,1/9/2025,HU85303,0,EA,303.03,Container
PO-25-2,Aeroparts AOG DWC LLC,EMIRATES AIRLINES,1/9/2025,1/9/2025,HU55104-1,0,EA,303.03,Container
PO-25-2,Aeroparts AOG DWC LLC,EMIRATES AIRLINES,1/9/2025,1/9/2025,HU55381,0,EA,227.27,TOOL: STAND-TRANSPORTATION
PO-25-4,Aeroparts AOG DWC LLC,ROTAFILO,1/14/2025,1/14/2025,IAE1R18423,1,EA,185,RIGGING PIN
PO-25-4,Aeroparts AOG DWC LLC,ROTAFILO,1/14/2025,1/14/2025,IAE1J12180,1,EA,478,PROTECTOR-HUB
PO-25-4,Aeroparts AOG DWC LLC,ROTAFILO,1/14/2025,1/14/2025,IAE1J12282,1,EA,1319,EXPANDING PLIER
PO-25-4,Aeroparts AOG DWC LLC,ROTAFILO,1/14/2025,1/14/2025,IAE1P16285,1,EA,2810,ADAPTER TIEROD ENGINE ASSY HP SYSTEM
PO-25-4,Aeroparts AOG DWC LLC,ROTAFILO,1/14/2025,1/14/2025,IAE1J12026,1,EA,861,TURNING HANDLE
PO-25-4,Aeroparts AOG DWC LLC,ROTAFILO,1/14/2025,1/14/2025,IAE1R18234,1,EA,348,SUPPORT ROD
PO-25-4,Aeroparts AOG DWC LLC,ROTAFILO,1/14/2025,1/14/2025,IAE1F10104,1,EA,644,WRENCH HAND NUT
PO-25-4,Aeroparts AOG DWC LLC,ROTAFILO,1/14/2025,1/14/2025,IAE1J12119,1,EA,3127,ADPTR EXT INT GEARBOX BRG SUP ASSY INTMD
PO-25-4,Aeroparts AOG DWC LLC,ROTAFILO,1/14/2025,1/14/2025,IAE1J12118,1,EA,7149,STND STGE-LP STUB SHAFT NO1 BRNG SUP ASSY INTR
PO-25-4,Aeroparts AOG DWC LLC,ROTAFILO,1/14/2025,1/14/2025,IAE1J12507,1,EA,604,PIN ALIGNING LPC RTR NO1 BPG RTR CTR INTER
PO-25-4,Aeroparts AOG DWC LLC,ROTAFILO,1/14/2025,1/14/2025,IAE1J12106,1,EA,740,PIN-ALIGNING
PO-25-4,Aeroparts AOG DWC LLC,ROTAFILO,1/14/2025,1/14/2025,IAE1J12024,1,EA,312,WRENCH SPECIAL ENGINE ASSY BOLT NO2 BRG HSG
PO-25-4,Aeroparts AOG DWC LLC,ROTAFILO,1/14/2025,1/14/2025,IAE1J12188,1,EA,390,BOLT-PULLER
PO-25-4,Aeroparts AOG DWC LLC,ROTAFILO,1/14/2025,1/14/2025,IAE1F10044,1,EA,160,DRIVER-INSTALLATION
PO-25-4,Aeroparts AOG DWC LLC,ROTAFILO,1/14/2025,1/14/2025,IAE1F10012,1,EA,587,"PUSHER, INSTALLATION"
PO-25-4,Aeroparts AOG DWC LLC,ROTAFILO,1/14/2025,1/14/2025,IAE1F10412,1,EA,1117,"PUSHER-PULLER,R/I"
PO-25-4,Aeroparts AOG DWC LLC,ROTAFILO,1/14/2025,1/14/2025,IAE1F10294,1,EA,1116,PULLER-REMOVAL
PO-25-4,Aeroparts AOG DWC LLC,ROTAFILO,1/14/2025,1/14/2025,IAE1F10293,1,EA,1128,PULLER-REMOVAL
PO-25-4,Aeroparts AOG DWC LLC,ROTAFILO,1/14/2025,1/14/2025,IAE1F10292,1,EA,1127,PULLER-REMOVAL
PO-25-4,Aeroparts AOG DWC LLC,ROTAFILO,1/14/2025,1/14/2025,IAE1F10023,1,EA,2981,ADAPTER HANDLING-GEARBOX
PO-25-4,Aeroparts AOG DWC LLC,ROTAFILO,1/14/2025,1/14/2025,IAE1F10022,1,EA,15492,"JACK, HYDRAULIC"
PO-25-4,Aeroparts AOG DWC LLC,ROTAFILO,1/14/2025,1/14/2025,IAE1F10021,1,EA,2673,STAND STORAGE ENGINE ASSY GEARBOX MODULE GROUP
PO-25-4,Aeroparts AOG DWC LLC,ROTAFILO,1/14/2025,1/14/2025,IAE1F10011,1,EA,711,"PIN, HANDLING GEARBOX"
PO-25-4,Aeroparts AOG DWC LLC,ROTAFILO,1/14/2025,1/14/2025,IAE2R18871,1,EA,5011,BRIDGE INSPECTION
PO-25-4,Aeroparts AOG DWC LLC,ROTAFILO,1/14/2025,1/14/2025,IAE1J12220,1,EA,4986,PULLER HYDRAULIC ENGINE ASSY LP SHAFT
PO-25-4,Aeroparts AOG DWC LLC,ROTAFILO,1/14/2025,1/14/2025,IAE1R18907,1,EA,5605,RETAINER EXPANDING LPT SHAFT
PO-25-4,Aeroparts AOG DWC LLC,ROTAFILO,1/14/2025,1/14/2025,IAE1P17039,1,EA,1380,PULLER
PO-25-4,Aeroparts AOG DWC LLC,ROTAFILO,1/14/2025,1/14/2025,IAE1P17038,1,EA,1050,PULLER SLIDE CASE TURBO EXHAUST ASSY
PO-25-4,Aeroparts AOG DWC LLC,ROTAFILO,1/14/2025,1/14/2025,IAE1M14146,1,EA,2997,PLATE SUPPORT LPT SHAFT
PO-25-4,Aeroparts AOG DWC LLC,ROTAFILO,1/14/2025,1/14/2025,IAE1F10043,1,EA,3901,FIXTURE SUPPORT TEC
PO-25-4,Aeroparts AOG DWC LLC,ROTAFILO,1/14/2025,1/14/2025,IAE1F10085,1,EA,2844,PEDESTAL ADJUSTABLE
PO-25-4,Aeroparts AOG DWC LLC,ROTAFILO,1/14/2025,1/14/2025,IAE1F10084,1,EA,3850,FIXTURE SUPPORT
PO-25-4,Aeroparts AOG DWC LLC,ROTAFILO,1/14/2025,1/14/2025,IAE1F10080,1,EA,13985,STAND HORIZONTAL LPT MODULE GROUP
PO-25-4,Aeroparts AOG DWC LLC,ROTAFILO,1/14/2025,1/14/2025,IAE1P16047,1,EA,6556,ADAPTER HYDRAULIC ENGINE ASSY HPT REMOVE INSTALL
PO-25-4,Aeroparts AOG DWC LLC,ROTAFILO,1/14/2025,1/14/2025,IAE1F10052,1,EA,6221,"SLING, TWO CABLES"
PO-25-4,Aeroparts AOG DWC LLC,ROTAFILO,1/14/2025,1/14/2025,IAE1P16028,1,EA,8883,STAND BUILD HPT ROTOR AND STATOR ASSY
PO-25-4,Aeroparts AOG DWC LLC,ROTAFILO,1/14/2025,1/14/2025,IAE1F10026,1,EA,1777,PUMP-HYDRAULIC
PO-25-4,Aeroparts AOG DWC LLC,ROTAFILO,1/14/2025,1/14/2025,IAE1P16092,1,EA,1785,GAGE - IGNITER
PO-25-4,Aeroparts AOG DWC LLC,ROTAFILO,1/14/2025,1/14/2025,IAE1P16046,1,EA,8071,FIXTURE REMOV INSTALL ENGINE ASSY HPT
PO-25-4,Aeroparts AOG DWC LLC,ROTAFILO,1/14/2025,1/14/2025,IAE1F10028,1,EA,2898,"PEDESTAL, FIXED"
PO-25-4,Aeroparts AOG DWC LLC,ROTAFILO,1/14/2025,1/14/2025,IAE1J12019,1,EA,4224,STAND TRANSPORT STORAGE ENGINE ASSY FAN ROTOR
PO-25-5,Aeroparts AOG DWC LLC,ROTAFILO,1/17/2025,1/17/2025,856A3525G04,1,EA,8510,CRADLE
PO-25-5,Aeroparts AOG DWC LLC,ROTAFILO,1/17/2025,1/17/2025,856A3732G04,1,EA,8893,FIXTURE HANDLING-BOOSTER ROTOR/STATOR ASSY
PO-25-5,Aeroparts AOG DWC LLC,ROTAFILO,1/17/2025,1/17/2025,856A3773G03,1,EA,8250,FIXTURE  HANDLING
PO-25-5,Aeroparts AOG DWC LLC,ROTAFILO,1/17/2025,1/17/2025,856A3519G05,1,EA,1934,SLING -  THREE LEGS -  AGB HANDLIN
PO-25-5,Aeroparts AOG DWC LLC,ROTAFILO,1/17/2025,1/17/2025,856A3598G03,1,EA,2690,SUPT. FUEL PUMP & MEC
PO-25-5,Aeroparts AOG DWC LLC,ROTAFILO,1/17/2025,1/17/2025,856A3591G01,1,EA,174,PROTECTOR -  MOUNT PIN
PO-25-5,Aeroparts AOG DWC LLC,ROTAFILO,1/17/2025,1/17/2025,856A3778G01,1,EA,140,PINS - GUIDE SPINNER
PO-25-5,Aeroparts AOG DWC LLC,ROTAFILO,1/17/2025,1/17/2025,856A2956G01,1,EA,3345,RING FAN ASSEMBLY
PO-25-5,Aeroparts AOG DWC LLC,ROTAFILO,1/17/2025,1/17/2025,856A3728G02,1,EA,1297,CORE ENGINE SEALING PLATE & LOCK
PO-25-5,Aeroparts AOG DWC LLC,ROTAFILO,1/17/2025,1/17/2025,856A1312G07,3,EA,2997,SUPPORT -  ENG. HANDLING
PO-25-5,Aeroparts AOG DWC LLC,ROTAFILO,1/17/2025,1/17/2025,856A1312G08,3,EA,282,SUPPORT
PO-25-5,Aeroparts AOG DWC LLC,ROTAFILO,1/17/2025,1/17/2025,856A2632G01,1,EA,245,PULLER
PO-25-5,Aeroparts AOG DWC LLC,ROTAFILO,1/17/2025,1/17/2025,856A2754G02,1,EA,4866,FIXTURE  SUPPORT AGB
PO-25-5,Aeroparts AOG DWC LLC,ROTAFILO,1/17/2025,1/17/2025,856A2727G01,1,EA,608,PULLER  RADIAL DRIVE SHAFT
PO-25-5,Aeroparts AOG DWC LLC,ROTAFILO,1/17/2025,1/17/2025,856A3506G03,1,EA,5098,WRENCH  TORQUE LPT
PO-25-5,Aeroparts AOG DWC LLC,ROTAFILO,1/17/2025,1/17/2025,856A2717G01,1,EA,450,ADAPTER LOCK  CORE ENGINE
PO-25-5,Aeroparts AOG DWC LLC,ROTAFILO,1/17/2025,1/17/2025,856A2647G02,1,EA,5350,STAND TRANS/STORE LPT
PO-25-5,Aeroparts AOG DWC LLC,ROTAFILO,1/17/2025,1/17/2025,856A3409G01,1,EA,148,KIT PINS GUIDE
PO-25-5,Aeroparts AOG DWC LLC,ROTAFILO,1/17/2025,1/17/2025,856A1312G05,3,EA,2914,SUPPORT-ENGINE HANDLING
PO-25-5,Aeroparts AOG DWC LLC,ROTAFILO,1/17/2025,1/17/2025,856A2631G01,1,EA,6338,STAND -  STORAGE FAN BLADE
PO-25-5,Aeroparts AOG DWC LLC,ROTAFILO,1/17/2025,1/17/2025,856A2625G01,1,EA,4242,STAND STORAGE LP BOOSTER
PO-25-5,Aeroparts AOG DWC LLC,ROTAFILO,1/17/2025,1/17/2025,856A2501G01,1,EA,222,WRENCH -  VBV MANUAL
PO-25-5,Aeroparts AOG DWC LLC,ROTAFILO,1/17/2025,1/17/2025,856A1312G02,2,EA,3040,SUPPORT-ENGINE HANDLING
PO-25-5,Aeroparts AOG DWC LLC,ROTAFILO,1/17/2025,1/17/2025,856A1312G06,2,EA,3040,SUPPORT
PO-25-5,Aeroparts AOG DWC LLC,ROTAFILO,1/17/2025,1/17/2025,856A3604P01,1,EA,633,WRENCH -  HORZ DR SHAFT NUT
PO-25-5,Aeroparts AOG DWC LLC,ROTAFILO,1/17/2025,1/17/2025,856A3576G01,1,EA,2820,TOOL R/I SEALS AGB
PO-25-5,Aeroparts AOG DWC LLC,ROTAFILO,1/17/2025,1/17/2025,856A2805G01,1,EA,945,TURNBUCKLE AGB/TGB
PO-25-5,Aeroparts AOG DWC LLC,ROTAFILO,1/17/2025,1/17/2025,856A2609G01,1,EA,374,BLOCK -  JACKING FUEL PUMP
PO-25-5,Aeroparts AOG DWC LLC,ROTAFILO,1/17/2025,1/17/2025,856A3419G02,1,EA,905,ADAPTER -  PULLER COVER
PO-25-5,Aeroparts AOG DWC LLC,ROTAFILO,1/17/2025,1/17/2025,856A2537G01,1,EA,318,PROTECT -  MOUNT PIN
PO-25-5,Aeroparts AOG DWC LLC,ROTAFILO,1/17/2025,1/17/2025,856A3708G01,1,EA,652,TOOL PUSH PULL
PO-25-5,Aeroparts AOG DWC LLC,ROTAFILO,1/17/2025,1/17/2025,856A3724G02,1,EA,2794,TOOL SET  SIGHT FAN DISK BOLTS
PO-25-5,Aeroparts AOG DWC LLC,ROTAFILO,1/17/2025,1/17/2025,856A2308G02,1,EA,1912,SLEEVE CNTER MOD 1/LPT MAJ MOD
PO-25-5,Aeroparts AOG DWC LLC,ROTAFILO,1/17/2025,1/17/2025,856A2711G01,1,EA,3454,FIXTURE   CENTER LPT SHAFT
PO-25-5,Aeroparts AOG DWC LLC,ROTAFILO,1/17/2025,1/17/2025,856A3709G03,1,EA,4348,FIXTURE ALIGNMENT
PO-25-5,Aeroparts AOG DWC LLC,ROTAFILO,1/17/2025,1/17/2025,856A2626G02,1,EA,3895,STAND STORAGE #1-2
PO-25-5,Aeroparts AOG DWC LLC,ROTAFILO,1/17/2025,1/17/2025,856A2316G01,1,EA,3574,TORQUE WRENCH LPT CPL NUT
PO-25-5,Aeroparts AOG DWC LLC,ROTAFILO,1/17/2025,1/17/2025,856A3443G03,1,EA,2440,"PULLER,OUTER RACE&SLEEVE BEARING NO8"
PO-25-5,Aeroparts AOG DWC LLC,ROTAFILO,1/17/2025,1/17/2025,856A2712G02,1,EA,5310,SEGMENTS   HANDLE TURBINE F
PO-25-5,Aeroparts AOG DWC LLC,ROTAFILO,1/17/2025,1/17/2025,856A2555G08,2,EA,4280,BEAM  LIFT FAN FRAME
PO-25-5,Aeroparts AOG DWC LLC,ROTAFILO,1/17/2025,1/17/2025,856A2773G01,1,EA,1172,SPACERS SUPT LPTR/CASE
PO-25-5,Aeroparts AOG DWC LLC,ROTAFILO,1/17/2025,1/17/2025,856A2661G01,1,EA,910,PULLER AFT ROTATING AIR/OIL SEPERATOR
PO-25-5,Aeroparts AOG DWC LLC,ROTAFILO,1/17/2025,1/17/2025,856A2668G02,1,EA,787,KIT - PULLER ADAPTERS
PO-25-5,Aeroparts AOG DWC LLC,ROTAFILO,1/17/2025,1/17/2025,856A3721G03,1,EA,2750,ADAPTER  LIFT/TURN #1
PO-25-5,Aeroparts AOG DWC LLC,ROTAFILO,1/17/2025,1/17/2025,856A3777G02,1,EA,890,TEMPLATE  LOCATING-JET#3
PO-25-5,Aeroparts AOG DWC LLC,ROTAFILO,1/17/2025,1/17/2025,856A3704G01,1,EA,4589,TORQUE ADAPTER
PO-25-5,Aeroparts AOG DWC LLC,ROTAFILO,1/17/2025,1/17/2025,856A2780G02,1,EA,1118,ADPT HANDLE
PO-25-5,Aeroparts AOG DWC LLC,ROTAFILO,1/17/2025,1/17/2025,856A2577P01,1,EA,670,RING  LOCATE #5
PO-25-5,Aeroparts AOG DWC LLC,ROTAFILO,1/17/2025,1/17/2025,856A2726G01,1,EA,2560,TURNBUCKLE TGB/AGB
PO-25-5,Aeroparts AOG DWC LLC,ROTAFILO,1/17/2025,1/17/2025,856A2722G01,1,EA,795,GUIDE PINS-LPT/TRF
PO-25-5,Aeroparts AOG DWC LLC,ROTAFILO,1/17/2025,1/17/2025,856A3392G01,1,EA,1590,WRENCH -  TORQUE AFT ROTATING
PO-25-5,Aeroparts AOG DWC LLC,ROTAFILO,1/17/2025,1/17/2025,856A3485P01,1,EA,119,CAP  PROTECTIVE THREAD
PO-25-5,Aeroparts AOG DWC LLC,ROTAFILO,1/17/2025,1/17/2025,856A2663G01,1,EA,450,ADAPTER PULLER
PO-25-5,Aeroparts AOG DWC LLC,ROTAFILO,1/17/2025,1/17/2025,856A3234P01,1,EA,627,PROTECTOR  CVT AFT
PO-25-5756,Aeroparts AOG DWC LLC,SPECIALIST AVIATION LTD,1/17/2025,1/17/2025,7012-18088-03,1,EA,14250,VALVE
PO-25-5757,Aeroparts AOG DWC LLC,STRADE Ltd,1/20/2025,1/20/2025,31110-120,1,EA,9722,SERVO RUDDER CONTROL
PO-25-5758,Aeroparts AOG DWC LLC,BOEING FLEET,1/20/2025,12/26/2024,659W1190-2,1,EA,4033,HNGE ARM
PO-25-5759,Aeroparts AOG DWC LLC,AVIALL,1/20/2025,1/20/2025,F013WWBCAC,24,EA,19.79,LAMP
PO-25-5761,Aeroparts AOG DWC LLC,CFM INTERNATIONAL,1/20/2025,1/20/2025,2564M19G03,4,EA,2351,SEAL STAGE 2 COMPRESSOR STATOR
PO-25-5761,Aeroparts AOG DWC LLC,CFM INTERNATIONAL,1/20/2025,1/20/2025,2564M18P01,24,EA,1358,SHROUD ASSY-CPRSR STTR STG 2
PO-25-5761,Aeroparts AOG DWC LLC,CFM INTERNATIONAL,1/20/2025,1/20/2025,2564M19G01,10,EA,2401,SEAL STAGE2 COMPRESSOR STATOR
PO-25-5762,Aeroparts AOG DWC LLC,CFM INTERNATIONAL,1/20/2025,1/20/2025,2564M18P03,10,EA,1358,SHROUD ASSY-CPRSR STTR STG 2
PO-25-5762,Aeroparts AOG DWC LLC,CFM INTERNATIONAL,1/20/2025,1/20/2025,2564M18P01,24,EA,1358,SHROUD ASSY-CPRSR STTR STG 2
PO-25-5763,Aeroparts AOG DWC LLC,CFM INTERNATIONAL,1/20/2025,1/20/2025,2050M82G03,30,EA,1223,SHROUD ASSY-CPRSR STTR STG 2
PO-25-5764,Aeroparts AOG DWC LLC,BOEING FLEET,1/20/2025,1/20/2025,BACB30LE4K20,10,EA,29.54,bolt
PO-25-5764,Aeroparts AOG DWC LLC,BOEING FLEET,1/20/2025,1/20/2025,KJB378304B,5,EA,64.71,Bushing
PO-25-5765,Aeroparts AOG DWC LLC,East Air Corp,1/20/2025,1/20/2025,141T4004-22,2,EA,40910,WINDSHIELD
PO-25-5767,Aeroparts AOG DWC LLC,PDQ AIRSPARES,1/20/2025,1/20/2025,4L83-046,4,EA,695,VALVE ASSEMBLY
PO-25-5768,Aeroparts AOG DWC LLC,PDQ AIRSPARES,1/20/2025,1/20/2025,63600-101,36,EA,90,LIFE VEST
PO-25-5769,Aeroparts AOG DWC LLC,BOEING FLEET,1/21/2025,1/21/2025,115A2752-5,1,EA,3539,RETAINER
PO-25-5769,Aeroparts AOG DWC LLC,BOEING FLEET,1/21/2025,1/21/2025,115A2790-5,1,EA,574,SEAL
PO-25-5769,Aeroparts AOG DWC LLC,BOEING FLEET,1/21/2025,1/21/2025,313A2114U12,2,EA,3832,SEAL
PO-25-5770,Aeroparts AOG DWC LLC,BOEING FLEET,1/21/2025,1/21/2025,J1438P910,200,EA,15,PACKING
PO-25-5771,Aeroparts AOG DWC LLC,PROPONENT,1/21/2025,11/12/2024,240114,5,EA,5612.77,POWER MODULE ASSEMBLY
PO-25-5771,Aeroparts AOG DWC LLC,PROPONENT,1/21/2025,11/12/2024,35240130-22,1,EA,715.07,FILL FITTING
PO-25-5772,Aeroparts AOG DWC LLC,Executive Jet Support,1/21/2025,1/21/2025,0102AY1AF,1,EA,9000,Total Air Temperature
PO-25-5773,Aeroparts AOG DWC LLC,BOEING FLEET,1/21/2025,1/27/2025,5011KTU01,1,EA,2865,TANK ASSY
PO-25-5773,Aeroparts AOG DWC LLC,BOEING FLEET,1/21/2025,1/27/2025,5003KTU01,1,EA,2865,TANK UNIT
PO-25-5774,Aeroparts AOG DWC LLC,BOEING FLEET,1/21/2025,1/27/2025,31-7771-3,1,EA,5017.32,LAMP
PO-25-5775,Aeroparts AOG DWC LLC,UNICAL AVIATION,1/21/2025,1/21/2025,A2577187320400,17,EA,20,SCREW
PO-25-5775,Aeroparts AOG DWC LLC,UNICAL AVIATION,1/21/2025,1/21/2025,A2577187320400,233,EA,20,SCREW
PO-25-5776,Aeroparts AOG DWC LLC,WENCOR,1/22/2025,1/22/2025,ABS0692-01,300,EA,0,WASHER
PO-25-5776,Aeroparts AOG DWC LLC,WENCOR,1/22/2025,1/22/2025,4224057WE,6,EA,115.5,WIPER BLADE
PO-25-5776,Aeroparts AOG DWC LLC,WENCOR,1/22/2025,1/22/2025,DAN125-5S,140,EA,2.04,"WASHER, COUNTERSUNK"
PO-25-5776,Aeroparts AOG DWC LLC,WENCOR,1/22/2025,1/22/2025,ABS0692-01,300,EA,0.43,WASHER
PO-25-5776,Aeroparts AOG DWC LLC,WENCOR,1/22/2025,1/22/2025,ABS0365-3-1B,100,EA,1.3,Nut Clip
PO-25-5776,Aeroparts AOG DWC LLC,WENCOR,1/22/2025,1/22/2025,ABS0365-3-2B,50,EA,1.37,Nut Clip
PO-25-5776,Aeroparts AOG DWC LLC,WENCOR,1/22/2025,1/22/2025,ABS0336-07,500,EA,2,STUD
PO-25-5777,Aeroparts AOG DWC LLC,JACAERO INDUSTRIES LLC,1/22/2025,1/22/2025,INTL WIRE FEE,1,EA,4,INTERNATIONAL WIRE FEE
PO-25-5777,Aeroparts AOG DWC LLC,JACAERO INDUSTRIES LLC,1/22/2025,1/22/2025,NAS1100-3-10,1000,EA,0.1,SCREW
PO-25-5778,Aeroparts AOG DWC LLC,Aerotrends Aviation,1/22/2025,1/22/2025,117042-02,12,EA,800,OXYGEN GENERATOR
PO-25-5778,Aeroparts AOG DWC LLC,Aerotrends Aviation,1/22/2025,1/22/2025,117042-03,3,EA,1100,OXYGEN GENERATOR
PO-25-5779,Aeroparts AOG DWC LLC,DSC TRADING LLC,1/22/2025,1/22/2025,MS35214-50,10,EA,1,SCREW
PO-25-5779,Aeroparts AOG DWC LLC,DSC TRADING LLC,1/22/2025,1/22/2025,MS35214-50,50,EA,0.8,SCREW
PO-25-5780,Aeroparts AOG DWC LLC,SKYSPARES LTD,1/22/2025,1/22/2025,MS24266R14B7SN,25,EA,35,CONNECTOR
PO-25-5781,Aeroparts AOG DWC LLC,ROTAFILO,1/22/2025,1/20/2025,98F20008247000,1,EA,590,QUANTITY LIMITER-REGREASING
PO-25-5781,Aeroparts AOG DWC LLC,ROTAFILO,1/22/2025,1/20/2025,HU37594,1,EA,152,"ADAPTER - CHOCKING PAD AND SLIDER, REMOVAL"
PO-25-5781,Aeroparts AOG DWC LLC,ROTAFILO,1/22/2025,1/20/2025,HU55105-2,1,EA,2905,Steady Engine Mounts
PO-25-5781,Aeroparts AOG DWC LLC,ROTAFILO,1/22/2025,1/20/2025,HU87131-1,1,EA,232,EXTRACTOR - LOCK WASHER
PO-25-5781,Aeroparts AOG DWC LLC,ROTAFILO,1/22/2025,1/20/2025,98F07107501000,1,EA,183,"ADAPTER-AFT,JACKING"
PO-25-5781,Aeroparts AOG DWC LLC,ROTAFILO,1/22/2025,1/20/2025,HU36634,1,EA,650,SLING LIFT ENG REAR MOUNT
PO-25-5781,Aeroparts AOG DWC LLC,ROTAFILO,1/22/2025,1/20/2025,HU35382-1,1,EA,1755,LIFTER-REM INST ENGINE FRONT MOUNT
PO-25-5781,Aeroparts AOG DWC LLC,ROTAFILO,1/22/2025,1/20/2025,98F52003006002,1,EA,3144,SAFETY BARRIER EMERGENCY EXIT
PO-25-5781,Aeroparts AOG DWC LLC,ROTAFILO,1/22/2025,1/20/2025,HU42375,1,EA,269,Wedge
PO-25-5781,Aeroparts AOG DWC LLC,ROTAFILO,1/22/2025,1/20/2025,HU35451,1,EA,758,Extracting hook
PO-25-5781,Aeroparts AOG DWC LLC,ROTAFILO,1/22/2025,1/20/2025,HU44265,3,EA,150,DOWEL
PO-25-5781,Aeroparts AOG DWC LLC,ROTAFILO,1/22/2025,1/20/2025,98F54003008004,1,EA,6885,ADAPTOR-DYNAMOMETRIC AT RIB1
PO-25-5781,Aeroparts AOG DWC LLC,ROTAFILO,1/22/2025,1/20/2025,HU87113-1,2,EA,1121,SAFETY STRUT - HOLD OPEN DEVICE
PO-25-5781,Aeroparts AOG DWC LLC,ROTAFILO,1/22/2025,1/20/2025,98F71201010000,1,EA,1151,"APPROACH DEVICE FITTING - ENGINE, PYLON"
PO-25-5781,Aeroparts AOG DWC LLC,ROTAFILO,1/22/2025,1/20/2025,HU55761,2,EA,1395,ADAPTER - BOOTSTRAP
PO-25-5781,Aeroparts AOG DWC LLC,ROTAFILO,1/22/2025,1/20/2025,98F71201006080,1,EA,29985,BOOTSTRAP SYSTEM-A330 RR
PO-25-5781,Aeroparts AOG DWC LLC,ROTAFILO,1/22/2025,1/20/2025,98A52307557000,1,EA,239,VALVE-VACUUM. SCUFF PLATE
PO-25-5781,Aeroparts AOG DWC LLC,ROTAFILO,1/22/2025,1/20/2025,98L36103002000,1,EA,4350,ENGINE BLEED
PO-25-5781,Aeroparts AOG DWC LLC,ROTAFILO,1/22/2025,1/20/2025,98A28104031001,1,EA,920,PURGER-WATER DRAIN
PO-25-5782,Aeroparts AOG DWC LLC,BOEING FLEET,1/22/2025,12/17/2024,654A0004-169,1,EA,2359,PLATE 
PO-25-5783,Aeroparts AOG DWC LLC,"GA TELESIS, LLC",1/22/2025,1/22/2025,15801-160,1,EA,0,VALVE ASSY FLUSH
PO-25-5783,Aeroparts AOG DWC LLC,"GA TELESIS, LLC",1/22/2025,1/22/2025,15801-160,1,EA,1500,VALVE ASSY FLUSH
PO-25-5784,Aeroparts AOG DWC LLC,AERO TECHNIC ME FZCO,1/22/2025,1/22/2025,98F27208691000,1,EA,4000,"TURN-BARREL,RUDDER"
PO-25-5784,Aeroparts AOG DWC LLC,AERO TECHNIC ME FZCO,1/22/2025,1/22/2025,AETL34989,1,EA,2699,PIN SPANNER
PO-25-5784,Aeroparts AOG DWC LLC,AERO TECHNIC ME FZCO,1/22/2025,1/22/2025,98F54003023002,1,EA,1673.1,WRENCH-CASTELLATED
PO-25-5784,Aeroparts AOG DWC LLC,AERO TECHNIC ME FZCO,1/22/2025,1/22/2025,98F27203002000,1,EA,10000,GAUGE-RUDDER NEUTRAL SETTING
PO-25-5785,Aeroparts AOG DWC LLC,Fly Dynamics,1/22/2025,1/22/2025,HU44525-2,1,EA,1150,IMMOBILIZER
PO-25-5786,Aeroparts AOG DWC LLC,SKY GLOBAL SUPPORT,1/22/2025,1/20/2025,324477,10,EA,111.44,"CAP,PROTECTIVE-FIRE EXTINGUISHER SYSTEM"
PO-25-5787,Aeroparts AOG DWC LLC,AVIAPOOL,1/22/2025,1/20/2025,29A029,1,EA,768,CALIBRATION BLOCK
PO-25-5788,Aeroparts AOG DWC LLC,DUBUDAT AEROSPACE,1/23/2025,1/20/2025,98F57004009001,1,EA,233,SET - GUIDE CONE
PO-25-5788,Aeroparts AOG DWC LLC,DUBUDAT AEROSPACE,1/23/2025,1/20/2025,98F54003001000,1,EA,2458,"EXTRACTOR-PYLON SHAFT, RIB 12 - RIB 18"
PO-25-5789,Aeroparts AOG DWC LLC,FEZA AEROSPACE,1/23/2025,1/23/2025,98F27508238004,1,EA,1079,"STOP-CARRIAGE,FLAP"
PO-25-5789,Aeroparts AOG DWC LLC,FEZA AEROSPACE,1/23/2025,1/23/2025,98F52308279000,2,EA,950,BAR-R I ACTUATOR
PO-25-5790,Aeroparts AOG DWC LLC,WENCOR,1/23/2025,1/21/2025,3881052-2WE,4,EA,1116.25,"Indicator, Pressure"
PO-25-5790,Aeroparts AOG DWC LLC,WENCOR,1/23/2025,1/21/2025,3881017-1WE,3,EA,4268,HOUSING-FILTER
PO-25-5791,Aeroparts AOG DWC LLC,ALDIS HAVACILIK LTD. STI,1/23/2025,1/23/2025,31110-120,1,EA,22500,SERVO RUDDER CONTROL
PO-25-5791,Aeroparts AOG DWC LLC,ALDIS HAVACILIK LTD. STI,1/23/2025,1/23/2025,31110-120,1,EA,22500,SERVO RUDDER CONTROL
PO-25-5792,Aeroparts AOG DWC LLC,UNICAL AVIATION,1/23/2025,1/23/2025,F5757157921602,2,EA,150,LH OB Flap Rub Strip
PO-25-5793,Aeroparts AOG DWC LLC,WENCOR,1/24/2025,1/24/2025,NAS1351-3-10P,200,EA,0.52,SCREW
PO-25-5794,Aeroparts AOG DWC LLC,PROPONENT,1/24/2025,1/24/2025,165823,20,EA,464.77,CELL
PO-25-5795,Aeroparts AOG DWC LLC,AVIALL,1/24/2025,1/24/2025,466-8,1,EA,3475.75,TEMPERATURE SENSOR
PO-25-5796,Aeroparts AOG DWC LLC,SAFARI AVIATION SERVICES FZE,1/24/2025,1/24/2025,VAT,1,EA,2.04,VAT
PO-25-5796,Aeroparts AOG DWC LLC,SAFARI AVIATION SERVICES FZE,1/24/2025,1/24/2025,HEALTH,1,EA,40.76,CERTIFICATE
PO-25-5796,Aeroparts AOG DWC LLC,SAFARI AVIATION SERVICES FZE,1/24/2025,1/24/2025,CUSTOMS PROCESSING FEE,1,EA,38.62,CUSTOMS PROCESSING FEE
PO-25-5796,Aeroparts AOG DWC LLC,SAFARI AVIATION SERVICES FZE,1/24/2025,1/24/2025,PS870A2-6OZ,6,KT,128.74,Sealant 654 Semkit 6Oz
PO-25-5798,Aeroparts AOG DWC LLC,Executive Jet Support,1/24/2025,1/24/2025,C24966000,1,EA,4000,VALVE
PO-25-5800,Aeroparts AOG DWC LLC,GOVERNMENT OF DUBAI,1/27/2025,1/27/2025,RENEW,1,EA,2858.7,LICENSE
PO-25-5801,Aeroparts AOG DWC LLC,PROPONENT,1/27/2025,1/27/2025,E0092-41-160NN,10,EA,4.58,BONDING JUMPER
PO-25-5801,Aeroparts AOG DWC LLC,PROPONENT,1/27/2025,1/27/2025,ABS0734-226,6,EA,40.75,GASKET
PO-25-5801,Aeroparts AOG DWC LLC,PROPONENT,1/27/2025,1/27/2025,E0052N16B26SYF,5,EA,55.14,"CONNECTOR, PLUG-BODY"
PO-25-5801,Aeroparts AOG DWC LLC,PROPONENT,1/27/2025,1/27/2025,E0052N8B3ASNF,5,EA,31.69,"CONNECTOR, PLUG-BODY"
PO-25-5801,Aeroparts AOG DWC LLC,PROPONENT,1/27/2025,1/27/2025,M83248/1-216,13,EA,2.49,O-RING
PO-25-5801,Aeroparts AOG DWC LLC,PROPONENT,1/27/2025,1/27/2025,NAS7204U4,20,EA,7.18,BOLT
PO-25-5801,Aeroparts AOG DWC LLC,PROPONENT,1/27/2025,1/27/2025,NSA5620-01,70,EA,1.64,STUD
PO-25-5802,Aeroparts AOG DWC LLC,BOEING DISTRIBUTION SERVICES,1/27/2025,1/27/2025,NAS1805-10L,5,EA,29.52,NUT
PO-25-5803,Aeroparts AOG DWC LLC,SAINT-GOBAIN AEROSPACE,1/27/2025,1/27/2025,SPSA340-1-6-3,1,EA,9990,Windshield
PO-25-5804,Aeroparts AOG DWC LLC,WENCOR,1/27/2025,1/27/2025,4224057WE,18,EA,115.5,WIPER BLADE
PO-25-5804,Aeroparts AOG DWC LLC,WENCOR,1/27/2025,1/27/2025,AS62424,18,EA,53,CLAMP
PO-25-5804,Aeroparts AOG DWC LLC,WENCOR,1/27/2025,1/27/2025,NAS1351-3-10,50,EA,0.52,SCREW
PO-25-5804,Aeroparts AOG DWC LLC,WENCOR,1/27/2025,1/27/2025,MS14183PC3,50,EA,1.43,WASHER
PO-25-5805,Aeroparts AOG DWC LLC,PROPONENT,1/27/2025,1/27/2025,85333RS12-03PNL,3,EA,97.07,CONNECTOR
PO-25-5806,Aeroparts AOG DWC LLC,BOEING DISTRIBUTION SERVICES,1/28/2025,1/27/2025,4557,30,EA,37.3,LAMP
PO-25-5806,Aeroparts AOG DWC LLC,BOEING DISTRIBUTION SERVICES,1/28/2025,1/27/2025,4384089,10,EA,340,BULB
PO-25-5806,Aeroparts AOG DWC LLC,BOEING DISTRIBUTION SERVICES,1/28/2025,1/27/2025,4394909,10,EA,988.71,LIGHT
PO-25-5807,Aeroparts AOG DWC LLC,AVIALL SERVICES INC,1/28/2025,1/27/2025,31-8585-1,15,EA,203.44,GASKET
PO-25-5808,Aeroparts AOG DWC LLC,AERFIN,1/28/2025,1/28/2025,966A0000-02,1,EA,7500,HEAT EXCHANGER
PO-25-5809,Aeroparts AOG DWC LLC,AVIALL,1/28/2025,1/13/2025,A35226,10,EA,169.12,NUT
PO-25-5810,Aeroparts AOG DWC LLC,BOEING FLEET,1/29/2025,1/29/2025,311A2553-12,4,EA,3027,HINGE
PO-25-5811,Aeroparts AOG DWC LLC,BOEING FLEET,1/29/2025,2/5/2025,443W3075-17W,6,EA,592,THRESHOLD
PO-25-5812,Aeroparts AOG DWC LLC,BOEING FLEET,1/30/2025,1/17/2025,BACN10ZV3,100,EA,0.45,NUT
PO-25-5812,Aeroparts AOG DWC LLC,BOEING FLEET,1/30/2025,1/17/2025,BACC63BV22B19PN,2,EA,810.57,CONNECTOR
PO-25-5813,Aeroparts AOG DWC LLC,BOEING FLEET,1/30/2025,1/27/2025,113A9308-1,2,EA,1221,BOLT
PO-25-5813,Aeroparts AOG DWC LLC,BOEING FLEET,1/30/2025,1/27/2025,BACB28AZ11A039Z,8,EA,76.3,BUSHING
PO-25-5814,Aeroparts AOG DWC LLC,BOEING FLEET,1/30/2025,1/27/2025,B0E2013-0301,2,EA,350,HOSE
PO-25-5814,Aeroparts AOG DWC LLC,BOEING FLEET,1/30/2025,1/27/2025,B0E2013-0573,3,EA,271,HOSE
PO-25-5814,Aeroparts AOG DWC LLC,BOEING FLEET,1/30/2025,1/27/2025,137-00-100-09,140,EA,9.36,NUT
PO-25-5814,Aeroparts AOG DWC LLC,BOEING FLEET,1/30/2025,1/27/2025,IT-4350-639,2,EA,1688,HOSE
PO-25-5815,Aeroparts AOG DWC LLC,BOEING FLEET,1/31/2025,1/28/2025,113A9308-1,2,EA,1221,BOLT
PO-25-5816,Aeroparts AOG DWC LLC,LIVE AEROSPACE,2/14/2025,2/14/2025,60-0304-51,15,EA,700,POWER SUPPLY 
PO-25-5817,Aeroparts AOG DWC LLC,BOEING FLEET,2/17/2025,2/17/2025,B0E2013-0341,2,EA,346,HOSE ASSY
PO-25-5818,Aeroparts AOG DWC LLC,BOEING FLEET,2/17/2025,2/17/2025,2085M48P01,36,EA,809,SEAL
PO-25-5819,Aeroparts AOG DWC LLC,WENCOR,2/18/2025,2/18/2025,ABS0371-01,300,EA,0,RING-SNAP
PO-25-5819,Aeroparts AOG DWC LLC,WENCOR,2/18/2025,2/18/2025,ASNA2001T3-6,1650,EA,0,BOLT
PO-25-5819,Aeroparts AOG DWC LLC,WENCOR,2/18/2025,2/18/2025,ABS0371-01,300,EA,0.75,RING-SNAP
PO-25-5819,Aeroparts AOG DWC LLC,WENCOR,2/18/2025,2/18/2025,ASNA2001T3-5,300,EA,1.99,SCREW
PO-25-5819,Aeroparts AOG DWC LLC,WENCOR,2/18/2025,2/18/2025,NAS1791A3-2,250,EA,1.27,NUT
PO-25-5819,Aeroparts AOG DWC LLC,WENCOR,2/18/2025,2/18/2025,NAS1102-06-5,300,EA,0.15,SCREW
PO-25-5819,Aeroparts AOG DWC LLC,WENCOR,2/18/2025,2/18/2025,ASNA2001T3-7,300,EA,1.75,SCREW
PO-25-5819,Aeroparts AOG DWC LLC,WENCOR,2/18/2025,2/18/2025,NAS1169C10,200,EA,0.4,WASHER
PO-25-5819,Aeroparts AOG DWC LLC,WENCOR,2/18/2025,2/18/2025,ABS0368-01,100,EA,8.35,RECEPTABLE
PO-25-5819,Aeroparts AOG DWC LLC,WENCOR,2/18/2025,2/18/2025,ASNA2001T4-15,50,EA,2.87,SCREW
PO-25-5819,Aeroparts AOG DWC LLC,WENCOR,2/18/2025,2/18/2025,ASNA2001T3-12,270,EA,2.45,SCREW
PO-25-5819,Aeroparts AOG DWC LLC,WENCOR,2/18/2025,2/18/2025,ASNA2001T3-6,1650,EA,2.87,BOLT
PO-25-5820,Aeroparts AOG DWC LLC,PROPONENT,2/18/2025,2/18/2025,ABS0604-4,200,EA,0,WASHER
PO-25-5820,Aeroparts AOG DWC LLC,PROPONENT,2/18/2025,2/18/2025,NAS1791A3-3,60,EA,1.88,NUT-PLATE
PO-25-5820,Aeroparts AOG DWC LLC,PROPONENT,2/18/2025,2/18/2025,ABS0604-4,200,EA,0.5,WASHER
PO-25-5820,Aeroparts AOG DWC LLC,PROPONENT,2/18/2025,2/18/2025,ASNA2857-030,90,EA,8.51,PIN
PO-25-5820,Aeroparts AOG DWC LLC,PROPONENT,2/18/2025,2/18/2025,ASNA2857-020,200,EA,6.7,STUD
PO-25-5820,Aeroparts AOG DWC LLC,PROPONENT,2/18/2025,2/18/2025,NAS1102E06-5,150,EA,0.6,SCREW
PO-25-5820,Aeroparts AOG DWC LLC,PROPONENT,2/18/2025,2/18/2025,EN6131-3C1,30,EA,5.7,NUT CLIP
PO-25-5820,Aeroparts AOG DWC LLC,PROPONENT,2/18/2025,2/18/2025,NAS1096-3-9,50,EA,1.24,SCREW
PO-25-5820,Aeroparts AOG DWC LLC,PROPONENT,2/18/2025,2/18/2025,NAS7204U4,30,EA,7.18,BOLT
PO-25-5820,Aeroparts AOG DWC LLC,PROPONENT,2/18/2025,2/18/2025,ABS0208-01,30,EA,2.38,"WASHER, COUNTERSUNK"
PO-25-5820,Aeroparts AOG DWC LLC,PROPONENT,2/18/2025,2/18/2025,ABS0336-03,30,EA,2.65,STUD
PO-25-5821,Aeroparts AOG DWC LLC,BOEING DISTRIBUTION SERVICES,2/18/2025,2/18/2025,EN6092-01,150,EA,5.76,RECEPTACLE
PO-25-5821,Aeroparts AOG DWC LLC,BOEING DISTRIBUTION SERVICES,2/18/2025,2/18/2025,ASNA2001T4-23,50,EA,20.58,SCREW
PO-25-5821,Aeroparts AOG DWC LLC,BOEING DISTRIBUTION SERVICES,2/18/2025,2/18/2025,ASNA2001T4-26,50,EA,8.34,SCREW
PO-25-5821,Aeroparts AOG DWC LLC,BOEING DISTRIBUTION SERVICES,2/18/2025,2/18/2025,NSA5084-3,50,EA,4.16,"NUT, CLIP"
PO-25-5821,Aeroparts AOG DWC LLC,BOEING DISTRIBUTION SERVICES,2/18/2025,2/18/2025,NAS1153V9R,30,EA,9.2,SCREW
PO-25-5822,Aeroparts AOG DWC LLC,PDQ AIRSPARES,2/18/2025,2/18/2025,CC FEES,1,EA,21,CREDIT CARD FEES
PO-25-5822,Aeroparts AOG DWC LLC,PDQ AIRSPARES,2/18/2025,2/18/2025,FW20027,1,EA,525,GUARD
PO-25-5823,Aeroparts AOG DWC LLC,"North Star Aerospace, Inc",2/18/2025,2/18/2025,5912415-1,1,EA,1600,PANEL ASSY-UPPER WINDOW
PO-25-5824,Aeroparts AOG DWC LLC,BOEING FLEET,2/19/2025,2/19/2025,BACB30LH3-7,30,EA,0.51,BOLT
PO-25-5824,Aeroparts AOG DWC LLC,BOEING FLEET,2/19/2025,2/19/2025,BACB30NN3K16,30,EA,3.13,BOLT
PO-25-5824,Aeroparts AOG DWC LLC,BOEING FLEET,2/19/2025,2/19/2025,BACB30NN3K8,30,EA,1.33,BOLT
PO-25-5824,Aeroparts AOG DWC LLC,BOEING FLEET,2/19/2025,2/19/2025,BACB30NN3K7,30,EA,1.35,BOLT
PO-25-5824,Aeroparts AOG DWC LLC,BOEING FLEET,2/19/2025,2/19/2025,BACB30NN3K10,30,EA,1.12,BOLT
PO-25-5824,Aeroparts AOG DWC LLC,BOEING FLEET,2/19/2025,2/19/2025,BACB30LH3-13,30,EA,2.29,BOLT
PO-25-5824,Aeroparts AOG DWC LLC,BOEING FLEET,2/19/2025,2/19/2025,BACB30NN3K13,30,EA,2.79,BOLT
PO-25-5824,Aeroparts AOG DWC LLC,BOEING FLEET,2/19/2025,2/19/2025,BACB30XD3K5,60,EA,2.77,BOLT
PO-25-5825,Aeroparts AOG DWC LLC,ROTAFILO,2/19/2025,2/19/2025,UT630-2,1,EA,488,"WRENCH-REMOVE INSTALL, OIL PUMP"
PO-25-5827,Aeroparts AOG DWC LLC,ROTAFILO,2/19/2025,2/19/2025,HU55108,1,EA,8870,TOOL: SLING REMOVAL/
PO-25-5827,Aeroparts AOG DWC LLC,ROTAFILO,2/19/2025,2/19/2025,HU89025-1,1,EA,3440,SLING TURNOVER - AIR INTAKE COWL
PO-25-5828,Aeroparts AOG DWC LLC,ROTAFILO,2/19/2025,2/19/2025,HU87129,1,EA,1298,EXTRACTOR-R/I N.5 HINGE PIN T/R
PO-25-5828,Aeroparts AOG DWC LLC,ROTAFILO,2/19/2025,2/19/2025,HU87127,1,EA,938,EXTRACTOR-R/I N.2 HINGE PIN T/R
PO-25-5829,Aeroparts AOG DWC LLC,BOEING DISTRIBUTION SERVICES,2/20/2025,2/20/2025,NAS1515H6H,300,EA,3.98,WASHER
PO-25-5830,Aeroparts AOG DWC LLC,BOEING FLEET,2/20/2025,2/20/2025,NAS1081-08A3,200,EA,0,SCREW
PO-25-5831,Aeroparts AOG DWC LLC,Seal Dynamics,2/20/2025,2/20/2025,HV10000-601,1,EA,698.5, HYD LOCK
PO-25-5832,Aeroparts AOG DWC LLC,SKYLINE AERO,2/20/2025,2/24/2025,UA538551-3,1,EA,7250,IDG OIL COOLER
PO-25-5833,Aeroparts AOG DWC LLC,AERFIN,2/20/2025,2/20/2025,967A0000-03,1,EA,7500,"EXCHANGER-HEAT,MAIN"
PO-25-5834,Aeroparts AOG DWC LLC,PROPONENT,2/20/2025,2/20/2025,165823,40,EA,464.77,CELL
PO-25-5835,Aeroparts AOG DWC LLC,GLENDALE INTERNATIONAL,2/20/2025,2/20/2025,INTL WIRE FEE,1,EA,25,INTERNATIONAL WIRE FEE
PO-25-5835,Aeroparts AOG DWC LLC,GLENDALE INTERNATIONAL,2/20/2025,2/20/2025,21435-00,1,EA,4700,LOW FREQUENCY UNDERWATER
PO-25-5836,Aeroparts AOG DWC LLC,BOEING DISTRIBUTION SERVICES,2/20/2025,2/20/2025,NAS1304-6D,100,EA,2.94,"BOLT	"
PO-25-5837,Aeroparts AOG DWC LLC,Non Destructive Testing Technologies DWC-LLC,2/21/2025,2/21/2025,B30PN14-32,4,EA,375,ENGINE MOUNT BOLT
PO-25-5837,Aeroparts AOG DWC LLC,Non Destructive Testing Technologies DWC-LLC,2/21/2025,2/21/2025,B30PN10-19,4,EA,375,ENGINE MOUNT BOLTS
PO-25-5838,Aeroparts AOG DWC LLC,Source One Spares,2/21/2025,2/21/2025,D5211028200300,1,EA,21950,GEARBOX
PO-25-5839,Aeroparts AOG DWC LLC,WENCOR,2/21/2025,2/21/2025,NAS1790C4R4P,100,EA,0,"BOLT, FLUSH HEAD"
PO-25-5839,Aeroparts AOG DWC LLC,WENCOR,2/21/2025,2/21/2025,ASNA2857-040,50,EA,11.35,STUD
PO-25-5839,Aeroparts AOG DWC LLC,WENCOR,2/21/2025,2/21/2025,ASNA2001T3-13,450,EA,2.73,ACREW
PO-25-5839,Aeroparts AOG DWC LLC,WENCOR,2/21/2025,2/21/2025,NAS1792A3-3,100,EA,2.01,NUT
PO-25-5839,Aeroparts AOG DWC LLC,WENCOR,2/21/2025,2/21/2025,ASNA2001T3-5,150,EA,1.99,SCREW
PO-25-5839,Aeroparts AOG DWC LLC,WENCOR,2/21/2025,2/21/2025,NSA8208-266,25,EA,19.26,O-RING
PO-25-5839,Aeroparts AOG DWC LLC,WENCOR,2/21/2025,2/21/2025,NAS1149C0363R,100,EA,0.13, WASHER
PO-25-5839,Aeroparts AOG DWC LLC,WENCOR,2/21/2025,2/21/2025,NAS1149C0332R,100,EA,0.29,WASHER
PO-25-5839,Aeroparts AOG DWC LLC,WENCOR,2/21/2025,2/21/2025,NAS1790C4R4P,100,EA,1.7,"BOLT, FLUSH HEAD"
PO-25-5840,Aeroparts AOG DWC LLC,PROPONENT,2/21/2025,2/21/2025,ABS0367-030,50,EA,0,STUD
PO-25-5840,Aeroparts AOG DWC LLC,PROPONENT,2/21/2025,2/21/2025,ASNA2001T3-15,150,EA,0,SCREW
PO-25-5840,Aeroparts AOG DWC LLC,PROPONENT,2/21/2025,2/21/2025,ASNA2001T3-9,50,EA,1.87,SCREW CSK
PO-25-5840,Aeroparts AOG DWC LLC,PROPONENT,2/21/2025,2/21/2025,ABS0370-01,50,EA,2.12,WASHER
PO-25-5840,Aeroparts AOG DWC LLC,PROPONENT,2/21/2025,2/21/2025,ABS0367-030,50,EA,4.06,STUD
PO-25-5840,Aeroparts AOG DWC LLC,PROPONENT,2/21/2025,2/21/2025,ABS0051-06,600,EA,4.46,NUT
PO-25-5840,Aeroparts AOG DWC LLC,PROPONENT,2/21/2025,2/21/2025,ASNA2001T3-15,150,EA,2.93,SCREW
PO-25-5840,Aeroparts AOG DWC LLC,PROPONENT,2/21/2025,2/21/2025,NAS1102E06-5,700,EA,0.47,SCREW
PO-25-5840,Aeroparts AOG DWC LLC,PROPONENT,2/21/2025,2/21/2025,AS3578-008,100,EA,0.54,O-RING
PO-25-5840,Aeroparts AOG DWC LLC,PROPONENT,2/21/2025,2/21/2025,NAS1096-3-12,100,EA,1.06,SCREW
PO-25-5840,Aeroparts AOG DWC LLC,PROPONENT,2/21/2025,2/21/2025,ABS0804-5,50,EA,12.54,NUT SELF-LOCKING
PO-25-5840,Aeroparts AOG DWC LLC,PROPONENT,2/21/2025,2/21/2025,E0092-10-160NN,30,EA,5.19,BONDING JUMPER
PO-25-5840,Aeroparts AOG DWC LLC,PROPONENT,2/21/2025,2/21/2025,EN2997RS61203AN,10,EA,96.76,CONNECTOR
PO-25-5840,Aeroparts AOG DWC LLC,PROPONENT,2/21/2025,2/21/2025,E0052N8B3ASNE,10,EA,37.06,CONNECTOR
PO-25-5841,Aeroparts AOG DWC LLC,Pacific Air Industries,2/24/2025,2/24/2025,3214-31,12,EA,789,BATTERY
PO-25-5842,Aeroparts AOG DWC LLC,AVIALL,2/24/2025,2/24/2025,BV03202N01-50,10,EA,693.8,LAMP HOLDER
PO-25-5843,Aeroparts AOG DWC LLC,PROPONENT,2/24/2025,2/24/2025,ABS5311-01,100,FT,28.07,SEALANT TAPE
PO-25-5843,Aeroparts AOG DWC LLC,PROPONENT,2/24/2025,2/24/2025,AN960C416L,100,EA,0.05,WASHER-FLAT
PO-25-5843,Aeroparts AOG DWC LLC,PROPONENT,2/24/2025,2/24/2025,NSA5031-4-6,100,EA,2.05,BOLT
PO-25-5844,Aeroparts AOG DWC LLC,WENCOR,2/24/2025,2/24/2025,NSA5031-4-11,50,EA,5.03,"BOLT, HEX HEAD, SHORT THREAD"
PO-25-5845,Aeroparts AOG DWC LLC,SAFARI AVIATION SERVICES FZE,2/24/2025,2/24/2025,EA934NA-AB,2,EA,518.35,Loctite EA934NA A/B QT KT
PO-25-5845,Aeroparts AOG DWC LLC,SAFARI AVIATION SERVICES FZE,2/24/2025,2/24/2025,BMS9-8-3K70P/42,5,EA,257.35,DRY CARBON FIBER
PO-25-5845,Aeroparts AOG DWC LLC,SAFARI AVIATION SERVICES FZE,2/24/2025,2/24/2025,GF01581C12080B80000,10,EA,21.64,DRY GLASS FABRIC
PO-25-5845,Aeroparts AOG DWC LLC,SAFARI AVIATION SERVICES FZE,2/24/2025,2/24/2025,GS213-3,10,EA,50.98,ADHESIVE TAPE VACUUM BAG SEAL
PO-25-5846,Aeroparts AOG DWC LLC,Aerospace Reliance,2/24/2025,2/24/2025,LOCTITE601(50-MLBOTTLE),6,EA,75,ACRYLIC ADHESIVE
PO-25-5847,Aeroparts AOG DWC LLC,DR.SCHNEIDER PC,2/24/2025,2/24/2025,SL-030,1,EA,86,SURFACE RESISTANCE METER
PO-25-5848,Aeroparts AOG DWC LLC,BOEING FLEET,2/24/2025,2/24/2025,24654-208,1,EA,5986,CABLE
PO-25-5849,Aeroparts AOG DWC LLC,ASI AERO,2/24/2025,2/24/2025,HG2021GP01,1,EA,7000,GLOBAL POSITION
PO-25-5851,Aeroparts AOG DWC LLC,AVIALL,2/24/2025,1/17/2025,M81824-1-2,100,EA,4.26,"SPLICE: CRIMP,PLATED,NI,CU,BLK,"
PO-25-5852,Aeroparts AOG DWC LLC,SOUTH SEAS AVIATION,2/25/2025,2/25/2025,HAZMAT,1,EA,200,HAZMAT CHARGES
PO-25-5852,Aeroparts AOG DWC LLC,SOUTH SEAS AVIATION,2/25/2025,2/25/2025,DK120-90,2,EA,2990,BEACON
PO-25-5854,Aeroparts AOG DWC LLC,BOEING FLEET,2/25/2025,3/4/2025,43-1329,50,EA,74.45,BOLT
PO-25-5854,Aeroparts AOG DWC LLC,BOEING FLEET,2/25/2025,3/4/2025,68-1156,40,EA,59.91,ORING
PO-25-5855,Aeroparts AOG DWC LLC,BOEING FLEET,2/25/2025,1/24/2025,HL13VAZ6-5,50,EA,2.41,PIN
PO-25-5856,Aeroparts AOG DWC LLC,ALARIS AEROSPACE LLC,2/26/2025,2/26/2025,980A0000-01,1,EA,3700,"VALVE - CHECK, DOWNSTREAM"
PO-25-5857,Aeroparts AOG DWC LLC,PROPONENT,2/26/2025,2/26/2025,A2527039620000,200,EA,8.26,BUSHING
PO-25-5858,Aeroparts AOG DWC LLC,VIMAN AVIATION,2/26/2025,2/26/2025,INTL WIRE FEE,1,EA,50,INTERNATIONAL WIRE FEE
PO-25-5858,Aeroparts AOG DWC LLC,VIMAN AVIATION,2/26/2025,2/26/2025,DP3113A,14,EA,1600,PBE CREW MEMBER
PO-25-5859,Aeroparts AOG DWC LLC,PROPONENT,2/26/2025,2/26/2025,NSA5112-05,40,EA,23.99,WASHER SEAL
PO-25-5860,Aeroparts AOG DWC LLC,AERO TECHNIC ME FZCO,2/26/2025,2/26/2025,8009431,104,EA,172.5,SEALING
PO-25-5860,Aeroparts AOG DWC LLC,AERO TECHNIC ME FZCO,2/26/2025,2/26/2025,ABS0696X2-3-32,150,EA,83.74,STUD
PO-25-5860,Aeroparts AOG DWC LLC,AERO TECHNIC ME FZCO,2/26/2025,2/26/2025,A2821500400200,3,EA,1288,PIPE
PO-25-5860,Aeroparts AOG DWC LLC,AERO TECHNIC ME FZCO,2/26/2025,2/26/2025,A5735003820000,6,EA,71.19,RING
PO-25-5860,Aeroparts AOG DWC LLC,AERO TECHNIC ME FZCO,2/26/2025,2/26/2025,A5735003820200,10,EA,40.8,RING
PO-25-5860,Aeroparts AOG DWC LLC,AERO TECHNIC ME FZCO,2/26/2025,2/26/2025,D5337021720000,40,EA,18,PLUG
PO-25-5860,Aeroparts AOG DWC LLC,AERO TECHNIC ME FZCO,2/26/2025,2/26/2025,G5757123020000,200,EA,7.99,COVER
PO-25-5860,Aeroparts AOG DWC LLC,AERO TECHNIC ME FZCO,2/26/2025,2/26/2025,F5598003220000,14,EA,223.1,SEAL
PO-25-5860,Aeroparts AOG DWC LLC,AERO TECHNIC ME FZCO,2/26/2025,2/26/2025,F2527666720000,46,EA,91.89,PACKING
PO-25-5860,Aeroparts AOG DWC LLC,AERO TECHNIC ME FZCO,2/26/2025,2/26/2025,F5758503500100,3,EA,1380,SEAL
PO-25-5860,Aeroparts AOG DWC LLC,AERO TECHNIC ME FZCO,2/26/2025,2/26/2025,F5758503500000,3,EA,1380,SEAL
PO-25-5860,Aeroparts AOG DWC LLC,AERO TECHNIC ME FZCO,2/26/2025,2/26/2025,F5758503000100,3,EA,2153,SEAL
PO-25-5860,Aeroparts AOG DWC LLC,AERO TECHNIC ME FZCO,2/26/2025,2/26/2025,F5758503000000,3,EA,2127.5,SEAL
PO-25-5860,Aeroparts AOG DWC LLC,AERO TECHNIC ME FZCO,2/26/2025,2/26/2025,F0003001600100,3,EA,171.99,KNOB
PO-25-5861,Aeroparts AOG DWC LLC,AEROENGINEERS INTERNATIONAL,2/26/2025,2/26/2025,F5725408900200,20,EA,470,GASKET
PO-25-5861,Aeroparts AOG DWC LLC,AEROENGINEERS INTERNATIONAL,2/26/2025,2/26/2025,F5598003220000,14,EA,270,SEAL
PO-25-5862,Aeroparts AOG DWC LLC,FIRE-TEC AERO SYSTEMS,2/26/2025,2/26/2025,MF10-05-11,3,EA,3495,OXYGEN MASK
PO-25-5863,Aeroparts AOG DWC LLC,AMAZON,2/26/2025,2/26/2025,MN1500,1,EA,8.15,MEGAPHONE BATTERY
PO-25-5865,Aeroparts AOG DWC LLC,PROPONENT,2/27/2025,2/27/2025,MS29513-030,300,EA,0.56,O-RING
PO-25-5866,Aeroparts AOG DWC LLC,Wesco (Incora),2/27/2025,2/27/2025,NAS1921M05S06AU,100,EA,4.5,RIVET
PO-25-5866,Aeroparts AOG DWC LLC,Wesco (Incora),2/27/2025,2/27/2025,NAS1921M05S04AU,100,EA,3.05,RIVET
PO-25-5866,Aeroparts AOG DWC LLC,Wesco (Incora),2/27/2025,2/27/2025,NAS1921M04S06AU,100,EA,4.3,RIVET
PO-25-5866,Aeroparts AOG DWC LLC,Wesco (Incora),2/27/2025,2/27/2025,NAS1919M05S06AU,100,EA,5.14,RIVET
PO-25-5866,Aeroparts AOG DWC LLC,Wesco (Incora),2/27/2025,2/27/2025,NAS1919M05S04AU,100,EA,4.19,RIVET
PO-25-5866,Aeroparts AOG DWC LLC,Wesco (Incora),2/27/2025,2/27/2025,NAS1919M04S03AU,100,EA,17.95,RIVET
PO-25-5867,Aeroparts AOG DWC LLC,SAFARI AVIATION SERVICES FZE,2/27/2025,2/27/2025,MOLYKOTE-G-RAPID,10,EA,47.61,SPRAY PASTE 400ML
PO-25-5868,Aeroparts AOG DWC LLC,STRADE Ltd,2/27/2025,2/27/2025,G1L123-25,1,EA,268,OXYGEN CONTAINER ASSEMBLY FOUR MASK
PO-25-5869,Aeroparts AOG DWC LLC,SOUTH SEAS AVIATION,2/27/2025,2/27/2025,HAZMAT,1,EA,200,HAZMAT CHARGES
PO-25-5869,Aeroparts AOG DWC LLC,SOUTH SEAS AVIATION,2/27/2025,2/27/2025,63600-101,6,EA,135,LIFE VEST
PO-25-5870,Aeroparts AOG DWC LLC,PROPONENT,2/27/2025,2/27/2025,NAS1919M04S02AU,100,EA,4.95,"RIVET, BLIND"
PO-25-5870,Aeroparts AOG DWC LLC,PROPONENT,2/27/2025,2/27/2025,NAS1919M05S03AU,100,EA,3.2,"RIVET, BLIND"
PO-25-5870,Aeroparts AOG DWC LLC,PROPONENT,2/27/2025,2/27/2025,NAS1921M04S04AU,100,EA,3.69,"RIVET, BLIND"
PO-25-5870,Aeroparts AOG DWC LLC,PROPONENT,2/27/2025,2/27/2025,NAS1921M05S03AU,100,EA,2.57,"RIVET, BLIND"
PO-25-5870,Aeroparts AOG DWC LLC,PROPONENT,2/27/2025,2/27/2025,NAS1921M06S06AU,64,EA,8.34,"RIVET, BLIND"
PO-25-5871,Aeroparts AOG DWC LLC,Kellstrom Aerospace,2/27/2025,2/27/2025,1997M88G01,1,EA,1600,TUBE-LUBE
PO-25-5872,Aeroparts AOG DWC LLC,BOEING DISTRIBUTION SERVICES,2/27/2025,2/27/2025,NAS1921M06S03AU,100,EA,6.3,"RIVET,BLIND"
PO-25-5872,Aeroparts AOG DWC LLC,BOEING DISTRIBUTION SERVICES,2/27/2025,2/27/2025,NAS1921M05S05AU,100,EA,5.39,"RIVET,BLIND"
PO-25-5872,Aeroparts AOG DWC LLC,BOEING DISTRIBUTION SERVICES,2/27/2025,2/27/2025,NAS1921M05S02AU,100,EA,39.16,"RIVET,BLIND"
PO-25-5872,Aeroparts AOG DWC LLC,BOEING DISTRIBUTION SERVICES,2/27/2025,2/27/2025,NAS1919M05S05AU,100,EA,6.14,RIVET
PO-25-5872,Aeroparts AOG DWC LLC,BOEING DISTRIBUTION SERVICES,2/27/2025,2/27/2025,NAS1919M04S06AU,100,EA,7.5,"RIVET,BLIND"
PO-25-5872,Aeroparts AOG DWC LLC,BOEING DISTRIBUTION SERVICES,2/27/2025,2/27/2025,NAS1919M04S05AU,35,EA,4.98,"RIVET,BLIND"
PO-25-5873,Aeroparts AOG DWC LLC,BOEING FLEET,2/28/2025,2/28/2025,E71720-00,1,EA,793,OXYGEN GENERATOR 
PO-25-5874,Aeroparts AOG DWC LLC,BOEING FLEET,2/28/2025,3/7/2025,65C33932U6,1,EA,3269,CHORD
PO-25-5875,Aeroparts AOG DWC LLC,SAFARI AVIATION SERVICES FZE,2/28/2025,2/28/2025,VAT,1,EA,18.58,VAT
PO-25-5875,Aeroparts AOG DWC LLC,SAFARI AVIATION SERVICES FZE,2/28/2025,2/28/2025,HEALTH,1,EA,14.27,CERTIFICATE
PO-25-5875,Aeroparts AOG DWC LLC,SAFARI AVIATION SERVICES FZE,2/28/2025,2/28/2025,CUSTOMS PROCESSING FEE,1,EA,0,CUSTOMS PROCESSING FEE
PO-25-5875,Aeroparts AOG DWC LLC,SAFARI AVIATION SERVICES FZE,2/28/2025,2/28/2025,DYKEM 44,5,EA,33.6,Medium Felt Tip Paint Marker Black
PO-25-5875,Aeroparts AOG DWC LLC,SAFARI AVIATION SERVICES FZE,2/28/2025,2/28/2025,MS20995C32SS1LB,3,EA,24.95,STAINLESS LOCKWIRE 0.032 1LB
PO-25-5875,Aeroparts AOG DWC LLC,SAFARI AVIATION SERVICES FZE,2/28/2025,2/28/2025,ARPOSOLVE-IPA735A,2,EA,81.83,ALCOHOL ISOPROPYL
PO-25-5875,Aeroparts AOG DWC LLC,SAFARI AVIATION SERVICES FZE,2/28/2025,2/28/2025,ARDROX 3140,1,EA,371.58,Long Term Corrosion Preventative
PO-25-5875,Aeroparts AOG DWC LLC,SAFARI AVIATION SERVICES FZE,2/28/2025,2/28/2025,3M471-2,4,EA,84.83,"TAPE - YELLOW VINYL ADHESIVE,NO.471, 2 INCHES WIDE"
PO-25-5875,Aeroparts AOG DWC LLC,SAFARI AVIATION SERVICES FZE,2/28/2025,2/28/2025,GNGA47,1,EA,178.58,NYCO GRAPHIED ANTI-SEIZE COMPOUND 1 KG
PO-25-5875,Aeroparts AOG DWC LLC,SAFARI AVIATION SERVICES FZE,2/28/2025,2/28/2025,M00116,4,EA,16.98,LPS1 GREASELESS LUBRICANT 379 ML
PO-25-5876,Aeroparts AOG DWC LLC,PROPONENT,2/28/2025,2/28/2025,M83248/1-261,10,EA,5.63,O-RING
PO-25-5876,Aeroparts AOG DWC LLC,PROPONENT,2/28/2025,2/28/2025,M83248/1-216,13,EA,2.49,O-RING
PO-25-5877,Aeroparts AOG DWC LLC,POWER MAX CHEMICALS LLC,2/28/2025,2/28/2025,VAT,1,EA,13.04,VAT
PO-25-5877,Aeroparts AOG DWC LLC,POWER MAX CHEMICALS LLC,2/28/2025,2/28/2025,ZOK 27 RTU,1,EA,260.87,GAS TURBINE WASHING FLUID
PO-25-5878,Aeroparts AOG DWC LLC,CFM INTERNATIONAL,2/28/2025,2/28/2025,J221P142,25,EA,6.5,PACKING-PREFORMED O-RING
PO-25-5878,Aeroparts AOG DWC LLC,CFM INTERNATIONAL,2/28/2025,2/28/2025,J221P146,25,EA,11.5,PACKING-PREFORMED O-RING
PO-25-5879,Aeroparts AOG DWC LLC,PROPONENT,2/28/2025,2/28/2025,4100-160000-00,5,EA,2310.12,CIRCUIT CARD ASSEMBLY
PO-25-5880,Aeroparts AOG DWC LLC,PROPONENT,3/3/2025,3/3/2025,4059,1,EA,9035.82,BATTERY
PO-25-5881,Aeroparts AOG DWC LLC,BOEING DISTRIBUTION SERVICES,3/3/2025,2/28/2025,BACB30XD3K6,350,EA,1.92,BOLT
PO-25-5882,Aeroparts AOG DWC LLC,BOEING FLEET,3/4/2025,2/28/2025,15801-120,1,EA,1450.34,VALVE
PO-25-5884,Aeroparts AOG DWC LLC,AVIALL,3/4/2025,3/4/2025,142-147,1,EA,25000,CONTROL UNIT: ANTISKID/AUTOBRAKE
PO-25-5886,Aeroparts AOG DWC LLC,53 NORTH AVIATION,3/4/2025,3/4/2025,J540AI4-100,1,EA,19000,VACUUM GENERATOR
PO-25-5887,Aeroparts AOG DWC LLC,Evotrade LLC,3/4/2025,3/4/2025,380428-10-1,1,EA,155000,APU
PO-25-5889,Aeroparts AOG DWC LLC,BOEING FLEET,3/5/2025,3/5/2025,BACC63CB10A5SN,2,EA,123.28,CONNECTOR
PO-25-5889,Aeroparts AOG DWC LLC,BOEING FLEET,3/5/2025,3/5/2025,BACN11AL1,300,EA,4.48,NUT
PO-25-5890,Aeroparts AOG DWC LLC,Wyatt Aerospace,3/5/2025,3/5/2025,4077880-962,1,EA,10500,MCDU
PO-25-5891,Aeroparts AOG DWC LLC,BOEING DISTRIBUTION SERVICES,3/5/2025,3/5/2025,NSA5031-4-19,10,EA,27.44,BOLT
PO-25-5891,Aeroparts AOG DWC LLC,BOEING DISTRIBUTION SERVICES,3/5/2025,3/5/2025,ABS0258-10A,10,EA,33.19,COLLAR
PO-25-5891,Aeroparts AOG DWC LLC,BOEING DISTRIBUTION SERVICES,3/5/2025,3/5/2025,NAS1474R4,50,EA,11.51,NUT
PO-25-5891,Aeroparts AOG DWC LLC,BOEING DISTRIBUTION SERVICES,3/5/2025,3/5/2025,NSA5031-4-20,50,EA,29.69,BOLT
PO-25-5892,Aeroparts AOG DWC LLC,AERORENIX TECHNIC AVIATION LTD.,3/5/2025,2/21/2025,RD-AA1008-01,1,EA,3500,ENHANCED PES CONTROLLER
PO-25-5893,Aeroparts AOG DWC LLC,ROTAFILO,3/5/2025,3/5/2025,98A57304002000,1,EA,1850,EXTRACTION MANHOLE BOLT
PO-25-5893,Aeroparts AOG DWC LLC,ROTAFILO,3/5/2025,3/5/2025,98A53003500000,1,EA,1143,FASTENER REMOVAL TOOL
PO-25-5894,Aeroparts AOG DWC LLC,CFM INTERNATIONAL,3/6/2025,3/6/2025,P336P11,2,EA,954,HPC BLADE STAGE 6 LKG
PO-25-5895,Aeroparts AOG DWC LLC,SAFARI AVIATION SERVICES FZE,3/6/2025,3/6/2025,P11-2,3,EA,47.9,"ALUMINIUM FOIL TAPE 2""X60YRD"
PO-25-5897,Aeroparts AOG DWC LLC,HEICO PARTS GROUP,3/6/2025,3/6/2025,JA9206M79P02,96,EA,35,WASHER
PO-25-5898,Aeroparts AOG DWC LLC,Parts24.aero GmbH,3/6/2025,3/6/2025,A2527039620000,100,EA,17,BUSHING
PO-25-5899,Aeroparts AOG DWC LLC,ETIHAD ENGINEERING,3/7/2025,3/7/2025,BONDERITE-MCR1200,1,EA,1212.88,CHEMICAL CONVERSION COATING KIT
PO-25-5900,Aeroparts AOG DWC LLC,Aerospace Reliance,3/7/2025,3/7/2025,PS870B1-2,115,EA,0,SEALANT
PO-25-5900,Aeroparts AOG DWC LLC,Aerospace Reliance,3/7/2025,3/7/2025,AEROFLEX G12E25,10,EA,270,PAINT
PO-25-5900,Aeroparts AOG DWC LLC,Aerospace Reliance,3/7/2025,3/7/2025,PS870B1-2,115,EA,60,SEALANT
PO-25-5901,Aeroparts AOG DWC LLC,SAFARI AVIATION SERVICES FZE,3/7/2025,3/7/2025,PS870B1-2,65,EA,0,SEALANT
PO-25-5901,Aeroparts AOG DWC LLC,SAFARI AVIATION SERVICES FZE,3/7/2025,3/7/2025,CUSTOMS PROCESSING FEE,1,EA,35.33,CUSTOMS PROCESSING FEE
PO-25-5901,Aeroparts AOG DWC LLC,SAFARI AVIATION SERVICES FZE,3/7/2025,3/7/2025,HEALTH,1,EA,42.8,CERTIFICATE
PO-25-5901,Aeroparts AOG DWC LLC,SAFARI AVIATION SERVICES FZE,3/7/2025,3/7/2025,VAT,1,EA,1479.74,VAT
PO-25-5901,Aeroparts AOG DWC LLC,SAFARI AVIATION SERVICES FZE,3/7/2025,3/7/2025,ARPOSOLVE-IPA735A,320,EA,77.33,ALCOHOL ISOPROPYL
PO-25-5901,Aeroparts AOG DWC LLC,SAFARI AVIATION SERVICES FZE,3/7/2025,3/7/2025,PS870B1-2,65,EA,71.85,SEALANT
PO-25-5901,Aeroparts AOG DWC LLC,SAFARI AVIATION SERVICES FZE,3/7/2025,3/7/2025,DOWSIL-1200-OS,2,EA,89.58,OS CLEAR PRIMER
PO-25-5902,Aeroparts AOG DWC LLC,BLUECHEM,3/7/2025,3/7/2025,VAT,1,EA,808.29,VAT
PO-25-5902,Aeroparts AOG DWC LLC,BLUECHEM,3/7/2025,3/7/2025,AEROFLEX FINISH G12 E25 5LT ALUMINIUM,2,EA,256.79,WING COATING
PO-25-5902,Aeroparts AOG DWC LLC,BLUECHEM,3/7/2025,3/7/2025,CEE BEE E-3000,1600,EA,9.78,PAINT STRIPPER
PO-25-5903,Aeroparts AOG DWC LLC,ROTAFILO,3/7/2025,3/6/2025,HU89020-2,1,EA,8600,DOLLY-AIR INTAKE COWL
PO-25-5904,Aeroparts AOG DWC LLC,JMF GLOBAL,3/10/2025,3/7/2025,519858-8,1,EA,9250,APU STARTER MOTOR
PO-25-5905,Aeroparts AOG DWC LLC,PROPONENT,3/10/2025,3/10/2025,NSA8203-137,20,EA,5.93,O-RING
PO-25-5906,Aeroparts AOG DWC LLC,GLENDALE INTERNATIONAL,3/10/2025,3/10/2025,FRH280002,1,EA,1650,VALVE-AIR RELEASE
PO-25-5907,Aeroparts AOG DWC LLC,TOP GSE,3/10/2025,3/10/2025,F2151506800300,14,EA,25,BOLT
PO-25-5908,Aeroparts AOG DWC LLC,Aerospace Reliance,3/10/2025,3/10/2025,DIESTONE-DLS-5LT,2,CAN,105,CLEANER-GENERAL
PO-25-5908,Aeroparts AOG DWC LLC,Aerospace Reliance,3/10/2025,3/10/2025,OMAT4/71,2,KT,550,RAPID RELUBE KIT
PO-25-5908,Aeroparts AOG DWC LLC,Aerospace Reliance,3/10/2025,3/10/2025,PL32-L,5,EA,25,GASKETING COMPOUND
PO-25-5908,Aeroparts AOG DWC LLC,Aerospace Reliance,3/10/2025,3/10/2025,SGM494,10,EA,25,SILICON GREASE
PO-25-5908,Aeroparts AOG DWC LLC,Aerospace Reliance,3/10/2025,3/10/2025,MS9226-03,5,EA,25,"WIRE , LOCKING DIA: CRES NICKEL ALLOY"
PO-25-5908,Aeroparts AOG DWC LLC,Aerospace Reliance,3/10/2025,3/10/2025,14HMB1,2,RL,415,WATERPROOF BARRIER
PO-25-5908,Aeroparts AOG DWC LLC,Aerospace Reliance,3/10/2025,3/10/2025,SODIUM-ALGINATE-TECHNICAL,5,EA,150,RELEASE AGENT
PO-25-5908,Aeroparts AOG DWC LLC,Aerospace Reliance,3/10/2025,3/10/2025,SAN-50,2,EA,315,TISSUE MASK CLEANER
PO-25-5908,Aeroparts AOG DWC LLC,Aerospace Reliance,3/10/2025,3/10/2025,GE-815GD-NF,1,CAN,410,GENERAL PURPOSE CLEANER
PO-25-5908,Aeroparts AOG DWC LLC,Aerospace Reliance,3/10/2025,3/10/2025,AMS1535,5,EA,15,GLASS CLEANER
PO-25-5908,Aeroparts AOG DWC LLC,Aerospace Reliance,3/10/2025,3/10/2025,FLOORSIL-1217,5,EA,80,PRIMER
PO-25-5908,Aeroparts AOG DWC LLC,Aerospace Reliance,3/10/2025,3/10/2025,PR-1005L,5,EA,145,RED TOP COAT COMPOUND
PO-25-5908,Aeroparts AOG DWC LLC,Aerospace Reliance,3/10/2025,3/10/2025,LOCTITE7471,10,CAN,15,ACTIVATOR
PO-25-5908,Aeroparts AOG DWC LLC,Aerospace Reliance,3/10/2025,3/10/2025,KB48A,3,RL,310,ADHESIVE TAPE
PO-25-5908,Aeroparts AOG DWC LLC,Aerospace Reliance,3/10/2025,3/10/2025,APLIX-840-HOOK,2,RL,590,APLIX 840 ARCYLIC PSA HOOK (25MM X 50M ROLL)
PO-25-5908,Aeroparts AOG DWC LLC,Aerospace Reliance,3/10/2025,3/10/2025,3M-4016,3,RL,295,OFF WHITE TAPE
PO-25-5908,Aeroparts AOG DWC LLC,Aerospace Reliance,3/10/2025,3/10/2025,683-3-2/X310A,2,KT,185,CLEAR POLYURETHANE VARNISH
PO-25-5908,Aeroparts AOG DWC LLC,Aerospace Reliance,3/10/2025,3/10/2025,346-57-70DV-7-278,2,CAN,1190,ALEXIT FST TOPCOAT FOGGY
PO-25-5908,Aeroparts AOG DWC LLC,Aerospace Reliance,3/10/2025,3/10/2025,PR143,2,LT,245,EPOXY PRIMER YELLOWISH/GREENISH
PO-25-5909,Aeroparts AOG DWC LLC,WENCOR,3/10/2025,3/10/2025,NAS1149C1490R,100,EA,1.27,WASHER
PO-25-5909,Aeroparts AOG DWC LLC,WENCOR,3/10/2025,3/10/2025,282101,60,EA,10.8,RED WASHER
PO-25-5910,Aeroparts AOG DWC LLC,SAFARI AVIATION SERVICES FZE,3/10/2025,3/10/2025,CUSTOMS PROCESSING FEE,1,EA,35.33,CUSTOMS PROCESSING FEE
PO-25-5910,Aeroparts AOG DWC LLC,SAFARI AVIATION SERVICES FZE,3/10/2025,3/10/2025,VAT,1,EA,79.99,VAT
PO-25-5910,Aeroparts AOG DWC LLC,SAFARI AVIATION SERVICES FZE,3/10/2025,3/10/2025,BONDERITE-L-GP-M-709,2,CAN,547.15,Dry Film Lubricant 1.25Kg Can
PO-25-5910,Aeroparts AOG DWC LLC,SAFARI AVIATION SERVICES FZE,3/10/2025,3/10/2025,ARPOSOLVE952-GL,3,CAN,84.24,TT-N-95 TYPE 2 SOLVENT
PO-25-5911,Aeroparts AOG DWC LLC,UNICAL AVIATION,3/10/2025,3/10/2025,F5725306720600,11,EA,125,SHIM
PO-25-5912,Aeroparts AOG DWC LLC,BOEING DISTRIBUTION SERVICES,3/10/2025,3/10/2025,HAZMAT,1,EA,25,HAZMAT CHARGES
PO-25-5912,Aeroparts AOG DWC LLC,BOEING DISTRIBUTION SERVICES,3/10/2025,3/10/2025,GIVRANT-45,6,EA,55.77,COOLING AGENT
PO-25-5912,Aeroparts AOG DWC LLC,BOEING DISTRIBUTION SERVICES,3/10/2025,3/10/2025,XYLENE,1,EA,65.52,XYLENE FLUID
PO-25-5912,Aeroparts AOG DWC LLC,BOEING DISTRIBUTION SERVICES,3/10/2025,3/10/2025,COSMOLINE-1060,1,EA,752.32,CORROSION PREVENTIVE COMPOUND
PO-25-5912,Aeroparts AOG DWC LLC,BOEING DISTRIBUTION SERVICES,3/10/2025,3/10/2025,HT3326-5FR-200ML,3,EA,216.27,POLYURETHANE SEALANT-GAP FILLER
PO-25-5912,Aeroparts AOG DWC LLC,BOEING DISTRIBUTION SERVICES,3/10/2025,3/10/2025,ARALDITE-HY994,4,EA,94.6,HARDENER
PO-25-5912,Aeroparts AOG DWC LLC,BOEING DISTRIBUTION SERVICES,3/10/2025,3/10/2025,SWIFT-TAK-2050,1,EA,429.18,ADHESIVE
PO-25-5912,Aeroparts AOG DWC LLC,BOEING DISTRIBUTION SERVICES,3/10/2025,3/10/2025,CA8351-FS26251-GREY,3,EA,364.26,HS PU TOPCOAT SEMI MATT
PO-25-5912,Aeroparts AOG DWC LLC,BOEING DISTRIBUTION SERVICES,3/10/2025,3/10/2025,WELDINGC0RDCR40-05850925-100ME,3,EA,87.4,"CORD,WELDING,DARK GRAY"
PO-25-5912,Aeroparts AOG DWC LLC,BOEING DISTRIBUTION SERVICES,3/10/2025,3/10/2025,NSA8420-0,4,EA,134.63,CORD-LIGATURE
PO-25-5912,Aeroparts AOG DWC LLC,BOEING DISTRIBUTION SERVICES,3/10/2025,3/10/2025,HS-8171,1,EA,2970.84,HIGH TEMPERATURE VACUUM BAGGING FILM
PO-25-5912,Aeroparts AOG DWC LLC,BOEING DISTRIBUTION SERVICES,3/10/2025,3/10/2025,5440D40BLANC,10,EA,13.7,"PATCH, SELF-ADHESIVE, WHITE"
PO-25-5913,Aeroparts AOG DWC LLC,AVIOPARTS,3/10/2025,3/10/2025,HAZMAT,1,EA,35,HAZMAT CHARGES
PO-25-5913,Aeroparts AOG DWC LLC,AVIOPARTS,3/10/2025,3/10/2025,ARDROX AV980,10,EA,27,WAX AND GREASE REMOVER
PO-25-5914,Aeroparts AOG DWC LLC,AEROSOL INTERNATIONAL,3/10/2025,3/10/2025,VAT,1,EA,21.6,VAT
PO-25-5914,Aeroparts AOG DWC LLC,AEROSOL INTERNATIONAL,3/10/2025,3/10/2025,AEROSHELL FLUID 41,2,BOX,216.03,AEROSHELL FLUID 41
PO-25-5915,Aeroparts AOG DWC LLC,BOEING DISTRIBUTION SERVICES,3/11/2025,3/11/2025,NAS7204U10,100,EA,2.1,SCREW
PO-25-5915,Aeroparts AOG DWC LLC,BOEING DISTRIBUTION SERVICES,3/11/2025,3/11/2025,NAS1096-2-10,228,EA,0.22,SCREW
PO-25-5915,Aeroparts AOG DWC LLC,BOEING DISTRIBUTION SERVICES,3/11/2025,3/11/2025,44066,15,EA,54.52,SEAL
PO-25-5916,Aeroparts AOG DWC LLC,SAFARI AVIATION SERVICES FZE,3/11/2025,3/11/2025,CUSTOMS PROCESSING FEE,1,EA,35.33,CUSTOMS PROCESSING FEE
PO-25-5916,Aeroparts AOG DWC LLC,SAFARI AVIATION SERVICES FZE,3/11/2025,3/11/2025,HEALTH,1,EA,14.27,CERTIFICATE
PO-25-5916,Aeroparts AOG DWC LLC,SAFARI AVIATION SERVICES FZE,3/11/2025,3/11/2025,VAT,1,EA,137.13,VAT
PO-25-5916,Aeroparts AOG DWC LLC,SAFARI AVIATION SERVICES FZE,3/11/2025,3/11/2025,PR1196PT,2,EA,1371.33,SECONDARY FUEL BARRIER COATING
PO-25-5917,Aeroparts AOG DWC LLC,AERO TECHNIC ME FZCO,3/11/2025,3/11/2025,D5713019420400,15,EA,95,PACKING
PO-25-5917,Aeroparts AOG DWC LLC,AERO TECHNIC ME FZCO,3/11/2025,3/11/2025,A5735003820200,12,EA,113,RING
PO-25-5917,Aeroparts AOG DWC LLC,AERO TECHNIC ME FZCO,3/11/2025,3/11/2025,A5713052120300,30,EA,193.72,WASHER
PO-25-5917,Aeroparts AOG DWC LLC,AERO TECHNIC ME FZCO,3/11/2025,3/11/2025,A5461187950000,14,EA,61.32,WASHER LOCK
PO-25-5917,Aeroparts AOG DWC LLC,AERO TECHNIC ME FZCO,3/11/2025,3/11/2025,A2627048920000,16,EA,36,WASHER
PO-25-5917,Aeroparts AOG DWC LLC,AERO TECHNIC ME FZCO,3/11/2025,3/11/2025,840751,2,EA,1774.8,SEPARATOR ASSY
PO-25-5917,Aeroparts AOG DWC LLC,AERO TECHNIC ME FZCO,3/11/2025,3/11/2025,431-0025-505,12,EA,39,SCREW
PO-25-5917,Aeroparts AOG DWC LLC,AERO TECHNIC ME FZCO,3/11/2025,3/11/2025,1015597,12,EA,315.9,SEAL
PO-25-5917,Aeroparts AOG DWC LLC,AERO TECHNIC ME FZCO,3/11/2025,3/11/2025,1014503,4,EA,716.63,SEAL
PO-25-5917,Aeroparts AOG DWC LLC,AERO TECHNIC ME FZCO,3/11/2025,3/11/2025,1014346,4,EA,816.08,SEAL
PO-25-5917,Aeroparts AOG DWC LLC,AERO TECHNIC ME FZCO,3/11/2025,3/11/2025,9108A0001-01,3,EA,215,SEAL
PO-25-5917,Aeroparts AOG DWC LLC,AERO TECHNIC ME FZCO,3/11/2025,3/11/2025,SP108N,20,EA,5.99,WASHER
PO-25-5917,Aeroparts AOG DWC LLC,AERO TECHNIC ME FZCO,3/11/2025,3/11/2025,SLW40442-500X,24,EA,49.19,WASHER
PO-25-5917,Aeroparts AOG DWC LLC,AERO TECHNIC ME FZCO,3/11/2025,3/11/2025,RDLWQMLCE50SP6B,14,EA,81,LOCKWASHER
PO-25-5918,Aeroparts AOG DWC LLC,WENCOR,3/11/2025,3/11/2025,QA03963,8,EA,461,FILTER
PO-25-5919,Aeroparts AOG DWC LLC,ASCEND AERO INC,3/11/2025,3/11/2025,HTE7300CR1-018,12,EA,12.1,PACKING
PO-25-5920,Aeroparts AOG DWC LLC,"GA TELESIS, LLC",3/11/2025,3/11/2025,DVE90-06,1,EA,6500,VALVE-SOLENOID
PO-25-5920,Aeroparts AOG DWC LLC,"GA TELESIS, LLC",3/11/2025,3/11/2025,HTES006-094-688,25,EA,20,TENSION PIN
PO-25-5921,Aeroparts AOG DWC LLC,AEROSPACE ENGINEERING SERVICES JSC,3/11/2025,3/11/2025,QA03362,6,EA,420,FILTER
PO-25-5922,Aeroparts AOG DWC LLC,APS Airparts Support Inc,3/11/2025,3/11/2025,KB27127,26,EA,12,SEAL
PO-25-5923,Aeroparts AOG DWC LLC,AVIANOR INC,3/11/2025,3/11/2025,1014302,1,EA,1010,SEAL
PO-25-5923,Aeroparts AOG DWC LLC,AVIANOR INC,3/11/2025,3/11/2025,KB29665,4,EA,100,WASHER
PO-25-5924,Aeroparts AOG DWC LLC,TOUCHPOINT AVIATION SERVICES,3/11/2025,3/11/2025,LA2E50700130000,2,EA,12000,SDAC
PO-25-5925,Aeroparts AOG DWC LLC,AERO TECHNIC ME FZCO,3/11/2025,3/11/2025,F5725402220000,26,EA,138,SEAL
PO-25-5925,Aeroparts AOG DWC LLC,AERO TECHNIC ME FZCO,3/11/2025,3/11/2025,F5598003220000,22,EA,229,SEAL
PO-25-5925,Aeroparts AOG DWC LLC,AERO TECHNIC ME FZCO,3/11/2025,3/11/2025,F5518252320100,12,EA,371,RING-SEALING
PO-25-5925,Aeroparts AOG DWC LLC,AERO TECHNIC ME FZCO,3/11/2025,3/11/2025,F5518252320000,12,EA,371,RING-SEALING
PO-25-5925,Aeroparts AOG DWC LLC,AERO TECHNIC ME FZCO,3/11/2025,3/11/2025,F5518249420000,11,EA,302,GASKET-VENT
PO-25-5925,Aeroparts AOG DWC LLC,AERO TECHNIC ME FZCO,3/11/2025,3/11/2025,F5518243020000,11,EA,69.12,JOINT
PO-25-5925,Aeroparts AOG DWC LLC,AERO TECHNIC ME FZCO,3/11/2025,3/11/2025,F5518181220000,14,EA,148,RING-SEALING
PO-25-5925,Aeroparts AOG DWC LLC,AERO TECHNIC ME FZCO,3/11/2025,3/11/2025,F5518181120000,14,EA,161,RING-SEALING
PO-25-5925,Aeroparts AOG DWC LLC,AERO TECHNIC ME FZCO,3/11/2025,3/11/2025,F5518180920000,14,EA,139.23,RING-SEALING
PO-25-5925,Aeroparts AOG DWC LLC,AERO TECHNIC ME FZCO,3/11/2025,3/11/2025,F2151525300000,14,EA,540,PIN
PO-25-5925,Aeroparts AOG DWC LLC,AERO TECHNIC ME FZCO,3/11/2025,3/11/2025,F2151514020000,12,EA,97,GASKET
PO-25-5926,Aeroparts AOG DWC LLC,UNICAL AVIATION,3/11/2025,3/11/2025,NSA5355-4ACL,100,EA,5,LOCK WASHER
PO-25-5926,Aeroparts AOG DWC LLC,UNICAL AVIATION,3/11/2025,3/11/2025,NSA5061-4,100,EA,0.55,WASHER
PO-25-5926,Aeroparts AOG DWC LLC,UNICAL AVIATION,3/11/2025,3/11/2025,MS20392-4C23,50,EA,10,PIN
PO-25-5927,Aeroparts AOG DWC LLC,PROPONENT,3/11/2025,3/11/2025,ABS1040-80,26,EA,59.91,BLEED AIR DUCT SEAL
PO-25-5928,Aeroparts AOG DWC LLC,TOP GSE,3/11/2025,3/11/2025,68-1363,8,EA,55,Packing
PO-25-5929,Aeroparts AOG DWC LLC,PT Garuda Maintenance Facility AeroAsia Tbk,3/12/2025,3/12/2025,INTL WIRE FEE,1,EA,30,INTERNATIONAL WIRE FEE
PO-25-5929,Aeroparts AOG DWC LLC,PT Garuda Maintenance Facility AeroAsia Tbk,3/12/2025,3/12/2025,EN3545D02FXA46A,1,EA,45,CONNECTOR
PO-25-5929,Aeroparts AOG DWC LLC,PT Garuda Maintenance Facility AeroAsia Tbk,3/12/2025,3/12/2025,EN3545D02MXB46A,1,EA,45,CONNECTOR
PO-25-5929,Aeroparts AOG DWC LLC,PT Garuda Maintenance Facility AeroAsia Tbk,3/12/2025,3/12/2025,EN3545D02FXA45A,1,EA,50,CONNECTOR
PO-25-5929,Aeroparts AOG DWC LLC,PT Garuda Maintenance Facility AeroAsia Tbk,3/12/2025,3/12/2025,EN3545D02MXB45A,2,EA,20,CONNECTOR
PO-25-5930,Aeroparts AOG DWC LLC,PROPONENT,3/12/2025,3/12/2025,NSA937901E3,50,EA,0.44,MARKER
PO-25-5930,Aeroparts AOG DWC LLC,PROPONENT,3/12/2025,3/12/2025,NSA937901S,25,EA,4.13,MODULE CLAMP
PO-25-5930,Aeroparts AOG DWC LLC,PROPONENT,3/12/2025,3/12/2025,NSA935401-05,20,EA,3.11,TIE-CABLE
PO-25-5930,Aeroparts AOG DWC LLC,PROPONENT,3/12/2025,3/12/2025,NSA935401-03,20,EA,3.03,TIE
PO-25-5930,Aeroparts AOG DWC LLC,PROPONENT,3/12/2025,3/12/2025,EN3155-003F2222,50,EA,0.63,CONTACT
PO-25-5930,Aeroparts AOG DWC LLC,PROPONENT,3/12/2025,3/12/2025,EN3155-016M2222,50,EA,1.69,"CONTACT, MALE FOR MODULE"
PO-25-5930,Aeroparts AOG DWC LLC,PROPONENT,3/12/2025,3/12/2025,E0170FA2200,50,EA,2.16,"CONTACT, PIN"
PO-25-5930,Aeroparts AOG DWC LLC,PROPONENT,3/12/2025,3/12/2025,NSA937901E6,50,EA,0.21,MODULE ID LABEL
PO-25-5930,Aeroparts AOG DWC LLC,PROPONENT,3/12/2025,3/12/2025,EN3545-007SCD,50,EA,1.46,BACKSHELL
PO-25-5931,Aeroparts AOG DWC LLC,BOEING FLEET,3/12/2025,3/12/2025,412A1230-87,9,EA,1641,FITTING
PO-25-5932,Aeroparts AOG DWC LLC,BOEING FLEET,3/12/2025,3/12/2025,BOE2013-0515,1,EA,531,HOSE
PO-25-5932,Aeroparts AOG DWC LLC,BOEING FLEET,3/12/2025,3/12/2025,B0E2013-0304,2,EA,44.88,HOSE
PO-25-5932,Aeroparts AOG DWC LLC,BOEING FLEET,3/12/2025,3/12/2025,B0E2013-0335,2,EA,73.35,HOSE
PO-25-5932,Aeroparts AOG DWC LLC,BOEING FLEET,3/12/2025,3/12/2025,B0E2013-0310,2,EA,96.35,HOSE
PO-25-5932,Aeroparts AOG DWC LLC,BOEING FLEET,3/12/2025,3/12/2025,B0E2013-0356,1,EA,87.89,HOSE AY
PO-25-5932,Aeroparts AOG DWC LLC,BOEING FLEET,3/12/2025,3/12/2025,B0E2013-0468,1,EA,94.72,HOSE
PO-25-5932,Aeroparts AOG DWC LLC,BOEING FLEET,3/12/2025,3/12/2025,BOE2013-0316,1,EA,2190,HOSE
PO-25-5932,Aeroparts AOG DWC LLC,BOEING FLEET,3/12/2025,3/12/2025,BACB28AZ11A049Z,6,EA,65.43,BUSHING
PO-25-5932,Aeroparts AOG DWC LLC,BOEING FLEET,3/12/2025,3/12/2025,BACR15DR3AN2,500,EA,0.53,RIVET
PO-25-5932,Aeroparts AOG DWC LLC,BOEING FLEET,3/12/2025,3/12/2025,B0E2013-0406,2,EA,76.85,HOSE
PO-25-5933,Aeroparts AOG DWC LLC,ROTAFILO,3/12/2025,3/12/2025,HU85484,2,EA,267,EXTRACTOR
PO-25-5934,Aeroparts AOG DWC LLC,SAFARI AVIATION SERVICES FZE,3/13/2025,3/13/2025,CUSTOMS PROCESSING FEE,1,EA,35.33,CUSTOMS PROCESSING FEE
PO-25-5934,Aeroparts AOG DWC LLC,SAFARI AVIATION SERVICES FZE,3/13/2025,3/13/2025,HEALTH,1,EA,13.59,CERTIFICATE
PO-25-5934,Aeroparts AOG DWC LLC,SAFARI AVIATION SERVICES FZE,3/13/2025,3/13/2025,VAT,1,EA,19.48,VAT
PO-25-5934,Aeroparts AOG DWC LLC,SAFARI AVIATION SERVICES FZE,3/13/2025,3/13/2025,ARDROX 6025A,1,EA,375.9,AIRCRAFT CLEANER 25LT PAIL
PO-25-5935,Aeroparts AOG DWC LLC,AERO TECHNIC ME FZCO,3/13/2025,3/13/2025,NSA5112-05,74,EA,23.62,WASHER SEAL
PO-25-5935,Aeroparts AOG DWC LLC,AERO TECHNIC ME FZCO,3/13/2025,3/13/2025,F5725009020000,38,EA,175.02,RING
PO-25-5935,Aeroparts AOG DWC LLC,AERO TECHNIC ME FZCO,3/13/2025,3/13/2025,F5518181020000,12,EA,138.62,RING-SEALING
PO-25-5935,Aeroparts AOG DWC LLC,AERO TECHNIC ME FZCO,3/13/2025,3/13/2025,D5725125720000,36,EA,141.61,RING
PO-25-5935,Aeroparts AOG DWC LLC,AERO TECHNIC ME FZCO,3/13/2025,3/13/2025,NSA5532-819,6,EA,318.8,LOCK WASHER
PO-25-5935,Aeroparts AOG DWC LLC,AERO TECHNIC ME FZCO,3/13/2025,3/13/2025,NSA5112-05,126,EA,23.62,WASHER SEAL
PO-25-5935,Aeroparts AOG DWC LLC,AERO TECHNIC ME FZCO,3/13/2025,3/13/2025,NSA5112-04,500,EA,22.01,WASHER
PO-25-5936,Aeroparts AOG DWC LLC,AEROTRON,3/13/2025,3/13/2025,8ES005304-00,1,EA,2000,POWER SUPPLY UNIT
PO-25-5937,Aeroparts AOG DWC LLC,BOEING DISTRIBUTION SERVICES,3/13/2025,3/13/2025,ABS5093B485,1,EA,1227.36,"MOISTURE BARRIER FOIL, SELF ADHESIVE"
PO-25-5937,Aeroparts AOG DWC LLC,BOEING DISTRIBUTION SERVICES,3/13/2025,3/13/2025,DAN365-01,1000,EA,0.41,WASHER
PO-25-5938,Aeroparts AOG DWC LLC,SAFARI AVIATION SERVICES FZE,3/13/2025,3/13/2025,CUSTOMS PROCESSING FEE,1,EA,35.33,CUSTOMS PROCESSING FEE
PO-25-5938,Aeroparts AOG DWC LLC,SAFARI AVIATION SERVICES FZE,3/13/2025,3/13/2025,HEALTH,1,EA,40.76,CERTIFICATE
PO-25-5938,Aeroparts AOG DWC LLC,SAFARI AVIATION SERVICES FZE,3/13/2025,3/13/2025,VAT,1,EA,12.55,VAT
PO-25-5938,Aeroparts AOG DWC LLC,SAFARI AVIATION SERVICES FZE,3/13/2025,3/13/2025,NYCO-65-1KG,3,EA,70.11,NYCO 65 VASELINE 1 KG
PO-25-5939,Aeroparts AOG DWC LLC,"GA TELESIS, LLC",3/13/2025,3/13/2025,LA2E20202930000,2,EA,19000,FWC
PO-25-5940,Aeroparts AOG DWC LLC,Pacific Air Industries,3/13/2025,3/13/2025,DAN364-01,305,EA,0.33,PIN
PO-25-5941,Aeroparts AOG DWC LLC,UNICAL AVIATION,3/13/2025,3/13/2025,E0091-41-240NN,3,EA,67,BONDING
PO-25-5942,Aeroparts AOG DWC LLC,"GA TELESIS, LLC",3/13/2025,3/13/2025,8ES455012-00,1,EA,2400,POWER SUPPLY
PO-25-5943,Aeroparts AOG DWC LLC,BOEING FLEET,3/13/2025,3/12/2025,B0E2013-0638,2,EA,308,HOSE
PO-25-5944,Aeroparts AOG DWC LLC,AERO TECHNIC ME FZCO,3/13/2025,3/13/2025,F9000095017595,1,EA,1848,BUNDLE
PO-25-5944,Aeroparts AOG DWC LLC,AERO TECHNIC ME FZCO,3/13/2025,3/13/2025,F9000095228695,1,EA,2244,BUNDLE
PO-25-5944,Aeroparts AOG DWC LLC,AERO TECHNIC ME FZCO,3/13/2025,3/13/2025,F9000095018495,1,EA,490,BUNDLE
PO-25-5944,Aeroparts AOG DWC LLC,AERO TECHNIC ME FZCO,3/13/2025,3/13/2025,F9000095227395,1,EA,1764,BUNDLE
PO-25-5944,Aeroparts AOG DWC LLC,AERO TECHNIC ME FZCO,3/13/2025,3/13/2025,F9000095471895,1,EA,7428,BUNDLE
PO-25-5945,Aeroparts AOG DWC LLC,WENCOR,3/13/2025,3/13/2025,NSA935401-13,1000,EA,0.17,"TIE,CABLE"
PO-25-5946,Aeroparts AOG DWC LLC,APL AVIATION,3/13/2025,3/13/2025,5007897-3,3,EA,8500,MAIN WHEEL ASSEMBLY
PO-25-5947,Aeroparts AOG DWC LLC,SPECIALIST AVIATION LTD,3/13/2025,3/13/2025,2594661-803,1,EA,2500,RADIO MAGNETIC INDICATOR
PO-25-5948,Aeroparts AOG DWC LLC,PROPONENT,3/13/2025,12/13/2024,122-30026-01841,100,EA,78.23,SHADE
PO-25-5949,Aeroparts AOG DWC LLC,WENCOR,3/13/2025,3/13/2025,AS3582-244,50,EA,4.97,O-RING
PO-25-5949,Aeroparts AOG DWC LLC,WENCOR,3/13/2025,3/13/2025,NAS1612-8,50,EA,1.84,PACKING
PO-25-5949,Aeroparts AOG DWC LLC,WENCOR,3/13/2025,3/13/2025,AS43013-116,50,EA,1.84,RING
PO-25-5950,Aeroparts AOG DWC LLC,PROPONENT,3/13/2025,3/13/2025,ASNA2397-10L,100,EA,0.44,WASHER
PO-25-5950,Aeroparts AOG DWC LLC,PROPONENT,3/13/2025,3/13/2025,ABS5800D080B,6,EA,41.83,SEAL
PO-25-5951,Aeroparts AOG DWC LLC,JH AVIATION,3/13/2025,3/13/2025,4329685,5,EA,1850,"COVER ASSY, UPPER"
PO-25-5952,Aeroparts AOG DWC LLC,PDQ AIRSPARES,3/13/2025,3/13/2025,NSA5532-819,4,EA,125,LOCK WASHER
PO-25-5952,Aeroparts AOG DWC LLC,PDQ AIRSPARES,3/13/2025,3/13/2025,9108A0001-01,6,EA,137,SEAL
PO-25-5953,Aeroparts AOG DWC LLC,interiorsDIRECT gmbh,3/13/2025,3/13/2025,DAN262CC,100,EA,19.3,SILICON SECTION SEAT TRACK
PO-25-5954,Aeroparts AOG DWC LLC,Thameside Aero Spares Ltd,3/13/2025,3/13/2025,A5735003820000,7,EA,32,RING
PO-25-5955,Aeroparts AOG DWC LLC,ANSETT AIRCRAFT SPARES&SERVICES,3/13/2025,3/13/2025,D23119550,1,EA,3750,"Box, Electrical"
PO-25-5956,Aeroparts AOG DWC LLC,SKYSPARES LTD,3/13/2025,3/13/2025,D61500-74,1,EA,175,CONNECTOR
PO-25-5957,Aeroparts AOG DWC LLC,PDQ AIRSPARES,3/13/2025,3/13/2025,1015597,10,EA,195,SEAL
PO-25-5958,Aeroparts AOG DWC LLC,BOEING DISTRIBUTION SERVICES,3/13/2025,3/13/2025,NSA8134-05X,9,EA,39.53,BEARING SPHERICAL
PO-25-5958,Aeroparts AOG DWC LLC,BOEING DISTRIBUTION SERVICES,3/13/2025,3/13/2025,E0399-01,8,EA,88.63,"DISCHARGER-STATIC,THERMOPLASTIC"
PO-25-5958,Aeroparts AOG DWC LLC,BOEING DISTRIBUTION SERVICES,3/13/2025,3/13/2025,E0400-01,8,EA,84.99,STATIC DISCHARGER
PO-25-5958,Aeroparts AOG DWC LLC,BOEING DISTRIBUTION SERVICES,3/13/2025,3/13/2025,E0080-02-14C,5,EA,74.41,BACKSHELL
PO-25-5959,Aeroparts AOG DWC LLC,PROPONENT,3/13/2025,3/13/2025,E0092-10-160NN,10,EA,5.19,BONDING JUMPER
PO-25-5959,Aeroparts AOG DWC LLC,PROPONENT,3/13/2025,3/13/2025,E0092-10-200NN,15,EA,4.43,LEAD BONDING
PO-25-5959,Aeroparts AOG DWC LLC,PROPONENT,3/13/2025,3/13/2025,E0052N8B3ASNF,10,EA,30.89,"CONNECTOR, PLUG-BODY"
PO-25-5959,Aeroparts AOG DWC LLC,PROPONENT,3/13/2025,3/13/2025,NAS1096-3-9,25,EA,1.24,SCREW
PO-25-5960,Aeroparts AOG DWC LLC,UNICAL AVIATION,3/14/2025,3/14/2025,D57LCN400,2,EA,750,HOSE ASSY
PO-25-5961,Aeroparts AOG DWC LLC,SKYSPARES LTD,3/14/2025,3/14/2025,F5217057100200,2,EA,1050,SPRING ROD ASSY 
PO-25-5962,Aeroparts AOG DWC LLC,WENCOR,3/14/2025,3/14/2025,NSA5030-3-7,50,EA,2.45,SCREW
PO-25-5962,Aeroparts AOG DWC LLC,WENCOR,3/14/2025,3/14/2025,ASNA2879A040,200,EA,11,CAP NEW
PO-25-5962,Aeroparts AOG DWC LLC,WENCOR,3/14/2025,3/14/2025,NSA8208-259,10,EA,15.23,O-RING
PO-25-5963,Aeroparts AOG DWC LLC,BOEING FLEET,3/14/2025,3/14/2025,143A8335-1,1,EA,1636,GASKET
PO-25-5964,Aeroparts AOG DWC LLC,NORDAIR USA INC,3/14/2025,3/14/2025,91B458-00,1,EA,4950,BUSH
PO-25-5965,Aeroparts AOG DWC LLC,MTI AVIATION,3/14/2025,3/14/2025,6610-20567-01,1,EA,3000,ACTUATOR - ROTARY
PO-25-5966,Aeroparts AOG DWC LLC,WENCOR,3/14/2025,3/14/2025,ASNA2001T3-5,50,EA,1.99,SCREW
PO-25-5966,Aeroparts AOG DWC LLC,WENCOR,3/14/2025,3/14/2025,NAS1169C10,50,EA,0.4,WASHER
PO-25-5966,Aeroparts AOG DWC LLC,WENCOR,3/14/2025,3/14/2025,ASNA2001T3-6,50,EA,2.87,BOLT
PO-25-5966,Aeroparts AOG DWC LLC,WENCOR,3/14/2025,3/14/2025,MS21059L3,100,EA,0.76,NUT PLATE
PO-25-5966,Aeroparts AOG DWC LLC,WENCOR,3/14/2025,3/14/2025,NAS1790-3R5,100,EA,0.6,BOLT
PO-25-5967,Aeroparts AOG DWC LLC,PROPONENT,3/14/2025,3/14/2025,NAS1791A3-3,50,EA,1.88,NUT-PLATE
PO-25-5967,Aeroparts AOG DWC LLC,PROPONENT,3/14/2025,3/14/2025,E0052R14B15SNF,5,EA,35.29,CONNECTOR
PO-25-5967,Aeroparts AOG DWC LLC,PROPONENT,3/14/2025,3/14/2025,MS35769-10,25,EA,1.51,GASKET
PO-25-5967,Aeroparts AOG DWC LLC,PROPONENT,3/14/2025,3/14/2025,E0052R12B10SNE,5,EA,53.09,CONNECTOR-PLUG
PO-25-5968,Aeroparts AOG DWC LLC,BOEING FLEET,3/14/2025,3/14/2025,401U3500-5937,11,EA,1001,LAMINATE
PO-25-5969,Aeroparts AOG DWC LLC,BOEING DISTRIBUTION SERVICES,3/14/2025,3/14/2025,E0090-10-200,17,EA,3.11,BONDING LEAD
PO-25-5969,Aeroparts AOG DWC LLC,BOEING DISTRIBUTION SERVICES,3/14/2025,3/14/2025,E0419A5,3,EA,424.4,GUARD SWITCH
PO-25-5969,Aeroparts AOG DWC LLC,BOEING DISTRIBUTION SERVICES,3/14/2025,3/14/2025,NAS1790C3R15P,100,EA,4.45,BOLT
PO-25-5969,Aeroparts AOG DWC LLC,BOEING DISTRIBUTION SERVICES,3/14/2025,3/14/2025,NAS7204A2,50,EA,5.57,BOLT
PO-25-5970,Aeroparts AOG DWC LLC,Pacific Air Industries,3/14/2025,3/14/2025,NSA936604CA0931,21,EA,4.76,END CAP
PO-25-5971,Aeroparts AOG DWC LLC,WENCOR,3/14/2025,3/14/2025,NAS1790-3R4,44,EA,0.84,BOLT
PO-25-5972,Aeroparts AOG DWC LLC,WENCOR,3/14/2025,3/14/2025,ABS0365-3-1B,200,EA,1.3,Nut Clip
PO-25-5972,Aeroparts AOG DWC LLC,WENCOR,3/14/2025,3/14/2025,NAS1149C0432R,100,EA,0.1,WASHER
PO-25-5972,Aeroparts AOG DWC LLC,WENCOR,3/14/2025,3/14/2025,NSA8202-6,50,EA,2.67,O-RING
PO-25-5972,Aeroparts AOG DWC LLC,WENCOR,3/14/2025,3/14/2025,A1111013820500,100,EA,20.79,PATCH
PO-25-5972,Aeroparts AOG DWC LLC,WENCOR,3/14/2025,3/14/2025,NAS1790C3R5P,150,EA,0.64,BOLT 
PO-25-5972,Aeroparts AOG DWC LLC,WENCOR,3/14/2025,3/14/2025,NAS7204A4,50,EA,3.5,BOLT
PO-25-5972,Aeroparts AOG DWC LLC,WENCOR,3/14/2025,3/14/2025,ASNA2001T3-23,50,EA,7.75,SCREW
PO-25-5973,Aeroparts AOG DWC LLC,PROPONENT,3/14/2025,3/14/2025,NAS1790-4R7,100,EA,0.63,BOLT
PO-25-5973,Aeroparts AOG DWC LLC,PROPONENT,3/14/2025,3/14/2025,NAS1790-5R13,50,EA,1.73,BOLT
PO-25-5973,Aeroparts AOG DWC LLC,PROPONENT,3/14/2025,3/14/2025,NAS1790C4R3P,250,EA,1.15,BOLT
PO-25-5973,Aeroparts AOG DWC LLC,PROPONENT,3/14/2025,3/14/2025,NSA8203-222,20,EA,5.17,O-RING
PO-25-5973,Aeroparts AOG DWC LLC,PROPONENT,3/14/2025,3/14/2025,NSA8203-226,35,EA,5.81,PACKING
PO-25-5973,Aeroparts AOG DWC LLC,PROPONENT,3/14/2025,3/14/2025,NAS7204U4,100,EA,5.67,BOLT
PO-25-5973,Aeroparts AOG DWC LLC,PROPONENT,3/14/2025,3/14/2025,NSA5110-3-1,50,EA,1.88,NUT
PO-25-5973,Aeroparts AOG DWC LLC,PROPONENT,3/14/2025,3/14/2025,NAS1611-317,50,EA,1.74,PACKING
PO-25-5973,Aeroparts AOG DWC LLC,PROPONENT,3/14/2025,3/14/2025,NSA8200-6,20,EA,2.64,O-RING
PO-25-5973,Aeroparts AOG DWC LLC,PROPONENT,3/14/2025,3/14/2025,E0052N16B26SNF,5,EA,55.14,CONNECTOR
PO-25-5973,Aeroparts AOG DWC LLC,PROPONENT,3/14/2025,3/14/2025,NSA5474-3K7,200,EA,0.61,NUT
PO-25-5974,Aeroparts AOG DWC LLC,AERORENIX TECHNIC AVIATION LTD.,3/14/2025,3/14/2025,822-1338-225,2,EA,9000,ATC Transponder
PO-25-5975,Aeroparts AOG DWC LLC,DANAT ALKHALEEJ FOR SAFETY CONSULTANCY,3/14/2025,3/14/2025,VAT,1,EA,48.91,VAT
PO-25-5975,Aeroparts AOG DWC LLC,DANAT ALKHALEEJ FOR SAFETY CONSULTANCY,3/14/2025,3/14/2025,DELIVERY CHARGES,1,EA,271.74,DELIVERY
PO-25-5975,Aeroparts AOG DWC LLC,DANAT ALKHALEEJ FOR SAFETY CONSULTANCY,3/14/2025,3/14/2025,15 TONS,1,EA,407.61,TEST WEIGHT
PO-25-5975,Aeroparts AOG DWC LLC,DANAT ALKHALEEJ FOR SAFETY CONSULTANCY,3/14/2025,3/14/2025,GANTRY CRANE 15 TON,1,EA,163.04,INSPECTION & CERTIFICATION
PO-25-5975,Aeroparts AOG DWC LLC,DANAT ALKHALEEJ FOR SAFETY CONSULTANCY,3/14/2025,3/14/2025,GANTRY CRANE 10 TON,1,EA,135.87,INSPECTION & CERTIFICATION
PO-25-5976,Aeroparts AOG DWC LLC,BOEING FLEET,3/14/2025,3/14/2025,5912290-505,1,EA,24668,PANEL
PO-25-5977,Aeroparts AOG DWC LLC,AERORENIX TECHNIC AVIATION LTD.,3/14/2025,3/14/2025,066-50013-0202,1,EA,5000,DME INTERROGATOR
PO-25-5978,Aeroparts AOG DWC LLC,BOEING FLEET,3/17/2025,3/17/2025,417A8100-1,1,EA,35277,DUCT ASSY
PO-25-5979,Aeroparts AOG DWC LLC,WENCOR,3/17/2025,3/17/2025,NAS1102E3-10,28,EA,0.9,SCREW-MACH FLAT HEAD
PO-25-5980,Aeroparts AOG DWC LLC,SWEENEY,3/17/2025,3/17/2025,SWE81002,1,EA,3129,LIFTING SLING FOR SWE8200
PO-25-5980,Aeroparts AOG DWC LLC,SWEENEY,3/17/2025,3/17/2025,SWE8202-290A,1,EA,6322,PIGGYBACK TORQUE MULTIPLIER W/ RATCHET
PO-25-5980,Aeroparts AOG DWC LLC,SWEENEY,3/17/2025,3/17/2025,SWE8200,1,EA,10073,TORQUE MULTIPLIER
PO-25-5981,Aeroparts AOG DWC LLC,DUTEST,3/17/2025,3/17/2025,30006-0043,1,EA,1739.13,AP DYNAMOMETER
PO-25-5981,Aeroparts AOG DWC LLC,DUTEST,3/17/2025,3/17/2025,VAT,1,EA,86.96,VAT
PO-25-5982,Aeroparts AOG DWC LLC,AVIALL,3/17/2025,3/17/2025,AN960-10L,100,EA,0.66,WASHERFL
PO-25-5983,Aeroparts AOG DWC LLC,SALEH ISHAQ TRADING CO.LLC,3/17/2025,3/17/2025,VAT,1,EA,28.94,VAT
PO-25-5983,Aeroparts AOG DWC LLC,SALEH ISHAQ TRADING CO.LLC,3/17/2025,3/17/2025,DELIVERY CHARGES,1,EA,130.43,DELIVERY
PO-25-5983,Aeroparts AOG DWC LLC,SALEH ISHAQ TRADING CO.LLC,3/17/2025,3/17/2025,M3.31000T1,1,EA,448.37,TORQUE MULTIPLIER
PO-25-5984,Aeroparts AOG DWC LLC,WENCOR,3/17/2025,3/17/2025,NAS1790-4R5,60,EA,0.64,BOLT
PO-25-5984,Aeroparts AOG DWC LLC,WENCOR,3/17/2025,3/17/2025,NAS1790-5R9,100,EA,0.67,SCREW
PO-25-5984,Aeroparts AOG DWC LLC,WENCOR,3/17/2025,3/17/2025,NAS1790-5R12,50,EA,1.12,BOLT
PO-25-5984,Aeroparts AOG DWC LLC,WENCOR,3/17/2025,3/17/2025,NSA8200-2,25,EA,4.8,PACKING
PO-25-5985,Aeroparts AOG DWC LLC,SCANAEROTECH APS,3/17/2025,3/17/2025,INTL WIRE FEE,1,EA,25,INTERNATIONAL WIRE FEE
PO-25-5985,Aeroparts AOG DWC LLC,SCANAEROTECH APS,3/17/2025,3/17/2025,CJ250,1,EA,530,13 PC MEDIUM - DUTY GENERAL PURPOSE PULLER SET
PO-25-5985,Aeroparts AOG DWC LLC,SCANAEROTECH APS,3/17/2025,3/17/2025,CJ250HMRFR,1,EA,350,2- 1/2 LB SLIDE HAMMER
PO-25-5985,Aeroparts AOG DWC LLC,SCANAEROTECH APS,3/17/2025,3/17/2025,CJ240,1,EA,350,13 PC LIGHT DUTY GENERAL PURPOSE PULLER SET
PO-25-5985,Aeroparts AOG DWC LLC,SCANAEROTECH APS,3/17/2025,3/17/2025,CJ240HMRFR,1,EA,180,2 LB SLIDE HAMMER
PO-25-5986,Aeroparts AOG DWC LLC,APRAM Aerospace,3/17/2025,3/17/2025,14330-230,1,EA,4200,VALVE ASSY
PO-25-5987,Aeroparts AOG DWC LLC,"Fieldtech Avionics & Instruments, Inc.",3/17/2025,3/17/2025,622-7383-001,1,EA,5950,ADF ANTENNA
PO-25-5988,Aeroparts AOG DWC LLC,EDGAR HAUSMANN GMBH,3/18/2025,3/18/2025,TS212-3/8A,15,EA,3.95,TORQ - SET INSERT BITS
PO-25-5988,Aeroparts AOG DWC LLC,EDGAR HAUSMANN GMBH,3/18/2025,3/18/2025,TS212-5/16A,15,EA,2.55,"TORQ - SET INSERT BITS HEX SHANK 5/16"""
PO-25-5988,Aeroparts AOG DWC LLC,EDGAR HAUSMANN GMBH,3/18/2025,3/18/2025,TS212-1/4A,15,EA,3.9,TORQ - SET INSERT BITS
PO-25-5988,Aeroparts AOG DWC LLC,EDGAR HAUSMANN GMBH,3/18/2025,3/18/2025,TS212-8A,15,EA,4.1,TORQ - SET INSERT BITS
PO-25-5988,Aeroparts AOG DWC LLC,EDGAR HAUSMANN GMBH,3/18/2025,3/18/2025,TS212-1/4,15,EA,2.55,TORQ - SET INSERT BITS
PO-25-5988,Aeroparts AOG DWC LLC,EDGAR HAUSMANN GMBH,3/18/2025,3/18/2025,TS212-10,15,EA,2.45,TORQ - SET INSERT BITS
PO-25-5988,Aeroparts AOG DWC LLC,EDGAR HAUSMANN GMBH,3/18/2025,3/18/2025,TS212-8,15,EA,2.45,TORQ-SET INSERT BITS
PO-25-5988,Aeroparts AOG DWC LLC,EDGAR HAUSMANN GMBH,3/18/2025,3/18/2025,TS212-6,15,EA,2.45,TORQ-SET INSERT BITS
PO-25-5988,Aeroparts AOG DWC LLC,EDGAR HAUSMANN GMBH,3/18/2025,3/18/2025,TS212-5,15,EA,2.45,TORQ - SET INSERT BITS
PO-25-5988,Aeroparts AOG DWC LLC,EDGAR HAUSMANN GMBH,3/18/2025,3/18/2025,TS212-3,15,EA,2.45,TORQ - SET INSERT BITS
PO-25-5988,Aeroparts AOG DWC LLC,EDGAR HAUSMANN GMBH,3/18/2025,3/18/2025,TS212-1,15,EA,2.45,TORQ - SET INSERT BITS
PO-25-5988,Aeroparts AOG DWC LLC,EDGAR HAUSMANN GMBH,3/18/2025,3/18/2025,TS212-0,15,EA,2.45,TORQ - SET INSERT BITS
PO-25-5989,Aeroparts AOG DWC LLC,TOP GSE,3/18/2025,3/18/2025,4002-17W,6,EA,25,STUD ASSY
PO-25-5990,Aeroparts AOG DWC LLC,BOEING FLEET,3/18/2025,3/18/2025,BACC63BP22C39S6,1,EA,1086,CONNECTOR
PO-25-5991,Aeroparts AOG DWC LLC,Peerless Aerospace,3/19/2025,3/19/2025,NAS1919M04S04AU,100,EA,7.05,RIVETS
PO-25-5991,Aeroparts AOG DWC LLC,Peerless Aerospace,3/19/2025,3/19/2025,NAS1921M04S03AU,100,EA,5.75,RIVETS
PO-25-5991,Aeroparts AOG DWC LLC,Peerless Aerospace,3/19/2025,3/19/2025,NAS1921M04S05AU,100,EA,22.95,RIVETS
PO-25-5991,Aeroparts AOG DWC LLC,Peerless Aerospace,3/19/2025,3/19/2025,NAS1921M06S05AU,100,EA,6.45,RIVET
PO-25-5993,Aeroparts AOG DWC LLC,WENCOR,3/20/2025,3/20/2025,ABS0337-01A,50,EA,0,RECEPTACLE
PO-25-5993,Aeroparts AOG DWC LLC,WENCOR,3/20/2025,3/20/2025,ABS0341-2-01,10,EA,0,RETAINER
PO-25-5993,Aeroparts AOG DWC LLC,WENCOR,3/20/2025,3/20/2025,ABS0692-01,100,EA,0,WASHER
PO-25-5993,Aeroparts AOG DWC LLC,WENCOR,3/20/2025,3/20/2025,NAS1169C10L,100,EA,0,WASHER
PO-25-5993,Aeroparts AOG DWC LLC,WENCOR,3/20/2025,3/20/2025,ABS0337-01A,50,EA,5.1,RECEPTACLE
PO-25-5993,Aeroparts AOG DWC LLC,WENCOR,3/20/2025,3/20/2025,NAS1790C4R7P,50,EA,2.23,SCREW
PO-25-5993,Aeroparts AOG DWC LLC,WENCOR,3/20/2025,3/20/2025,ABS0341-2-01,10,EA,25.25,RETAINER
PO-25-5993,Aeroparts AOG DWC LLC,WENCOR,3/20/2025,3/20/2025,AS12944,30,EA,7.69,WASHER
PO-25-5993,Aeroparts AOG DWC LLC,WENCOR,3/20/2025,3/20/2025,NAS1611-027,50,EA,1.88,PACKING
PO-25-5993,Aeroparts AOG DWC LLC,WENCOR,3/20/2025,3/20/2025,ABS0557-01,50,EA,9.4,SLEEVE
PO-25-5993,Aeroparts AOG DWC LLC,WENCOR,3/20/2025,3/20/2025,ABS0551-050,25,EA,5.2,STUD
PO-25-5993,Aeroparts AOG DWC LLC,WENCOR,3/20/2025,3/20/2025,ABS0556-01,100,EA,2.99,RING RETAINER
PO-25-5993,Aeroparts AOG DWC LLC,WENCOR,3/20/2025,3/20/2025,NAS1790-3R8,25,EA,0.76,BOLT
PO-25-5993,Aeroparts AOG DWC LLC,WENCOR,3/20/2025,3/20/2025,NAS1790-3R6,100,EA,0.32,BOLT
PO-25-5993,Aeroparts AOG DWC LLC,WENCOR,3/20/2025,3/20/2025,ABS0692-01,100,EA,0.43,WASHER
PO-25-5993,Aeroparts AOG DWC LLC,WENCOR,3/20/2025,3/20/2025,ABS0691-010,25,EA,3.47,STUD
PO-25-5993,Aeroparts AOG DWC LLC,WENCOR,3/20/2025,3/20/2025,AS62424,25,EA,53,CLAMP
PO-25-5993,Aeroparts AOG DWC LLC,WENCOR,3/20/2025,3/20/2025,EN3155-016M2222,100,EA,0.45,"CONTACT, MALE FOR MODULE"
PO-25-5993,Aeroparts AOG DWC LLC,WENCOR,3/20/2025,3/20/2025,NAS1612-6,50,EA,1.84,"PACKING,PREFMD"
PO-25-5993,Aeroparts AOG DWC LLC,WENCOR,3/20/2025,3/20/2025,NAS1612-8,100,EA,1.84,PACKING
PO-25-5993,Aeroparts AOG DWC LLC,WENCOR,3/20/2025,3/20/2025,MS21062-3,50,EA,3.56,NUT
PO-25-5993,Aeroparts AOG DWC LLC,WENCOR,3/20/2025,3/20/2025,MS21060-3,100,EA,1.78,"LOCK NUT,PLATE,TWO LUG"
PO-25-5993,Aeroparts AOG DWC LLC,WENCOR,3/20/2025,3/20/2025,NAS1169C10L,100,EA,0.66,WASHER
PO-25-5994,Aeroparts AOG DWC LLC,BOEING DISTRIBUTION SERVICES,3/20/2025,3/20/2025,ABS0126-12-02,2,EA,380.8,BACKSHELL
PO-25-5995,Aeroparts AOG DWC LLC,BOEING FLEET,3/21/2025,3/21/2025,146A8335-2,5,EA,3149,GASKET
PO-25-5996,Aeroparts AOG DWC LLC,PROPONENT,3/21/2025,3/21/2025,07650043-0501,3,EA,268.88,"STUD, LATCHING"
PO-25-5997,Aeroparts AOG DWC LLC,BOEING FLEET,3/21/2025,3/21/2025,BACC63BP22D55PN,2,EA,327.95,CONNECTOR
PO-25-5998,Aeroparts AOG DWC LLC,"Aerocore, LLC",3/21/2025,3/21/2025,HANDLING FEE,1,EA,25,Handling Fee
PO-25-5998,Aeroparts AOG DWC LLC,"Aerocore, LLC",3/21/2025,3/21/2025,3604,20,EA,1.71,CLAMP
PO-25-5999,Aeroparts AOG DWC LLC,PROPONENT,3/21/2025,3/21/2025,TA12C59WTH08HB,6,EA,154.12,LOOP CLAMP
PO-25-5999,Aeroparts AOG DWC LLC,PROPONENT,3/21/2025,3/21/2025,NAS1790-4R7,113,EA,0.38,BOLT
PO-25-5999,Aeroparts AOG DWC LLC,PROPONENT,3/21/2025,3/21/2025,DIN1481-5X50,10,EA,20.44,PIN
PO-25-5999,Aeroparts AOG DWC LLC,PROPONENT,3/21/2025,3/21/2025,HA72-0230820,2,EA,1366.69,LOCKING ASSY
PO-25-5999,Aeroparts AOG DWC LLC,PROPONENT,3/21/2025,3/21/2025,ABS0341-1-01,25,EA,9.86,"RETAINER, VALVE"
PO-25-5999,Aeroparts AOG DWC LLC,PROPONENT,3/21/2025,3/21/2025,ABS0551-030,50,EA,4.64,STUD
PO-25-5999,Aeroparts AOG DWC LLC,PROPONENT,3/21/2025,3/21/2025,ABS0551-015,160,EA,4.36,STUD
PO-25-5999,Aeroparts AOG DWC LLC,PROPONENT,3/21/2025,3/21/2025,NSA937901MA2202,5,EA,32.65,MODULE
PO-25-5999,Aeroparts AOG DWC LLC,PROPONENT,3/21/2025,3/21/2025,NAS1612-12,50,EA,1.04,SEAL
PO-25-6000,Aeroparts AOG DWC LLC,BOEING FLEET,3/21/2025,3/21/2025,143A8335-2,3,EA,2463,GASKET
PO-25-6001,Aeroparts AOG DWC LLC,BOEING DISTRIBUTION SERVICES,3/21/2025,3/21/2025,50840,400,EA,7.77,TERMINAL PLUG
PO-25-6002,Aeroparts AOG DWC LLC,PILOT JOHN INTERNATONAL,3/21/2025,3/21/2025,69-100-0080,1,EA,1252.35,JT8D SENSOR ADAPTER
PO-25-6002,Aeroparts AOG DWC LLC,PILOT JOHN INTERNATONAL,3/21/2025,3/21/2025,Z22-430-0097,2,EA,202.95,KIT ADAPTOR MOUNT SCREW
PO-25-6002,Aeroparts AOG DWC LLC,PILOT JOHN INTERNATONAL,3/21/2025,3/21/2025,10-320-0329,2,EA,430.65,JT8D SENSOR ADAPTER
PO-25-6003,Aeroparts AOG DWC LLC,PROPONENT,3/21/2025,3/21/2025,XLR5-31,10,EA,15.37,TELEPHONE JACK
PO-25-6004,Aeroparts AOG DWC LLC,PROPONENT,3/21/2025,3/21/2025,7500454,2,EA,0,O-RING
PO-25-6004,Aeroparts AOG DWC LLC,PROPONENT,3/21/2025,3/21/2025,MS24665-88,100,EA,0.44,PIN
PO-25-6004,Aeroparts AOG DWC LLC,PROPONENT,3/21/2025,3/21/2025,MS24665-355,100,EA,0.44,PIN
PO-25-6004,Aeroparts AOG DWC LLC,PROPONENT,3/21/2025,3/21/2025,MS24665-319,100,EA,0.73,PIN
PO-25-6004,Aeroparts AOG DWC LLC,PROPONENT,3/21/2025,3/21/2025,MS24665-178,270,EA,0.16,PIN
PO-25-6004,Aeroparts AOG DWC LLC,PROPONENT,3/21/2025,3/21/2025,MS21256-2,100,EA,0.47,CLIP
PO-25-6004,Aeroparts AOG DWC LLC,PROPONENT,3/21/2025,3/21/2025,MS172291,20,EA,10.5,WASHER
PO-25-6004,Aeroparts AOG DWC LLC,PROPONENT,3/21/2025,3/21/2025,M83248-1-910,60,EA,0.7,O-RING
PO-25-6004,Aeroparts AOG DWC LLC,PROPONENT,3/21/2025,3/21/2025,M83248/1-908,60,EA,0.67,O-RING
PO-25-6004,Aeroparts AOG DWC LLC,PROPONENT,3/21/2025,3/21/2025,M83248/1-020,70,EA,0.56,O-RING
PO-25-6004,Aeroparts AOG DWC LLC,PROPONENT,3/21/2025,3/21/2025,M25988/2-218,50,EA,3.09,O-RING
PO-25-6004,Aeroparts AOG DWC LLC,PROPONENT,3/21/2025,3/21/2025,M25988/2-036,50,EA,1.95,O-RING
PO-25-6004,Aeroparts AOG DWC LLC,PROPONENT,3/21/2025,3/21/2025,M25988/1-911,50,EA,1.1,O-RING
PO-25-6004,Aeroparts AOG DWC LLC,PROPONENT,3/21/2025,3/21/2025,M25988/1-905,70,EA,0.71,PACKING
PO-25-6004,Aeroparts AOG DWC LLC,PROPONENT,3/21/2025,3/21/2025,EN6114K3X6,50,EA,7.22,BOLT
PO-25-6004,Aeroparts AOG DWC LLC,PROPONENT,3/21/2025,3/21/2025,EN6114K3X4,256,EA,3.78,BOLT
PO-25-6004,Aeroparts AOG DWC LLC,PROPONENT,3/21/2025,3/21/2025,EN6114K3-6,50,EA,1.22,BOLT
PO-25-6004,Aeroparts AOG DWC LLC,PROPONENT,3/21/2025,3/21/2025,EN6114K3-5,50,EA,2.87,Hi-Lite Bolt
PO-25-6004,Aeroparts AOG DWC LLC,PROPONENT,3/21/2025,3/21/2025,EN6114K3-4,428,EA,1.01,Hi-Lite Bolt
PO-25-6004,Aeroparts AOG DWC LLC,PROPONENT,3/21/2025,3/21/2025,DAN6-6-5,50,EA,1.38,HI-LOK PIN
PO-25-6004,Aeroparts AOG DWC LLC,PROPONENT,3/21/2025,3/21/2025,DAN6-6-4,50,EA,1.78,HI-LOK PIN
PO-25-6004,Aeroparts AOG DWC LLC,PROPONENT,3/21/2025,3/21/2025,D64013,5,EA,318.82,LOCK PLATE
PO-25-6004,Aeroparts AOG DWC LLC,PROPONENT,3/21/2025,3/21/2025,D62596,5,EA,286.25,SHIM
PO-25-6004,Aeroparts AOG DWC LLC,PROPONENT,3/21/2025,3/21/2025,D61889,10,EA,81.48,LOCK WASHERR
PO-25-6004,Aeroparts AOG DWC LLC,PROPONENT,3/21/2025,3/21/2025,D61883,10,EA,214.94,SHIM
PO-25-6004,Aeroparts AOG DWC LLC,PROPONENT,3/21/2025,3/21/2025,D61882,10,EA,184.16,SHIM
PO-25-6004,Aeroparts AOG DWC LLC,PROPONENT,3/21/2025,3/21/2025,BE28990,8,EA,210.4,E-SEAL
PO-25-6004,Aeroparts AOG DWC LLC,PROPONENT,3/21/2025,3/21/2025,ASNA2538-3,154,EA,5.33,NUT
PO-25-6004,Aeroparts AOG DWC LLC,PROPONENT,3/21/2025,3/21/2025,ASNA2529-6,46,EA,1.96,NUT
PO-25-6004,Aeroparts AOG DWC LLC,PROPONENT,3/21/2025,3/21/2025,ASNA0113-32CA,250,EA,0.76,WASHER
PO-25-6004,Aeroparts AOG DWC LLC,PROPONENT,3/21/2025,3/21/2025,AS3208-05,80,EA,0.5,O-RING
PO-25-6004,Aeroparts AOG DWC LLC,PROPONENT,3/21/2025,3/21/2025,AS20627,50,EA,4.71,NUT
PO-25-6004,Aeroparts AOG DWC LLC,PROPONENT,3/21/2025,3/21/2025,95394-05,2,EA,4396.54,ISOLATOR
PO-25-6004,Aeroparts AOG DWC LLC,PROPONENT,3/21/2025,3/21/2025,7500454,2,EA,50,O-RING
PO-25-6004,Aeroparts AOG DWC LLC,PROPONENT,3/21/2025,3/21/2025,6355-0906,8,EA,61.6,O- RING
PO-25-6004,Aeroparts AOG DWC LLC,PROPONENT,3/21/2025,3/21/2025,53100269-1,8,EA,312.33,SCREEN
PO-25-6004,Aeroparts AOG DWC LLC,PROPONENT,3/21/2025,3/21/2025,398-21,4,EA,660.91,FILTER
PO-25-6004,Aeroparts AOG DWC LLC,PROPONENT,3/21/2025,3/21/2025,2721-1,4,EA,67.95,AIR FILTER
PO-25-6004,Aeroparts AOG DWC LLC,PROPONENT,3/21/2025,3/21/2025,2201859-39,2,EA,996,HOSE
PO-25-6004,Aeroparts AOG DWC LLC,PROPONENT,3/21/2025,3/21/2025,MS29513-175,10,EA,6.75,O-RING
PO-25-6004,Aeroparts AOG DWC LLC,PROPONENT,3/21/2025,3/21/2025,203-811538,8,EA,105.6,SEAL
PO-25-6004,Aeroparts AOG DWC LLC,PROPONENT,3/21/2025,3/21/2025,202-811538,8,EA,145.2,SEAL
PO-25-6004,Aeroparts AOG DWC LLC,PROPONENT,3/21/2025,3/21/2025,100-905-2454,40,EA,9.01,SEAL
PO-25-6004,Aeroparts AOG DWC LLC,PROPONENT,3/21/2025,3/21/2025,0F25-021,20,EA,139.5,"RING, SEALING"
PO-25-6004,Aeroparts AOG DWC LLC,PROPONENT,3/21/2025,3/21/2025,201275896,8,EA,32.66,WASHER
PO-25-6004,Aeroparts AOG DWC LLC,PROPONENT,3/21/2025,3/21/2025,7600763,2,EA,217.61,DRAIN FILTER
PO-25-6006,Aeroparts AOG DWC LLC,WENCOR,3/24/2025,3/24/2025,M83248-1-016,25,EA,0,O-RING 5/8 INCH ID 3
PO-25-6006,Aeroparts AOG DWC LLC,WENCOR,3/24/2025,3/24/2025,MS24665-86,100,EA,0.09,COTTER PIN
PO-25-6006,Aeroparts AOG DWC LLC,WENCOR,3/24/2025,3/24/2025,MS24665-376,100,EA,0.25,PIN
PO-25-6006,Aeroparts AOG DWC LLC,WENCOR,3/24/2025,3/24/2025,MS24665-372,100,EA,0.14,PIN
PO-25-6006,Aeroparts AOG DWC LLC,WENCOR,3/24/2025,3/24/2025,MS24665-360,100,EA,0.19,PIN
PO-25-6006,Aeroparts AOG DWC LLC,WENCOR,3/24/2025,3/24/2025,MS24665-357,100,EA,0.13,PIN
PO-25-6006,Aeroparts AOG DWC LLC,WENCOR,3/24/2025,3/24/2025,MS24665-310,100,EA,0.17,PIN
PO-25-6006,Aeroparts AOG DWC LLC,WENCOR,3/24/2025,3/24/2025,MS24665-309,100,EA,0.26,PIN
PO-25-6006,Aeroparts AOG DWC LLC,WENCOR,3/24/2025,3/24/2025,MS24665-308,100,EA,0.18,PIN
PO-25-6006,Aeroparts AOG DWC LLC,WENCOR,3/24/2025,3/24/2025,MS24665-306,100,EA,0.15,PIN
PO-25-6006,Aeroparts AOG DWC LLC,WENCOR,3/24/2025,3/24/2025,282101,30,EA,10.8,RED WASHER
PO-25-6006,Aeroparts AOG DWC LLC,WENCOR,3/24/2025,3/24/2025,MS24665-304,100,EA,0.33,"PIN, COTTER"
PO-25-6006,Aeroparts AOG DWC LLC,WENCOR,3/24/2025,3/24/2025,MS24665-302,100,EA,0.18,"PIN, COTTER"
PO-25-6006,Aeroparts AOG DWC LLC,WENCOR,3/24/2025,3/24/2025,MS24665-300,100,EA,0.14,"PIN, COTTER"
PO-25-6006,Aeroparts AOG DWC LLC,WENCOR,3/24/2025,3/24/2025,MS24665-285,100,EA,0.09,PIN-COTTER
PO-25-6006,Aeroparts AOG DWC LLC,WENCOR,3/24/2025,3/24/2025,MS24665-283,100,EA,0.13,STEEL
PO-25-6006,Aeroparts AOG DWC LLC,WENCOR,3/24/2025,3/24/2025,MS24665-231,100,EA,0.11,PIN
PO-25-6006,Aeroparts AOG DWC LLC,WENCOR,3/24/2025,3/24/2025,MS24665-174,100,EA,0.14,PIN
PO-25-6006,Aeroparts AOG DWC LLC,WENCOR,3/24/2025,3/24/2025,MS24665-172,100,EA,0.31,"PIN, COTTER"
PO-25-6006,Aeroparts AOG DWC LLC,WENCOR,3/24/2025,3/24/2025,MS24665-162,100,EA,0.25,PIN
PO-25-6006,Aeroparts AOG DWC LLC,WENCOR,3/24/2025,3/24/2025,MS24665-155,100,EA,0.13,PIN
PO-25-6006,Aeroparts AOG DWC LLC,WENCOR,3/24/2025,3/24/2025,MS24665-153,150,EA,0.22,"PIN, COTTER"
PO-25-6006,Aeroparts AOG DWC LLC,WENCOR,3/24/2025,3/24/2025,MS24665-151,100,EA,0.11,PIN
PO-25-6006,Aeroparts AOG DWC LLC,WENCOR,3/24/2025,3/24/2025,MS24665-134,100,EA,0.09,PIN
PO-25-6006,Aeroparts AOG DWC LLC,WENCOR,3/24/2025,3/24/2025,MS24665-132,100,EA,0.09,PIN
PO-25-6006,Aeroparts AOG DWC LLC,WENCOR,3/24/2025,3/24/2025,M83248-1-016,25,EA,0.95,O-RING 5/8 INCH ID 3
PO-25-6006,Aeroparts AOG DWC LLC,WENCOR,3/24/2025,3/24/2025,M25988-1-018,10,EA,1.84,PACKING
PO-25-6006,Aeroparts AOG DWC LLC,WENCOR,3/24/2025,3/24/2025,AS43013-155,25,EA,4.48,RING
PO-25-6006,Aeroparts AOG DWC LLC,WENCOR,3/24/2025,3/24/2025,AS43003-908,8,EA,1.84,PACKING
PO-25-6006,Aeroparts AOG DWC LLC,WENCOR,3/24/2025,3/24/2025,3882496-1,2,EA,356.94,FUEL FILTER ELEMENT
PO-25-6007,Aeroparts AOG DWC LLC,PDQ AIRSPARES,3/24/2025,3/24/2025,F0003150100000,3,EA,100,CLAMP BLOCK
PO-25-6008,Aeroparts AOG DWC LLC,Pacific Air Industries,3/24/2025,3/24/2025,A5461085450000,15,EA,97.5,WASHER 
PO-25-6008,Aeroparts AOG DWC LLC,Pacific Air Industries,3/24/2025,3/24/2025,S8991A4H142M,6,EA,14.7,TUBE
PO-25-6009,Aeroparts AOG DWC LLC,BOEING FLEET,3/24/2025,3/24/2025,NAS1102E3-8,50,EA,0.57,SCREW
PO-25-6010,Aeroparts AOG DWC LLC,BOEING DISTRIBUTION SERVICES,3/24/2025,3/24/2025,AS12943,50,EA,1,WASHER
PO-25-6010,Aeroparts AOG DWC LLC,BOEING DISTRIBUTION SERVICES,3/24/2025,3/24/2025,AS54744,5,EA,127.2,BOLT
PO-25-6010,Aeroparts AOG DWC LLC,BOEING DISTRIBUTION SERVICES,3/24/2025,3/24/2025,NAS1790-3R4,50,EA,1,BOLT
PO-25-6011,Aeroparts AOG DWC LLC,"Mitchell Aircraft, LLC",3/24/2025,3/24/2025,INTL WIRE FEE,1,EA,35,INTERNATIONAL WIRE FEE
PO-25-6011,Aeroparts AOG DWC LLC,"Mitchell Aircraft, LLC",3/24/2025,3/24/2025,974540,1,EA,5250,PUMP
PO-25-6012,Aeroparts AOG DWC LLC,GLOBAL AVIATION RESOURCES,3/25/2025,2/21/2025,465020-03030316,1,EA,53000,AIR DATA AND INERTIAL REF UNIT
PO-25-6013,Aeroparts AOG DWC LLC,BOEING DISTRIBUTION SERVICES,3/25/2025,3/25/2025,EN6092-01,250,EA,5.76,RECEPTACLE
PO-25-6013,Aeroparts AOG DWC LLC,BOEING DISTRIBUTION SERVICES,3/25/2025,3/25/2025,NAS1102E3-12,240,EA,10,SCREW
PO-25-6013,Aeroparts AOG DWC LLC,BOEING DISTRIBUTION SERVICES,3/25/2025,3/25/2025,ASNA2001T3-10,100,EA,6.52,SCREW
PO-25-6013,Aeroparts AOG DWC LLC,BOEING DISTRIBUTION SERVICES,3/25/2025,3/25/2025,NAS1102E3-8,200,EA,0.74,SCREW
PO-25-6013,Aeroparts AOG DWC LLC,BOEING DISTRIBUTION SERVICES,3/25/2025,3/25/2025,DAN203B50,600,EA,0.08,RIVET
PO-25-6014,Aeroparts AOG DWC LLC,PROPONENT,3/25/2025,3/25/2025,NAS1096-2-10,200,EA,0.3,SCREW
PO-25-6015,Aeroparts AOG DWC LLC,WENCOR,3/25/2025,3/25/2025,NAS1149FN832P,200,EA,0.09,WASHER
PO-25-6016,Aeroparts AOG DWC LLC,"GA TELESIS, LLC",3/25/2025,3/25/2025,141T4004-21,1,EA,25750,WINDSHIELD
PO-25-6017,Aeroparts AOG DWC LLC,BOEING FLEET,3/26/2025,3/26/2025,654A0004-169,2,EA,2501,PLATE 
PO-25-6018,Aeroparts AOG DWC LLC,FEDERAL TECHNOLOGY LLC,3/26/2025,3/26/2025,VAT,1,EA,745.17,VAT
PO-25-6018,Aeroparts AOG DWC LLC,FEDERAL TECHNOLOGY LLC,3/26/2025,3/26/2025,INSTALLATION SERVICES,1,EA,14903.46,SUPPLY & INSTALLATION OF CCTV & ACCESS CONTROL SYS
PO-25-6019,Aeroparts AOG DWC LLC,Airbus,3/26/2025,3/26/2025,NSA5653-21-0287,9,EA,10.4,SPACER
PO-25-6019,Aeroparts AOG DWC LLC,Airbus,3/26/2025,3/26/2025,F2527035801400,1,EA,3220,COVER
PO-25-6019,Aeroparts AOG DWC LLC,Airbus,3/26/2025,3/26/2025,F2151514020000,2,EA,77.8,GASKET
PO-25-6019,Aeroparts AOG DWC LLC,Airbus,3/26/2025,3/26/2025,F2128505020000,405,EA,37.7,"HOLDER, ELAST."
PO-25-6019,Aeroparts AOG DWC LLC,Airbus,3/26/2025,3/26/2025,F5453043021000,2,EA,528,SEAL
PO-25-6019,Aeroparts AOG DWC LLC,Airbus,3/26/2025,3/26/2025,F5453043021200,4,EA,224,SEAL
PO-25-6019,Aeroparts AOG DWC LLC,Airbus,3/26/2025,3/26/2025,F5453043021300,4,EA,224,SEAL
PO-25-6019,Aeroparts AOG DWC LLC,Airbus,3/26/2025,3/26/2025,F5453043021100,3,EA,250,SEAL
PO-25-6019,Aeroparts AOG DWC LLC,Airbus,3/26/2025,3/26/2025,F5453043020600,1,EA,605,SEAL
PO-25-6019,Aeroparts AOG DWC LLC,Airbus,3/26/2025,3/26/2025,F5453043020800,3,EA,224,SEAL
PO-25-6019,Aeroparts AOG DWC LLC,Airbus,3/26/2025,3/26/2025,F5453043020700,3,EA,592,SEAL
PO-25-6019,Aeroparts AOG DWC LLC,Airbus,3/26/2025,3/26/2025,F5453043020900,3,EA,224,SEAL
PO-25-6019,Aeroparts AOG DWC LLC,Airbus,3/26/2025,3/26/2025,F5453043021500,3,EA,235,SEAL
PO-25-6019,Aeroparts AOG DWC LLC,Airbus,3/26/2025,3/26/2025,F5453043021600,1,EA,348,SEAL
PO-25-6019,Aeroparts AOG DWC LLC,Airbus,3/26/2025,3/26/2025,F5453043020400,1,EA,224,SEAL
PO-25-6019,Aeroparts AOG DWC LLC,Airbus,3/26/2025,3/26/2025,F5453043020500,1,EA,502,SEAL
PO-25-6019,Aeroparts AOG DWC LLC,Airbus,3/26/2025,3/26/2025,F5453044020000,1,EA,140,SEAL
PO-25-6019,Aeroparts AOG DWC LLC,Airbus,3/26/2025,3/26/2025,F5453048820000,1,EA,100,SEAL
PO-25-6019,Aeroparts AOG DWC LLC,Airbus,3/26/2025,3/26/2025,F5237149120600,1,EA,161,FLAG
PO-25-6019,Aeroparts AOG DWC LLC,Airbus,3/26/2025,3/26/2025,F5757467720000,2,EA,53.3,SPACER
PO-25-6019,Aeroparts AOG DWC LLC,Airbus,3/26/2025,3/26/2025,F5453044320000,1,EA,148,SEAL
PO-25-6020,Aeroparts AOG DWC LLC,BOEING FLEET,3/26/2025,3/26/2025,CDSP6200-5,2,EA,1684,PEEPHOLE ASSY
PO-25-6023,Aeroparts AOG DWC LLC,PROPONENT,3/27/2025,3/27/2025,NSA5110-3-1,50,EA,1.88,NUT
PO-25-6023,Aeroparts AOG DWC LLC,PROPONENT,3/27/2025,3/27/2025,NSA5076-6,50,EA,3.43,COLLAR
PO-25-6023,Aeroparts AOG DWC LLC,PROPONENT,3/27/2025,3/27/2025,NAS617-6,100,EA,0.45,O-RING
PO-25-6023,Aeroparts AOG DWC LLC,PROPONENT,3/27/2025,3/27/2025,NAS1612-5,50,EA,1.07,PACKING
PO-25-6023,Aeroparts AOG DWC LLC,PROPONENT,3/27/2025,3/27/2025,NAS1612-4,50,EA,0.96,O-RING
PO-25-6023,Aeroparts AOG DWC LLC,PROPONENT,3/27/2025,3/27/2025,NAS1612-16A,50,EA,1.18,PACKING
PO-25-6023,Aeroparts AOG DWC LLC,PROPONENT,3/27/2025,3/27/2025,NAS1611-241,50,EA,2.3,PACKING
PO-25-6023,Aeroparts AOG DWC LLC,PROPONENT,3/27/2025,3/27/2025,NAS1611-209,100,EA,1.62,PACKING
PO-25-6023,Aeroparts AOG DWC LLC,PROPONENT,3/27/2025,3/27/2025,NAS1611-122,100,EA,1.2,O-RING
PO-25-6023,Aeroparts AOG DWC LLC,PROPONENT,3/27/2025,3/27/2025,NAS1611-115,100,EA,0.92,Packing
PO-25-6023,Aeroparts AOG DWC LLC,PROPONENT,3/27/2025,3/27/2025,NAS1611-029,100,EA,1.48,O-RING
PO-25-6023,Aeroparts AOG DWC LLC,PROPONENT,3/27/2025,3/27/2025,NAS1611-016A,100,EA,0.65,O-RING
PO-25-6023,Aeroparts AOG DWC LLC,PROPONENT,3/27/2025,3/27/2025,NAS1611-008,100,EA,0.69,O-RING
PO-25-6023,Aeroparts AOG DWC LLC,PROPONENT,3/27/2025,3/27/2025,MS29561-259,50,EA,3.06,O-RING
PO-25-6023,Aeroparts AOG DWC LLC,PROPONENT,3/27/2025,3/27/2025,MS29561-145,50,EA,1.18,O-RING
PO-25-6023,Aeroparts AOG DWC LLC,PROPONENT,3/27/2025,3/27/2025,MS29561-009,100,EA,0.49,O-RING
PO-25-6023,Aeroparts AOG DWC LLC,PROPONENT,3/27/2025,3/27/2025,MS27196-32,32,EA,15.99,GASKET
PO-25-6024,Aeroparts AOG DWC LLC,GULF AIRCRAFT & ENGINEERING SERVICES,3/27/2025,3/27/2025,PROCESSING FEE,1,EA,50,PROCESSING FEE
PO-25-6024,Aeroparts AOG DWC LLC,GULF AIRCRAFT & ENGINEERING SERVICES,3/27/2025,3/27/2025,CUSTOMS PROCESSING FEE,1,EA,250,CUSTOMS PROCESSING FEE
PO-25-6024,Aeroparts AOG DWC LLC,GULF AIRCRAFT & ENGINEERING SERVICES,3/27/2025,3/27/2025,A5735003820200,12,EA,200,RING
PO-25-6024,Aeroparts AOG DWC LLC,GULF AIRCRAFT & ENGINEERING SERVICES,3/27/2025,3/27/2025,D5713019420400,8,EA,180,PACKING
PO-25-6024,Aeroparts AOG DWC LLC,GULF AIRCRAFT & ENGINEERING SERVICES,3/27/2025,3/27/2025,F5598003220000,10,EA,420,SEAL
PO-25-6025,Aeroparts AOG DWC LLC,WENCOR,3/27/2025,3/27/2025,NSA5355-4CA,50,EA,0.71,WASHER
PO-25-6025,Aeroparts AOG DWC LLC,WENCOR,3/27/2025,3/27/2025,NAS1726-3E,50,EA,1.3,"NUT, SELF-LOCK, SHEAR TYPE"
PO-25-6025,Aeroparts AOG DWC LLC,WENCOR,3/27/2025,3/27/2025,NAS1149D0332K,400,EA,0.28,WASHER
PO-25-6025,Aeroparts AOG DWC LLC,WENCOR,3/27/2025,3/27/2025,NAS1149C0463R,100,EA,0.15,WASHER
PO-25-6026,Aeroparts AOG DWC LLC,LGM AVIATION LTD,3/27/2025,3/27/2025,HAZMAT,1,EA,550,HAZMAT CHARGES
PO-25-6026,Aeroparts AOG DWC LLC,LGM AVIATION LTD,3/27/2025,3/27/2025,117042-04,7,EA,1000,OXY GENERATOR ASSY
PO-25-6027,Aeroparts AOG DWC LLC,ALLEN FREIGHT FZCO,3/28/2025,3/28/2025,AIR FREIGHT CHARGE ( COURIER ) ( SIN-DXB,1,EA,1160.2,Air Freight Charge ( Courier ) ( SIN-DXB )
PO-25-6028,Aeroparts AOG DWC LLC,ALLEN FREIGHT FZCO,3/28/2025,3/28/2025,AIR FREIGHT CHARGES ( TURKEY-DXB ),1,EA,4874.21,AIR FREIGHT CHARGES ( TURKEY-DXB )
PO-25-6029,Aeroparts AOG DWC LLC,ALLEN FREIGHT FZCO,3/28/2025,3/28/2025,AIR FREIGHT CHARGES ( UK-DXB ),1,EA,1077.04,.
PO-25-6030,Aeroparts AOG DWC LLC,ALLEN FREIGHT FZCO,3/28/2025,3/28/2025,AIR FREIGHT CHARGES ( SIN-DXB ),1,EA,1793.4,.
PO-25-6031,Aeroparts AOG DWC LLC,ALLEN FREIGHT FZCO,3/28/2025,3/28/2025,AIR FREIGHT CHARGES ( GERMANY-DXB ),1,EA,1577.99,.
PO-25-6032,Aeroparts AOG DWC LLC,ALLEN FREIGHT FZCO,3/28/2025,3/28/2025,AIR FREIGHT CHARGES ( USA-DXB ),1,EA,753.2,.
PO-25-6033,Aeroparts AOG DWC LLC,PROPONENT,3/28/2025,3/28/2025,S9413-227,20,EA,0,PACKING
PO-25-6033,Aeroparts AOG DWC LLC,PROPONENT,3/28/2025,3/28/2025,SP108G,50,EA,1.97,WASHER
PO-25-6033,Aeroparts AOG DWC LLC,PROPONENT,3/28/2025,3/28/2025,SP107L,25,EA,2.71,WASHER
PO-25-6033,Aeroparts AOG DWC LLC,PROPONENT,3/28/2025,3/28/2025,S9413-227,20,EA,3.61,PACKING
PO-25-6033,Aeroparts AOG DWC LLC,PROPONENT,3/28/2025,3/28/2025,S9413-214,25,EA,2.72,PACKING
PO-25-6033,Aeroparts AOG DWC LLC,PROPONENT,3/28/2025,3/28/2025,S9413-114,25,EA,2.69,SEAL
PO-25-6033,Aeroparts AOG DWC LLC,PROPONENT,3/28/2025,3/28/2025,430B100-3,16,EA,270,FILTER
PO-25-6033,Aeroparts AOG DWC LLC,PROPONENT,3/28/2025,3/28/2025,NSA835070-5C,25,EA,4.26,RING FOR FLARED TUBE
PO-25-6033,Aeroparts AOG DWC LLC,PROPONENT,3/28/2025,3/28/2025,NSA8205-114,50,EA,2.54,O-RING
PO-25-6033,Aeroparts AOG DWC LLC,PROPONENT,3/28/2025,3/28/2025,NSA8203-239,35,EA,16,O-RING
PO-25-6033,Aeroparts AOG DWC LLC,PROPONENT,3/28/2025,3/28/2025,NSA8203-238,25,EA,13.78,"O-RING, FLUOROSILICONE"
PO-25-6033,Aeroparts AOG DWC LLC,PROPONENT,3/28/2025,3/28/2025,NSA8203-219,30,EA,6.35,O-RING
PO-25-6033,Aeroparts AOG DWC LLC,PROPONENT,3/28/2025,3/28/2025,NSA8202-5,50,EA,2.47,O-RING
PO-25-6034,Aeroparts AOG DWC LLC,WENCOR,3/28/2025,3/28/2025,S4165,10,EA,4.43,SEAL
PO-25-6034,Aeroparts AOG DWC LLC,WENCOR,3/28/2025,3/28/2025,NSA935401-05,100,EA,0.45,TIE-CABLE
PO-25-6034,Aeroparts AOG DWC LLC,WENCOR,3/28/2025,3/28/2025,NSA8208-259,4,EA,15.23,O-RING
PO-25-6034,Aeroparts AOG DWC LLC,WENCOR,3/28/2025,3/28/2025,NSA8202-6,32,EA,2.96,O-RING
PO-25-6034,Aeroparts AOG DWC LLC,WENCOR,3/28/2025,3/28/2025,NSA8200-2,50,EA,4.8,PACKING
PO-25-6034,Aeroparts AOG DWC LLC,WENCOR,3/28/2025,3/28/2025,NSA5355-7CA,50,EA,2.15,WASHER
PO-25-6034,Aeroparts AOG DWC LLC,WENCOR,3/28/2025,3/28/2025,NSA5355-5CA,50,EA,1.3,WASHER
PO-25-6035,Aeroparts AOG DWC LLC,SAFARI AVIATION SERVICES FZE,3/28/2025,3/28/2025,NSBT-8N,2,EA,77.32,NEVER SEEZ PURE NICKEL ANTI SEIZE 8 OZ 227.2 G CAN
PO-25-6036,Aeroparts AOG DWC LLC,BOEING FLEET,4/1/2025,3/18/2025,BACB30LH3-3,100,EA,1.51,BOLT
PO-25-6036,Aeroparts AOG DWC LLC,BOEING FLEET,4/1/2025,3/18/2025,251A3122-16,3,EA,4540,UPPER COVER ASSY
PO-25-6036,Aeroparts AOG DWC LLC,BOEING FLEET,4/1/2025,3/18/2025,251A3122-15,3,EA,4540,UPPER COVER ASSY
PO-25-6037,Aeroparts AOG DWC LLC,BOEING FLEET,4/1/2025,3/18/2025,002A0002-500,186,EA,99,PSU PANEL
PO-25-6037,Aeroparts AOG DWC LLC,BOEING FLEET,4/1/2025,3/18/2025,002A0072-2,3,EA,3890,TOP KIT
PO-25-6037,Aeroparts AOG DWC LLC,BOEING FLEET,4/1/2025,3/18/2025,002A0072-1,3,EA,3890,TOP KIT
PO-25-6038,Aeroparts AOG DWC LLC,WENCOR,4/1/2025,4/1/2025,ABS0901R040,21,EA,7.84,CLAMP
PO-25-6039,Aeroparts AOG DWC LLC,PDQ AIRSPARES,4/2/2025,4/2/2025,R0SIML0C2600LW,6,EA,125,WASHER
PO-25-6039,Aeroparts AOG DWC LLC,PDQ AIRSPARES,4/2/2025,4/2/2025,SIMASNA2056-02,4,EA,75,NUT
PO-25-6039,Aeroparts AOG DWC LLC,PDQ AIRSPARES,4/2/2025,4/2/2025,K8831,100,EA,1.75,WASHER
PO-25-6039,Aeroparts AOG DWC LLC,PDQ AIRSPARES,4/2/2025,4/2/2025,MICROBMONITOR 2,20,KT,65,"TEST KIT - MICROBIAL, FUEL"
PO-25-6040,Aeroparts AOG DWC LLC,BOEING FLEET,4/2/2025,4/2/2025,BACB28AK08-452,2,EA,284.95,BUSHING
PO-25-6041,Aeroparts AOG DWC LLC,WENCOR,4/2/2025,4/2/2025,ABS0341-2-01,40,EA,0,RETAINER
PO-25-6041,Aeroparts AOG DWC LLC,WENCOR,4/2/2025,4/2/2025,DAN169E3-12,60,EA,0,SCREW
PO-25-6041,Aeroparts AOG DWC LLC,WENCOR,4/2/2025,4/2/2025,32595-1,8,EA,57.11,WASHER
PO-25-6041,Aeroparts AOG DWC LLC,WENCOR,4/2/2025,4/2/2025,20021-306,4,EA,191.17,SCREW
PO-25-6041,Aeroparts AOG DWC LLC,WENCOR,4/2/2025,4/2/2025,20021-304,4,EA,339.79,SCREW
PO-25-6041,Aeroparts AOG DWC LLC,WENCOR,4/2/2025,4/2/2025,32594-1,16,EA,48.21,CAP
PO-25-6041,Aeroparts AOG DWC LLC,WENCOR,4/2/2025,4/2/2025,ABS5800D096B,4,EA,130.1,SEAL
PO-25-6041,Aeroparts AOG DWC LLC,WENCOR,4/2/2025,4/2/2025,ABS0341-2-01,40,EA,19.25,RETAINER
PO-25-6041,Aeroparts AOG DWC LLC,WENCOR,4/2/2025,4/2/2025,AS3582-140,25,EA,2.68,PACKING
PO-25-6041,Aeroparts AOG DWC LLC,WENCOR,4/2/2025,4/2/2025,NAS1102E3-16,30,EA,1.23,SCREW
PO-25-6041,Aeroparts AOG DWC LLC,WENCOR,4/2/2025,4/2/2025,DAN169E3-12,60,EA,2.75,SCREW
PO-25-6041,Aeroparts AOG DWC LLC,WENCOR,4/2/2025,4/2/2025,NAS1612-6,50,EA,1.84,"PACKING,PREFMD"
PO-25-6041,Aeroparts AOG DWC LLC,WENCOR,4/2/2025,4/2/2025,MS21075-3N,50,EA,1.75,NUT
PO-25-6042,Aeroparts AOG DWC LLC,LIFE LINK GENERAL TRANSPORT (L.L.C),4/3/2025,4/3/2025,"LOADING UNLOADING 
CUSTOMS CIRCUIT""",1,EA,171.2,.
PO-25-6043,Aeroparts AOG DWC LLC,OEM SERVICES,4/3/2025,4/3/2025,222CE06L15Y12,1,EA,34900,"SSPC-SOLID STATE POWER CONTROLLER,PC"
PO-25-6044,Aeroparts AOG DWC LLC,PDQ AIRSPARES,4/3/2025,4/3/2025,NAS1101-3H8,82,EA,2.5,BOLT
PO-25-6045,Aeroparts AOG DWC LLC,WENCOR,4/4/2025,4/4/2025,ABS0692-01,100,EA,0,WASHER
PO-25-6045,Aeroparts AOG DWC LLC,WENCOR,4/4/2025,4/4/2025,ABS0692-01,100,EA,0.43,WASHER
PO-25-6045,Aeroparts AOG DWC LLC,WENCOR,4/4/2025,4/4/2025,A2527576120400,10,EA,152.49,HANDLE SECTION
PO-25-6045,Aeroparts AOG DWC LLC,WENCOR,4/4/2025,4/4/2025,NAS1102-06-4,50,EA,0.26,SCREW
PO-25-6045,Aeroparts AOG DWC LLC,WENCOR,4/4/2025,4/4/2025,72879-1,2,EA,450.12,MOUNTING BLOCKS
PO-25-6046,Aeroparts AOG DWC LLC,PROPONENT,4/4/2025,4/4/2025,AN960C416,500,EA,0.1,WASHER-FLAT
PO-25-6046,Aeroparts AOG DWC LLC,PROPONENT,4/4/2025,4/4/2025,E0090-10-125,50,EA,1.99,BONDING JUMPER
PO-25-6046,Aeroparts AOG DWC LLC,PROPONENT,4/4/2025,4/4/2025,E0090-10-380,30,EA,1.33,BONDING JUMPER
PO-25-6046,Aeroparts AOG DWC LLC,PROPONENT,4/4/2025,4/4/2025,E0088-10-160,50,EA,1.83,BONDING JUMPER
PO-25-6046,Aeroparts AOG DWC LLC,PROPONENT,4/4/2025,4/4/2025,EN3155-016M2018,50,EA,2.09,CONTACT
PO-25-6046,Aeroparts AOG DWC LLC,PROPONENT,4/4/2025,4/4/2025,DAN313-01A,100,EA,2.58,CLIP SPRING
PO-25-6046,Aeroparts AOG DWC LLC,PROPONENT,4/4/2025,4/4/2025,ABS0718-07,100,EA,1.93,STUD
PO-25-6046,Aeroparts AOG DWC LLC,PROPONENT,4/4/2025,4/4/2025,ABS0718A06,50,EA,2.45,STUD
PO-25-6046,Aeroparts AOG DWC LLC,PROPONENT,4/4/2025,4/4/2025,ABS0718A05,100,EA,1.68,STUD
PO-25-6046,Aeroparts AOG DWC LLC,PROPONENT,4/4/2025,4/4/2025,ABS0718A03,100,EA,1.87,STUD
PO-25-6046,Aeroparts AOG DWC LLC,PROPONENT,4/4/2025,4/4/2025,NAS1102-08-5,350,EA,0.12,SCREW
PO-25-6046,Aeroparts AOG DWC LLC,PROPONENT,4/4/2025,4/4/2025,NAS1193E4-2,10,EA,8.47,LOCKING
PO-25-6046,Aeroparts AOG DWC LLC,PROPONENT,4/4/2025,4/4/2025,NAS1193E4-1,10,EA,6.94,LOCKING
PO-25-6046,Aeroparts AOG DWC LLC,PROPONENT,4/4/2025,4/4/2025,SB3-002-010-02,5,EA,43.66,LOWER SHROUD
PO-25-6046,Aeroparts AOG DWC LLC,PROPONENT,4/4/2025,4/4/2025,SB3-002-010-01,5,EA,209.29,SHROUD
PO-25-6046,Aeroparts AOG DWC LLC,PROPONENT,4/4/2025,4/4/2025,NSA934120-01,10,EA,23.91,MODULE
PO-25-6046,Aeroparts AOG DWC LLC,PROPONENT,4/4/2025,4/4/2025,AS3582-240,10,EA,3.6,O-RING
PO-25-6046,Aeroparts AOG DWC LLC,PROPONENT,4/4/2025,4/4/2025,AS3582-043,10,EA,5.48,O-RING
PO-25-6046,Aeroparts AOG DWC LLC,PROPONENT,4/4/2025,4/4/2025,SP127E,100,EA,1.02,WASHER FLAT
PO-25-6046,Aeroparts AOG DWC LLC,PROPONENT,4/4/2025,4/4/2025,NAS1102E3-32,50,EA,1.38,SCREW
PO-25-6046,Aeroparts AOG DWC LLC,PROPONENT,4/4/2025,4/4/2025,ABS0638B14,2,EA,129.31,BACKSHELL
PO-25-6047,Aeroparts AOG DWC LLC,MSN429,4/4/2025,4/4/2025,MSN429,1,EA,0,MSN429
PO-25-6048,Aeroparts AOG DWC LLC,PROPONENT,4/4/2025,4/4/2025,S4563-9,4,EA,647.06,FILTER
PO-25-6048,Aeroparts AOG DWC LLC,PROPONENT,4/4/2025,4/4/2025,S602-4-2X1-9,25,EA,1.94,PACKING
PO-25-6049,Aeroparts AOG DWC LLC,Thameside Aero Spares Ltd,4/4/2025,4/4/2025,F3221012820600,4,EA,350,WASHER
PO-25-6049,Aeroparts AOG DWC LLC,Thameside Aero Spares Ltd,4/4/2025,4/4/2025,F3221012820400,4,EA,425,WASHER
PO-25-6049,Aeroparts AOG DWC LLC,Thameside Aero Spares Ltd,4/4/2025,4/4/2025,F3221012820200,4,EA,385,WASHER
PO-25-6049,Aeroparts AOG DWC LLC,Thameside Aero Spares Ltd,4/4/2025,4/4/2025,F3221012820000,4,EA,125,WASHER
PO-25-6049,Aeroparts AOG DWC LLC,Thameside Aero Spares Ltd,4/4/2025,4/4/2025,68-1363,16,EA,110,Packing
PO-25-6050,Aeroparts AOG DWC LLC,BOEING DISTRIBUTION SERVICES,4/7/2025,4/7/2025,ASNA0243A08030,8,EA,48.24,CORD
PO-25-6051,Aeroparts AOG DWC LLC,UNICAL AVIATION,4/7/2025,4/7/2025,170-274,70,EA,5,INSERT
PO-25-6051,Aeroparts AOG DWC LLC,UNICAL AVIATION,4/7/2025,4/7/2025,RR185,10,EA,5,RETAINER
PO-25-6052,Aeroparts AOG DWC LLC,GULF AIRCRAFT & ENGINEERING SERVICES,4/7/2025,4/7/2025,F5518252320100,1,EA,700,RING-SEALING
PO-25-6052,Aeroparts AOG DWC LLC,GULF AIRCRAFT & ENGINEERING SERVICES,4/7/2025,4/7/2025,F5518252320000,1,EA,680,RING-SEALING
PO-25-6052,Aeroparts AOG DWC LLC,GULF AIRCRAFT & ENGINEERING SERVICES,4/7/2025,4/7/2025,F5518181220000,2,EA,420,RING-SEALING
PO-25-6052,Aeroparts AOG DWC LLC,GULF AIRCRAFT & ENGINEERING SERVICES,4/7/2025,4/7/2025,F5518181120000,2,EA,420,RING-SEALING
PO-25-6052,Aeroparts AOG DWC LLC,GULF AIRCRAFT & ENGINEERING SERVICES,4/7/2025,4/7/2025,F5518181020000,2,EA,420,RING-SEALING
PO-25-6052,Aeroparts AOG DWC LLC,GULF AIRCRAFT & ENGINEERING SERVICES,4/7/2025,4/7/2025,F5518180920000,2,EA,420,RING-SEALING
PO-25-6053,Aeroparts AOG DWC LLC,BOEING FLEET,4/7/2025,4/7/2025,113A8700-1,2,EA,5902,ROD ASSY 
PO-25-6054,Aeroparts AOG DWC LLC,Aerospace Reliance,4/7/2025,4/7/2025,DAPCO-2200,10,KT,160,PRIMELESS FIREWALL SEALANT 
PO-25-6055,Aeroparts AOG DWC LLC,NewGen Aerospace,4/8/2025,4/8/2025,341D8010-501,1,EA,32500,OIL COOLER
PO-25-6056,Aeroparts AOG DWC LLC,WENCOR,4/9/2025,4/9/2025,NSA5474-5K7,60,EA,0.84,NUT
PO-25-6057,Aeroparts AOG DWC LLC,AERFIN,4/9/2025,4/9/2025,755CA02F,1,EA,2000,CONTACTOR
PO-25-6058,Aeroparts AOG DWC LLC,DSC TRADING LLC,4/9/2025,4/9/2025,504529-408,1,EA,695,STRAP
PO-25-6059,Aeroparts AOG DWC LLC,SKYLINE AERO,4/9/2025,4/9/2025,979786-5,1,EA,47500,SHUTOFF VALVE
PO-25-6061,Aeroparts AOG DWC LLC,BOEING FLEET,4/9/2025,4/9/2025,144A9451Y4,9,EA,589,ISOLATOR
PO-25-6061,Aeroparts AOG DWC LLC,BOEING FLEET,4/9/2025,4/9/2025,22616-1,1,EA,5793,SOLENOID
PO-25-6061,Aeroparts AOG DWC LLC,BOEING FLEET,4/9/2025,4/9/2025,196299-001,1,EA,2517,SOLENOID
PO-25-6062,Aeroparts AOG DWC LLC,AERORENIX TECHNIC AVIATION LTD.,4/10/2025,3/26/2025,969A0000-02,2,EA,4500,CONDENSER
PO-25-6063,Aeroparts AOG DWC LLC,UNICAL AVIATION,4/10/2025,4/10/2025,C61558,1,EA,250,CUP
PO-25-6064,Aeroparts AOG DWC LLC,Airbus,4/10/2025,4/10/2025,TRANSFER PACKAGE,1,EA,3055,TRANSFER PACKAGE
PO-25-6065,Aeroparts AOG DWC LLC,BOEING FLEET,4/10/2025,4/10/2025,69-73730-4,25,EA,30.49,WASHER
PO-25-6066,Aeroparts AOG DWC LLC,JORAMCO,4/10/2025,4/10/2025,F5725408900200,20,EA,450,GASKET
PO-25-6067,Aeroparts AOG DWC LLC,Temco Limited,4/10/2025,4/10/2025,FW52833,1,EA,11250,ANNULUS FILLER
PO-25-6068,Aeroparts AOG DWC LLC,BOEING FLEET,4/11/2025,4/11/2025,B0E2013-0570,1,EA,581,HOSE
PO-25-6069,Aeroparts AOG DWC LLC,BOEING FLEET,4/11/2025,4/11/2025,B0E2013-0570,1,EA,581,HOSE
PO-25-6070,Aeroparts AOG DWC LLC,G SQUARED AVIATION LIMITED,4/11/2025,4/11/2025,INTL WIRE FEE,1,EA,40,INTERNATIONAL WIRE FEE
PO-25-6070,Aeroparts AOG DWC LLC,G SQUARED AVIATION LIMITED,4/11/2025,4/11/2025,HAZMAT,1,EA,160,HAZMAT CHARGES
PO-25-6070,Aeroparts AOG DWC LLC,G SQUARED AVIATION LIMITED,4/11/2025,4/11/2025,BA24320A-1,2,EA,1235,LAVATORY FIRE EXTINGUISHER
PO-25-6071,Aeroparts AOG DWC LLC,Pacific Air Industries,4/11/2025,4/11/2025,848032-09,50,EA,2.59,CIRCLIP
PO-25-6073,Aeroparts AOG DWC LLC,"GA TELESIS, LLC",4/11/2025,4/11/2025,F5247321920000,4,EA,50,CLAMP
PO-25-6075,Aeroparts AOG DWC LLC,PROPONENT,4/11/2025,4/11/2025,E0091-41-160NN,25,EA,4.42,BONDING JUMPER
PO-25-6076,Aeroparts AOG DWC LLC,BOEING FLEET,4/14/2025,4/11/2025,654A0004-622,1,EA,5960,BEAM ASSY
PO-25-6077,Aeroparts AOG DWC LLC,BOEING FLEET,4/14/2025,4/14/2025,212A1214-12,3,EA,1571,BRACKET ASSY
PO-25-6077,Aeroparts AOG DWC LLC,BOEING FLEET,4/14/2025,4/14/2025,212A1214-11,3,EA,2185,BRACKET ASSY
PO-25-6077,Aeroparts AOG DWC LLC,BOEING FLEET,4/14/2025,4/14/2025,212A1214-9,3,EA,1491,BRACKET ASSY
PO-25-6078,Aeroparts AOG DWC LLC,BOEING FLEET,4/14/2025,4/14/2025,212A1125-19,2,EA,400,ROD AY
PO-25-6079,Aeroparts AOG DWC LLC,Component Control,4/15/2025,4/15/2025,FP4B0BDBB1,1,EA,33907,.
PO-25-6080,Aeroparts AOG DWC LLC,Component Control,4/15/2025,4/15/2025,INVOICE#: FP44FC6E8F,1,EA,11000,.
PO-25-6081,Aeroparts AOG DWC LLC,Component Control,4/15/2025,4/15/2025,INVOICE#: FP32318B0C,1,EA,7000,.
PO-25-6082,Aeroparts AOG DWC LLC,Component Control,4/15/2025,4/15/2025,"FOR INVOICE 63659,",1,EA,4550,.
PO-25-6083,Aeroparts AOG DWC LLC,BOEING FLEET,4/16/2025,4/16/2025,146A8127U1,1,EA,0,SHIELD
PO-25-6083,Aeroparts AOG DWC LLC,BOEING FLEET,4/16/2025,4/16/2025,411A4917-2011,1,EA,0,BLANKET
PO-25-6084,Aeroparts AOG DWC LLC,FIRST CLASS AIR REPAIR,4/16/2025,4/16/2025,NE102666-0934AS,1,EA,400,CLAMP
PO-25-6085,Aeroparts AOG DWC LLC,NORDAIR USA INC,4/16/2025,4/16/2025,91E204-51,1,EA,10328.57,TORSION BAR
PO-25-6085,Aeroparts AOG DWC LLC,NORDAIR USA INC,4/16/2025,4/16/2025,91E075-00,1,EA,1950,BUSHING  
PO-25-6085,Aeroparts AOG DWC LLC,NORDAIR USA INC,4/16/2025,4/16/2025,91E062-01,11,EA,1050,ROLLER
PO-25-6085,Aeroparts AOG DWC LLC,NORDAIR USA INC,4/16/2025,4/16/2025,91E164-01,8,EA,1250,SPACER
PO-25-6085,Aeroparts AOG DWC LLC,NORDAIR USA INC,4/16/2025,4/16/2025,91E913-01,1,EA,1550,ROLLER BEARING
PO-25-6086,Aeroparts AOG DWC LLC,BOEING FLEET,4/18/2025,4/18/2025,82000-48302,4,EA,5659,HOUSING ASSY
PO-25-6087,Aeroparts AOG DWC LLC,BOEING FLEET,4/19/2025,4/19/2025,115A6251-1,4,EA,865,BUSHING
PO-25-6088,Aeroparts AOG DWC LLC,ALLEN FREIGHT FZCO,4/21/2025,4/21/2025,DXBAI7615 AIR FREIGHT CHARGE,1,EA,4440.42,.
PO-25-6089,Aeroparts AOG DWC LLC,ALLEN FREIGHT FZCO,4/21/2025,4/21/2025,DXBAI7666 AIR FREIGHT CHARGE,1,EA,9993.72,.
PO-25-6090,Aeroparts AOG DWC LLC,ALLEN FREIGHT FZCO,4/21/2025,4/21/2025,DXBAI7551 AIR FREIGHT CHARGES ( USA-DXB,1,EA,2771.77,.
PO-25-6091,Aeroparts AOG DWC LLC,ALLEN FREIGHT FZCO,4/21/2025,4/21/2025,DXBAI7471 AIR FREIGHT CHARGES ( UK-DXB ),1,EA,3963.52,.
PO-25-6093,Aeroparts AOG DWC LLC,SKYSPARES LTD,4/21/2025,4/21/2025,HAZMAT,1,EA,150,HAZMAT CHARGES
PO-25-6093,Aeroparts AOG DWC LLC,SKYSPARES LTD,4/21/2025,4/21/2025,E71740-00,1,EA,725,OXYGEN GENERATOR
PO-25-6094,Aeroparts AOG DWC LLC,Airbus,4/21/2025,4/21/2025,ABS0902-100,5,EA,7.96,CLAMP
PO-25-6094,Aeroparts AOG DWC LLC,Airbus,4/21/2025,4/21/2025,F5247321920000,4,EA,36.2,CLAMP
PO-25-6094,Aeroparts AOG DWC LLC,Airbus,4/21/2025,4/21/2025,E0039R14T15SNF,6,EA,58.41,CONNECTOR
PO-25-6094,Aeroparts AOG DWC LLC,Airbus,4/21/2025,4/21/2025,E0052N8B3ASWF,15,EA,11.03,CONNECTOR
PO-25-6094,Aeroparts AOG DWC LLC,Airbus,4/21/2025,4/21/2025,D61500-74,1,EA,407,CONNECTOR
PO-25-6095,Aeroparts AOG DWC LLC,BOEING FLEET,4/21/2025,4/21/2025,PGA0116W,1,EA,2141,STANDBY MAGNETIC COMPASS
PO-25-6096,Aeroparts AOG DWC LLC,Airbus,4/21/2025,4/21/2025,F5755004320000,1,EA,226,SEAL
PO-25-6096,Aeroparts AOG DWC LLC,Airbus,4/21/2025,4/21/2025,G5777103021400,2,EA,384,SEAL
PO-25-6096,Aeroparts AOG DWC LLC,Airbus,4/21/2025,4/21/2025,G5777103021600,2,EA,246,SEAL
PO-25-6096,Aeroparts AOG DWC LLC,Airbus,4/21/2025,4/21/2025,MS20392-3C21,90,EA,1.62,PIN
PO-25-6096,Aeroparts AOG DWC LLC,Airbus,4/21/2025,4/21/2025,MS21075L3N,100,EA,0.36,NUT-PLATE
PO-25-6097,Aeroparts AOG DWC LLC,BOEING FLEET,4/22/2025,4/29/2025,115A2752-18,1,EA,1891.79,RETAINER
PO-25-6097,Aeroparts AOG DWC LLC,BOEING FLEET,4/22/2025,4/29/2025,115A2752-5,1,EA,3539,RETAINER
PO-25-6098,Aeroparts AOG DWC LLC,AERO TECHNIC ME FZCO,4/22/2025,4/22/2025,E72220-10,5,EA,1373.13,GENERATOR 
PO-25-6100,Aeroparts AOG DWC LLC,"GA TELESIS, LLC",4/22/2025,4/22/2025,C24960000-1,2,EA,4000,VALVE
PO-25-6101,Aeroparts AOG DWC LLC,AERFIN,4/22/2025,4/22/2025,705CA01,1,EA,1600,CONTACTOR-THREE POLE
PO-25-6102,Aeroparts AOG DWC LLC,BOEING FLEET,4/22/2025,4/22/2025,M81714/3-DB1,10,EA,100,TERMINAL
PO-25-6103,Aeroparts AOG DWC LLC,AERC-PO-ap Materials,4/23/2025,4/23/2025,CFM56-5A,14,EA,217142,CFM56-5A
PO-25-6103,Aeroparts AOG DWC LLC,AERC-PO-ap Materials,4/23/2025,4/23/2025,A319,6,EA,495002,AIRBUS A319
PO-25-6103,Aeroparts AOG DWC LLC,AERC-PO-ap Materials,4/23/2025,4/23/2025,A320,2,EA,495000,AIRBUS A320
PO-25-6104,Aeroparts AOG DWC LLC,ALARIS AEROSPACE LLC,4/23/2025,4/23/2025,980B0000-02,1,EA,4800,VALVE-CHECK DOWNSTREAM
PO-25-6105,Aeroparts AOG DWC LLC,VIRGIN AUSTRALIA,4/23/2025,4/23/2025,FREIGHT,1,EA,30000,Freight
PO-25-6105,Aeroparts AOG DWC LLC,VIRGIN AUSTRALIA,4/23/2025,4/23/2025,V2500-A1,2,EA,500000,V2500-A1 ENGINE ASSY
PO-25-6105,Aeroparts AOG DWC LLC,VIRGIN AUSTRALIA,4/23/2025,4/23/2025,A320,1,EA,350000,AIRBUS A320
PO-25-6105,Aeroparts AOG DWC LLC,VIRGIN AUSTRALIA,4/23/2025,4/23/2025,V2500-A1,2,EA,175000,V2500-A1 ENGINE ASSY
PO-25-6106,Aeroparts AOG DWC LLC,AERO TECHNIC ME FZCO,4/23/2025,4/23/2025,E72240-09,18,EA,1937.22,OXYGEN GENERATOR
PO-25-6106,Aeroparts AOG DWC LLC,AERO TECHNIC ME FZCO,4/23/2025,4/23/2025,HAZMAT FEES,1,EA,350,HAZMAT
PO-25-6107,Aeroparts AOG DWC LLC,JALARAM,6/5/2022,6/5/2022,BSI,6,EA,2000,BORESCOPE INSPECTION
PO-25-6107,Aeroparts AOG DWC LLC,JALARAM,6/5/2022,6/5/2022,V2500-A1,26,EA,74230,V2500-A1 ENGINE ASSY
PO-25-6108,Aeroparts AOG DWC LLC,BOEING FLEET,4/23/2025,4/23/2025,65C33095-5,18,EA,335,GASKET
PO-25-6109,Aeroparts AOG DWC LLC,AEROTRON,4/24/2025,4/24/2025,C24966000,1,EA,5000,VALVE
PO-25-6110,Aeroparts AOG DWC LLC,DASI LLC,4/25/2025,4/25/2025,9EL406445-40,1,EA,932,LENS
PO-25-6110,Aeroparts AOG DWC LLC,DASI LLC,4/25/2025,4/25/2025,ABS0083-06,500,EA,1.1,NUT
PO-25-6111,Aeroparts AOG DWC LLC,Airbus,4/25/2025,4/25/2025,NSA935401-04,900,EA,0.03,STRAP
PO-25-6111,Aeroparts AOG DWC LLC,Airbus,4/25/2025,4/25/2025,NSA935401-08,1000,EA,0.09,TIE CABLE
PO-25-6111,Aeroparts AOG DWC LLC,Airbus,4/25/2025,4/25/2025,NSA937901E4,100,EA,0.41,MODULE
PO-25-6111,Aeroparts AOG DWC LLC,Airbus,4/25/2025,4/25/2025,EN6114V3-3,60,EA,0.74,BOLT
PO-25-6111,Aeroparts AOG DWC LLC,Airbus,4/25/2025,4/25/2025,ABS0260V10-9-2,6,EA,18.56,PIN
PO-25-6111,Aeroparts AOG DWC LLC,Airbus,4/25/2025,4/25/2025,NAS1102E3-12,240,EA,0.2,SCREW
PO-25-6111,Aeroparts AOG DWC LLC,Airbus,4/25/2025,4/25/2025,NAS1473A3,60,EA,2.29,NUT
PO-25-6111,Aeroparts AOG DWC LLC,Airbus,4/25/2025,4/25/2025,NAS1102-06-7,150,EA,0.42,SCREW
PO-25-6111,Aeroparts AOG DWC LLC,Airbus,4/25/2025,4/25/2025,F5331435020000,60,EA,46.3,WASHER
PO-25-6111,Aeroparts AOG DWC LLC,Airbus,4/25/2025,4/25/2025,ASNA2001T3-17,255,EA,2.91,SCREW
PO-25-6111,Aeroparts AOG DWC LLC,Airbus,4/25/2025,4/25/2025,F5331560520000,70,EA,8.9,WASHER
PO-25-6111,Aeroparts AOG DWC LLC,Airbus,4/25/2025,4/25/2025,NAS1791A4-2,50,EA,1.19,NUT
PO-25-6111,Aeroparts AOG DWC LLC,Airbus,4/25/2025,4/25/2025,F0003006500100,1,EA,4550,SLEEVE
PO-25-6111,Aeroparts AOG DWC LLC,Airbus,4/25/2025,4/25/2025,F5518252320100,1,EA,317,RING-SEALING
PO-25-6111,Aeroparts AOG DWC LLC,Airbus,4/25/2025,4/25/2025,F5518252320000,1,EA,317,RING-SEALING
PO-25-6111,Aeroparts AOG DWC LLC,Airbus,4/25/2025,4/25/2025,F5518243020000,10,EA,57.6,JOINT
PO-25-6111,Aeroparts AOG DWC LLC,Airbus,4/25/2025,4/25/2025,F5518249420000,3,EA,258,GASKET-VENT
PO-25-6111,Aeroparts AOG DWC LLC,Airbus,4/25/2025,4/25/2025,F5755086420000,1,EA,318,SEAL
PO-25-6111,Aeroparts AOG DWC LLC,Airbus,4/25/2025,4/25/2025,E0666D28A0,2,EA,157.26,RELAY FIN
PO-25-6112,Aeroparts AOG DWC LLC,AMP AERO SERVICES,4/28/2025,4/28/2025,MF10-05-11,3,EA,2800,OXYGEN MASK
PO-25-6114,Aeroparts AOG DWC LLC,"GA TELESIS, LLC",4/29/2025,4/29/2025,A2577285000200,2,EA,1600,GUIDE
PO-25-6115,Aeroparts AOG DWC LLC,PROPONENT,4/29/2025,4/29/2025,NSA8203-242,20,EA,7.27,O RING
PO-25-6116,Aeroparts AOG DWC LLC,VORTEX AVIATION IRELAND LTD,7/11/2018,7/11/2018,FREIGHT,1,EA,49797.35,Freight
PO-25-6116,Aeroparts AOG DWC LLC,VORTEX AVIATION IRELAND LTD,7/11/2018,7/11/2018,FREIGHT,1,EA,3800,Freight
PO-25-6116,Aeroparts AOG DWC LLC,VORTEX AVIATION IRELAND LTD,7/11/2018,7/11/2018,CFM56-5A,1,EA,110560,CFM56-5A
PO-25-6117,Aeroparts AOG DWC LLC,LOCKHEED MARTIN CANADA INC.,4/25/2019,4/25/2019,TRANSPORTATION,1,EA,22374,TRANSPORTATION
PO-25-6117,Aeroparts AOG DWC LLC,LOCKHEED MARTIN CANADA INC.,4/25/2019,4/25/2019,EXPENDABLES,1,EA,558,EXPENDABLES
PO-25-6117,Aeroparts AOG DWC LLC,LOCKHEED MARTIN CANADA INC.,4/25/2019,4/25/2019,INSURANCE POLICY,1,EA,1852.42,INSURANCE
PO-25-6117,Aeroparts AOG DWC LLC,LOCKHEED MARTIN CANADA INC.,4/25/2019,4/25/2019,FREIGHT,1,EA,34197.69,Freight
PO-25-6117,Aeroparts AOG DWC LLC,LOCKHEED MARTIN CANADA INC.,4/25/2019,4/25/2019,FREIGHT,1,EA,34197.69,Freight
PO-25-6117,Aeroparts AOG DWC LLC,LOCKHEED MARTIN CANADA INC.,4/25/2019,4/25/2019,CFM56-5A,1,EA,399861.5,CFM56-5A
PO-25-6118,Aeroparts AOG DWC LLC,EUROPAVIA,4/30/2025,4/30/2025,E0718-02,10,EA,10,TUBING
PO-25-6119,Aeroparts AOG DWC LLC,GECAS,9/30/2021,9/30/2021,CFM56-5A,3,EA,300000,CFM56-5A
PO-25-6120,Aeroparts AOG DWC LLC,Airbus,4/30/2025,4/30/2025,F9237000704200,3,EA,30.1,PLACARD SET
PO-25-6120,Aeroparts AOG DWC LLC,Airbus,4/30/2025,4/30/2025,F9237000704000,3,EA,30.1,PLACARD SET
PO-25-6120,Aeroparts AOG DWC LLC,Airbus,4/30/2025,4/30/2025,F9237000703600,3,EA,30.6,PLACARD SET
PO-25-6120,Aeroparts AOG DWC LLC,Airbus,4/30/2025,4/30/2025,E0397FY2000,300,EA,0.09,CONTACT
PO-25-6120,Aeroparts AOG DWC LLC,Airbus,4/30/2025,4/30/2025,EN3155-018M1616,100,EA,0.45,PIN
PO-25-6120,Aeroparts AOG DWC LLC,Airbus,4/30/2025,4/30/2025,G9297006500800,3,EA,274,EQUIPMENT
PO-25-6120,Aeroparts AOG DWC LLC,Airbus,4/30/2025,4/30/2025,NSA939526-03C,10,EA,4.37,SHUNT
PO-25-6120,Aeroparts AOG DWC LLC,Airbus,4/30/2025,4/30/2025,NSA931320-030,3,EA,15.81,CIRCUIT BREAKER
PO-25-6120,Aeroparts AOG DWC LLC,Airbus,4/30/2025,4/30/2025,ABS0772A01A,30,EA,1,CLIP-LOCKING
PO-25-6120,Aeroparts AOG DWC LLC,Airbus,4/30/2025,4/30/2025,NAS1149CN616R,900,EA,0.03,WASHER
PO-25-6120,Aeroparts AOG DWC LLC,Airbus,4/30/2025,4/30/2025,NAS1100-06-10,300,EA,0.14,SCREW
PO-25-6121,Aeroparts AOG DWC LLC,Airbus,4/30/2025,4/30/2025,ABS0901R100,20,EA,3.82,CLAMP
PO-25-6121,Aeroparts AOG DWC LLC,Airbus,4/30/2025,4/30/2025,F0003056400000,1,EA,5220,HARNESS
PO-25-6121,Aeroparts AOG DWC LLC,Airbus,4/30/2025,4/30/2025,DAN169E3-10,300,EA,0.94,SCREW
PO-25-6121,Aeroparts AOG DWC LLC,Airbus,4/30/2025,4/30/2025,ASNA2128-06C10,12,EA,22.32,BUSHING SHOULDERED
PO-25-6121,Aeroparts AOG DWC LLC,Airbus,4/30/2025,4/30/2025,ABS0126-12-02,1,EA,210.07,BACKSHELL
PO-25-6121,Aeroparts AOG DWC LLC,Airbus,4/30/2025,4/30/2025,ABS1510E160NN,6,EA,6.03,BRAID
PO-25-6121,Aeroparts AOG DWC LLC,Airbus,4/30/2025,4/30/2025,EN3646RS6083ABW,10,EA,20.31,CONNECTOR
PO-25-6121,Aeroparts AOG DWC LLC,Airbus,4/30/2025,4/30/2025,8-372-05,4,EA,3210,Sensor
PO-25-6121,Aeroparts AOG DWC LLC,Airbus,4/30/2025,4/30/2025,A1111013820500,70,EA,21.2,PATCH
PO-25-6121,Aeroparts AOG DWC LLC,Airbus,4/30/2025,4/30/2025,F5518370031101,3,EA,574,RIB
PO-25-6122,Aeroparts AOG DWC LLC,JET INTERNATIONAL COMPANY,7/31/2021,7/31/2021,CFM56-5A,1,EA,899999,CFM56-5A
PO-25-6123,Aeroparts AOG DWC LLC,JJA AVIATION INC,5/1/2025,5/1/2025,LA2E90707HM0100,1,EA,2500,ECAM CONTROL PANEL
PO-25-6124,Aeroparts AOG DWC LLC,"GA TELESIS, LLC",5/1/2025,5/1/2025,HG2030AD10,1,EA,30000,ADIRU
PO-25-6126,Aeroparts AOG DWC LLC,WENCOR,5/1/2025,5/1/2025,NAS1149CN832R,6,EA,0.07,WASHER
PO-25-6126,Aeroparts AOG DWC LLC,WENCOR,5/1/2025,5/1/2025,NSA5067-3-1,6,EA,1.6,NUT
PO-25-6126,Aeroparts AOG DWC LLC,WENCOR,5/1/2025,5/1/2025,NAS1291C3M,54,EA,1.25,NUT
PO-25-6126,Aeroparts AOG DWC LLC,WENCOR,5/1/2025,5/1/2025,NSA5527-03-08,21,EA,0.5,SPACER
PO-25-6126,Aeroparts AOG DWC LLC,WENCOR,5/1/2025,5/1/2025,NAS1149C0332R,90,EA,0.29,WASHER
PO-25-6126,Aeroparts AOG DWC LLC,WENCOR,5/1/2025,5/1/2025,MS21042-04,30,EA,0.8,NUT
PO-25-6126,Aeroparts AOG DWC LLC,WENCOR,5/1/2025,5/1/2025,NAS1149CN432R,30,EA,0.09,WASHER
PO-25-6126,Aeroparts AOG DWC LLC,WENCOR,5/1/2025,5/1/2025,NAS6703-3,6,EA,1.37,BOLT
PO-25-6126,Aeroparts AOG DWC LLC,WENCOR,5/1/2025,5/1/2025,NAS1149D0332K,12,EA,0.28,WASHER
PO-25-6126,Aeroparts AOG DWC LLC,WENCOR,5/1/2025,5/1/2025,NSA5067-08-1,6,EA,1.37,NUT
PO-25-6126,Aeroparts AOG DWC LLC,WENCOR,5/1/2025,5/1/2025,NAS1149C0363R,3,EA,0.13,WASHER
PO-25-6126,Aeroparts AOG DWC LLC,WENCOR,5/1/2025,5/1/2025,MS21047L3,6,EA,0.75,NUT
PO-25-6127,Aeroparts AOG DWC LLC,PROPONENT,5/1/2025,5/1/2025,NAS1801-3-9,36,EA,5.06,SCREW
PO-25-6127,Aeroparts AOG DWC LLC,PROPONENT,5/1/2025,5/1/2025,NSA5066-3-1,50,EA,2.01,CLIP - NUT
PO-25-6127,Aeroparts AOG DWC LLC,PROPONENT,5/1/2025,5/1/2025,EN2997KE3C10,3,EA,22.74,CAP
PO-25-6127,Aeroparts AOG DWC LLC,PROPONENT,5/1/2025,5/1/2025,EN6081D5-06,500,EA,0.08,RIVET
PO-25-6128,Aeroparts AOG DWC LLC,BOEING DISTRIBUTION SERVICES,5/1/2025,5/1/2025,ABS0805-13M,18,EA,3.9,CLAMP
PO-25-6128,Aeroparts AOG DWC LLC,BOEING DISTRIBUTION SERVICES,5/1/2025,5/1/2025,NSA935401-03,625,EA,0.08,TIE
PO-25-6128,Aeroparts AOG DWC LLC,BOEING DISTRIBUTION SERVICES,5/1/2025,5/1/2025,AS21919WCH15,18,EA,3.04,CLAMP
PO-25-6128,Aeroparts AOG DWC LLC,BOEING DISTRIBUTION SERVICES,5/1/2025,5/1/2025,ABS0805-11,6,EA,8.35,CLAMP
PO-25-6128,Aeroparts AOG DWC LLC,BOEING DISTRIBUTION SERVICES,5/1/2025,5/1/2025,EN2997KE508,3,EA,195.77,CONNECTOR
PO-25-6128,Aeroparts AOG DWC LLC,BOEING DISTRIBUTION SERVICES,5/1/2025,5/1/2025,EN2997KE510,3,EA,143.42,CONNECTOR
PO-25-6129,Aeroparts AOG DWC LLC,SAFARI AVIATION SERVICES FZE,5/1/2025,5/1/2025,CUSTOMS PROCESSING FEE,1,EA,35.33,CUSTOMS PROCESSING FEE
PO-25-6129,Aeroparts AOG DWC LLC,SAFARI AVIATION SERVICES FZE,5/1/2025,5/1/2025,HEALTH,1,EA,42.8,CERTIFICATE
PO-25-6129,Aeroparts AOG DWC LLC,SAFARI AVIATION SERVICES FZE,5/1/2025,5/1/2025,VAT,1,EA,1073.89,VAT
PO-25-6129,Aeroparts AOG DWC LLC,SAFARI AVIATION SERVICES FZE,5/1/2025,5/1/2025,NYCOLUBE-11B,5,CAN,130.26,NYCOLUBE 11B 
PO-25-6129,Aeroparts AOG DWC LLC,SAFARI AVIATION SERVICES FZE,5/1/2025,5/1/2025,ROYCO481,50,EA,408.98,ROYCO 481 CORROSION PREVENTIVE COMPOUND
PO-25-6129,Aeroparts AOG DWC LLC,SAFARI AVIATION SERVICES FZE,5/1/2025,5/1/2025,M25988/1-911,20,EA,5.4,O-RING
PO-25-6129,Aeroparts AOG DWC LLC,SAFARI AVIATION SERVICES FZE,5/1/2025,5/1/2025,M25988-1-018,20,EA,5.19,PACKING
PO-25-6129,Aeroparts AOG DWC LLC,SAFARI AVIATION SERVICES FZE,5/1/2025,5/1/2025,M25988/1-906,20,EA,8.29,PACKING
PO-25-6130,Aeroparts AOG DWC LLC,DASI LLC,5/2/2025,5/2/2025,H3743-7,1,EA,5800,LATCH
PO-25-6131,Aeroparts AOG DWC LLC,MGT GROUP,5/2/2025,5/2/2025,LA2H60300HM0100,4,EA,12500,BTMU - BRAKE TEMPERATURE MONITORING UNIT
PO-25-6132,Aeroparts AOG DWC LLC,THE GILL CORPORATION,5/2/2025,5/2/2025,PACKAGING,1,EA,500,PACKAGING
PO-25-6132,Aeroparts AOG DWC LLC,THE GILL CORPORATION,5/2/2025,5/2/2025,STORAGE,1,EA,495,STORAGE
PO-25-6132,Aeroparts AOG DWC LLC,THE GILL CORPORATION,5/2/2025,5/2/2025,GILLFAB 4505,2,EA,4425,FLOOR PANEL
PO-25-6132,Aeroparts AOG DWC LLC,THE GILL CORPORATION,5/2/2025,5/2/2025,GILLFAB 4522,2,EA,3750,FLOOR PANEL
PO-25-6132,Aeroparts AOG DWC LLC,THE GILL CORPORATION,5/2/2025,5/2/2025,GILLFAB 4605,1,EA,3910,FLOOR PANEL
PO-25-6133,Aeroparts AOG DWC LLC,Airbus,5/2/2025,5/2/2025,F9297001400400,3,EA,5490,ELECEQPT
PO-25-6133,Aeroparts AOG DWC LLC,Airbus,5/2/2025,5/2/2025,F9249016920200,3,EA,200,PLATE
PO-25-6133,Aeroparts AOG DWC LLC,Airbus,5/2/2025,5/2/2025,F9249016920000,3,EA,204,PLATE
PO-25-6133,Aeroparts AOG DWC LLC,Airbus,5/2/2025,5/2/2025,F9297582000000,3,EA,1850,HARNESS
PO-25-6133,Aeroparts AOG DWC LLC,Airbus,5/2/2025,5/2/2025,NAS1101-04-7,200,EA,0.19,SCREW
PO-25-6133,Aeroparts AOG DWC LLC,Airbus,5/2/2025,5/2/2025,NAS1101-04-6,50,EA,0.54,SCREW
PO-25-6133,Aeroparts AOG DWC LLC,Airbus,5/2/2025,5/2/2025,F5398895426400,3,EA,575,BRACKET
PO-25-6133,Aeroparts AOG DWC LLC,Airbus,5/2/2025,5/2/2025,EN6081AD4-08,900,EA,0.03,RIVET
PO-25-6133,Aeroparts AOG DWC LLC,Airbus,5/2/2025,5/2/2025,D9249171620200,6,EA,146,BRACKET
PO-25-6133,Aeroparts AOG DWC LLC,Airbus,5/2/2025,5/2/2025,EN6101AD3-03,900,EA,0.03,RIVET
PO-25-6133,Aeroparts AOG DWC LLC,Airbus,5/2/2025,5/2/2025,F5398895403200,3,EA,441,BRACKET
PO-25-6133,Aeroparts AOG DWC LLC,Airbus,5/2/2025,5/2/2025,EN6081D5-07,1400,EA,0.03,RIVET
PO-25-6133,Aeroparts AOG DWC LLC,Airbus,5/2/2025,5/2/2025,D5357068121400,3,EA,136,ANGLE
PO-25-6133,Aeroparts AOG DWC LLC,Airbus,5/2/2025,5/2/2025,F5398895426200,3,EA,198,BRACKET
PO-25-6133,Aeroparts AOG DWC LLC,Airbus,5/2/2025,5/2/2025,F5398895426000,3,EA,175,BRACKET
PO-25-6134,Aeroparts AOG DWC LLC,Airbus,5/2/2025,5/2/2025,F5757157921600,1,EA,651,RUB STRIP
PO-25-6134,Aeroparts AOG DWC LLC,Airbus,5/2/2025,5/2/2025,98F20008247000,1,EA,1650,QUANTITY LIMITER-REGREASING
PO-25-6134,Aeroparts AOG DWC LLC,Airbus,5/2/2025,5/2/2025,E0080-01-12C,3,EA,5.24,BACKSHELL
PO-25-6134,Aeroparts AOG DWC LLC,Airbus,5/2/2025,5/2/2025,F5518180920000,2,EA,119,RING-SEALING
PO-25-6134,Aeroparts AOG DWC LLC,Airbus,5/2/2025,5/2/2025,F5518181120000,2,EA,136,RING-SEALING
PO-25-6134,Aeroparts AOG DWC LLC,Airbus,5/2/2025,5/2/2025,F5518181220000,2,EA,126,RING-SEALING
PO-25-6134,Aeroparts AOG DWC LLC,Airbus,5/2/2025,5/2/2025,NSA5031-4-20,30,EA,3.24,BOLT
PO-25-6134,Aeroparts AOG DWC LLC,Airbus,5/2/2025,5/2/2025,NAS1474R4,200,EA,4.36,NUT
PO-25-6134,Aeroparts AOG DWC LLC,Airbus,5/2/2025,5/2/2025,D57LCN400,4,EA,397,HOSE ASSY
PO-25-6134,Aeroparts AOG DWC LLC,Airbus,5/2/2025,5/2/2025,F5217057100200,2,EA,1340,SPRING ROD ASSY 
PO-25-6134,Aeroparts AOG DWC LLC,Airbus,5/2/2025,5/2/2025,NSA8134-05X,5,EA,21.64,BEARING SPHERICAL
PO-25-6135,Aeroparts AOG DWC LLC,PROPONENT,5/2/2025,3/26/2025,ABS1040-80,200,EA,53.69,BLEED AIR DUCT SEAL
PO-25-6136,Aeroparts AOG DWC LLC,Airbus,5/2/2025,5/2/2025,NSA936603CC0100,300,EA,0.14,CAP
PO-25-6136,Aeroparts AOG DWC LLC,Airbus,5/2/2025,5/2/2025,AS21919WCH12,10,EA,2.74,CLAMP
PO-25-6136,Aeroparts AOG DWC LLC,Airbus,5/2/2025,5/2/2025,AS21919WCH08,30,EA,1.38,CLAMP
PO-25-6136,Aeroparts AOG DWC LLC,Airbus,5/2/2025,5/2/2025,ABS0805-10,30,EA,1.59,CLAMP
PO-25-6136,Aeroparts AOG DWC LLC,Airbus,5/2/2025,5/2/2025,NAS1801-08-21,200,EA,0.21,SCREW
PO-25-6136,Aeroparts AOG DWC LLC,Airbus,5/2/2025,5/2/2025,NSA5527-03-08D,60,EA,0.74,SPACER
PO-25-6136,Aeroparts AOG DWC LLC,Airbus,5/2/2025,5/2/2025,ABS0805-12,6,EA,18.01,CLAMP
PO-25-6136,Aeroparts AOG DWC LLC,Airbus,5/2/2025,5/2/2025,AS21919WCH09,30,EA,1.77,CLAMP
PO-25-6136,Aeroparts AOG DWC LLC,Airbus,5/2/2025,5/2/2025,NAS1801-3-21,100,EA,1.34,SCREW
PO-25-6137,Aeroparts AOG DWC LLC,Airbus,5/2/2025,5/2/2025,F9297001300700,3,EA,12860,ELECEQPT
PO-25-6137,Aeroparts AOG DWC LLC,Airbus,5/2/2025,5/2/2025,NSA935808C03,60,EA,2.04,WASHER
PO-25-6137,Aeroparts AOG DWC LLC,Airbus,5/2/2025,5/2/2025,AS21919WCH07,20,EA,2.01,CLAMP
PO-25-6138,Aeroparts AOG DWC LLC,DUBI CHEM MARINE INTERNATIONAL Est,5/2/2025,5/2/2025,VAT,1,EA,23.44,VAT
PO-25-6138,Aeroparts AOG DWC LLC,DUBI CHEM MARINE INTERNATIONAL Est,5/2/2025,5/2/2025,RXSOL-25-6014-500,150,EA,3.13,Silica Gel White Desiccant 500 Gram
PO-25-6139,Aeroparts AOG DWC LLC,BOEING FLEET,5/4/2025,5/4/2025,SC4L500301-5,5,EA,4240,FAUCET
PO-25-6140,Aeroparts AOG DWC LLC,ALARIS AEROSPACE LLC,5/5/2025,5/5/2025,975A0000-03,1,EA,3800,ACTUATOR
PO-25-6141,Aeroparts AOG DWC LLC,WENCOR,5/5/2025,5/5/2025,DAN169E3-11,60,EA,2.93,SCREW
PO-25-6141,Aeroparts AOG DWC LLC,WENCOR,5/5/2025,5/5/2025,DAN169E3-8,84,EA,2.9,SCREW
PO-25-6141,Aeroparts AOG DWC LLC,WENCOR,5/5/2025,5/5/2025,PL88-900LH00,15,EA,548.75,LIGHT STRIP
PO-25-6142,Aeroparts AOG DWC LLC,GULF AIRCRAFT & ENGINEERING SERVICES,5/5/2025,5/5/2025,GILLFAB4523,2,EA,6000,PANEL
PO-25-6143,Aeroparts AOG DWC LLC,JOB AIR TECHNIC,5/5/2025,5/5/2025,GILLFAB 4605,1,EA,3843.83,FLOOR PANEL
PO-25-6144,Aeroparts AOG DWC LLC,BOEING FLEET,5/5/2025,5/5/2025,44066,33,EA,22.17,SEAL
PO-25-6145,Aeroparts AOG DWC LLC,SKYONE,5/7/2025,5/7/2025,A320,1,EA,150000,AIRBUS A320
PO-25-6146,Aeroparts AOG DWC LLC,DASI LLC,5/8/2025,5/8/2025,ABS0805-08,17,EA,21,CLAMP
PO-25-6148,Aeroparts AOG DWC LLC,BOEING FLEET,5/8/2025,5/8/2025,411N1240-1,11,EA,33.9,BRACKET
PO-25-6149,Aeroparts AOG DWC LLC,AERO TECHNIC ME FZCO,5/9/2025,5/8/2025,4A4011-7,1,EA,39499.99,Emergency Evacuation Slide Assy
PO-25-6149,Aeroparts AOG DWC LLC,AERO TECHNIC ME FZCO,5/9/2025,5/8/2025,HAZMAT FEES,1,EA,200,HAZMAT
PO-25-6150,Aeroparts AOG DWC LLC,TAY AVIATION,5/9/2025,5/9/2025,4052510-979,1,EA,21500,FMC 
PO-25-6151,Aeroparts AOG DWC LLC,RELIANCE AIRCRAFT INTERNATIONAL LLC,5/9/2025,5/9/2025,64753,1,EA,2600,COFFEE MAKER
PO-25-6152,Aeroparts AOG DWC LLC,ROTAFILO,5/9/2025,5/9/2025,856A1480G01,1,EA,1450,"FADEC-ENGINE PRESERVATION, FALSE METERING VALVE SI"
PO-25-6153,Aeroparts AOG DWC LLC,Aviation Turbine Materials,5/9/2025,5/9/2025,1386M56P03,1,EA,20000,SHAFT-CPRSR ROTOR
PO-25-6154,Aeroparts AOG DWC LLC,PROPONENT,5/12/2025,5/12/2025,140N2022-1,50,EA,21.18,VALVE - ASSEMBLY-DRAIN - FUSELAGE
PO-25-6155,Aeroparts AOG DWC LLC,BAE SYSTEMS,5/13/2025,5/13/2025,115E4091G1,1,EA,3581,BRACKET ASSY
PO-25-6156,Aeroparts AOG DWC LLC,TOUCHDOWN AVIATION,5/13/2025,5/13/2025,LA2K2B100DL0000,1,EA,18995,FCPC
PO-25-6157,Aeroparts AOG DWC LLC,CFM INTERNATIONAL,5/14/2025,5/14/2025,J221P126,50,EA,3.9,PACKING-PREFORMED O-RING
PO-25-6157,Aeroparts AOG DWC LLC,CFM INTERNATIONAL,5/14/2025,5/14/2025,9992M86G08,1,EA,4160,PLUG ASSY
PO-25-6157,Aeroparts AOG DWC LLC,CFM INTERNATIONAL,5/14/2025,5/14/2025,J221P910,25,EA,5.5,PACKING-PREFORMED O-RING
PO-25-6157,Aeroparts AOG DWC LLC,CFM INTERNATIONAL,5/14/2025,5/14/2025,9375M33P01,5,EA,75,"GASKET, METAL"
PO-25-6157,Aeroparts AOG DWC LLC,CFM INTERNATIONAL,5/14/2025,5/14/2025,1324M88P02,1,EA,461.75,GASKET-SEAL
PO-25-6157,Aeroparts AOG DWC LLC,CFM INTERNATIONAL,5/14/2025,5/14/2025,9973M77P07,2,EA,883,"GASKET, SEAL"
PO-25-6157,Aeroparts AOG DWC LLC,CFM INTERNATIONAL,5/14/2025,5/14/2025,9375M33P02,5,EA,70,"GASKET, METAL"
PO-25-6158,Aeroparts AOG DWC LLC,AVIALL SERVICES INC,5/14/2025,5/14/2025,68-1602,1000,EA,2.61,PACKING
PO-25-6159,Aeroparts AOG DWC LLC,SPECIALIST AVIATION LTD,5/14/2025,5/14/2025,DK120-90,4,EA,2500,BEACON
PO-25-6161,Aeroparts AOG DWC LLC,DASI LLC,5/14/2025,5/14/2025,NAS1473R4,20,EA,7,NUT
PO-25-6162,Aeroparts AOG DWC LLC,AVIALL,5/15/2025,5/15/2025,M83248/1-216,2,EA,3.13,O-RING
PO-25-6162,Aeroparts AOG DWC LLC,AVIALL,5/15/2025,5/15/2025,S700M0986,2,EA,91.25,GASKET
PO-25-6162,Aeroparts AOG DWC LLC,AVIALL,5/15/2025,5/15/2025,1538M29P10,1,EA,943,"SEAL, RING"
PO-25-6162,Aeroparts AOG DWC LLC,AVIALL,5/15/2025,5/15/2025,1324M79P01,1,EA,518,"GASKET, C-SEAL"
PO-25-6163,Aeroparts AOG DWC LLC,SAFARI AVIATION SERVICES FZE,5/15/2025,5/15/2025,CUSTOMS PROCESSING FEE,1,EA,35.33,CUSTOMS PROCESSING FEE
PO-25-6163,Aeroparts AOG DWC LLC,SAFARI AVIATION SERVICES FZE,5/15/2025,5/15/2025,VAT,1,EA,14.57,VAT
PO-25-6163,Aeroparts AOG DWC LLC,SAFARI AVIATION SERVICES FZE,5/15/2025,5/15/2025,52Z2278-064,8,EA,36.43,NUT
PO-25-6164,Aeroparts AOG DWC LLC,Airbus,5/15/2025,5/15/2025,ABS0336-09,100,EA,1.72,STUD
PO-25-6164,Aeroparts AOG DWC LLC,Airbus,5/15/2025,5/15/2025,ABS0336-10,100,EA,1.45,STUD
PO-25-6164,Aeroparts AOG DWC LLC,Airbus,5/15/2025,5/15/2025,ABS0336-12,100,EA,1.84,STUD
PO-25-6164,Aeroparts AOG DWC LLC,Airbus,5/15/2025,5/15/2025,ABS0336-13,100,EA,1.6,STUD
PO-25-6164,Aeroparts AOG DWC LLC,Airbus,5/15/2025,5/15/2025,SP127J,100,EA,0.28,WASHER
PO-25-6164,Aeroparts AOG DWC LLC,Airbus,5/15/2025,5/15/2025,A2901144800000,8,EA,299,CLAMP
PO-25-6164,Aeroparts AOG DWC LLC,Airbus,5/15/2025,5/15/2025,F0003157600000,1,EA,181,CLAMP
PO-25-6164,Aeroparts AOG DWC LLC,Airbus,5/15/2025,5/15/2025,F0003155000000,1,EA,131,CLAMP
PO-25-6164,Aeroparts AOG DWC LLC,Airbus,5/15/2025,5/15/2025,F0003154900000,1,EA,112,CLAMP
PO-25-6164,Aeroparts AOG DWC LLC,Airbus,5/15/2025,5/15/2025,F0003152800000,1,EA,148,CLAMP - BLOCK
PO-25-6164,Aeroparts AOG DWC LLC,Airbus,5/15/2025,5/15/2025,F0003159600000,1,EA,193,CLAMP
PO-25-6164,Aeroparts AOG DWC LLC,Airbus,5/15/2025,5/15/2025,F0003159300000,1,EA,134,CLAMP
PO-25-6164,Aeroparts AOG DWC LLC,Airbus,5/15/2025,5/15/2025,F0003152000000,2,EA,84.3,CLAMP
PO-25-6164,Aeroparts AOG DWC LLC,Airbus,5/15/2025,5/15/2025,F0003151900000,2,EA,94.9,CLAMP
PO-25-6164,Aeroparts AOG DWC LLC,Airbus,5/15/2025,5/15/2025,F5453431420200,1,EA,385,STIFFENER
PO-25-6164,Aeroparts AOG DWC LLC,Airbus,5/15/2025,5/15/2025,F5453255120000,1,EA,1840,PIN
PO-25-6164,Aeroparts AOG DWC LLC,Airbus,5/15/2025,5/15/2025,NSA5516-28ND,30,EA,1.33,CLAMP
PO-25-6164,Aeroparts AOG DWC LLC,Airbus,5/15/2025,5/15/2025,E0666D28A0,2,EA,120.97,RELAY FIN
PO-25-6164,Aeroparts AOG DWC LLC,Airbus,5/15/2025,5/15/2025,F5761029220100,1,EA,215,SEAL
PO-25-6165,Aeroparts AOG DWC LLC,STS COMPONENT SOLUTIONS,5/15/2025,3/14/2025,A2979-3,2,EA,6313,STRUT ASSY
PO-25-6167,Aeroparts AOG DWC LLC,Aircraft Parts Distribution,5/16/2025,5/16/2025,102AH2AG,1,EA,7200,TEMPSENSOR
PO-25-6168,Aeroparts AOG DWC LLC,BURWOOD AVIATION SUPPLIES LTD,5/16/2025,5/16/2025,7517900-10020,1,EA,9500,COMPUTER-TCAS
PO-25-6169,Aeroparts AOG DWC LLC,SAFARI AVIATION SERVICES FZE,5/16/2025,5/16/2025,CUSTOMS PROCESSING FEE,1,EA,35.4,CUSTOMS PROCESSING FEE
PO-25-6169,Aeroparts AOG DWC LLC,SAFARI AVIATION SERVICES FZE,5/16/2025,5/16/2025,HEALTH,1,EA,42.89,CERTIFICATE
PO-25-6169,Aeroparts AOG DWC LLC,SAFARI AVIATION SERVICES FZE,5/16/2025,5/16/2025,VAT,1,EA,76.5,VAT
PO-25-6169,Aeroparts AOG DWC LLC,SAFARI AVIATION SERVICES FZE,5/16/2025,5/16/2025,ARPOSOLVE-329,2,EA,104.79,ACETONE329 FAST EVAPORATING CLEANER 1 GL
PO-25-6169,Aeroparts AOG DWC LLC,SAFARI AVIATION SERVICES FZE,5/16/2025,5/16/2025,MOLYKOTE-D321R,20,CAN,65.86,MOLYKOTE D321R ANTI FRICTION COATING SPRAY
PO-25-6171,Aeroparts AOG DWC LLC,SKYSPARES LTD,5/16/2025,5/16/2025,MOV,1,EA,1,MINIMUM ORDER VALUE
PO-25-6171,Aeroparts AOG DWC LLC,SKYSPARES LTD,5/16/2025,5/16/2025,MS24665-437,200,EA,0.07,PIN
PO-25-6172,Aeroparts AOG DWC LLC,SEDA Aerospace Ltd,5/19/2025,5/19/2025,62714,1,EA,1100,CARTRIDGE ASSY- VALVE
PO-25-6173,Aeroparts AOG DWC LLC,BOEING FLEET,5/19/2025,5/19/2025,21990-02,25,EA,289,FOIL ANTISKATING
PO-25-6174,Aeroparts AOG DWC LLC,NORDAIR USA INC,5/20/2025,5/20/2025,91E688-51,1,EA,3890,FAIRING
PO-25-6175,Aeroparts AOG DWC LLC,SATAIR,5/20/2025,5/20/2025,63600-101,204,EA,94.51,LIFE VEST
PO-25-6177,Aeroparts AOG DWC LLC,SILMID,5/20/2025,5/20/2025,DELIVERY CHARGES,1,EA,27,DELIVERY
PO-25-6177,Aeroparts AOG DWC LLC,SILMID,5/20/2025,5/20/2025,3M-2525,8,EA,30,ORANGE PERFORMANCE FLATBACK TAPE
PO-25-6178,Aeroparts AOG DWC LLC,SATAIR,5/20/2025,5/20/2025,HAZMAT,1,EA,1175,HAZMAT CHARGES
PO-25-6178,Aeroparts AOG DWC LLC,SATAIR,5/20/2025,5/20/2025,117042-02,22,EA,601.51,OXYGEN GENERATOR
PO-25-6178,Aeroparts AOG DWC LLC,SATAIR,5/20/2025,5/20/2025,117042-03,36,EA,849.16,OXYGEN GENERATOR
PO-25-6179,Aeroparts AOG DWC LLC,SATAIR,5/20/2025,5/20/2025,FK26342,6,EA,836.25,CLIP
PO-25-6180,Aeroparts AOG DWC LLC,TIPTOP,5/21/2025,2/24/2025,HG2021GP01,1,EA,14000,GLOBAL POSITION
PO-25-6184,Aeroparts AOG DWC LLC,BOEING FLEET,5/22/2025,3/25/2025,FO31/WW/BCAC,144,EA,24.8,LAMP
PO-25-6185,Aeroparts AOG DWC LLC,BOEING FLEET,5/22/2025,5/6/2025,114A1411-1,3,EA,2130,LINK ASSY
PO-25-6185,Aeroparts AOG DWC LLC,BOEING FLEET,5/22/2025,5/6/2025,114A1424-6,4,EA,2769,LINK ASSY
PO-25-6185,Aeroparts AOG DWC LLC,BOEING FLEET,5/22/2025,5/6/2025,114A1424-5,4,EA,2769,LINK ASSY
PO-25-6186,Aeroparts AOG DWC LLC,SOUTHERN CROSS AVIATION,5/22/2025,5/22/2025,HAZMAT,1,EA,120,HAZMAT CHARGES
PO-25-6186,Aeroparts AOG DWC LLC,SOUTHERN CROSS AVIATION,5/22/2025,5/22/2025,A0861,6,EA,877.39,BRACKET
PO-25-6186,Aeroparts AOG DWC LLC,SOUTHERN CROSS AVIATION,5/22/2025,5/22/2025,500-12Y,6,EA,3928.22,ELT
PO-25-6187,Aeroparts AOG DWC LLC,IFLYGSE,5/23/2025,5/23/2025,IAE2J12030,1,EA,660,GUIDE TUBE
PO-25-6187,Aeroparts AOG DWC LLC,IFLYGSE,5/23/2025,5/23/2025,IAE2P16204,1,EA,210,"TUBE,BORESCOPE GUIDE"
PO-25-6188,Aeroparts AOG DWC LLC,DUBUDAT AEROSPACE,5/23/2025,5/23/2025,856A1310P02,1,EA,722,Guide Tube
PO-25-6190,Aeroparts AOG DWC LLC,PROPONENT,5/23/2025,5/23/2025,BACC10DK3,100,EA,1.88,CLAMP
PO-25-6191,Aeroparts AOG DWC LLC,PROPONENT,5/23/2025,5/23/2025,1864,200,EA,0.25,BULB - 28V .17A
PO-25-6191,Aeroparts AOG DWC LLC,PROPONENT,5/23/2025,5/23/2025,4557,100,EA,30.02,LAMP
PO-25-6191,Aeroparts AOG DWC LLC,PROPONENT,5/23/2025,5/23/2025,NAS1252-816L,500,EA,0.09,WASHER
PO-25-6192,Aeroparts AOG DWC LLC,AVIALL,5/23/2025,5/23/2025,AN960C516L,5000,EA,0.49,WASHER-FLAT
PO-25-6193,Aeroparts AOG DWC LLC,BOEING FLEET,5/23/2025,5/23/2025,7839,160,EA,0.65,LAMP
PO-25-6193,Aeroparts AOG DWC LLC,BOEING FLEET,5/23/2025,5/23/2025,312001P,40,EA,1.66,FUSE
PO-25-6193,Aeroparts AOG DWC LLC,BOEING FLEET,5/23/2025,5/23/2025,NAS333CPA4-5,350,EA,0.33,SCREW
PO-25-6194,Aeroparts AOG DWC LLC,FEZA AEROSPACE,5/23/2025,5/23/2025,98A28104000000,2,EA,197,PURGER - WATER DRAIN
PO-25-6195,Aeroparts AOG DWC LLC,Airbus,5/26/2025,5/26/2025,117042-02,12,EA,631,OXYGEN GENERATOR
PO-25-6196,Aeroparts AOG DWC LLC,NORDAIR USA INC,5/26/2025,5/26/2025,DAN269A25,2,EA,650,TAPE
PO-25-6197,Aeroparts AOG DWC LLC,Airbus,5/26/2025,5/26/2025,NAS1102E3-8,90,EA,0.5,SCREW
PO-25-6197,Aeroparts AOG DWC LLC,Airbus,5/26/2025,5/26/2025,NAS7204U10,30,EA,1.62,SCREW
PO-25-6197,Aeroparts AOG DWC LLC,Airbus,5/26/2025,5/26/2025,4132A880ZB,1,EA,355,COUPLING
PO-25-6197,Aeroparts AOG DWC LLC,Airbus,5/26/2025,5/26/2025,MS21062L4,20,EA,2.18,NUT
PO-25-6197,Aeroparts AOG DWC LLC,Airbus,5/26/2025,5/26/2025,995000-00,15,EA,52.5,TOOL MANUAL RELEASE
PO-25-6197,Aeroparts AOG DWC LLC,Airbus,5/26/2025,5/26/2025,F5755034820300,2,EA,188,CLEAT
PO-25-6198,Aeroparts AOG DWC LLC,DSC TRADING LLC,5/26/2025,5/26/2025,NAS1153V8R,18,EA,3,SCREW
PO-25-6199,Aeroparts AOG DWC LLC,PROPONENT,5/26/2025,5/26/2025,NSA8203-219,36,EA,4.13,O-RING
PO-25-6199,Aeroparts AOG DWC LLC,PROPONENT,5/26/2025,5/26/2025,3250-81,3,EA,1753.52,BALLAST
PO-25-6200,Aeroparts AOG DWC LLC,PDQ AIRSPARES,5/27/2025,5/27/2025,9EL406445-20,2,EA,2950,LENZ
PO-25-6201,Aeroparts AOG DWC LLC,"GA TELESIS, LLC",5/28/2025,5/28/2025,K615P04,1,EA,788,CF6 HPCB STG6
PO-25-6202,Aeroparts AOG DWC LLC,AEROCOR ENGINE GROUP,5/28/2025,5/28/2025,066-50007-0212,1,EA,15000,TRANSCEIVER-RADIO ALTIMITER
PO-25-6203,Aeroparts AOG DWC LLC,SAFARI AVIATION SERVICES FZE,5/29/2025,5/29/2025,CUSTOMS PROCESSING FEE,1,EA,35.4,CUSTOMS PROCESSING FEE
PO-25-6203,Aeroparts AOG DWC LLC,SAFARI AVIATION SERVICES FZE,5/29/2025,5/29/2025,VAT,1,EA,9.65,VAT
PO-25-6203,Aeroparts AOG DWC LLC,SAFARI AVIATION SERVICES FZE,5/29/2025,5/29/2025,718115-08,2,EA,56.22,SEAL
PO-25-6203,Aeroparts AOG DWC LLC,SAFARI AVIATION SERVICES FZE,5/29/2025,5/29/2025,MS27196-24,2,EA,40.09,GASKET
PO-25-6204,Aeroparts AOG DWC LLC,AVANTIAIR GMBH & CO. KG,5/29/2025,5/29/2025,A45250-037,2,EA,120,BLOCK
PO-25-6205,Aeroparts AOG DWC LLC,SAFARI AVIATION SERVICES FZE,5/29/2025,5/29/2025,CUSTOMS PROCESSING FEE,1,EA,35.4,CUSTOMS PROCESSING FEE
PO-25-6205,Aeroparts AOG DWC LLC,SAFARI AVIATION SERVICES FZE,5/29/2025,5/29/2025,VAT,1,EA,923.51,VAT
PO-25-6205,Aeroparts AOG DWC LLC,SAFARI AVIATION SERVICES FZE,5/29/2025,5/29/2025,PS870B1-2,200,EA,92.16,SEALANT
PO-25-6206,Aeroparts AOG DWC LLC,Airbus,5/29/2025,5/29/2025,A42414,1,EA,2430,SHAFT
PO-25-6206,Aeroparts AOG DWC LLC,Airbus,5/29/2025,5/29/2025,ABS0341-2-01,60,EA,20.64,RETAINER
PO-25-6206,Aeroparts AOG DWC LLC,Airbus,5/29/2025,5/29/2025,NAS1919M04S05AU,10,EA,5.4,"RIVET,BLIND"
PO-25-6206,Aeroparts AOG DWC LLC,Airbus,5/29/2025,5/29/2025,AST7839BP2,510,EA,2.35,LAMP
PO-25-6206,Aeroparts AOG DWC LLC,Airbus,5/29/2025,5/29/2025,E0088-16-125,50,EA,0.64,LEAD
PO-25-6206,Aeroparts AOG DWC LLC,Airbus,5/29/2025,5/29/2025,D2527750401200,8,EA,200,PANEL
PO-25-6206,Aeroparts AOG DWC LLC,Airbus,5/29/2025,5/29/2025,PK010-0905,8,EA,50.5,PACKING
PO-25-6207,Aeroparts AOG DWC LLC,SAFARI AVIATION SERVICES FZE,5/29/2025,5/29/2025,CUSTOMS PROCESSING FEE,1,EA,35.4,CUSTOMS PROCESSING FEE
PO-25-6207,Aeroparts AOG DWC LLC,SAFARI AVIATION SERVICES FZE,5/29/2025,5/29/2025,CUSTOMS PROCESSING FEE,1,EA,19.56,CUSTOMS PROCESSING FEE
PO-25-6207,Aeroparts AOG DWC LLC,SAFARI AVIATION SERVICES FZE,5/29/2025,5/29/2025,64400-200,2,EA,195.6,HEADSET
PO-25-6208,Aeroparts AOG DWC LLC,ETIHAD AIRWAYS,5/29/2025,5/29/2025,201371613,2,EA,259.34,"RING , RETAINING"
PO-25-6209,Aeroparts AOG DWC LLC,"Cypress Air, Inc",5/29/2025,5/29/2025,10088-0102,1,EA,3800,PRESELECTOR
PO-25-6210,Aeroparts AOG DWC LLC,"GA TELESIS, LLC",5/29/2025,5/29/2025,MF10-05-11,1,EA,2850,OXYGEN MASK
PO-25-6211,Aeroparts AOG DWC LLC,ATELIERS BIGATA,5/29/2025,5/28/2025,MF10-05-11,3,EA,2600,OXYGEN MASK
PO-25-6212,Aeroparts AOG DWC LLC,ETIHAD AIRWAYS,5/30/2025,5/30/2025,64400-200,2,EA,221.31,HEADSET
PO-25-6213,Aeroparts AOG DWC LLC,LEKI AVIATION,5/30/2025,5/30/2025,HAZMAT,1,EA,225,HAZMAT CHARGES
PO-25-6213,Aeroparts AOG DWC LLC,LEKI AVIATION,5/30/2025,5/30/2025,98N9091,2,EA,837.9,BATTERY
PO-25-6214,Aeroparts AOG DWC LLC,PROPONENT HELICOPTER SERVICES,5/30/2025,5/30/2025,MOV,1,EA,64.92,MINIMUM ORDER VALUE
PO-25-6214,Aeroparts AOG DWC LLC,PROPONENT HELICOPTER SERVICES,5/30/2025,5/30/2025,AN6290-3,36,EA,0.28,GASKET
PO-25-6215,Aeroparts AOG DWC LLC,DASI LLC,5/30/2025,5/30/2025,QA06101,2,EA,340,FILTER
PO-25-6216,Aeroparts AOG DWC LLC,PROPONENT,5/30/2025,5/30/2025,D23156000,5,EA,93.33,PIN - SAFETY
PO-25-6217,Aeroparts AOG DWC LLC,"GA TELESIS, LLC",5/30/2025,5/30/2025,6773F010000,1,EA,32500,HP VALVE
PO-25-6218,Aeroparts AOG DWC LLC,GLOBAL AVIATION RESOURCES,5/30/2025,5/30/2025,HG2060AD01,1,EA,305000,ADIRU
PO-25-6219,Aeroparts AOG DWC LLC,EMIRATES AIRLINES,6/2/2025,6/2/2025,HU55418-5DET48,2,EA,909,PIN
PO-25-6219,Aeroparts AOG DWC LLC,EMIRATES AIRLINES,6/2/2025,6/2/2025,HU55083-5DETL67,2,EA,909,BODY/SCREW
PO-25-6219,Aeroparts AOG DWC LLC,EMIRATES AIRLINES,6/2/2025,6/2/2025,HU55347-3DTL10,1,EA,909,TRANSPORTATION TROLLEY
PO-25-6219,Aeroparts AOG DWC LLC,EMIRATES AIRLINES,6/2/2025,6/2/2025,HU55280-2DETL2,1,EA,730.13,SHOCK MOUNT RH FRNT
PO-25-6219,Aeroparts AOG DWC LLC,EMIRATES AIRLINES,6/2/2025,6/2/2025,HU55280-2DETL4,4,EA,272,SHOCK MOUNT REAR
PO-25-6219,Aeroparts AOG DWC LLC,EMIRATES AIRLINES,6/2/2025,6/2/2025,HU40324,3,EA,303.03,TURNING TOOL
PO-25-6219,Aeroparts AOG DWC LLC,EMIRATES AIRLINES,6/2/2025,6/2/2025,J78005-3,1,EA,909.09,BOX PROTECTOR
PO-25-6219,Aeroparts AOG DWC LLC,EMIRATES AIRLINES,6/2/2025,6/2/2025,HU37545,2,EA,454.55,PIN-LOCATION
PO-25-6219,Aeroparts AOG DWC LLC,EMIRATES AIRLINES,6/2/2025,6/2/2025,HU55654,2,EA,454.55,COVER-MVP
PO-25-6219,Aeroparts AOG DWC LLC,EMIRATES AIRLINES,6/2/2025,6/2/2025,HU37292-2,1,EA,909.09,"PLATE-SUPPORT,LP &"
PO-25-6219,Aeroparts AOG DWC LLC,EMIRATES AIRLINES,6/2/2025,6/2/2025,HU55436-2,2,EA,454.55,ADAPTOR
PO-25-6219,Aeroparts AOG DWC LLC,EMIRATES AIRLINES,6/2/2025,6/2/2025,HU80289,1,EA,909.09,DECOKING TOOL
PO-25-6219,Aeroparts AOG DWC LLC,EMIRATES AIRLINES,6/2/2025,6/2/2025,HU41877,1,EA,909.09,PLATE
PO-25-6219,Aeroparts AOG DWC LLC,EMIRATES AIRLINES,6/2/2025,6/2/2025,HU41811,1,EA,909.09,Key
PO-25-6219,Aeroparts AOG DWC LLC,EMIRATES AIRLINES,6/2/2025,6/2/2025,HU37694,1,EA,909.09,TOOL: ASSEMBLE DEDICATED
PO-25-6219,Aeroparts AOG DWC LLC,EMIRATES AIRLINES,6/2/2025,6/2/2025,315W5110-7,1,KT,909.09,"KIT,COLOR CHIP"
PO-25-6219,Aeroparts AOG DWC LLC,EMIRATES AIRLINES,6/2/2025,6/2/2025,RSE3450-4,9,EA,101.01,BOLT
PO-25-6219,Aeroparts AOG DWC LLC,EMIRATES AIRLINES,6/2/2025,6/2/2025,HU42369,1,EA,909.09,"GUIDE,PIN"
PO-25-6219,Aeroparts AOG DWC LLC,EMIRATES AIRLINES,6/2/2025,6/2/2025,HU50288-1,1,EA,909.09,GAUGE-SETTING
PO-25-6219,Aeroparts AOG DWC LLC,EMIRATES AIRLINES,6/2/2025,6/2/2025,HU81875,1,KT,909.09,TOOL KIT ULTRASONIC
PO-25-6219,Aeroparts AOG DWC LLC,EMIRATES AIRLINES,6/2/2025,6/2/2025,HU55423-5,1,EA,909.09,CONVEYOR UNIT
PO-25-6219,Aeroparts AOG DWC LLC,EMIRATES AIRLINES,6/2/2025,6/2/2025,3MIT315W5201,2,EA,454.55,"MISCELANEOUS TOOL,FIELD REPAIR"
PO-25-6219,Aeroparts AOG DWC LLC,EMIRATES AIRLINES,6/2/2025,6/2/2025,HU55958,1,EA,909.09,COVER-MVP
PO-25-6219,Aeroparts AOG DWC LLC,EMIRATES AIRLINES,6/2/2025,6/2/2025,HU55957,1,EA,909.09,COVER-MVP
PO-25-6219,Aeroparts AOG DWC LLC,EMIRATES AIRLINES,6/2/2025,6/2/2025,HU55877,1,EA,909.09,TOOL: EXHAUST LIFTING TOOL
PO-25-6219,Aeroparts AOG DWC LLC,EMIRATES AIRLINES,6/2/2025,6/2/2025,HU55771-1,1,EA,909.09,TOOL: STAND-TRANSPORTATION
PO-25-6219,Aeroparts AOG DWC LLC,EMIRATES AIRLINES,6/2/2025,6/2/2025,HU55770,1,EA,909.09,TOOL: STAND-TRANSPORTATION
PO-25-6219,Aeroparts AOG DWC LLC,EMIRATES AIRLINES,6/2/2025,6/2/2025,HU55763,1,EA,909.09,ADAPTOR-STAND
PO-25-6219,Aeroparts AOG DWC LLC,EMIRATES AIRLINES,6/2/2025,6/2/2025,HU55732,1,EA,909.09,ADAPTOR-STAND
PO-25-6219,Aeroparts AOG DWC LLC,EMIRATES AIRLINES,6/2/2025,6/2/2025,HU44279,1,EA,909.09,TOOL
PO-25-6219,Aeroparts AOG DWC LLC,EMIRATES AIRLINES,6/2/2025,6/2/2025,HU44276,1,EA,909.09,ASSEMBLY TOOL
PO-25-6219,Aeroparts AOG DWC LLC,EMIRATES AIRLINES,6/2/2025,6/2/2025,HU44275,1,EA,909.09,TOOL
PO-25-6219,Aeroparts AOG DWC LLC,EMIRATES AIRLINES,6/2/2025,6/2/2025,HU44274,1,EA,909.09,TOOL
PO-25-6219,Aeroparts AOG DWC LLC,EMIRATES AIRLINES,6/2/2025,6/2/2025,EK3337830001,1,KT,909.09,TOOL: THRUST REVERSER LEAK
PO-25-6219,Aeroparts AOG DWC LLC,EMIRATES AIRLINES,6/2/2025,6/2/2025,A54P846,2,EA,454.55,MALE AIRLINE
PO-25-6219,Aeroparts AOG DWC LLC,EMIRATES AIRLINES,6/2/2025,6/2/2025,A54M1000,2,EA,454.55,END LINK
PO-25-6219,Aeroparts AOG DWC LLC,EMIRATES AIRLINES,6/2/2025,6/2/2025,A54M1201,1,EA,909.09,MUFFLER AIRMOTOR
PO-25-6219,Aeroparts AOG DWC LLC,EMIRATES AIRLINES,6/2/2025,6/2/2025,A54E848,1,EA,909.09,CONNECTOR ASSY
PO-25-6219,Aeroparts AOG DWC LLC,EMIRATES AIRLINES,6/2/2025,6/2/2025,A54M910,1,EA,909.09,AIRMOTOR MOUNTING
PO-25-6219,Aeroparts AOG DWC LLC,EMIRATES AIRLINES,6/2/2025,6/2/2025,A54P1015,1,EA,909.09,INLET AIR ADAPTOR
PO-25-6219,Aeroparts AOG DWC LLC,EMIRATES AIRLINES,6/2/2025,6/2/2025,A54E845,1,EA,909.09,CONNECTOR ASSY
PO-25-6219,Aeroparts AOG DWC LLC,EMIRATES AIRLINES,6/2/2025,6/2/2025,A54E847,8,EA,113.64,FEMALE AIRLINE
PO-25-6219,Aeroparts AOG DWC LLC,EMIRATES AIRLINES,6/2/2025,6/2/2025,A54M907,2,EA,454.55,"1/2"" METRO DRIVE"
PO-25-6219,Aeroparts AOG DWC LLC,EMIRATES AIRLINES,6/2/2025,6/2/2025,NFE27160M5X16,4,EA,227.27,SCREW-FHC
PO-25-6219,Aeroparts AOG DWC LLC,EMIRATES AIRLINES,6/2/2025,6/2/2025,HU37524,1,EA,909.09,"GAUGE SET, IP"
PO-25-6219,Aeroparts AOG DWC LLC,EMIRATES AIRLINES,6/2/2025,6/2/2025,HU38665,1,EA,909.09,BLANK-BREATHER
PO-25-6219,Aeroparts AOG DWC LLC,EMIRATES AIRLINES,6/2/2025,6/2/2025,A54M914,1,EA,909.09,AIRMOTOR MOUNTING
PO-25-6219,Aeroparts AOG DWC LLC,EMIRATES AIRLINES,6/2/2025,6/2/2025,HU55368-3,1,EA,909.09,PIN PIVOT
PO-25-6219,Aeroparts AOG DWC LLC,EMIRATES AIRLINES,6/2/2025,6/2/2025,FK15508,4,EA,227.27,"COVER, TRANSPORTATION ONLY"
PO-25-6219,Aeroparts AOG DWC LLC,EMIRATES AIRLINES,6/2/2025,6/2/2025,A54P1000,50,EA,18.18,ORING
PO-25-6219,Aeroparts AOG DWC LLC,EMIRATES AIRLINES,6/2/2025,6/2/2025,A54M908,16,EA,56.82,DRIVE SHEAR KEY
PO-25-6219,Aeroparts AOG DWC LLC,EMIRATES AIRLINES,6/2/2025,6/2/2025,HU37060,2,EA,454.55,Location pin
PO-25-6219,Aeroparts AOG DWC LLC,EMIRATES AIRLINES,6/2/2025,6/2/2025,HU55368-3,4,EA,227.27,PIN PIVOT
PO-25-6219,Aeroparts AOG DWC LLC,EMIRATES AIRLINES,6/2/2025,6/2/2025,HU55419-1,2,EA,454.55,PIN - SPRING
PO-25-6219,Aeroparts AOG DWC LLC,EMIRATES AIRLINES,6/2/2025,6/2/2025,J78017-28,2,EA,454.55,"ATTACH PIN 1/4"""
PO-25-6219,Aeroparts AOG DWC LLC,EMIRATES AIRLINES,6/2/2025,6/2/2025,HU34316,1,EA,909.09,"SOCKET, PNEUMATIC"
PO-25-6219,Aeroparts AOG DWC LLC,EMIRATES AIRLINES,6/2/2025,6/2/2025,HU38477,1,EA,909.09,RING-SUPPORT
PO-25-6219,Aeroparts AOG DWC LLC,EMIRATES AIRLINES,6/2/2025,6/2/2025,HU55324-5,1,EA,909.09,SHOULDERED PIN
PO-25-6219,Aeroparts AOG DWC LLC,EMIRATES AIRLINES,6/2/2025,6/2/2025,HU50466,4,EA,227.27,PIN-GUIDE LP FAN
PO-25-6219,Aeroparts AOG DWC LLC,EMIRATES AIRLINES,6/2/2025,6/2/2025,J71033-29,1,EA,909.09,LH T/R LATCH ASSY
PO-25-6219,Aeroparts AOG DWC LLC,EMIRATES AIRLINES,6/2/2025,6/2/2025,HU37849,2,EA,454.55,BAR
PO-25-6219,Aeroparts AOG DWC LLC,EMIRATES AIRLINES,6/2/2025,6/2/2025,HU38551,1,EA,909.09,RING-SUPPORT
PO-25-6219,Aeroparts AOG DWC LLC,EMIRATES AIRLINES,6/2/2025,6/2/2025,J71031-1,1,EA,909.09,ALIGNMENT/THREAD PROTECTOR
PO-25-6219,Aeroparts AOG DWC LLC,EMIRATES AIRLINES,6/2/2025,6/2/2025,HU55366-1,2,EA,454.55,PIN SHOULDERED
PO-25-6219,Aeroparts AOG DWC LLC,EMIRATES AIRLINES,6/2/2025,6/2/2025,HU50744,1,EA,909.09,SUPPORT INNER -
PO-25-6219,Aeroparts AOG DWC LLC,EMIRATES AIRLINES,6/2/2025,6/2/2025,HU85462,1,EA,909.09,"EXTRACTOR, BUSH"
PO-25-6219,Aeroparts AOG DWC LLC,EMIRATES AIRLINES,6/2/2025,6/2/2025,HU85460,1,EA,909.09,EXTRACTOR
PO-25-6219,Aeroparts AOG DWC LLC,EMIRATES AIRLINES,6/2/2025,6/2/2025,HU85459,1,EA,909.09,"EXTRACTOR, BUSH"
PO-25-6219,Aeroparts AOG DWC LLC,EMIRATES AIRLINES,6/2/2025,6/2/2025,HU85458,1,EA,909.09,"EXTRACTOR, BUSH"
PO-25-6219,Aeroparts AOG DWC LLC,EMIRATES AIRLINES,6/2/2025,6/2/2025,HU38864,1,EA,909.09,COVER-PROTECT V.S.C.
PO-25-6219,Aeroparts AOG DWC LLC,EMIRATES AIRLINES,6/2/2025,6/2/2025,HU55324-5,4,EA,227.27,SHOULDERED PIN
PO-25-6219,Aeroparts AOG DWC LLC,EMIRATES AIRLINES,6/2/2025,6/2/2025,HU50111-1,2,EA,454.55,SPANNER
PO-25-6219,Aeroparts AOG DWC LLC,EMIRATES AIRLINES,6/2/2025,6/2/2025,HU38390-3,1,EA,909.09,PRESS-LOCKNUT CUP
PO-25-6219,Aeroparts AOG DWC LLC,EMIRATES AIRLINES,6/2/2025,6/2/2025,HU38685,1,EA,909.09,PIN
PO-25-6219,Aeroparts AOG DWC LLC,EMIRATES AIRLINES,6/2/2025,6/2/2025,HU37807-2,1,EA,909.09,Locking tool
PO-25-6219,Aeroparts AOG DWC LLC,EMIRATES AIRLINES,6/2/2025,6/2/2025,00464-134-000,2,EA,454.55,BALL LOCK PIN
PO-25-6219,Aeroparts AOG DWC LLC,EMIRATES AIRLINES,6/2/2025,6/2/2025,HU51409,1,EA,909.09,LEVER
PO-25-6219,Aeroparts AOG DWC LLC,EMIRATES AIRLINES,6/2/2025,6/2/2025,J71001-48,2,EA,454.55,CABLE ASSY
PO-25-6219,Aeroparts AOG DWC LLC,EMIRATES AIRLINES,6/2/2025,6/2/2025,HU37848,3,EA,303.03,BAR
PO-25-6219,Aeroparts AOG DWC LLC,EMIRATES AIRLINES,6/2/2025,6/2/2025,MSE46B,48,EA,18.94,BIT
PO-25-6219,Aeroparts AOG DWC LLC,EMIRATES AIRLINES,6/2/2025,6/2/2025,HU37693,3,EA,303.03,ASSEMBLE OIL SLINGER
PO-25-6219,Aeroparts AOG DWC LLC,EMIRATES AIRLINES,6/2/2025,6/2/2025,HU55324-5,4,EA,227.27,SHOULDERED PIN
PO-25-6219,Aeroparts AOG DWC LLC,EMIRATES AIRLINES,6/2/2025,6/2/2025,HU85237-1,1,EA,909.09,DRIFT
PO-25-6219,Aeroparts AOG DWC LLC,EMIRATES AIRLINES,6/2/2025,6/2/2025,HU85455,1,EA,909.09,"PUSHER, BUSH"
PO-25-6219,Aeroparts AOG DWC LLC,EMIRATES AIRLINES,6/2/2025,6/2/2025,APV7830-00-0G,3,EA,303.03,PIN
PO-25-6219,Aeroparts AOG DWC LLC,EMIRATES AIRLINES,6/2/2025,6/2/2025,HU85418,1,EA,909.09,SUPPORT
PO-25-6219,Aeroparts AOG DWC LLC,EMIRATES AIRLINES,6/2/2025,6/2/2025,HU85299,1,EA,909.09,WRENCH
PO-25-6219,Aeroparts AOG DWC LLC,EMIRATES AIRLINES,6/2/2025,6/2/2025,HU85315,1,EA,909.09,"PIN, LOCATING"
PO-25-6219,Aeroparts AOG DWC LLC,EMIRATES AIRLINES,6/2/2025,6/2/2025,HU85158,1,EA,909.09,"SUPPORT, CENTERING"
PO-25-6219,Aeroparts AOG DWC LLC,EMIRATES AIRLINES,6/2/2025,6/2/2025,HU85036,1,EA,909.09,SUPPORT
PO-25-6219,Aeroparts AOG DWC LLC,EMIRATES AIRLINES,6/2/2025,6/2/2025,HU85454,1,EA,909.09,"PUSHER, BUSH"
PO-25-6219,Aeroparts AOG DWC LLC,EMIRATES AIRLINES,6/2/2025,6/2/2025,HU85448,1,EA,909.09,TOOL
PO-25-6219,Aeroparts AOG DWC LLC,EMIRATES AIRLINES,6/2/2025,6/2/2025,HU85236,1,EA,909.09,SEAL FITTING TOOL
PO-25-6219,Aeroparts AOG DWC LLC,EMIRATES AIRLINES,6/2/2025,6/2/2025,HU85058,1,EA,909.09,HAND TOOL
PO-25-6219,Aeroparts AOG DWC LLC,EMIRATES AIRLINES,6/2/2025,6/2/2025,J78017-6,1,EA,909.09,"FITTING, LOWER ATTACH"
PO-25-6219,Aeroparts AOG DWC LLC,EMIRATES AIRLINES,6/2/2025,6/2/2025,HU85297,1,EA,909.09,RAM
PO-25-6219,Aeroparts AOG DWC LLC,EMIRATES AIRLINES,6/2/2025,6/2/2025,HU85296,1,EA,909.09,EXTRACTOR
PO-25-6219,Aeroparts AOG DWC LLC,EMIRATES AIRLINES,6/2/2025,6/2/2025,HU55419-1,2,EA,454.55,PIN - SPRING
PO-25-6219,Aeroparts AOG DWC LLC,EMIRATES AIRLINES,6/2/2025,6/2/2025,HU85457,1,EA,909.09,"PUSHER, BUSH"
PO-25-6219,Aeroparts AOG DWC LLC,EMIRATES AIRLINES,6/2/2025,6/2/2025,HU85456,1,EA,909.09,"PUSHER, BUSH"
PO-25-6219,Aeroparts AOG DWC LLC,EMIRATES AIRLINES,6/2/2025,6/2/2025,HU85241,1,EA,909.09,"FITTING TOOL, CONNECTOR"
PO-25-6219,Aeroparts AOG DWC LLC,EMIRATES AIRLINES,6/2/2025,6/2/2025,HU85240,1,EA,909.09,FITTING TOOL
PO-25-6219,Aeroparts AOG DWC LLC,EMIRATES AIRLINES,6/2/2025,6/2/2025,HU85228,1,EA,909.09,SEAL FITTING TOOL
PO-25-6219,Aeroparts AOG DWC LLC,EMIRATES AIRLINES,6/2/2025,6/2/2025,HU55419-1,2,EA,454.55,PIN - SPRING
PO-25-6219,Aeroparts AOG DWC LLC,EMIRATES AIRLINES,6/2/2025,6/2/2025,HU85132,1,EA,909.09,SUPPORT
PO-25-6219,Aeroparts AOG DWC LLC,EMIRATES AIRLINES,6/2/2025,6/2/2025,HU55083-4,1,EA,909.09,HANDLE ASSY
PO-25-6219,Aeroparts AOG DWC LLC,EMIRATES AIRLINES,6/2/2025,6/2/2025,6400022,2,EA,454.55,TOOL: GAS DETECTOR
PO-25-6219,Aeroparts AOG DWC LLC,EMIRATES AIRLINES,6/2/2025,6/2/2025,HU85074,1,EA,909.09,EXTRACTOR
PO-25-6219,Aeroparts AOG DWC LLC,EMIRATES AIRLINES,6/2/2025,6/2/2025,HU85083,1,EA,909.09,EXTRACTOR
PO-25-6219,Aeroparts AOG DWC LLC,EMIRATES AIRLINES,6/2/2025,6/2/2025,HU41095,1,EA,909.09,IMPACT ADAPTOR
PO-25-6219,Aeroparts AOG DWC LLC,EMIRATES AIRLINES,6/2/2025,6/2/2025,HU85546,1,EA,909.09,TOOL
PO-25-6219,Aeroparts AOG DWC LLC,EMIRATES AIRLINES,6/2/2025,6/2/2025,HU41303-2,1,EA,909.09,ADJUSTER-VSV1
PO-25-6219,Aeroparts AOG DWC LLC,EMIRATES AIRLINES,6/2/2025,6/2/2025,HU85069,1,EA,909.09,EXTRACTOR
PO-25-6219,Aeroparts AOG DWC LLC,EMIRATES AIRLINES,6/2/2025,6/2/2025,HU85213,1,EA,909.09,SEAL FITTING TOOL
PO-25-6219,Aeroparts AOG DWC LLC,EMIRATES AIRLINES,6/2/2025,6/2/2025,HU85547,1,EA,909.09,TOOL
PO-25-6219,Aeroparts AOG DWC LLC,EMIRATES AIRLINES,6/2/2025,6/2/2025,HU38817,1,EA,909.09,PLATE-TORQUE
PO-25-6219,Aeroparts AOG DWC LLC,EMIRATES AIRLINES,6/2/2025,6/2/2025,00468-325-000,8,EA,113.64,BEARING
PO-25-6219,Aeroparts AOG DWC LLC,EMIRATES AIRLINES,6/2/2025,6/2/2025,HU85212,1,EA,909.09,SEAL FITTING TOOL
PO-25-6219,Aeroparts AOG DWC LLC,EMIRATES AIRLINES,6/2/2025,6/2/2025,HU85488,1,EA,909.09,TOOL
PO-25-6219,Aeroparts AOG DWC LLC,EMIRATES AIRLINES,6/2/2025,6/2/2025,HU85293,1,EA,909.09,SUPPORT
PO-25-6219,Aeroparts AOG DWC LLC,EMIRATES AIRLINES,6/2/2025,6/2/2025,WL29D93,1,EA,909.09,PLUG DISCHARGER
PO-25-6219,Aeroparts AOG DWC LLC,EMIRATES AIRLINES,6/2/2025,6/2/2025,HU85226,1,EA,909.09,SEAL FITTING TOOL
PO-25-6219,Aeroparts AOG DWC LLC,EMIRATES AIRLINES,6/2/2025,6/2/2025,HU85059,1,EA,909.09,EXTRACTOR
PO-25-6219,Aeroparts AOG DWC LLC,EMIRATES AIRLINES,6/2/2025,6/2/2025,HU41046,1,EA,909.09,KEEP RING-BEARING REMOVAL
PO-25-6219,Aeroparts AOG DWC LLC,EMIRATES AIRLINES,6/2/2025,6/2/2025,HU85256,1,EA,909.09,ADAPTOR
PO-25-6219,Aeroparts AOG DWC LLC,EMIRATES AIRLINES,6/2/2025,6/2/2025,HU85071,1,EA,909.09,EXTRACTOR
PO-25-6219,Aeroparts AOG DWC LLC,EMIRATES AIRLINES,6/2/2025,6/2/2025,HU85091,1,EA,909.09,DRIFT
PO-25-6219,Aeroparts AOG DWC LLC,EMIRATES AIRLINES,6/2/2025,6/2/2025,HU85536-1,1,EA,909.09,"SUPPORT, BEARING"
PO-25-6219,Aeroparts AOG DWC LLC,EMIRATES AIRLINES,6/2/2025,6/2/2025,HU37631,1,EA,909.09,Loading tool
PO-25-6219,Aeroparts AOG DWC LLC,EMIRATES AIRLINES,6/2/2025,6/2/2025,HU85131,1,EA,909.09,PRESS
PO-25-6219,Aeroparts AOG DWC LLC,EMIRATES AIRLINES,6/2/2025,6/2/2025,HU85072,1,EA,909.09,"PUSHER, ROLLER"
PO-25-6219,Aeroparts AOG DWC LLC,EMIRATES AIRLINES,6/2/2025,6/2/2025,HU85421,1,EA,909.09,PUSHER
PO-25-6219,Aeroparts AOG DWC LLC,EMIRATES AIRLINES,6/2/2025,6/2/2025,HU85294,1,EA,909.09,SUPPORT
PO-25-6219,Aeroparts AOG DWC LLC,EMIRATES AIRLINES,6/2/2025,6/2/2025,HU55419-1,2,EA,454.55,PIN - SPRING
PO-25-6219,Aeroparts AOG DWC LLC,EMIRATES AIRLINES,6/2/2025,6/2/2025,HU30071,5,EA,181.82,"BOLT-STOP,IP TURBINE"
PO-25-6219,Aeroparts AOG DWC LLC,EMIRATES AIRLINES,6/2/2025,6/2/2025,HU85150,1,EA,909.09,SUPPORT
PO-25-6219,Aeroparts AOG DWC LLC,EMIRATES AIRLINES,6/2/2025,6/2/2025,HU41302-1,1,EA,909.09,ADJUSTING TOOL
PO-25-6219,Aeroparts AOG DWC LLC,EMIRATES AIRLINES,6/2/2025,6/2/2025,HU41424,1,EA,909.09,TOOL: SLING-LIFT
PO-25-6219,Aeroparts AOG DWC LLC,EMIRATES AIRLINES,6/2/2025,6/2/2025,HU85214,1,EA,909.09,EXTRACTOR
PO-25-6219,Aeroparts AOG DWC LLC,EMIRATES AIRLINES,6/2/2025,6/2/2025,HU40025,1,EA,909.09,SHAFT ( TOOL )
PO-25-6219,Aeroparts AOG DWC LLC,EMIRATES AIRLINES,6/2/2025,6/2/2025,HU85065,1,EA,909.09,HAND TOOL
PO-25-6219,Aeroparts AOG DWC LLC,EMIRATES AIRLINES,6/2/2025,6/2/2025,HU85447,1,EA,909.09,CONNECTOR
PO-25-6219,Aeroparts AOG DWC LLC,EMIRATES AIRLINES,6/2/2025,6/2/2025,HU85446,1,EA,909.09,CONNECTOR
PO-25-6219,Aeroparts AOG DWC LLC,EMIRATES AIRLINES,6/2/2025,6/2/2025,HU85445,1,EA,909.09,CONNECTOR
PO-25-6219,Aeroparts AOG DWC LLC,EMIRATES AIRLINES,6/2/2025,6/2/2025,HU85077,1,EA,909.09,PUSHER
PO-25-6219,Aeroparts AOG DWC LLC,EMIRATES AIRLINES,6/2/2025,6/2/2025,HU85420,1,EA,909.09,SUPPORT
PO-25-6219,Aeroparts AOG DWC LLC,EMIRATES AIRLINES,6/2/2025,6/2/2025,HU85272,1,EA,909.09,SUPPORT
PO-25-6219,Aeroparts AOG DWC LLC,EMIRATES AIRLINES,6/2/2025,6/2/2025,HU85295,1,EA,909.09,RAM
PO-25-6219,Aeroparts AOG DWC LLC,EMIRATES AIRLINES,6/2/2025,6/2/2025,HU38878,1,EA,909.09,EXTRACTOR-CENTRAL
PO-25-6219,Aeroparts AOG DWC LLC,EMIRATES AIRLINES,6/2/2025,6/2/2025,HU55281-4,1,EA,909.09,Engine cradle
PO-25-6219,Aeroparts AOG DWC LLC,EMIRATES AIRLINES,6/2/2025,6/2/2025,HU85317,1,EA,909.09,"PUSHER, INSTALLATION"
PO-25-6219,Aeroparts AOG DWC LLC,EMIRATES AIRLINES,6/2/2025,6/2/2025,HU41805,1,EA,909.09,ROUND UP RING
PO-25-6219,Aeroparts AOG DWC LLC,EMIRATES AIRLINES,6/2/2025,6/2/2025,HU85056,1,EA,909.09,EXTRACTOR
PO-25-6219,Aeroparts AOG DWC LLC,EMIRATES AIRLINES,6/2/2025,6/2/2025,HU85055,1,EA,909.09,SUPPORT
PO-25-6219,Aeroparts AOG DWC LLC,EMIRATES AIRLINES,6/2/2025,6/2/2025,HU85070,1,EA,909.09,CENTERING SUPPORT
PO-25-6219,Aeroparts AOG DWC LLC,EMIRATES AIRLINES,6/2/2025,6/2/2025,HU55281-4,1,EA,909.09,Engine cradle
PO-25-6219,Aeroparts AOG DWC LLC,EMIRATES AIRLINES,6/2/2025,6/2/2025,1000535,2,EA,454.55,CABLE LIQUID LIGHT GUIDE
PO-25-6219,Aeroparts AOG DWC LLC,EMIRATES AIRLINES,6/2/2025,6/2/2025,HU85075,1,EA,909.09,CENTERING SUPPORT
PO-25-6219,Aeroparts AOG DWC LLC,EMIRATES AIRLINES,6/2/2025,6/2/2025,HU85006,2,EA,454.55,TOOL: ACCESS COVER DRIVE
PO-25-6219,Aeroparts AOG DWC LLC,EMIRATES AIRLINES,6/2/2025,6/2/2025,HU38865,6,EA,151.52,"PIN-GUIDE,HP SYSTEM"
PO-25-6219,Aeroparts AOG DWC LLC,EMIRATES AIRLINES,6/2/2025,6/2/2025,HU85276,1,EA,909.09,EXTRACTOR
PO-25-6219,Aeroparts AOG DWC LLC,EMIRATES AIRLINES,6/2/2025,6/2/2025,HU85057,1,EA,909.09,SUPPORT
PO-25-6219,Aeroparts AOG DWC LLC,EMIRATES AIRLINES,6/2/2025,6/2/2025,HU44564,2,EA,454.55,GUIDE TUBE
PO-25-6219,Aeroparts AOG DWC LLC,EMIRATES AIRLINES,6/2/2025,6/2/2025,HU85020,1,EA,909.09,"SUPPORT, CENTERING"
PO-25-6219,Aeroparts AOG DWC LLC,EMIRATES AIRLINES,6/2/2025,6/2/2025,HU85155,1,EA,909.09,FIXTURE
PO-25-6219,Aeroparts AOG DWC LLC,EMIRATES AIRLINES,6/2/2025,6/2/2025,HU55368-3,4,EA,227.27,PIN PIVOT
PO-25-6219,Aeroparts AOG DWC LLC,EMIRATES AIRLINES,6/2/2025,6/2/2025,HU85239,1,EA,909.09,BOBBIN
PO-25-6219,Aeroparts AOG DWC LLC,EMIRATES AIRLINES,6/2/2025,6/2/2025,HU85238,1,EA,909.09,BOBBIN
PO-25-6219,Aeroparts AOG DWC LLC,EMIRATES AIRLINES,6/2/2025,6/2/2025,HU85028,2,EA,454.55,DRIFT
PO-25-6219,Aeroparts AOG DWC LLC,EMIRATES AIRLINES,6/2/2025,6/2/2025,HU85519,1,EA,909.09,"SUPPORT, CENTERING"
PO-25-6219,Aeroparts AOG DWC LLC,EMIRATES AIRLINES,6/2/2025,6/2/2025,HU85484,2,EA,454.55,EXTRACTOR
PO-25-6219,Aeroparts AOG DWC LLC,EMIRATES AIRLINES,6/2/2025,6/2/2025,HU85509,1,EA,909.09,WRENCH
PO-25-6219,Aeroparts AOG DWC LLC,EMIRATES AIRLINES,6/2/2025,6/2/2025,HU85067-1,1,EA,909.09,CENTERING SUPPORT
PO-25-6219,Aeroparts AOG DWC LLC,EMIRATES AIRLINES,6/2/2025,6/2/2025,HU85060,1,EA,909.09,EXTRACTOR
PO-25-6219,Aeroparts AOG DWC LLC,EMIRATES AIRLINES,6/2/2025,6/2/2025,HU38555,2,EA,454.55,TOOL: ALIGNMENT TORQUE
PO-25-6219,Aeroparts AOG DWC LLC,EMIRATES AIRLINES,6/2/2025,6/2/2025,HU85227,2,EA,454.55,SEAL FITTING TOOL
PO-25-6219,Aeroparts AOG DWC LLC,EMIRATES AIRLINES,6/2/2025,6/2/2025,J78006-1,3,EA,303.03,TOOL: T/R COWL HOLD OPEN
PO-25-6219,Aeroparts AOG DWC LLC,EMIRATES AIRLINES,6/2/2025,6/2/2025,HU85023-1,1,EA,909.09,ADPTOR PUSHER.
PO-25-6219,Aeroparts AOG DWC LLC,EMIRATES AIRLINES,6/2/2025,6/2/2025,HU85024,1,EA,909.09,PULLER
PO-25-6219,Aeroparts AOG DWC LLC,EMIRATES AIRLINES,6/2/2025,6/2/2025,J78005-5,10,EA,90.91,PROTECTOR THREAD RR
PO-25-6219,Aeroparts AOG DWC LLC,EMIRATES AIRLINES,6/2/2025,6/2/2025,HU56101,1,EA,909.09,HOIST SLING
PO-25-6219,Aeroparts AOG DWC LLC,EMIRATES AIRLINES,6/2/2025,6/2/2025,HU85528,1,EA,909.09,TOOL
PO-25-6219,Aeroparts AOG DWC LLC,EMIRATES AIRLINES,6/2/2025,6/2/2025,HU85080,1,EA,909.09,EXTRACTOR
PO-25-6219,Aeroparts AOG DWC LLC,EMIRATES AIRLINES,6/2/2025,6/2/2025,HU85419,1,EA,909.09,IMMOBILISER
PO-25-6219,Aeroparts AOG DWC LLC,EMIRATES AIRLINES,6/2/2025,6/2/2025,HU85486,1,EA,909.09,TOOL
PO-25-6219,Aeroparts AOG DWC LLC,EMIRATES AIRLINES,6/2/2025,6/2/2025,HU85302,2,EA,454.55,TOOL: ANTI ROTATION KEY
PO-25-6219,Aeroparts AOG DWC LLC,EMIRATES AIRLINES,6/2/2025,6/2/2025,HU38235,4,EA,227.27,"CLAMP-RING,SHOP"
PO-25-6219,Aeroparts AOG DWC LLC,EMIRATES AIRLINES,6/2/2025,6/2/2025,HU85307,2,EA,454.55,TOOL: WASHER GEAR BOX
PO-25-6219,Aeroparts AOG DWC LLC,EMIRATES AIRLINES,6/2/2025,6/2/2025,HU38460,3,EA,303.03,SPACER-SUPPORT AND
PO-25-6219,Aeroparts AOG DWC LLC,EMIRATES AIRLINES,6/2/2025,6/2/2025,HU85316,1,EA,909.09,CUTTER
PO-25-6219,Aeroparts AOG DWC LLC,EMIRATES AIRLINES,6/2/2025,6/2/2025,HU85092,1,EA,909.09,SUPPORT
PO-25-6219,Aeroparts AOG DWC LLC,EMIRATES AIRLINES,6/2/2025,6/2/2025,HU31047-3,1,EA,909.09,Socket wrench adapter
PO-25-6219,Aeroparts AOG DWC LLC,EMIRATES AIRLINES,6/2/2025,6/2/2025,HU39043,1,EA,909.09,LOCATION BRACKET
PO-25-6219,Aeroparts AOG DWC LLC,EMIRATES AIRLINES,6/2/2025,6/2/2025,HU41620,4,EA,227.27,CLAMP
PO-25-6219,Aeroparts AOG DWC LLC,EMIRATES AIRLINES,6/2/2025,6/2/2025,HU85424,1,EA,909.09,SUPPORT
PO-25-6219,Aeroparts AOG DWC LLC,EMIRATES AIRLINES,6/2/2025,6/2/2025,HU85138,1,EA,909.09,WASHER
PO-25-6219,Aeroparts AOG DWC LLC,EMIRATES AIRLINES,6/2/2025,6/2/2025,HU85076,1,EA,909.09,SUPPORT
PO-25-6219,Aeroparts AOG DWC LLC,EMIRATES AIRLINES,6/2/2025,6/2/2025,HU37561,4,EA,227.27,Support tool
PO-25-6219,Aeroparts AOG DWC LLC,EMIRATES AIRLINES,6/2/2025,6/2/2025,HU55418-5,2,EA,454.55,PIN
PO-25-6219,Aeroparts AOG DWC LLC,EMIRATES AIRLINES,6/2/2025,6/2/2025,HU55396,2,EA,454.55,TOOL: LOWER NOSE COWL
PO-25-6219,Aeroparts AOG DWC LLC,EMIRATES AIRLINES,6/2/2025,6/2/2025,S535A22,1,EA,909.09,TOOL: TORQUE TESTER
PO-25-6219,Aeroparts AOG DWC LLC,EMIRATES AIRLINES,6/2/2025,6/2/2025,HU85169,1,EA,909.09,SUPPORT
PO-25-6219,Aeroparts AOG DWC LLC,EMIRATES AIRLINES,6/2/2025,6/2/2025,HU85139,1,EA,909.09,SPACER
PO-25-6219,Aeroparts AOG DWC LLC,EMIRATES AIRLINES,6/2/2025,6/2/2025,J71031-18,6,EA,151.52,ALIGNMENT/THREAD PROTECTOR
PO-25-6219,Aeroparts AOG DWC LLC,EMIRATES AIRLINES,6/2/2025,6/2/2025,HU55368-3,4,EA,227.27,PIN PIVOT
PO-25-6219,Aeroparts AOG DWC LLC,EMIRATES AIRLINES,6/2/2025,6/2/2025,HU85095,1,EA,909.09,CLAMP
PO-25-6219,Aeroparts AOG DWC LLC,EMIRATES AIRLINES,6/2/2025,6/2/2025,HU55418-3,5,EA,181.82,"PIN, SHOULDER"
PO-25-6219,Aeroparts AOG DWC LLC,EMIRATES AIRLINES,6/2/2025,6/2/2025,HU85415,1,EA,909.09,SUPPORT
PO-25-6219,Aeroparts AOG DWC LLC,EMIRATES AIRLINES,6/2/2025,6/2/2025,1047868,4,EA,227.27,BATTERY
PO-25-6219,Aeroparts AOG DWC LLC,EMIRATES AIRLINES,6/2/2025,6/2/2025,HU37276,1,EA,909.09,TOOL: SUPPORT WEIGHT
PO-25-6219,Aeroparts AOG DWC LLC,EMIRATES AIRLINES,6/2/2025,6/2/2025,HU37975-1,1,EA,909.09,"TRUNNION SUPPORT, LP"
PO-25-6219,Aeroparts AOG DWC LLC,EMIRATES AIRLINES,6/2/2025,6/2/2025,HU42254,1,EA,909.09,RING
PO-25-6219,Aeroparts AOG DWC LLC,EMIRATES AIRLINES,6/2/2025,6/2/2025,HU28653,5,EA,181.82,Stop Bolt
PO-25-6219,Aeroparts AOG DWC LLC,EMIRATES AIRLINES,6/2/2025,6/2/2025,HU55330,1,EA,909.09,TOOL: ADAPTOR SUPPORT
PO-25-6219,Aeroparts AOG DWC LLC,EMIRATES AIRLINES,6/2/2025,6/2/2025,HU55418-5,2,EA,454.55,PIN
PO-25-6219,Aeroparts AOG DWC LLC,EMIRATES AIRLINES,6/2/2025,6/2/2025,HU85123,1,EA,909.09,SPACER
PO-25-6219,Aeroparts AOG DWC LLC,EMIRATES AIRLINES,6/2/2025,6/2/2025,MH14186,6,EA,151.52,BLANK
PO-25-6219,Aeroparts AOG DWC LLC,EMIRATES AIRLINES,6/2/2025,6/2/2025,HU50404-1,1,EA,909.09,"PILOT-GUIDE, FAN"
PO-25-6219,Aeroparts AOG DWC LLC,EMIRATES AIRLINES,6/2/2025,6/2/2025,HU80624-1,1,EA,909.09,TOOL: FIXTURE
PO-25-6219,Aeroparts AOG DWC LLC,EMIRATES AIRLINES,6/2/2025,6/2/2025,J71008-8,2,EA,454.55,TOOL: TORQUE
PO-25-6219,Aeroparts AOG DWC LLC,EMIRATES AIRLINES,6/2/2025,6/2/2025,HU51268,2,EA,454.55,TOOL: TROLLEY LP
PO-25-6219,Aeroparts AOG DWC LLC,EMIRATES AIRLINES,6/2/2025,6/2/2025,HU38629,1,EA,909.09,PLIER TORQUE TIGHTEN FAN
PO-25-6219,Aeroparts AOG DWC LLC,EMIRATES AIRLINES,6/2/2025,6/2/2025,HU37507,1,EA,909.09,RING-SUPPORTING
PO-25-6219,Aeroparts AOG DWC LLC,EMIRATES AIRLINES,6/2/2025,6/2/2025,HU85126,1,EA,909.09,SPACER
PO-25-6219,Aeroparts AOG DWC LLC,EMIRATES AIRLINES,6/2/2025,6/2/2025,HU85117-1,1,EA,909.09,TARGETING TOOL
PO-25-6219,Aeroparts AOG DWC LLC,EMIRATES AIRLINES,6/2/2025,6/2/2025,HU55950,1,EA,909.09,COVER-MVP
PO-25-6219,Aeroparts AOG DWC LLC,EMIRATES AIRLINES,6/2/2025,6/2/2025,HU85453,3,EA,303.03,IMMOBILISER
PO-25-6219,Aeroparts AOG DWC LLC,EMIRATES AIRLINES,6/2/2025,6/2/2025,RX77794,8,EA,113.64,SEAL
PO-25-6219,Aeroparts AOG DWC LLC,EMIRATES AIRLINES,6/2/2025,6/2/2025,RX77793,8,EA,113.64,SEAL
PO-25-6219,Aeroparts AOG DWC LLC,EMIRATES AIRLINES,6/2/2025,6/2/2025,HU37660-1,1,EA,909.09,TOOL: SLEEVE SETTING LP
PO-25-6219,Aeroparts AOG DWC LLC,EMIRATES AIRLINES,6/2/2025,6/2/2025,HU55418-5,4,EA,227.27,PIN
PO-25-6219,Aeroparts AOG DWC LLC,EMIRATES AIRLINES,6/2/2025,6/2/2025,J71009-45,1,EA,1818,UPPER CTL BEAM
PO-25-6219,Aeroparts AOG DWC LLC,EMIRATES AIRLINES,6/2/2025,6/2/2025,HU38554-1,1,EA,909.09,TOOL: PLATE-INDEXING FAN
PO-25-6219,Aeroparts AOG DWC LLC,EMIRATES AIRLINES,6/2/2025,6/2/2025,HU85122,1,EA,909.09,SPACER
PO-25-6219,Aeroparts AOG DWC LLC,EMIRATES AIRLINES,6/2/2025,6/2/2025,HU85121,1,EA,909.09,SPACER
PO-25-6219,Aeroparts AOG DWC LLC,EMIRATES AIRLINES,6/2/2025,6/2/2025,HU80298,4,EA,227.27,FLEXIBLE DRIVE BRUSH
PO-25-6219,Aeroparts AOG DWC LLC,EMIRATES AIRLINES,6/2/2025,6/2/2025,HU41809,1,EA,909.09,Extraction tool
PO-25-6219,Aeroparts AOG DWC LLC,EMIRATES AIRLINES,6/2/2025,6/2/2025,HU85275,2,EA,454.55,EXTRACTOR
PO-25-6219,Aeroparts AOG DWC LLC,EMIRATES AIRLINES,6/2/2025,6/2/2025,HU55683,2,EA,454.55,TOOL: ADJUSTER-SUPPORT
PO-25-6219,Aeroparts AOG DWC LLC,EMIRATES AIRLINES,6/2/2025,6/2/2025,HU85125,1,EA,909.09,SPACER
PO-25-6219,Aeroparts AOG DWC LLC,EMIRATES AIRLINES,6/2/2025,6/2/2025,HU55650,6,EA,151.52,COVER-MVP IP
PO-25-6219,Aeroparts AOG DWC LLC,EMIRATES AIRLINES,6/2/2025,6/2/2025,RX77792,10,EA,90.91,SEAL
PO-25-6219,Aeroparts AOG DWC LLC,EMIRATES AIRLINES,6/2/2025,6/2/2025,HU55280-2DETL3,1,EA,909.09,SHOCK MOUNT LH FRNT
PO-25-6219,Aeroparts AOG DWC LLC,EMIRATES AIRLINES,6/2/2025,6/2/2025,HU55551-1,1,EA,909.09,HOISTING DEVICE
PO-25-6219,Aeroparts AOG DWC LLC,EMIRATES AIRLINES,6/2/2025,6/2/2025,HU55074-2,1,EA,909.09,TOOL: CRADLE-INSTALL/REM
PO-25-6219,Aeroparts AOG DWC LLC,EMIRATES AIRLINES,6/2/2025,6/2/2025,HU55081-1,1,EA,909.09,SLING TURN OVER AGB
PO-25-6219,Aeroparts AOG DWC LLC,EMIRATES AIRLINES,6/2/2025,6/2/2025,HU55336-1,1,EA,909.09,TOOL: STAND PA
PO-25-6219,Aeroparts AOG DWC LLC,EMIRATES AIRLINES,6/2/2025,6/2/2025,HU41818-1,1,EA,909.09,EXTRACTION TOOL
PO-25-6219,Aeroparts AOG DWC LLC,EMIRATES AIRLINES,6/2/2025,6/2/2025,HU85064,1,EA,909.09,EXTRACTOR
PO-25-6219,Aeroparts AOG DWC LLC,EMIRATES AIRLINES,6/2/2025,6/2/2025,HU55550-1,1,EA,909.09,HOISTING DEVICE
PO-25-6219,Aeroparts AOG DWC LLC,EMIRATES AIRLINES,6/2/2025,6/2/2025,HU43468,9,EA,101.01,ALIGNMENT TOOL
PO-25-6219,Aeroparts AOG DWC LLC,EMIRATES AIRLINES,6/2/2025,6/2/2025,HU20242-10,1,EA,909.09,TOOL: SLING LIFT HP
PO-25-6219,Aeroparts AOG DWC LLC,EMIRATES AIRLINES,6/2/2025,6/2/2025,HU41278-1,1,EA,909.09,SPANNER-LPT NUT
PO-25-6219,Aeroparts AOG DWC LLC,EMIRATES AIRLINES,6/2/2025,6/2/2025,HU55418-5,9,EA,101.01,PIN
PO-25-6219,Aeroparts AOG DWC LLC,EMIRATES AIRLINES,6/2/2025,6/2/2025,HU55324-6,4,EA,227.27,ADAPTOR LIFTING
PO-25-6219,Aeroparts AOG DWC LLC,EMIRATES AIRLINES,6/2/2025,6/2/2025,HU55355-3,1,EA,909.09,TOOL: SLING
PO-25-6219,Aeroparts AOG DWC LLC,EMIRATES AIRLINES,6/2/2025,6/2/2025,HU85005-2,1,EA,909.09,"BEAM - HANDLING,EXT. GEARBOX"
PO-25-6219,Aeroparts AOG DWC LLC,EMIRATES AIRLINES,6/2/2025,6/2/2025,HU55108,1,EA,909.09,TOOL: SLING REMOVAL/
PO-25-6219,Aeroparts AOG DWC LLC,EMIRATES AIRLINES,6/2/2025,6/2/2025,HU50304-6,3,EA,303.03,Supporting device
PO-25-6219,Aeroparts AOG DWC LLC,EMIRATES AIRLINES,6/2/2025,6/2/2025,HU85005-1,1,EA,909.09,"BEAN - HANDLING,EXT. GEARBOX"
PO-25-6219,Aeroparts AOG DWC LLC,EMIRATES AIRLINES,6/2/2025,6/2/2025,HU29216-2,1,EA,909.09,TOOL: DISC SLAVE HP
PO-25-6219,Aeroparts AOG DWC LLC,EMIRATES AIRLINES,6/2/2025,6/2/2025,HU55347-1,1,EA,909.09,TOOL: STAND PARK/SHOP
PO-25-6219,Aeroparts AOG DWC LLC,EMIRATES AIRLINES,6/2/2025,6/2/2025,HU55368-3,1,EA,909.09,PIN PIVOT
PO-25-6219,Aeroparts AOG DWC LLC,EMIRATES AIRLINES,6/2/2025,6/2/2025,HU55391-1,1,EA,909.09,TOOL: NOSE COWL STAND
PO-25-6219,Aeroparts AOG DWC LLC,EMIRATES AIRLINES,6/2/2025,6/2/2025,HU55391,1,EA,909.09,TOOL: NOSE COWL STAND
PO-25-6219,Aeroparts AOG DWC LLC,EMIRATES AIRLINES,6/2/2025,6/2/2025,EP48200,1,EA,909.09,DOLLY-FAN COWL
PO-25-6219,Aeroparts AOG DWC LLC,EMIRATES AIRLINES,6/2/2025,6/2/2025,HU55380-2,1,EA,909.09,TRANSPORTATION CONTAINER
PO-25-6219,Aeroparts AOG DWC LLC,EMIRATES AIRLINES,6/2/2025,6/2/2025,HU55148,8,EA,113.64,TOOL: PUMP-THRUST RESERVER
PO-25-6219,Aeroparts AOG DWC LLC,EMIRATES AIRLINES,6/2/2025,6/2/2025,HU55104-1,3,EA,303.03,Container
PO-25-6219,Aeroparts AOG DWC LLC,EMIRATES AIRLINES,6/2/2025,6/2/2025,HU55423-5,1,EA,909.09,CONVEYOR UNIT
PO-25-6219,Aeroparts AOG DWC LLC,EMIRATES AIRLINES,6/2/2025,6/2/2025,HU55381,4,EA,227.27,TOOL: STAND-TRANSPORTATION
PO-25-6219,Aeroparts AOG DWC LLC,EMIRATES AIRLINES,6/2/2025,6/2/2025,HU55062-3,1,EA,909.09,Supporting device
PO-25-6219,Aeroparts AOG DWC LLC,EMIRATES AIRLINES,6/2/2025,6/2/2025,HU87133,3,EA,303.03,TOOL: SLING
PO-25-6219,Aeroparts AOG DWC LLC,EMIRATES AIRLINES,6/2/2025,6/2/2025,HU85303,3,EA,303.03,Container
PO-25-6220,Aeroparts AOG DWC LLC,BOEING FLEET,6/2/2025,6/2/2025,141A3812-1,30,EA,44.83,GENERATOR 
PO-25-6221,Aeroparts AOG DWC LLC,NORDIC AIRCRAFT SYS,6/3/2025,6/3/2025,3250-31,2,EA,750,BALL UNIT
PO-25-6222,Aeroparts AOG DWC LLC,ZCHEM SPECIALITIES PVT LTD,1/13/2025,6/30/2025,ZC-450 MPI,1,EA,49000,ZC-450 MPI Bench Equipment
PO-25-6222,Aeroparts AOG DWC LLC,ZCHEM SPECIALITIES PVT LTD,1/13/2025,6/30/2025,ZC-FP-900 - FPI,1,EA,100000,FPI DIP TANK SYSTEM
PO-25-6223,Aeroparts AOG DWC LLC,C&L AEROSPACE,6/4/2025,6/4/2025,MR-10022NEMB,28,EA,1425,PBE
PO-25-6224,Aeroparts AOG DWC LLC,DASI LLC,6/4/2025,6/4/2025,F1101380-03,2,EA,200,HOUSING EMER LIGHT EXIT SIGN
PO-25-6224,Aeroparts AOG DWC LLC,DASI LLC,6/4/2025,6/4/2025,S3225-216,6,EA,67.05,PACKING
PO-25-6225,Aeroparts AOG DWC LLC,SAFARI AVIATION SERVICES FZE,6/4/2025,6/4/2025,16131784,5,GA,77.33,ARPOSOLVE IPA 735A 
PO-25-6226,Aeroparts AOG DWC LLC,ROTAFILO,6/9/2025,6/9/2025,FREIGHT,1,EA,2250,Freight
PO-25-6226,Aeroparts AOG DWC LLC,ROTAFILO,6/9/2025,6/9/2025,RFENGSTDIAECFM2,3,EA,26500,CFM56-5 ENGINE STAND
PO-25-6227,Aeroparts AOG DWC LLC,Airbus,6/9/2025,6/9/2025,8009431,150,EA,145,SEALING
PO-25-6227,Aeroparts AOG DWC LLC,Airbus,6/9/2025,6/9/2025,F5725777120200,1,EA,775,PIN
PO-25-6227,Aeroparts AOG DWC LLC,Airbus,6/9/2025,6/9/2025,F2527669947600,2,EA,514,STRIP JOINING CARPET
PO-25-6227,Aeroparts AOG DWC LLC,Airbus,6/9/2025,6/9/2025,F5755034820200,2,EA,177,CLEAT
PO-25-6228,Aeroparts AOG DWC LLC,Airbus,6/9/2025,6/9/2025,MA5115,1,EA,29100,ELSD DEVICE
PO-25-6229,Aeroparts AOG DWC LLC,Aerospace Reliance,6/10/2025,6/10/2025,FLOORSIL2-8.8 (310-ML-CARTRIDGE),12,EA,45, PACIFIC BLUE SILICONE SEALANT
PO-25-6230,Aeroparts AOG DWC LLC,Airbus,6/12/2025,6/12/2025,431-0662-006,1,EA,12.1,SCREW
PO-25-6230,Aeroparts AOG DWC LLC,Airbus,6/12/2025,6/12/2025,F1131045420000,1,EA,169,PLACARD
PO-25-6230,Aeroparts AOG DWC LLC,Airbus,6/12/2025,6/12/2025,F5331586120000,1,EA,142,PAD
PO-25-6230,Aeroparts AOG DWC LLC,Airbus,6/12/2025,6/12/2025,ABS0638B16,4,EA,10.84,BACKSHLL
PO-25-6230,Aeroparts AOG DWC LLC,Airbus,6/12/2025,6/12/2025,F2127922320000,1,EA,32.5,EDGING
PO-25-6230,Aeroparts AOG DWC LLC,Airbus,6/12/2025,6/12/2025,F0003011800000,1,EA,1740,ROD
PO-25-6230,Aeroparts AOG DWC LLC,Airbus,6/12/2025,6/12/2025,F0003073101200,1,EA,159,HOSE
PO-25-6230,Aeroparts AOG DWC LLC,Airbus,6/12/2025,6/12/2025,A5461036120000,4,EA,192,SEAL
PO-25-6230,Aeroparts AOG DWC LLC,Airbus,6/12/2025,6/12/2025,F5453043022000,2,EA,207,SEAL
PO-25-6230,Aeroparts AOG DWC LLC,Airbus,6/12/2025,6/12/2025,F5453043020100,2,EA,119,SEAL
PO-25-6231,Aeroparts AOG DWC LLC,AEROSPACE SUPPORT ASSOCIATES LTD,6/13/2025,6/13/2025,NSA937901MA2206,4,EA,20,MODULE
PO-25-6232,Aeroparts AOG DWC LLC,AERO PACIFIC INDUSTRIES LTD,6/13/2025,6/13/2025,21SN04-333,1,EA,600,"SWITCH -FUEL PRESSURE	"
PO-25-6233,Aeroparts AOG DWC LLC,"Falcon Dynamics, Inc",6/13/2025,5/7/2025,1011402-131,10,EA,285,PIVOT
PO-25-6234,Aeroparts AOG DWC LLC,Matty Aviation,6/16/2025,6/16/2025,TEST,1,EA,120000,tes pn 
PO-25-6235,Aeroparts AOG DWC LLC,Airbus,6/17/2025,6/17/2025,F5537111620800,1,EA,1160,FITTING
PO-25-6235,Aeroparts AOG DWC LLC,Airbus,6/17/2025,6/17/2025,E0080-01-10C,5,EA,6.82,BACKSHELL - CONNECTOR
PO-25-6235,Aeroparts AOG DWC LLC,Airbus,6/17/2025,6/17/2025,EN3646A61006DN,1,EA,59.3,CONNECTOR PLUG
PO-25-6235,Aeroparts AOG DWC LLC,Airbus,6/17/2025,6/17/2025,E0080-02-12C,2,EA,13.59,BACKSHELL
PO-25-6235,Aeroparts AOG DWC LLC,Airbus,6/17/2025,6/17/2025,ABS0638B10,10,EA,7.13,BACKSHELL CONNECTOR
PO-25-6235,Aeroparts AOG DWC LLC,Airbus,6/17/2025,6/17/2025,EN3646A61006BN,3,EA,18.1,CONNECTOR - PLUG
PO-25-6235,Aeroparts AOG DWC LLC,Airbus,6/17/2025,6/17/2025,ABS0638A12,5,EA,6.61,BACKSHELL - CONNECTOR
PO-25-6235,Aeroparts AOG DWC LLC,Airbus,6/17/2025,6/17/2025,8-372-05,1,EA,3210,Sensor
PO-25-6235,Aeroparts AOG DWC LLC,Airbus,6/17/2025,6/17/2025,D37LUQ400,1,EA,936,BELLOWS
PO-25-6235,Aeroparts AOG DWC LLC,Airbus,6/17/2025,6/17/2025,F5247162420400,1,EA,447,BUSHING
PO-25-6235,Aeroparts AOG DWC LLC,Airbus,6/17/2025,6/17/2025,F5358972120600,2,EA,246,DOOR SEAL
PO-25-6235,Aeroparts AOG DWC LLC,Airbus,6/17/2025,6/17/2025,EN3646A6083ABN,3,EA,14.17,CONNECTOR PLUG
PO-25-6235,Aeroparts AOG DWC LLC,Airbus,6/17/2025,6/17/2025,NAS1102E3-6,90,EA,1.05,SCREW
PO-25-6235,Aeroparts AOG DWC LLC,Airbus,6/17/2025,6/17/2025,NSA5619-01,70,EA,0.58,WASHER
PO-25-6235,Aeroparts AOG DWC LLC,Airbus,6/17/2025,6/17/2025,E0088-41-100,60,EA,0.64,BONDING LEAD
PO-25-6235,Aeroparts AOG DWC LLC,Airbus,6/17/2025,6/17/2025,ASNA2337-01,4,EA,10.23,FASTNER
PO-25-6236,Aeroparts AOG DWC LLC,PDQ AIRSPARES,6/17/2025,6/17/2025,NAS7204-5,17,EA,5,BOLT
PO-25-6236,Aeroparts AOG DWC LLC,PDQ AIRSPARES,6/17/2025,6/17/2025,ABS0364A26S,2,EA,80,CONNECTOR-RECEPTACLE
PO-25-6236,Aeroparts AOG DWC LLC,PDQ AIRSPARES,6/17/2025,6/17/2025,E0088-06-160,10,EA,1,BONDING JUMPER
PO-25-6237,Aeroparts AOG DWC LLC,UNICAL AVIATION,6/17/2025,6/17/2025,F5725306120000,1,EA,2830,PIN FAIL SAFE
PO-25-6238,Aeroparts AOG DWC LLC,JET INTERNATIONAL COMPANY,6/17/2025,6/17/2025,ABS0364B26P,1,EA,150,CONNECTOR
PO-25-6239,Aeroparts AOG DWC LLC,WENCOR,6/17/2025,6/17/2025,NAS1100-06-8,10,EA,0.7,SCREW
PO-25-6239,Aeroparts AOG DWC LLC,WENCOR,6/17/2025,6/17/2025,MS27291-3,1,EA,18.42,BACKSHELL
PO-25-6239,Aeroparts AOG DWC LLC,WENCOR,6/17/2025,6/17/2025,AS3582-029,25,EA,1.1,PACKING
PO-25-6239,Aeroparts AOG DWC LLC,WENCOR,6/17/2025,6/17/2025,E0088-16-200,1,EA,2.31,BONDING JUMPER
PO-25-6239,Aeroparts AOG DWC LLC,WENCOR,6/17/2025,6/17/2025,NAS1611-116,25,EA,1.84,PACKING
PO-25-6240,Aeroparts AOG DWC LLC,AVIALL,6/17/2025,6/17/2025,ABS1238-26-30B,20,EA,5.47,LMAP
PO-25-6240,Aeroparts AOG DWC LLC,AVIALL,6/17/2025,6/17/2025,ABS1238-26-15B,15,EA,6.71,LAMP
PO-25-6241,Aeroparts AOG DWC LLC,WENCOR,6/17/2025,6/17/2025,MS20392-3C19,1,EA,0.91,PIN
PO-25-6241,Aeroparts AOG DWC LLC,WENCOR,6/17/2025,6/17/2025,NAS1149DN832K,50,EA,0.55,WASHER
PO-25-6241,Aeroparts AOG DWC LLC,WENCOR,6/17/2025,6/17/2025,NAS1096-2-7,50,EA,0.35,SCREW
PO-25-6241,Aeroparts AOG DWC LLC,WENCOR,6/17/2025,6/17/2025,DAN125-4,50,EA,0.91,WASHER 
PO-25-6241,Aeroparts AOG DWC LLC,WENCOR,6/17/2025,6/17/2025,NAS1102-08-8,50,EA,0.26,SCREW
PO-25-6241,Aeroparts AOG DWC LLC,WENCOR,6/17/2025,6/17/2025,ABS0718-03,16,EA,2.9,STUD
PO-25-6241,Aeroparts AOG DWC LLC,WENCOR,6/17/2025,6/17/2025,20001-204,2,EA,118.84,COTTER-PIN
PO-25-6241,Aeroparts AOG DWC LLC,WENCOR,6/17/2025,6/17/2025,DAN169E3-12,100,EA,2.75,SCREW
PO-25-6242,Aeroparts AOG DWC LLC,SATAIR,6/17/2025,6/17/2025,QA07695,6,EA,1320.41,FILTER
PO-25-6243,Aeroparts AOG DWC LLC,DUBUDAT AEROSPACE,6/18/2025,7/18/2025,98F32104003000,1,EA,18880,HANDLING TROLLEY
PO-25-6244,Aeroparts AOG DWC LLC,PROPONENT,6/18/2025,6/18/2025,624912,2,EA,44.05,PACKING
PO-25-6244,Aeroparts AOG DWC LLC,PROPONENT,6/18/2025,6/18/2025,343463,2,EA,19.06,RETAINING RING
PO-25-6244,Aeroparts AOG DWC LLC,PROPONENT,6/18/2025,6/18/2025,NAS1611-119,11,EA,3.13,O-RING
PO-25-6244,Aeroparts AOG DWC LLC,PROPONENT,6/18/2025,6/18/2025,346937,1,EA,1065.15,"SHAFT, CPLG"
PO-25-6245,Aeroparts AOG DWC LLC,DASI LLC,6/18/2025,6/18/2025,8GS406708-28,400,EA,13,LAMP
PO-25-6245,Aeroparts AOG DWC LLC,DASI LLC,6/18/2025,6/18/2025,8GS406707-28,400,EA,12,LAMP
PO-25-6246,Aeroparts AOG DWC LLC,Airbus,6/18/2025,6/18/2025,F5331440121000,2,EA,695,STRIP PTFE
PO-25-6246,Aeroparts AOG DWC LLC,Airbus,6/18/2025,6/18/2025,F5331440820800,10,EA,164,STRIP PTFE
PO-25-6246,Aeroparts AOG DWC LLC,Airbus,6/18/2025,6/18/2025,F5331440820200,2,EA,127,STRIP PTFE
PO-25-6246,Aeroparts AOG DWC LLC,Airbus,6/18/2025,6/18/2025,NAS1153V9R,20,EA,1.59,SCREW
PO-25-6246,Aeroparts AOG DWC LLC,Airbus,6/18/2025,6/18/2025,NSA5084-3,50,EA,0.83,"NUT, CLIP"
PO-25-6246,Aeroparts AOG DWC LLC,Airbus,6/18/2025,6/18/2025,ASNA2001T4-23,40,EA,3.15,SCREW
PO-25-6246,Aeroparts AOG DWC LLC,Airbus,6/18/2025,6/18/2025,EN6092-01,75,EA,4.93,RECEPTACLE
PO-25-6246,Aeroparts AOG DWC LLC,Airbus,6/18/2025,6/18/2025,ASNA2001V3-10,30,EA,1.39,SCREW
PO-25-6246,Aeroparts AOG DWC LLC,Airbus,6/18/2025,6/18/2025,ABS0258-10A,20,EA,1.73,COLLAR
PO-25-6246,Aeroparts AOG DWC LLC,Airbus,6/18/2025,6/18/2025,NSA5031-4-19,5,EA,5.93,BOLT
PO-25-6246,Aeroparts AOG DWC LLC,Airbus,6/18/2025,6/18/2025,F5391505620000,1,EA,195,HOLDER
PO-25-6246,Aeroparts AOG DWC LLC,Airbus,6/18/2025,6/18/2025,ASNA2412B150,1,EA,59.46,ATTACHMENT-RETENTION
PO-25-6246,Aeroparts AOG DWC LLC,Airbus,6/18/2025,6/18/2025,ABS0581V08-06P,6,EA,32.2,FITTING
PO-25-6246,Aeroparts AOG DWC LLC,Airbus,6/18/2025,6/18/2025,EN3646RS61006BN,4,EA,19.99,CONNECTOR
PO-25-6246,Aeroparts AOG DWC LLC,Airbus,6/18/2025,6/18/2025,ABS0638B08,10,EA,3.62,BACKSHELL-CONNECTOR
PO-25-6246,Aeroparts AOG DWC LLC,Airbus,6/18/2025,6/18/2025,ABS0638B10,10,EA,7.13,BACKSHELL CONNECTOR
PO-25-6247,Aeroparts AOG DWC LLC,OMS,6/18/2025,6/18/2025,FRH010041,1,EA,2000,ACTUATOR TWIN MOTOR
PO-25-6248,Aeroparts AOG DWC LLC,PROPONENT,6/18/2025,6/18/2025,EN3646A61203BN,2,EA,50.08,CONNECTOR
PO-25-6248,Aeroparts AOG DWC LLC,PROPONENT,6/18/2025,6/18/2025,NSA5379-6C,2,EA,6.8,WASHER
PO-25-6248,Aeroparts AOG DWC LLC,PROPONENT,6/18/2025,6/18/2025,NAS1790-4R6,5,EA,2.34,BOLT
PO-25-6248,Aeroparts AOG DWC LLC,PROPONENT,6/18/2025,6/18/2025,EN3155-019F2018,6,EA,2.26,CONTACT
PO-25-6248,Aeroparts AOG DWC LLC,PROPONENT,6/18/2025,6/18/2025,E0092-40-250NN,2,EA,5.11,LEAD
PO-25-6249,Aeroparts AOG DWC LLC,LIFT AEROSPACE,6/18/2025,6/18/2025,ZAW382-01,1,EA,900,PRESSURE TRANSDUCER
PO-25-6250,Aeroparts AOG DWC LLC,Airbus,6/19/2025,6/19/2025,CR2248-4-2,120,EA,0.29,RIVET
PO-25-6250,Aeroparts AOG DWC LLC,Airbus,6/19/2025,6/19/2025,MS21250-06010,5,EA,25.67,BOLT
PO-25-6250,Aeroparts AOG DWC LLC,Airbus,6/19/2025,6/19/2025,NSA5050-6C,30,EA,1.91,NUT
PO-25-6250,Aeroparts AOG DWC LLC,Airbus,6/19/2025,6/19/2025,A3611506320000,2,EA,70.6,TAB - LOCK
PO-25-6250,Aeroparts AOG DWC LLC,Airbus,6/19/2025,6/19/2025,EN3646RS61006DN,5,EA,35.57,CONNECTOR
PO-25-6250,Aeroparts AOG DWC LLC,Airbus,6/19/2025,6/19/2025,E0052N8B3ASNE,7,EA,36.1,CONNECTOR
PO-25-6250,Aeroparts AOG DWC LLC,Airbus,6/19/2025,6/19/2025,466-8,2,EA,3080,TEMPERATURE SENSOR
PO-25-6250,Aeroparts AOG DWC LLC,Airbus,6/19/2025,6/19/2025,DAN191C20,50,EA,0.63,RING
PO-25-6250,Aeroparts AOG DWC LLC,Airbus,6/19/2025,6/19/2025,NSA5732-150,4,EA,7.98,ATTACHMENT
PO-25-6250,Aeroparts AOG DWC LLC,Airbus,6/19/2025,6/19/2025,F5358972020400,1,EA,4310,SEAL
PO-25-6250,Aeroparts AOG DWC LLC,Airbus,6/19/2025,6/19/2025,E0080-02-08C,5,EA,8.33,BACKSHELL
PO-25-6250,Aeroparts AOG DWC LLC,Airbus,6/19/2025,6/19/2025,EN3646A6083ADN,1,EA,37.86,CONNECTOR
PO-25-6251,Aeroparts AOG DWC LLC,FINE FIT TRADING & UNIFORMS TAILORING,6/19/2025,6/19/2025,VAT,1,EA,12.5,VAT
PO-25-6251,Aeroparts AOG DWC LLC,FINE FIT TRADING & UNIFORMS TAILORING,6/19/2025,6/19/2025,UNIFORM,8,EA,20.38,UNIFORM
PO-25-6251,Aeroparts AOG DWC LLC,FINE FIT TRADING & UNIFORMS TAILORING,6/19/2025,6/19/2025,UNIFORM,8,EA,40,UNIFORM
PO-25-6253,Aeroparts AOG DWC LLC,"MRO Support, Inc",6/20/2025,6/20/2025,856A1310G01,1,EA,1750,"TOOL KIT, HP TURBINE"
PO-25-6253,Aeroparts AOG DWC LLC,"MRO Support, Inc",6/20/2025,6/20/2025,856A1351P01,1,EA,1100,"GUIDE TUBE, BORESCOPE HP TURBINE SHROUD"
PO-25-6255,Aeroparts AOG DWC LLC,TUFUL WORLD TRADING,6/20/2025,6/20/2025,TAAI2-308120-01,1,EA,332.62,SEAT COVER BOTTOM
PO-25-6256,Aeroparts AOG DWC LLC,AEROMAT,6/23/2025,6/23/2025,336-014-808-0,1,EA,127770,"SPOOL,BOOSTER"
PO-25-6257,Aeroparts AOG DWC LLC,Pacific Air Industries,6/24/2025,6/24/2025,MS24693C307,2,EA,3.2,SCREW
PO-25-6257,Aeroparts AOG DWC LLC,Pacific Air Industries,6/24/2025,6/24/2025,NAS1739B4-6,15,EA,1.38,BLIND RIVET
PO-25-6257,Aeroparts AOG DWC LLC,Pacific Air Industries,6/24/2025,6/24/2025,NAS1739B5-5,15,EA,0.8,BLIND RIVET
PO-25-6257,Aeroparts AOG DWC LLC,Pacific Air Industries,6/24/2025,6/24/2025,CR2248-4-4,15,EA,2,BLIND RIVET
PO-25-6257,Aeroparts AOG DWC LLC,Pacific Air Industries,6/24/2025,6/24/2025,NAS1739B5-3,15,EA,1,BLIND RIVET
PO-25-6257,Aeroparts AOG DWC LLC,Pacific Air Industries,6/24/2025,6/24/2025,HST12WF6-4,13,EA,5.79,HI-LITE
PO-25-6257,Aeroparts AOG DWC LLC,Pacific Air Industries,6/24/2025,6/24/2025,3604,10,EA,2.24,CLAMP
PO-25-6258,Aeroparts AOG DWC LLC,BOEING DISTRIBUTION SERVICES,6/25/2025,6/25/2025,CR2248-5-6,100,EA,0.89,BLIND RIVET
PO-25-6258,Aeroparts AOG DWC LLC,BOEING DISTRIBUTION SERVICES,6/25/2025,6/25/2025,MS17987C412,2,EA,31.08,QUICK RELEASE PIN
PO-25-6258,Aeroparts AOG DWC LLC,BOEING DISTRIBUTION SERVICES,6/25/2025,6/25/2025,NAS7204-4,31,EA,1.62,BOLT
PO-25-6259,Aeroparts AOG DWC LLC,"GA TELESIS, LLC",6/25/2025,6/25/2025,065-50000-0509,1,EA,5100,SLAT AND FLAP CONTROL COMPUTER
PO-25-6260,Aeroparts AOG DWC LLC,AEROBAY,6/26/2025,6/26/2025,HU80298,1,EA,946,FLEXIBLE DRIVE BRUSH
PO-25-6261,Aeroparts AOG DWC LLC,WOLFE AERO,6/26/2025,6/25/2025,91-536,1,EA,39090.5,HOIST-MINILIFT
PO-25-6262,Aeroparts AOG DWC LLC,Airbus,6/26/2025,6/26/2025,F3231527220000,2,EA,271,PIN
PO-25-6263,Aeroparts AOG DWC LLC,Airbus,6/30/2025,6/30/2025,F0003067300000,1,EA,10730,STRUT-FOLDING
PO-25-6264,Aeroparts AOG DWC LLC,WENCOR,6/30/2025,6/30/2025,NSA5088V5-23,6,EA,9.83,SCREW
PO-25-6264,Aeroparts AOG DWC LLC,WENCOR,6/30/2025,6/30/2025,MS16624-1025,20,EA,0.41,RETAINING-RING
PO-25-6264,Aeroparts AOG DWC LLC,WENCOR,6/30/2025,6/30/2025,NAS1149D0416H,20,EA,0.11,WASHER
PO-25-6264,Aeroparts AOG DWC LLC,WENCOR,6/30/2025,6/30/2025,NAS514P832-5,5,EA,0.14,SCREW
PO-25-6264,Aeroparts AOG DWC LLC,WENCOR,6/30/2025,6/30/2025,MS21062-3,10,EA,3.56,NUT
PO-25-6265,Aeroparts AOG DWC LLC,Airbus,7/1/2025,7/1/2025,ASNA2528-6,10,EA,2.88,NUT
PO-25-6265,Aeroparts AOG DWC LLC,Airbus,7/1/2025,7/1/2025,EN6115V3X4,10,EA,4.6,BOLT
PO-25-6265,Aeroparts AOG DWC LLC,Airbus,7/1/2025,7/1/2025,ASNA2050DXJ4820,60,EA,0.84,RIVET
PO-25-6265,Aeroparts AOG DWC LLC,Airbus,7/1/2025,7/1/2025,ASNA2050DXJ4020,60,EA,0.7,RIVET
PO-25-6265,Aeroparts AOG DWC LLC,Airbus,7/1/2025,7/1/2025,NAS1169T10L,200,EA,0.24,WASHER
PO-25-6265,Aeroparts AOG DWC LLC,Airbus,7/1/2025,7/1/2025,NAS1153V3,60,EA,1.25,SCREW
PO-25-6265,Aeroparts AOG DWC LLC,Airbus,7/1/2025,7/1/2025,NAS1153V4,50,EA,1.23,SCREW
PO-25-6265,Aeroparts AOG DWC LLC,Airbus,7/1/2025,7/1/2025,NAS1153V5,60,EA,0.64,SCREW
PO-25-6265,Aeroparts AOG DWC LLC,Airbus,7/1/2025,7/1/2025,A9232132520000,20,EA,0,WASHER
PO-25-6265,Aeroparts AOG DWC LLC,Airbus,7/1/2025,7/1/2025,NSA5088V5-35,4,EA,23.73,SCREW
PO-25-6265,Aeroparts AOG DWC LLC,Airbus,7/1/2025,7/1/2025,EN3646RS61419DN,1,EA,105.96,CONNECTOR
PO-25-6265,Aeroparts AOG DWC LLC,Airbus,7/1/2025,7/1/2025,D61500-74,2,EA,407,CONNECTOR
PO-25-6265,Aeroparts AOG DWC LLC,Airbus,7/1/2025,7/1/2025,NAS1154V11,20,EA,12.67,SCREW
PO-25-6265,Aeroparts AOG DWC LLC,Airbus,7/1/2025,7/1/2025,ABS0785B05A,5,EA,10.74,BRACKET
PO-25-6265,Aeroparts AOG DWC LLC,Airbus,7/1/2025,7/1/2025,4744003-4,2,EA,69.9,HINGE ARM
PO-25-6265,Aeroparts AOG DWC LLC,Airbus,7/1/2025,7/1/2025,4744033-1,1,EA,87,PIN
PO-25-6265,Aeroparts AOG DWC LLC,Airbus,7/1/2025,7/1/2025,NAS1102E3-10,100,EA,0.44,SCREW-MACH FLAT HEAD
PO-25-6265,Aeroparts AOG DWC LLC,Airbus,7/1/2025,7/1/2025,F5725408900000,10,EA,307,GASKET
PO-25-6265,Aeroparts AOG DWC LLC,Airbus,7/1/2025,7/1/2025,F5725408900200,26,EA,347,GASKET
PO-25-6266,Aeroparts AOG DWC LLC,BOEING FLEET,7/1/2025,5/16/2025,141A4841-106,1,EA,1094,NUT PLATE ASSY
PO-25-6266,Aeroparts AOG DWC LLC,BOEING FLEET,7/1/2025,5/16/2025,141A4841-118,1,EA,1180,NUTPLATE STRIP ASSY
PO-25-6266,Aeroparts AOG DWC LLC,BOEING FLEET,7/1/2025,5/16/2025,141A4841-108,2,EA,682,NUTPLATE STRIP ASSY
PO-25-6266,Aeroparts AOG DWC LLC,BOEING FLEET,7/1/2025,5/16/2025,65C33095-5,3,EA,335,GASKET
PO-25-6266,Aeroparts AOG DWC LLC,BOEING FLEET,7/1/2025,5/16/2025,69B01706-13,2,EA,387,SLEEVE
PO-25-6267,Aeroparts AOG DWC LLC,AERO PACIFIC INDUSTRIES LTD,7/2/2025,7/2/2025,FK19265,1,EA,1200,LINK
PO-25-6268,Aeroparts AOG DWC LLC,PROPONENT,7/2/2025,7/2/2025,9EL406847-00,1,EA,64.65,LENZ
PO-25-6268,Aeroparts AOG DWC LLC,PROPONENT,7/2/2025,7/2/2025,NAS1154V10,15,EA,2.79,SCREW
PO-25-6268,Aeroparts AOG DWC LLC,PROPONENT,7/2/2025,7/2/2025,NAS1153V9,25,EA,1.81,SCREW
PO-25-6268,Aeroparts AOG DWC LLC,PROPONENT,7/2/2025,7/2/2025,EN6115V3X5,5,EA,4.3,BOLT
PO-25-6268,Aeroparts AOG DWC LLC,PROPONENT,7/2/2025,7/2/2025,NAS1102E3-24,40,EA,1.34,SCREW
PO-25-6268,Aeroparts AOG DWC LLC,PROPONENT,7/2/2025,7/2/2025,NAS1102E3-32,30,EA,1.38,SCREW
PO-25-6269,Aeroparts AOG DWC LLC,BOEING FLEET,7/3/2025,7/3/2025,9331M55P02,5,EA,2322,SEAL
PO-25-6270,Aeroparts AOG DWC LLC,"GA TELESIS, LLC",7/4/2025,7/4/2025,1320A0000-02,1,EA,3000,TRIM AIR VALVE
PO-25-6271,Aeroparts AOG DWC LLC,BOEING FLEET,7/7/2025,7/3/2025,31-7741-1,3,EA,1544.8,HOLDER LAMP
PO-25-6272,Aeroparts AOG DWC LLC,TOUCHDOWN AVIATION,7/7/2025,7/7/2025,LA2K2B100DL0000,1,EA,28000,FCPC
PO-25-6272,Aeroparts AOG DWC LLC,TOUCHDOWN AVIATION,7/7/2025,7/7/2025,LA2K2B100DL0000,5,EA,28000,FCPC
PO-25-6273,Aeroparts AOG DWC LLC,J1AERO,7/7/2025,5/8/2025,4A4011-7,1,EA,49000,Emergency Evacuation Slide Assy
PO-25-6274,Aeroparts AOG DWC LLC,SPECIALIST AVIATION LTD,7/8/2025,7/8/2025,FK16589,1,EA,2750,SEAL
PO-25-6275,Aeroparts AOG DWC LLC,"NELSON PARTS, LLC",7/8/2025,7/8/2025,2403-89,1,EA,890,VHF ANTENNA
PO-25-6276,Aeroparts AOG DWC LLC,BOEING FLEET,7/8/2025,7/13/2025,38HM98,1,EA,1190,"SWITCH	"
PO-25-6277,Aeroparts AOG DWC LLC,SATAIR,7/9/2025,7/9/2025,FK21248,1,EA,1602.5,SEAL
PO-25-6278,Aeroparts AOG DWC LLC,SEDA Aerospace Ltd,7/9/2025,7/9/2025,2914114-3,10,EA,10,SPRING TENSION
PO-25-6279,Aeroparts AOG DWC LLC,BOEING FLEET,7/10/2025,7/10/2025,AS1503-37D0050,5,EA,100.48,HOSE
PO-25-6280,Aeroparts AOG DWC LLC,Airbus,7/10/2025,7/10/2025,D2557243520000,30,EA,11,FILTER
PO-25-6280,Aeroparts AOG DWC LLC,Airbus,7/10/2025,7/10/2025,D2557243220000,10,EA,8.7,BRACKET
PO-25-6280,Aeroparts AOG DWC LLC,Airbus,7/10/2025,7/10/2025,D9249107300400,4,EA,53.6,CONNECTOR
PO-25-6280,Aeroparts AOG DWC LLC,Airbus,7/10/2025,7/10/2025,F5218061600000,1,EA,1930,LEVER ASSY-LWR
PO-25-6280,Aeroparts AOG DWC LLC,Airbus,7/10/2025,7/10/2025,F0003157700000,1,EA,192,CLMPBLCK
PO-25-6280,Aeroparts AOG DWC LLC,Airbus,7/10/2025,7/10/2025,F0003157500000,2,EA,121,CLMPBLCK
PO-25-6280,Aeroparts AOG DWC LLC,Airbus,7/10/2025,7/10/2025,F5451138520000,12,EA,140,PLATE
PO-25-6280,Aeroparts AOG DWC LLC,Airbus,7/10/2025,7/10/2025,F5747002020200,10,EA,16.6,SPRING
PO-25-6280,Aeroparts AOG DWC LLC,Airbus,7/10/2025,7/10/2025,ABS0696X2-3-32,22,EA,53.98,STUD
PO-25-6280,Aeroparts AOG DWC LLC,Airbus,7/10/2025,7/10/2025,NAS1726-4E,50,EA,0.57,NUT
PO-25-6280,Aeroparts AOG DWC LLC,Airbus,7/10/2025,7/10/2025,NSA5031-4-5,20,EA,1.89,BOLT
PO-25-6280,Aeroparts AOG DWC LLC,Airbus,7/10/2025,7/10/2025,NSA5031-4-7,30,EA,1.8,BOLT
PO-25-6280,Aeroparts AOG DWC LLC,Airbus,7/10/2025,7/10/2025,EN6069AD5-12,500,EA,0.06,RIVET
PO-25-6280,Aeroparts AOG DWC LLC,Airbus,7/10/2025,7/10/2025,EN6122C05-03H,40,EA,1.16,BOLT
PO-25-6281,Aeroparts AOG DWC LLC,Koolhaas Alphen BV,7/11/2025,7/11/2025,1159SCP408-1,1,EA,6900,"ACTUATOR, SECONDARY LOCK"
PO-25-6282,Aeroparts AOG DWC LLC,"Cypress Air, Inc",7/11/2025,7/11/2025,A5361006320300,1,EA,2500,RETAINER-CENTER
PO-25-6283,Aeroparts AOG DWC LLC,AVIATION PARTS SERVICE,7/11/2025,7/11/2025,A16051-007,4,EA,125,BUSH
PO-25-6284,Aeroparts AOG DWC LLC,DASI LLC,7/11/2025,7/11/2025,NAS1921C04-02,7,EA,3.17,RIVET
PO-25-6284,Aeroparts AOG DWC LLC,DASI LLC,7/11/2025,7/11/2025,NAS1921C05-06,20,EA,6.59,RIVET
PO-25-6284,Aeroparts AOG DWC LLC,DASI LLC,7/11/2025,7/11/2025,NAS1921C05-05,20,EA,3,RIVET
PO-25-6284,Aeroparts AOG DWC LLC,DASI LLC,7/11/2025,7/11/2025,NAS1921C05-04,20,EA,8.25,RIVET
PO-25-6284,Aeroparts AOG DWC LLC,DASI LLC,7/11/2025,7/11/2025,NAS1921C05-03,5,EA,8.25,RIVET
PO-25-6284,Aeroparts AOG DWC LLC,DASI LLC,7/11/2025,7/11/2025,ASNA2529-4,25,EA,0.8,BOLT
PO-25-6284,Aeroparts AOG DWC LLC,DASI LLC,7/11/2025,7/11/2025,ASNA2529-3,19,EA,1.06,"NUT, SELF LOCKING"
PO-25-6285,Aeroparts AOG DWC LLC,SKY GLOBAL SUPPORT,7/11/2025,7/11/2025,98F27407513000,1,EA,2850,"FRAME - SUPPORT, THS AC-TUATOR"
PO-25-6286,Aeroparts AOG DWC LLC,AVIALL SERVICES INC,7/11/2025,7/11/2025,325241-10,15,EA,17.74,PACKING
PO-25-6287,Aeroparts AOG DWC LLC,LIBERTY AERO SERVICES,7/11/2025,7/11/2025,D27510043001AF,1,EA,38000,CONTROL UNIT ASSY-FLAPS
PO-25-6288,Aeroparts AOG DWC LLC,NFF AVIATION,7/11/2025,7/11/2025,ABS0951B3LM002,4,EA,500,SWITCH
PO-25-6289,Aeroparts AOG DWC LLC,BOEING FLEET,7/14/2025,7/14/2025,KIT2040025-305,1,EA,10431,FILTER
PO-25-6290,Aeroparts AOG DWC LLC,WENCOR,7/16/2025,7/16/2025,ASNA2001T3-6,150,EA,2.87,BOLT
PO-25-6290,Aeroparts AOG DWC LLC,WENCOR,7/16/2025,7/16/2025,MS21043-3,6,EA,1.25,SELF LOCKING NUT
PO-25-6290,Aeroparts AOG DWC LLC,WENCOR,7/16/2025,7/16/2025,MS24665-162,8,EA,0.25,PIN
PO-25-6291,Aeroparts AOG DWC LLC,PROPONENT,7/17/2025,7/17/2025,NSA5060-6,2,EA,7.27,NUT
PO-25-6291,Aeroparts AOG DWC LLC,PROPONENT,7/17/2025,7/17/2025,HL10VF8-5,60,EA,3.51,HIN/ALOK PIN
PO-25-6291,Aeroparts AOG DWC LLC,PROPONENT,7/17/2025,7/17/2025,DAN5-8-4,100,EA,2.83,HL PIN
PO-25-6291,Aeroparts AOG DWC LLC,PROPONENT,7/17/2025,7/17/2025,DAN5-5-3,36,EA,1.08,HI-LOK PIN
PO-25-6291,Aeroparts AOG DWC LLC,PROPONENT,7/17/2025,7/17/2025,DIN65399-4020CF,25,EA,1.99,RIVET
PO-25-6292,Aeroparts AOG DWC LLC,GLENDALE INTERNATIONAL,7/17/2025,7/17/2025,ABS-61-2274-1,50,EA,206.4,EMERGENCY LIGHT BATTERY 
PO-25-6293,Aeroparts AOG DWC LLC,ROLLS ROYCE,7/21/2025,7/21/2025,FK10129,2,EA,4744,BRACKET
PO-25-6294,Aeroparts AOG DWC LLC,AERO TECHNIC ME FZCO,7/21/2025,7/21/2025,E72230-09,28,EA,1825.71,GENERATOR
PO-25-6295,Aeroparts AOG DWC LLC,PTD AEROTECHNIC,7/21/2025,7/21/2025,F5725600420100,1,EA,2750,DOOR-NACA DUCT
PO-25-6296,Aeroparts AOG DWC LLC,Airbus,7/22/2025,7/22/2025,HL110VF6-3,20,EA,3.45,PIN
PO-25-6296,Aeroparts AOG DWC LLC,Airbus,7/22/2025,7/22/2025,DAN6-5-3,50,EA,0.66,PIN
PO-25-6296,Aeroparts AOG DWC LLC,Airbus,7/22/2025,7/22/2025,NSA5075-5,200,EA,0.25,COLLAR
PO-25-6296,Aeroparts AOG DWC LLC,Airbus,7/22/2025,7/22/2025,MS14103-10P,2,EA,61.24,BEARING
PO-25-6296,Aeroparts AOG DWC LLC,Airbus,7/22/2025,7/22/2025,ASNA2001T4-23,50,EA,3.15,SCREW
PO-25-6296,Aeroparts AOG DWC LLC,Airbus,7/22/2025,7/22/2025,ASNA2001T4-26,30,EA,2.94,SCREW
PO-25-6296,Aeroparts AOG DWC LLC,Airbus,7/22/2025,7/22/2025,ABS0473-22,1,EA,30.72,MUFF
PO-25-6296,Aeroparts AOG DWC LLC,Airbus,7/22/2025,7/22/2025,NAS7203U12,45,EA,1.05,BOLT
PO-25-6296,Aeroparts AOG DWC LLC,Airbus,7/22/2025,7/22/2025,ABS0376-3-35,100,EA,0.64,SCREW
PO-25-6296,Aeroparts AOG DWC LLC,Airbus,7/22/2025,7/22/2025,EN6115V3-5,40,EA,0.84,BOLT
PO-25-6296,Aeroparts AOG DWC LLC,Airbus,7/22/2025,7/22/2025,F5725600420000,1,EA,5460,DOOR
PO-25-6297,Aeroparts AOG DWC LLC,Air Station Aviation,7/22/2025,7/22/2025,2041446-0401,1,EA,1200,PLANAR ARRAY
PO-25-6298,Aeroparts AOG DWC LLC,SATAIR,7/23/2025,7/23/2025,FK16590,2,EA,3431.33,SEAL ASSY
PO-25-6298,Aeroparts AOG DWC LLC,SATAIR,7/23/2025,7/23/2025,FK16588,2,EA,7984.09,SEAL ASSY
PO-25-6299,Aeroparts AOG DWC LLC,WENCOR,7/23/2025,5/12/2025,MS9902-05,30,EA,22.13,PLUG
PO-25-6300,Aeroparts AOG DWC LLC,AVIALL SERVICES INC,7/23/2025,5/12/2025,45-231-1,280,EA,129.09,TUBE ADJUSTER
PO-25-6301,Aeroparts AOG DWC LLC,DASI LLC,7/23/2025,7/23/2025,697505685,2,EA,17.5,PIN
PO-25-6301,Aeroparts AOG DWC LLC,DASI LLC,7/23/2025,7/23/2025,NAS1739B5-2,31,EA,0.66,BLIND RIVET
PO-25-6301,Aeroparts AOG DWC LLC,DASI LLC,7/23/2025,7/23/2025,NAS1739B5-4,75,EA,0.27,BLIND RIVET
PO-25-6301,Aeroparts AOG DWC LLC,DASI LLC,7/23/2025,7/23/2025,HST12WF6-3,70,EA,1.72,PIN
PO-25-6302,Aeroparts AOG DWC LLC,LONSEAL INC.,7/24/2025,7/24/2025,C2F9895M96,4,RL,3172.07,LONCOIN II FW #9895M96 NAVY BLUE
PO-25-6303,Aeroparts AOG DWC LLC,PROPONENT,7/24/2025,7/24/2025,229455,8,EA,1472.94,GASKET
PO-25-6304,Aeroparts AOG DWC LLC,J&M PRODUCTS,7/25/2025,7/25/2025,AS21919WCH15,18,EA,27.78,CLAMP
PO-25-6305,Aeroparts AOG DWC LLC,HORIZON AIRCRAFT PARTS,7/25/2025,7/25/2025,130590-2,1,EA,3300,PANEL PRESSURE SELECTOR
PO-25-6306,Aeroparts AOG DWC LLC,MINGO AEROSPACE,7/25/2025,7/25/2025,123327-1,10,EA,220,ROLLER ASSEMBLY
PO-25-6306,Aeroparts AOG DWC LLC,MINGO AEROSPACE,7/25/2025,7/25/2025,2955810-3,10,EA,950,ROLLER ASSY
PO-25-6307,Aeroparts AOG DWC LLC,DUBUDAT AEROSPACE,7/25/2025,7/25/2025,98A54403011000,1,EA,6450,TOOL R I-SPIGOT BALL JOINT
PO-25-6308,Aeroparts AOG DWC LLC,"STELLAR AIR SERVICES, LLC",7/25/2025,7/25/2025,MISC-50346,7,EA,450.89,PUMP
PO-25-6309,Aeroparts AOG DWC LLC,Peerless Aerospace,7/25/2025,7/25/2025,PLT5115-06-10,10,EA,71.85,BLIND BOLT
PO-25-6309,Aeroparts AOG DWC LLC,Peerless Aerospace,7/25/2025,7/25/2025,PLT5115-06-09,50,EA,65.91,BLIND BOLT
PO-25-6309,Aeroparts AOG DWC LLC,Peerless Aerospace,7/25/2025,7/25/2025,PLT5115-06-08,10,EA,25.56,BLIND BOLT
PO-25-6310,Aeroparts AOG DWC LLC,SAFARI AVIATION SERVICES FZE,7/28/2025,7/28/2025,VAT,1,EA,307.49,VAT
PO-25-6310,Aeroparts AOG DWC LLC,SAFARI AVIATION SERVICES FZE,7/28/2025,7/28/2025,VAT,1,EA,578.45,VAT
PO-25-6310,Aeroparts AOG DWC LLC,SAFARI AVIATION SERVICES FZE,7/28/2025,7/28/2025,PS870A2-6OZ,2,EA,160.59,Sealant 654 Semkit 6Oz
PO-25-6310,Aeroparts AOG DWC LLC,SAFARI AVIATION SERVICES FZE,7/28/2025,7/28/2025,FLASHBREAKER 1R,2,EA,150.48,GREEN PRESSURE SENSITIVE TAPE
PO-25-6310,Aeroparts AOG DWC LLC,SAFARI AVIATION SERVICES FZE,7/28/2025,7/28/2025,PR1440A1-2,75,EA,85,SEALANT 654 SEMKIT 6OZ
PO-25-6310,Aeroparts AOG DWC LLC,SAFARI AVIATION SERVICES FZE,7/28/2025,7/28/2025,EA934NA-AB,10,EA,519.41,Loctite EA934NA A/B QT KT
PO-25-6310,Aeroparts AOG DWC LLC,SAFARI AVIATION SERVICES FZE,7/28/2025,7/28/2025,PR1440B1-2-6OZ,75,EA,77.72,SEALANT
PO-25-6311,Aeroparts AOG DWC LLC,SKYSPARES LTD,7/28/2025,7/28/2025,ASNA2027V3-8,5,EA,1.8,BOLT
PO-25-6311,Aeroparts AOG DWC LLC,SKYSPARES LTD,7/28/2025,7/28/2025,ASNA2027V3-8,10,EA,2,BOLT
PO-25-6312,Aeroparts AOG DWC LLC,DSC TRADING LLC,7/28/2025,7/28/2025,A5361100220200,1,EA,40,ROLLER
PO-25-6312,Aeroparts AOG DWC LLC,DSC TRADING LLC,7/28/2025,7/28/2025,FK22981,1,EA,300,RUBBER SEAL
PO-25-6312,Aeroparts AOG DWC LLC,DSC TRADING LLC,7/28/2025,7/28/2025,ASNA2532-3,5,EA,0.75,NUT
PO-25-6312,Aeroparts AOG DWC LLC,DSC TRADING LLC,7/28/2025,7/28/2025,NAS1921C04-03,5,EA,1,RIVET
PO-25-6313,Aeroparts AOG DWC LLC,SATAIR,7/28/2025,7/28/2025,FK21251,30,EA,1548.75,SEAL
PO-25-6314,Aeroparts AOG DWC LLC,BOEING FLEET,7/28/2025,7/28/2025,002A0002-502,186,EA,99,SPRING CLIP
PO-25-6315,Aeroparts AOG DWC LLC,Airbus,7/28/2025,7/28/2025,F5347821620200,1,EA,670,BEAM LONGITUDINAL SEAT TRACK
PO-25-6315,Aeroparts AOG DWC LLC,Airbus,7/28/2025,7/28/2025,F0003155400000,2,EA,570,CLAMP BLOCK
PO-25-6315,Aeroparts AOG DWC LLC,Airbus,7/28/2025,7/28/2025,F0003150400000,2,EA,226,CLAMP - BLOCK
PO-25-6315,Aeroparts AOG DWC LLC,Airbus,7/28/2025,7/28/2025,F0003157100000,2,EA,148,CLAMP - BLOCK
PO-25-6315,Aeroparts AOG DWC LLC,Airbus,7/28/2025,7/28/2025,F0003152800000,1,EA,148,CLAMP - BLOCK
PO-25-6315,Aeroparts AOG DWC LLC,Airbus,7/28/2025,7/28/2025,F5746232820200,3,EA,396,BOLT
PO-25-6315,Aeroparts AOG DWC LLC,Airbus,7/28/2025,7/28/2025,F0003006500100,1,EA,4550,SLEEVE
PO-25-6315,Aeroparts AOG DWC LLC,Airbus,7/28/2025,7/28/2025,DAN11-8X,30,EA,0.99,COLLAR
PO-25-6315,Aeroparts AOG DWC LLC,Airbus,7/28/2025,7/28/2025,HL70-8,100,EA,0.68,COLLAR
PO-25-6315,Aeroparts AOG DWC LLC,Airbus,7/28/2025,7/28/2025,DAN5-8-4X,20,EA,2.94,PIN
PO-25-6315,Aeroparts AOG DWC LLC,Airbus,7/28/2025,7/28/2025,HL110VF8-3,30,EA,4.88,PIN
PO-25-6315,Aeroparts AOG DWC LLC,Airbus,7/28/2025,7/28/2025,F5757477320000,2,EA,87.1,WASHER
PO-25-6315,Aeroparts AOG DWC LLC,Airbus,7/28/2025,7/28/2025,F5755033400200,2,EA,1150,STRUT
PO-25-6316,Aeroparts AOG DWC LLC,PROPONENT,7/29/2025,7/29/2025,DAN5-6-3,7,EA,2.77,HI-LOK PIN
PO-25-6316,Aeroparts AOG DWC LLC,PROPONENT,7/29/2025,7/29/2025,DAN6-5-4,30,EA,1.32,HI-LOK PIN
PO-25-6316,Aeroparts AOG DWC LLC,PROPONENT,7/29/2025,7/29/2025,30-75-00011,1,EA,307.1,"CORD, COILED"
PO-25-6316,Aeroparts AOG DWC LLC,PROPONENT,7/29/2025,7/29/2025,ASNA2529-5,15,EA,3.11,NUT
PO-25-6316,Aeroparts AOG DWC LLC,PROPONENT,7/29/2025,7/29/2025,EN6115V4-9,6,EA,3.35,BOLT
PO-25-6316,Aeroparts AOG DWC LLC,PROPONENT,7/29/2025,7/29/2025,EN6115V3-3,34,EA,1.25,BOLT
PO-25-6317,Aeroparts AOG DWC LLC,BOEING DISTRIBUTION SERVICES,7/30/2025,7/30/2025,NAS1921C05-02,25,EA,18.27,BLIND RIVET
PO-25-6317,Aeroparts AOG DWC LLC,BOEING DISTRIBUTION SERVICES,7/30/2025,7/30/2025,AS21919WCH15,18,EA,3.33,CLAMP
PO-25-6317,Aeroparts AOG DWC LLC,BOEING DISTRIBUTION SERVICES,7/30/2025,7/30/2025,ABS0805-13M,18,EA,3.9,CLAMP
PO-25-6317,Aeroparts AOG DWC LLC,BOEING DISTRIBUTION SERVICES,7/30/2025,7/30/2025,EN2997KE508,3,EA,213.46,CONNECTOR
PO-25-6317,Aeroparts AOG DWC LLC,BOEING DISTRIBUTION SERVICES,7/30/2025,7/30/2025,EN2997KE510,3,EA,143.42,CONNECTOR
PO-25-6317,Aeroparts AOG DWC LLC,BOEING DISTRIBUTION SERVICES,7/30/2025,7/30/2025,ABS0805-11,3,EA,8.35,CLAMP
PO-25-6318,Aeroparts AOG DWC LLC,CFM INTERNATIONAL,7/30/2025,7/30/2025,2080M28P10,10,EA,8819,SHROUD-HPT STATOR
PO-25-6319,Aeroparts AOG DWC LLC,WENCOR,7/30/2025,7/30/2025,ASNA2529-3,16,EA,0.91,"NUT, SELF LOCKING"
PO-25-6319,Aeroparts AOG DWC LLC,WENCOR,7/30/2025,7/30/2025,ASNA0113-48ADL,10,EA,0.25,WASHER
PO-25-6319,Aeroparts AOG DWC LLC,WENCOR,7/30/2025,7/30/2025,NAS1102E3-36,50,EA,3.05,SCREW
PO-25-6319,Aeroparts AOG DWC LLC,WENCOR,7/30/2025,7/30/2025,DAN169E3-11,60,EA,2.93,SCREW
PO-25-6319,Aeroparts AOG DWC LLC,WENCOR,7/30/2025,7/30/2025,DAN169E3-8,84,EA,2.9,SCREW
PO-25-6319,Aeroparts AOG DWC LLC,WENCOR,7/30/2025,7/30/2025,ASNA2001T3-6,450,EA,2.87,BOLT
PO-25-6319,Aeroparts AOG DWC LLC,WENCOR,7/30/2025,7/30/2025,MS27291-3,1,EA,18.42,BACKSHELL
PO-25-6319,Aeroparts AOG DWC LLC,WENCOR,7/30/2025,7/30/2025,ABS0376-3-25,300,EA,1.11,BOLT
PO-25-6319,Aeroparts AOG DWC LLC,WENCOR,7/30/2025,7/30/2025,EN6131-3C2,100,EA,3.5,NUT
PO-25-6319,Aeroparts AOG DWC LLC,WENCOR,7/30/2025,7/30/2025,EN6131-3C1,350,EA,2.5,NUT CLIP
PO-25-6319,Aeroparts AOG DWC LLC,WENCOR,7/30/2025,7/30/2025,EN6115V3-4,20,EA,1.9,BOLT
PO-25-6319,Aeroparts AOG DWC LLC,WENCOR,7/30/2025,7/30/2025,Q4631,24,EA,30.85,LAMP
PO-25-6319,Aeroparts AOG DWC LLC,WENCOR,7/30/2025,7/30/2025,NSA5472-7K7,20,EA,5.3,NUT
PO-25-6319,Aeroparts AOG DWC LLC,WENCOR,7/30/2025,7/30/2025,NAS1096-3-8,10,EA,0.28,SCREW
PO-25-6320,Aeroparts AOG DWC LLC,ITS TESTING SERVICES,7/31/2025,7/31/2025,VAT,1,EA,61.27,VAT
PO-25-6320,Aeroparts AOG DWC LLC,ITS TESTING SERVICES,7/31/2025,7/31/2025,HYDRAULIC ANALYSIS,2,EA,204.22,HYDRAULIC ANALYSIS
PO-25-6320,Aeroparts AOG DWC LLC,ITS TESTING SERVICES,7/31/2025,7/31/2025,HYDRAULIC ANALYSIS,2,EA,204.22,HYDRAULIC ANALYSIS
PO-25-6320,Aeroparts AOG DWC LLC,ITS TESTING SERVICES,7/31/2025,7/31/2025,HYDRAULIC ANALYSIS,2,EA,204.22,HYDRAULIC ANALYSIS
PO-25-6321,Aeroparts AOG DWC LLC,"GA TELESIS, LLC",7/31/2025,7/31/2025,3250-81,4,EA,650,BALLAST
PO-25-6322,Aeroparts AOG DWC LLC,SEDA Aerospace Ltd,8/1/2025,8/1/2025,MOV,1,EA,63.9,MINIMUM ORDER VALUE
PO-25-6322,Aeroparts AOG DWC LLC,SEDA Aerospace Ltd,8/1/2025,8/1/2025,HL70-6,19,EA,1.9,HI-LOK
PO-25-6323,Aeroparts AOG DWC LLC,WENCOR,8/1/2025,8/1/2025,768681,5,EA,222.75,COVER
PO-25-6324,Aeroparts AOG DWC LLC,Peerless Aerospace,8/1/2025,8/1/2025,PLT5115-06-12,20,EA,141.89,BLIND BOLT
PO-25-6325,Aeroparts AOG DWC LLC,AERO TECHNIC ME FZCO,8/4/2025,1/17/2025,BACC63BV22B19PN,1,EA,994.14,CONNECTOR
PO-25-6326,Aeroparts AOG DWC LLC,AL HANA OIL FIELD EQUIPMENT TRADING,8/4/2025,8/4/2025,VAT,1,EA,46.29,VAT
PO-25-6326,Aeroparts AOG DWC LLC,AL HANA OIL FIELD EQUIPMENT TRADING,8/4/2025,8/4/2025,P15-350S,1,RL,925.8,FLEECE FLITER
PO-25-6327,Aeroparts AOG DWC LLC,SKYSPARES LTD,8/5/2025,8/5/2025,AN415-5,3,EA,0.92,PIN
PO-25-6327,Aeroparts AOG DWC LLC,SKYSPARES LTD,8/5/2025,8/5/2025,NSA5472-9K7,20,EA,6.5,NUT
PO-25-6327,Aeroparts AOG DWC LLC,SKYSPARES LTD,8/5/2025,8/5/2025,5.0586E+12,12,EA,112.5,REAR SEAT FITTING
PO-25-6328,Aeroparts AOG DWC LLC,Wyatt Aerospace,8/5/2025,8/5/2025,7012-18088-03,1,EA,11000,VALVE
PO-25-6329,Aeroparts AOG DWC LLC,ALARIS AEROSPACE LLC,8/5/2025,8/5/2025,7012-18088-03,1,EA,12000,VALVE
PO-25-6330,Aeroparts AOG DWC LLC,ALESO GLOBAL,8/5/2025,8/5/2025,966A0000-02,1,EA,5600,HEAT EXCHANGER
PO-25-6331,Aeroparts AOG DWC LLC,DASI LLC,8/6/2025,8/6/2025,NAS6405-23D,1,EA,50,BOLT
PO-25-6331,Aeroparts AOG DWC LLC,DASI LLC,8/6/2025,8/6/2025,A5361100320000,1,EA,86.4,SPACER
PO-25-6331,Aeroparts AOG DWC LLC,DASI LLC,8/6/2025,8/6/2025,ASNA2536-3,61,EA,0.88,NUT
PO-25-6331,Aeroparts AOG DWC LLC,DASI LLC,8/6/2025,8/6/2025,F5348609520800,1,EA,155.7,PLATE SHEAR
PO-25-6331,Aeroparts AOG DWC LLC,DASI LLC,8/6/2025,8/6/2025,HL11VF10-7,10,EA,8.68,HI-LOCK
PO-25-6331,Aeroparts AOG DWC LLC,DASI LLC,8/6/2025,8/6/2025,ASNA2397KD10L,34,EA,2.21,WASHER
PO-25-6332,Aeroparts AOG DWC LLC,PROPONENT BATTERY,8/6/2025,8/6/2025,3214-31,6,EA,803,BATTERY
PO-25-6333,Aeroparts AOG DWC LLC,"GA TELESIS, LLC",8/7/2025,8/7/2025,84354350,1,EA,2700,"BREAKER, REMOTE CONT"
PO-25-6334,Aeroparts AOG DWC LLC,BOEING FLEET,8/8/2025,8/8/2025,BACB30MY5K5,100,EA,1.49,BOLT
PO-25-6335,Aeroparts AOG DWC LLC,Pacific Air Industries,8/8/2025,8/8/2025,TA1670-02WD0401,1,EA,133.34,CLIP
PO-25-6335,Aeroparts AOG DWC LLC,Pacific Air Industries,8/8/2025,8/8/2025,F5755033400000,1,EA,674.2,STRUT
PO-25-6335,Aeroparts AOG DWC LLC,Pacific Air Industries,8/8/2025,8/8/2025,F5331637720000,1,EA,200,SPACER
PO-25-6335,Aeroparts AOG DWC LLC,Pacific Air Industries,8/8/2025,8/8/2025,DAN254A4X7X9D,4,EA,0.33,RIVET
PO-25-6335,Aeroparts AOG DWC LLC,Pacific Air Industries,8/8/2025,8/8/2025,NSA5472-8K7,50,EA,2.47,NUT
PO-25-6335,Aeroparts AOG DWC LLC,Pacific Air Industries,8/8/2025,8/8/2025,NSA5516CA28NJ,2,EA,22.91,CLAMP
PO-25-6336,Aeroparts AOG DWC LLC,AVIALL,8/11/2025,7/21/2025,170-15647-990,1,EA,922.04,SHADE
PO-25-6337,Aeroparts AOG DWC LLC,ROLLS ROYCE,8/12/2025,8/12/2025,FK21249,2,EA,352,SEAL
PO-25-6337,Aeroparts AOG DWC LLC,ROLLS ROYCE,8/12/2025,8/12/2025,TA1670-02WD0401,1,EA,180,CLIP
PO-25-6338,Aeroparts AOG DWC LLC,PROPONENT,8/13/2025,8/13/2025,ABS0304A2-11H,5400,CM,0.13,"PROFILE, SILICONE4.5ME LENGTH"
PO-25-6338,Aeroparts AOG DWC LLC,PROPONENT,8/13/2025,8/13/2025,NAS1102E08-8,35,EA,2.15,SCREW
PO-25-6338,Aeroparts AOG DWC LLC,PROPONENT,8/13/2025,8/13/2025,NSA55144-003,113,EA,0.37,"WASHER, LOCK RETAINING"
PO-25-6338,Aeroparts AOG DWC LLC,PROPONENT,8/13/2025,8/13/2025,ASNA2056-01DB,3,EA,17.39,STUD
PO-25-6338,Aeroparts AOG DWC LLC,PROPONENT,8/13/2025,8/13/2025,F2527060120400,4,EA,33.78,MASK
PO-25-6338,Aeroparts AOG DWC LLC,PROPONENT,8/13/2025,8/13/2025,NSA939511-04,32,EA,1.25,COVER
PO-25-6338,Aeroparts AOG DWC LLC,PROPONENT,8/13/2025,8/13/2025,NSA5039-3-5,2,EA,9.16,SCREW
PO-25-6338,Aeroparts AOG DWC LLC,PROPONENT,8/13/2025,8/13/2025,NSA5030-3-3,45,EA,0.92,SCREW
PO-25-6338,Aeroparts AOG DWC LLC,PROPONENT,8/13/2025,8/13/2025,ABS0336-06,50,EA,3,STUD
PO-25-6338,Aeroparts AOG DWC LLC,PROPONENT,8/13/2025,8/13/2025,740001-1,9,EA,79.13,"DISCHARGER-STATIC	"
PO-25-6338,Aeroparts AOG DWC LLC,PROPONENT,8/13/2025,8/13/2025,ABS0551-040,10,EA,6.13,STUD
PO-25-6338,Aeroparts AOG DWC LLC,PROPONENT,8/13/2025,8/13/2025,5L0039100115000,10,EA,36.55,WASHER - LOCK
PO-25-6338,Aeroparts AOG DWC LLC,PROPONENT,8/13/2025,8/13/2025,LN1434-06X16,5,EA,14.49,BOLT
PO-25-6338,Aeroparts AOG DWC LLC,PROPONENT,8/13/2025,8/13/2025,MS29513-266,1,EA,5.23,O-RING
PO-25-6338,Aeroparts AOG DWC LLC,PROPONENT,8/13/2025,8/13/2025,E0091-40-460NN,1,EA,7.07,BONDING JUMPER
PO-25-6338,Aeroparts AOG DWC LLC,PROPONENT,8/13/2025,8/13/2025,NSA8206-273,1,EA,38.95,O-RING
PO-25-6338,Aeroparts AOG DWC LLC,PROPONENT,8/13/2025,8/13/2025,NAS1919M04S03U,56,EA,3.7,RIVET
PO-25-6339,Aeroparts AOG DWC LLC,AERO TECHNIC ME FZCO,8/13/2025,8/13/2025,00-12976-01,2,EA,4252.78,MOLDED ASSY
PO-25-6340,Aeroparts AOG DWC LLC,WENCOR,8/13/2025,8/13/2025,NAS1611-012,25,EA,1.02,O-RING
PO-25-6340,Aeroparts AOG DWC LLC,WENCOR,8/13/2025,8/13/2025,ABS0691-140,15,EA,6.6,STUD
PO-25-6340,Aeroparts AOG DWC LLC,WENCOR,8/13/2025,8/13/2025,NSA5067-08-1,6,EA,1.37,NUT
PO-25-6340,Aeroparts AOG DWC LLC,WENCOR,8/13/2025,8/13/2025,NSA55132-103,7,EA,4.1,STUD
PO-25-6340,Aeroparts AOG DWC LLC,WENCOR,8/13/2025,8/13/2025,ABS0336-07,100,EA,2,STUD
PO-25-6340,Aeroparts AOG DWC LLC,WENCOR,8/13/2025,8/13/2025,ABS0336-11,50,EA,2.5,STUD
PO-25-6341,Aeroparts AOG DWC LLC,RAMARAJAN ELECTROMECHANICAL EQUIPMENT INSTALLATION,8/13/2025,8/13/2025,VAT,1,EA,878.15,VAT
PO-25-6341,Aeroparts AOG DWC LLC,RAMARAJAN ELECTROMECHANICAL EQUIPMENT INSTALLATION,8/13/2025,8/13/2025,DISC,1,EA,-555.48,DISCOUNT
PO-25-6341,Aeroparts AOG DWC LLC,RAMARAJAN ELECTROMECHANICAL EQUIPMENT INSTALLATION,8/13/2025,8/13/2025,LABOR,1,EA,231.45,LABOR
PO-25-6341,Aeroparts AOG DWC LLC,RAMARAJAN ELECTROMECHANICAL EQUIPMENT INSTALLATION,8/13/2025,8/13/2025,LABOR,1,EA,408.44,LABOR
PO-25-6341,Aeroparts AOG DWC LLC,RAMARAJAN ELECTROMECHANICAL EQUIPMENT INSTALLATION,8/13/2025,8/13/2025,LABOR,1,EA,1361.47,LABOR
PO-25-6341,Aeroparts AOG DWC LLC,RAMARAJAN ELECTROMECHANICAL EQUIPMENT INSTALLATION,8/13/2025,8/13/2025,LABOR,1,EA,408.44,LABOR
PO-25-6341,Aeroparts AOG DWC LLC,RAMARAJAN ELECTROMECHANICAL EQUIPMENT INSTALLATION,8/13/2025,8/13/2025,LABOR,1,EA,272.29,LABOR
PO-25-6341,Aeroparts AOG DWC LLC,RAMARAJAN ELECTROMECHANICAL EQUIPMENT INSTALLATION,8/13/2025,8/13/2025,LABOR,1,EA,721.58,LABOR
PO-25-6341,Aeroparts AOG DWC LLC,RAMARAJAN ELECTROMECHANICAL EQUIPMENT INSTALLATION,8/13/2025,8/13/2025,LABOR,1,EA,721.58,LABOR
PO-25-6341,Aeroparts AOG DWC LLC,RAMARAJAN ELECTROMECHANICAL EQUIPMENT INSTALLATION,8/13/2025,8/13/2025,LABOR,1,EA,776.04,LABOR
PO-25-6341,Aeroparts AOG DWC LLC,RAMARAJAN ELECTROMECHANICAL EQUIPMENT INSTALLATION,8/13/2025,8/13/2025,LABOR,1,EA,776.04,LABOR
PO-25-6341,Aeroparts AOG DWC LLC,RAMARAJAN ELECTROMECHANICAL EQUIPMENT INSTALLATION,8/13/2025,8/13/2025,LABOR,1,EA,776.04,LABOR
PO-25-6341,Aeroparts AOG DWC LLC,RAMARAJAN ELECTROMECHANICAL EQUIPMENT INSTALLATION,8/13/2025,8/13/2025,LABOR,1,EA,2314.5,LABOR
PO-25-6341,Aeroparts AOG DWC LLC,RAMARAJAN ELECTROMECHANICAL EQUIPMENT INSTALLATION,8/13/2025,8/13/2025,LABOR,1,EA,939.41,LABOR
PO-25-6341,Aeroparts AOG DWC LLC,RAMARAJAN ELECTROMECHANICAL EQUIPMENT INSTALLATION,8/13/2025,8/13/2025,LABOR,1,EA,776.04,LABOR
PO-25-6341,Aeroparts AOG DWC LLC,RAMARAJAN ELECTROMECHANICAL EQUIPMENT INSTALLATION,8/13/2025,8/13/2025,LABOR,1,EA,776.04,LABOR
PO-25-6341,Aeroparts AOG DWC LLC,RAMARAJAN ELECTROMECHANICAL EQUIPMENT INSTALLATION,8/13/2025,8/13/2025,LABOR,1,EA,2314.5,LABOR
PO-25-6341,Aeroparts AOG DWC LLC,RAMARAJAN ELECTROMECHANICAL EQUIPMENT INSTALLATION,8/13/2025,8/13/2025,LABOR,1,EA,939.41,LABOR
PO-25-6341,Aeroparts AOG DWC LLC,RAMARAJAN ELECTROMECHANICAL EQUIPMENT INSTALLATION,8/13/2025,8/13/2025,LABOR,1,EA,1157.25,LABOR
PO-25-6341,Aeroparts AOG DWC LLC,RAMARAJAN ELECTROMECHANICAL EQUIPMENT INSTALLATION,8/13/2025,8/13/2025,LABOR,3,EA,403,LABOR
PO-25-6341,Aeroparts AOG DWC LLC,RAMARAJAN ELECTROMECHANICAL EQUIPMENT INSTALLATION,8/13/2025,8/13/2025,LABOR,1,EA,231.45,LABOR
PO-25-6341,Aeroparts AOG DWC LLC,RAMARAJAN ELECTROMECHANICAL EQUIPMENT INSTALLATION,8/13/2025,8/13/2025,LABOR,2,EA,503.74,LABOR
PO-25-6342,Aeroparts AOG DWC LLC,DASI LLC,8/14/2025,8/14/2025,PSC738-6U13,10,EA,14,SCREW
PO-25-6342,Aeroparts AOG DWC LLC,DASI LLC,8/14/2025,8/14/2025,E0053R8B3APNE,2,EA,15,CONNECTOR
PO-25-6342,Aeroparts AOG DWC LLC,DASI LLC,8/14/2025,8/14/2025,F5725002400000,1,EA,3000,PANEL ASSY
PO-25-6342,Aeroparts AOG DWC LLC,DASI LLC,8/14/2025,8/14/2025,CR2248-4-3,31,EA,0.65,BLIND RIVET
PO-25-6342,Aeroparts AOG DWC LLC,DASI LLC,8/14/2025,8/14/2025,AS12946,7,EA,3.1,WASHER
PO-25-6342,Aeroparts AOG DWC LLC,DASI LLC,8/14/2025,8/14/2025,DAN254A4X7X7D,55,EA,0.37,RIVET
PO-25-6342,Aeroparts AOG DWC LLC,DASI LLC,8/14/2025,8/14/2025,AS60422,3,EA,16.24,BOLT
PO-25-6342,Aeroparts AOG DWC LLC,DASI LLC,8/14/2025,8/14/2025,F5508054020801,1,EA,95.87,PLATE
PO-25-6342,Aeroparts AOG DWC LLC,DASI LLC,8/14/2025,8/14/2025,F0003150000000,1,EA,137,CLAMPBLOCK
PO-25-6342,Aeroparts AOG DWC LLC,DASI LLC,8/14/2025,8/14/2025,F5218122000600,1,EA,3544,PLATE ASSY - SHEET METAL 
PO-25-6342,Aeroparts AOG DWC LLC,DASI LLC,8/14/2025,8/14/2025,ABS0473-14,2,EA,69.65,MUFF
PO-25-6343,Aeroparts AOG DWC LLC,AERO TECHNIC ME FZCO,8/14/2025,8/14/2025,CR3524-6-05,200,EA,3.65,RIVET
PO-25-6344,Aeroparts AOG DWC LLC,BOEING DISTRIBUTION SERVICES,8/15/2025,8/15/2025,HST11AG8-6,20,EA,2.06,BOLT
PO-25-6345,Aeroparts AOG DWC LLC,AVIALL SERVICES INC,8/15/2025,8/15/2025,RTV157-2-80Z,2,EA,55.68,SEALANT
PO-25-6346,Aeroparts AOG DWC LLC,AVIALL SERVICES INC,8/18/2025,7/3/2025,31-7741-1,3,EA,1544.8,HOLDER LAMP
PO-25-6347,Aeroparts AOG DWC LLC,Aerospace Technical Services,8/18/2025,8/18/2025,D41428,1,EA,980,REDUCER PRESSURE
PO-25-6348,Aeroparts AOG DWC LLC,BOEING FLEET,8/18/2025,8/18/2025,147W2672-5,15,EA,390,CLIP
PO-25-6350,Aeroparts AOG DWC LLC,SAFARI AVIATION SERVICES FZE,8/18/2025,8/18/2025,KB73,3,EA,574.79,ADHESIVE TAPE - INSULATION BLANKET
PO-25-6350,Aeroparts AOG DWC LLC,SAFARI AVIATION SERVICES FZE,8/18/2025,8/18/2025,GS-213,4,EA,51.09,SEALANT TAPE
PO-25-6350,Aeroparts AOG DWC LLC,SAFARI AVIATION SERVICES FZE,8/18/2025,8/18/2025,EA9396AB,2,EA,850.19,LOCTITE EA 9396 AERO EXPOXY PASTE ADHESIVE A/B
PO-25-6350,Aeroparts AOG DWC LLC,SAFARI AVIATION SERVICES FZE,8/18/2025,8/18/2025,EA9394,1,EA,622.31,LOCTITE EA 9394 AERO
PO-25-6350,Aeroparts AOG DWC LLC,SAFARI AVIATION SERVICES FZE,8/18/2025,8/18/2025,AEROSPEC 100,14,EA,625,SEMI-FLUID GREASE
PO-25-6350,Aeroparts AOG DWC LLC,SAFARI AVIATION SERVICES FZE,8/18/2025,8/18/2025,MSRR1064,1,EA,114.16,CHT PRIMER NO6 SILICONE PRIMER
PO-25-6350,Aeroparts AOG DWC LLC,SAFARI AVIATION SERVICES FZE,8/18/2025,8/18/2025,PR-1204,1,EA,295.03,DOWSIL PR 1204 CLEAR SILICON PRIMER
PO-25-6350,Aeroparts AOG DWC LLC,SAFARI AVIATION SERVICES FZE,8/18/2025,8/18/2025,RTV3145,3,EA,120.06,DOWSIL 3145 RTV CLEAR SILICON ADHESIVE SEALANT
PO-25-6351,Aeroparts AOG DWC LLC,Aircraft Parts Distribution,8/19/2025,8/19/2025,HST97DU6,20,EA,45.14,COLLAR
PO-25-6352,Aeroparts AOG DWC LLC,WENCOR,8/19/2025,8/19/2025,MS28775-341,100,EA,2.81,O-RING
PO-25-6353,Aeroparts AOG DWC LLC,SOUTHERN CROSS AVIATION,8/19/2025,8/19/2025,2013-1A,4,EA,3050,EMERGENCY BATTERY
PO-25-6354,Aeroparts AOG DWC LLC,AVIANOR INC,8/20/2025,8/20/2025,BLT5562,6,EA,35,BOLT
PO-25-6354,Aeroparts AOG DWC LLC,AVIANOR INC,8/20/2025,8/20/2025,FW20462,1,EA,1350,SEAL
PO-25-6355,Aeroparts AOG DWC LLC,Airbus,8/20/2025,8/20/2025,F2121588400000,1,EA,6970,DUCT
PO-25-6355,Aeroparts AOG DWC LLC,Airbus,8/20/2025,8/20/2025,A5735003820200,8,EA,73,RING
PO-25-6355,Aeroparts AOG DWC LLC,Airbus,8/20/2025,8/20/2025,F5508054020801,2,EA,140,PLATE
PO-25-6355,Aeroparts AOG DWC LLC,Airbus,8/20/2025,8/20/2025,F5508054020901,3,EA,173,PLATE
PO-25-6355,Aeroparts AOG DWC LLC,Airbus,8/20/2025,8/20/2025,F5725397000000,4,EA,179,PLUG
PO-25-6355,Aeroparts AOG DWC LLC,Airbus,8/20/2025,8/20/2025,DTF55AV360,1,EA,593,HOSE
PO-25-6355,Aeroparts AOG DWC LLC,Airbus,8/20/2025,8/20/2025,NAS1919M04S04U,75,EA,1.03,RIVET
PO-25-6355,Aeroparts AOG DWC LLC,Airbus,8/20/2025,8/20/2025,F2581072000000,1,EA,746,BLANKET
PO-25-6355,Aeroparts AOG DWC LLC,Airbus,8/20/2025,8/20/2025,EN6114K6-8,10,EA,3.77,BOLT
PO-25-6355,Aeroparts AOG DWC LLC,Airbus,8/20/2025,8/20/2025,F5311681520000,1,EA,2500,RAIL
PO-25-6355,Aeroparts AOG DWC LLC,Airbus,8/20/2025,8/20/2025,F2557795420000,20,EA,12.9,FILTER
PO-25-6355,Aeroparts AOG DWC LLC,Airbus,8/20/2025,8/20/2025,LN9198-4820CF,90,EA,0.5,RIVET
PO-25-6355,Aeroparts AOG DWC LLC,Airbus,8/20/2025,8/20/2025,F5391622620101,1,EA,204,BRACKET
PO-25-6355,Aeroparts AOG DWC LLC,Airbus,8/20/2025,8/20/2025,F5391622620001,1,EA,204,BRACKET
PO-25-6355,Aeroparts AOG DWC LLC,Airbus,8/20/2025,8/20/2025,S628-21-95X1-78,100,EA,6.2,PACKING
PO-25-6355,Aeroparts AOG DWC LLC,Airbus,8/20/2025,8/20/2025,2201859-39,2,EA,563,HOSE
PO-25-6355,Aeroparts AOG DWC LLC,Airbus,8/20/2025,8/20/2025,F5755033400000,1,EA,1080,STRUT
PO-25-6355,Aeroparts AOG DWC LLC,Airbus,8/20/2025,8/20/2025,EN3646RS61006DN,2,EA,35.57,CONNECTOR
PO-25-6355,Aeroparts AOG DWC LLC,Airbus,8/20/2025,8/20/2025,D9251122801100,1,EA,111,PLATE
PO-25-6355,Aeroparts AOG DWC LLC,Airbus,8/20/2025,8/20/2025,F5331637720000,1,EA,273,SPACER
PO-25-6356,Aeroparts AOG DWC LLC,AVFLEX,8/20/2025,8/20/2025,8ES005045-00,1,EA,2150,POWER SUPPLY UNIT
PO-25-6358,Aeroparts AOG DWC LLC,AVIATION CONCEPTS,8/22/2025,8/22/2025,A5211070420000,1,EA,300,SPACER
PO-25-6359,Aeroparts AOG DWC LLC,PROPONENT,8/26/2025,8/26/2025,ABS0718A05,360,EA,1.58,STUD
PO-25-6359,Aeroparts AOG DWC LLC,PROPONENT,8/26/2025,8/26/2025,ABS1040-80,57,EA,61.31,BLEED AIR DUCT SEAL
PO-25-6359,Aeroparts AOG DWC LLC,PROPONENT,8/26/2025,8/26/2025,HL94-8,15,EA,4.68,COLLAR
PO-25-6359,Aeroparts AOG DWC LLC,PROPONENT,8/26/2025,8/26/2025,NSA5050-4,30,EA,1.36,NUT
PO-25-6359,Aeroparts AOG DWC LLC,PROPONENT,8/26/2025,8/26/2025,EN6115V4-9,6,EA,3.35,BOLT
PO-25-6359,Aeroparts AOG DWC LLC,PROPONENT,8/26/2025,8/26/2025,NSA8203-237,2,EA,28.06,PACKING
PO-25-6359,Aeroparts AOG DWC LLC,PROPONENT,8/26/2025,8/26/2025,TA025169-08,2,EA,561.81,CLAMP
PO-25-6359,Aeroparts AOG DWC LLC,PROPONENT,8/26/2025,8/26/2025,ABS0718-07,350,EA,1.96,STUD
PO-25-6359,Aeroparts AOG DWC LLC,PROPONENT,8/26/2025,8/26/2025,ABS0718A06,375,EA,1.75,STUD
PO-25-6359,Aeroparts AOG DWC LLC,PROPONENT,8/26/2025,8/26/2025,ABS0718A03,234,EA,1.81,STUD
PO-25-6359,Aeroparts AOG DWC LLC,PROPONENT,8/26/2025,8/26/2025,DIN65399-4020CF,65,EA,1.99,RIVET
PO-25-6360,Aeroparts AOG DWC LLC,WENCOR,8/27/2025,8/27/2025,M25988-4-011,25,EA,1.84,RING
PO-25-6360,Aeroparts AOG DWC LLC,WENCOR,8/27/2025,8/27/2025,M25988-4-240,25,EA,6.2,O-RING
PO-25-6360,Aeroparts AOG DWC LLC,WENCOR,8/27/2025,8/27/2025,A1111013820500,294,EA,15.5,PATCH
PO-25-6360,Aeroparts AOG DWC LLC,WENCOR,8/27/2025,8/27/2025,ABS0901R130,6,EA,7,CLAMP
PO-25-6360,Aeroparts AOG DWC LLC,WENCOR,8/27/2025,8/27/2025,ABS0305KA2-11,210,MTR,7.45,SECTION
PO-25-6360,Aeroparts AOG DWC LLC,WENCOR,8/27/2025,8/27/2025,NAS1149CN816R,75,EA,0.07,WASHER
PO-25-6361,Aeroparts AOG DWC LLC,"ED AVIATION, PROJECT MANAGEMENT & ENGINEERING SL",8/28/2025,8/28/2025,G5757123020000,50,EA,15.5,COVER
PO-25-6362,Aeroparts AOG DWC LLC,AVSTOCK AERO ASSETS TRADING LLC,8/28/2025,8/28/2025,11-811538-1,1,EA,43000,PRECOOLER EXCHANGER
PO-25-6363,Aeroparts AOG DWC LLC,FARSOUND,8/28/2025,8/28/2025,ARM986,4,EA,225,SEAL
PO-25-6364,Aeroparts AOG DWC LLC,DASI LLC,8/28/2025,8/28/2025,R5307008820600,1,EA,1800,RE KIT
PO-25-6364,Aeroparts AOG DWC LLC,DASI LLC,8/28/2025,8/28/2025,U756213,7,EA,7.5,SCREW
PO-25-6364,Aeroparts AOG DWC LLC,DASI LLC,8/28/2025,8/28/2025,BLT5562,3,EA,20.5,BOLT
PO-25-6364,Aeroparts AOG DWC LLC,DASI LLC,8/28/2025,8/28/2025,ASNA2634-224,1,EA,34.76,SLEEVE
PO-25-6364,Aeroparts AOG DWC LLC,DASI LLC,8/28/2025,8/28/2025,ABS0718-04,350,EA,3.4,STUD
PO-25-6364,Aeroparts AOG DWC LLC,DASI LLC,8/28/2025,8/28/2025,ABS0741-6C79,10,EA,23.63,PIN
PO-25-6364,Aeroparts AOG DWC LLC,DASI LLC,8/28/2025,8/28/2025,A5237808920200,4,EA,10.2,GASKET
PO-25-6364,Aeroparts AOG DWC LLC,DASI LLC,8/28/2025,8/28/2025,DCIN112-08,2,EA,365,HINGE ASSY
PO-25-6364,Aeroparts AOG DWC LLC,DASI LLC,8/28/2025,8/28/2025,A5217533322700,1,EA,56.85,SLIDE PROTECT STRIP
PO-25-6364,Aeroparts AOG DWC LLC,DASI LLC,8/28/2025,8/28/2025,A5217533322600,2,EA,46,SLIDE PROTECT STRIP
PO-25-6364,Aeroparts AOG DWC LLC,DASI LLC,8/28/2025,8/28/2025,F5218122000700,1,EA,3900,PLATE ASSYSHEET METAL
PO-25-6365,Aeroparts AOG DWC LLC,PROPONENT,8/28/2025,8/18/2025,MS25988/1-904,100,EA,0.78,ORING
PO-25-6366,Aeroparts AOG DWC LLC,BOEING DISTRIBUTION SERVICES,8/29/2025,8/29/2025,HL82-10A,11,EA,2.35,HI-COLLAR
PO-25-6366,Aeroparts AOG DWC LLC,BOEING DISTRIBUTION SERVICES,8/29/2025,8/29/2025,EN6114K6-9,5,EA,10.37,BOLT
PO-25-6366,Aeroparts AOG DWC LLC,BOEING DISTRIBUTION SERVICES,8/29/2025,8/29/2025,EN6114K6-7,5,EA,6.47,BOLT
PO-25-6366,Aeroparts AOG DWC LLC,BOEING DISTRIBUTION SERVICES,8/29/2025,8/29/2025,ABS0126-12-02,1,EA,380.8,BACKSHELL
PO-25-6367,Aeroparts AOG DWC LLC,AOG-247 LIMITED,8/29/2025,8/29/2025,QA07693,1,EA,4000,HYD. FILTER ASSY
PO-25-6368,Aeroparts AOG DWC LLC,ATLANTA AIR EXCHANGE,8/29/2025,8/29/2025,D41428,1,EA,980,REDUCER PRESSURE
PO-25-6369,Aeroparts AOG DWC LLC,HESTON MATERIALS,8/29/2025,8/29/2025,066-50013-0202,1,EA,4500,DME INTERROGATOR
PO-25-6370,Aeroparts AOG DWC LLC,SKYSPARES LTD,9/1/2025,9/1/2025,CR2248-4-5,10,EA,0.3,BLIND RIVET
PO-25-6370,Aeroparts AOG DWC LLC,SKYSPARES LTD,9/1/2025,9/1/2025,MS21242S05K,1,EA,70,CLEVIS ROD-END
PO-25-6371,Aeroparts AOG DWC LLC,AERO TECHNIC ME FZCO,9/1/2025,9/1/2025,D2907018301400,1,EA,9450,ACCUMULATOR
PO-25-6372,Aeroparts AOG DWC LLC,WENCOR,9/2/2025,9/2/2025,MS35338-137,2,EA,0.23,"WASHER, LOCK"
PO-25-6372,Aeroparts AOG DWC LLC,WENCOR,9/2/2025,9/2/2025,NSA939511-10,13,EA,3.78,COVER
PO-25-6372,Aeroparts AOG DWC LLC,WENCOR,9/2/2025,9/2/2025,A2527576120400,21,EA,152.49,HANDLE SECTION
PO-25-6372,Aeroparts AOG DWC LLC,WENCOR,9/2/2025,9/2/2025,9855DV,2,EA,39.5,DAMPER
PO-25-6373,Aeroparts AOG DWC LLC,"GA TELESIS, LLC",9/3/2025,9/3/2025,A25317-1,1,EA,2500,VALVE
PO-25-6373,Aeroparts AOG DWC LLC,"GA TELESIS, LLC",9/3/2025,9/3/2025,E03A00,1,EA,1050,Engine Pump Fire Valve
PO-25-6374,Aeroparts AOG DWC LLC,Pacific Air Industries,9/3/2025,9/3/2025,E0667A28A0,1,EA,399,RELAY
PO-25-6374,Aeroparts AOG DWC LLC,Pacific Air Industries,9/3/2025,9/3/2025,NAS1100-08-16,44,EA,13.65,SCREW
PO-25-6374,Aeroparts AOG DWC LLC,Pacific Air Industries,9/3/2025,9/3/2025,MS51861-12C,15,EA,0.2,SCREW
PO-25-6374,Aeroparts AOG DWC LLC,Pacific Air Industries,9/3/2025,9/3/2025,NSA8147-05-10,2,EA,4.94,BEARING
PO-25-6374,Aeroparts AOG DWC LLC,Pacific Air Industries,9/3/2025,9/3/2025,BLT5562,1,EA,57.26,BOLT
PO-25-6374,Aeroparts AOG DWC LLC,Pacific Air Industries,9/3/2025,9/3/2025,ABS0691-150,5,EA,14.2,STUD
PO-25-6374,Aeroparts AOG DWC LLC,Pacific Air Industries,9/3/2025,9/3/2025,HL94-6,10,EA,6.21,COLLAR
PO-25-6375,Aeroparts AOG DWC LLC,NORDAM,9/4/2025,9/4/2025,91E079-00,4,EA,250,BUSHING
PO-25-6375,Aeroparts AOG DWC LLC,NORDAM,9/4/2025,9/4/2025,91E075-00,4,EA,300,BUSHING  
PO-25-6376,Aeroparts AOG DWC LLC,OMS,9/5/2025,9/5/2025,822-1338-225,1,EA,5000,ATC Transponder
PO-25-6377,Aeroparts AOG DWC LLC,"GA TELESIS, LLC",9/5/2025,9/5/2025,822-1338-225,1,EA,8400,ATC Transponder
PO-25-6378,Aeroparts AOG DWC LLC,Pacific Air Industries,9/5/2025,9/5/2025,NSA5042-08-165,1,EA,6.39,BOLT
PO-25-6378,Aeroparts AOG DWC LLC,Pacific Air Industries,9/5/2025,9/5/2025,A3611504720000,2,EA,75,SEAL
PO-INTIAL STOCK,Aeroparts AOG DWC LLC,Aeroparts AOG Migration,8/29/2024,8/29/2024,769105A,1,EA,0,AIR CYCLE MACHINE
PO-INTIAL STOCK,Aeroparts AOG DWC LLC,Aeroparts AOG Migration,8/29/2024,8/29/2024,337-108-401-0,1,EA,0,"BEARING, ROLLER NO 5"
PO-INTIAL STOCK,Aeroparts AOG DWC LLC,Aeroparts AOG Migration,8/29/2024,8/29/2024,2083M88P01,1,EA,0,DEFLECTOR
PO-INTIAL STOCK,Aeroparts AOG DWC LLC,Aeroparts AOG Migration,8/29/2024,8/29/2024,622-4540-020,1,EA,0,DME INTERROGATE
PO-INTIAL STOCK,Aeroparts AOG DWC LLC,Aeroparts AOG Migration,8/29/2024,8/29/2024,390-300-241-0,1,EA,0,PLUG IDENTI -5A3 W O PMUX
PO-INTIAL STOCK,Aeroparts AOG DWC LLC,Aeroparts AOG Migration,8/29/2024,8/29/2024,8GH004554-28,2,EA,0,LAMP
PO-INTIAL STOCK,Aeroparts AOG DWC LLC,Aeroparts AOG Migration,8/29/2024,8/29/2024,CN20250020,20,EA,0,HONEYCOMB
PO-2,Aeroparts AOG DWC LLC,ABASCO TOOLS TRADING LLC,7/3/2025,7/3/2025,293-332-30,1,EA,317,DIGITAL MICROMETER
PO-3,Aeroparts AOG DWC LLC,EMIRATES CALIBRATION SERVICES,7/7/2025,7/7/2025,TORQUE MULTIPLIER,1,EA,250,TORQUE MULTIPLIER
PO-3,Aeroparts AOG DWC LLC,EMIRATES CALIBRATION SERVICES,7/7/2025,7/7/2025,DYNAMOMETER,1,EA,250,DYNAMOMETER
PO-3,Aeroparts AOG DWC LLC,EMIRATES CALIBRATION SERVICES,7/7/2025,7/7/2025,EPOCH 650,1,EA,250,OKM KIT LEND KNOB
PO-3,Aeroparts AOG DWC LLC,EMIRATES CALIBRATION SERVICES,7/7/2025,7/7/2025,LG-050,1,EA,250,GAUGE-DIAL PUSH PULL
PO-3,Aeroparts AOG DWC LLC,EMIRATES CALIBRATION SERVICES,7/7/2025,7/7/2025,WT81,1,EA,250,DIGITAL LUX METER
PO-3,Aeroparts AOG DWC LLC,EMIRATES CALIBRATION SERVICES,7/7/2025,7/7/2025,KDTW2020T,1,EA,250,TORQUE WRENCH
PO-3,Aeroparts AOG DWC LLC,EMIRATES CALIBRATION SERVICES,7/7/2025,7/7/2025,KDTW2010T,1,EA,250,TORQUE WRENCH
PO-3,Aeroparts AOG DWC LLC,EMIRATES CALIBRATION SERVICES,7/7/2025,7/7/2025,KDMW30060,1,EA,250,TORQUE WRENCH
PO-3,Aeroparts AOG DWC LLC,EMIRATES CALIBRATION SERVICES,7/7/2025,7/7/2025,QD4N550,1,EA,250,TORQUE WRENCH
PO-3,Aeroparts AOG DWC LLC,EMIRATES CALIBRATION SERVICES,7/7/2025,7/7/2025,4934220,1,EA,250,TORQUE WRENCH
PO-3,Aeroparts AOG DWC LLC,EMIRATES CALIBRATION SERVICES,7/7/2025,7/7/2025,64-452A,1,EA,250,TORQUE WRENCH
PO-3,Aeroparts AOG DWC LLC,EMIRATES CALIBRATION SERVICES,7/7/2025,7/7/2025,64-452A,1,EA,250,TORQUE WRENCH
PO-3,Aeroparts AOG DWC LLC,EMIRATES CALIBRATION SERVICES,7/7/2025,7/7/2025,1108-150,1,EA,250,DIGITAL CALIPER
PO-3,Aeroparts AOG DWC LLC,EMIRATES CALIBRATION SERVICES,7/7/2025,7/7/2025,1108-200,1,EA,250,DIGITAL CALIPER
PO-3,Aeroparts AOG DWC LLC,EMIRATES CALIBRATION SERVICES,7/7/2025,7/7/2025,1108-300,1,EA,250,DIGITAL CALIPER
PO-3,Aeroparts AOG DWC LLC,EMIRATES CALIBRATION SERVICES,7/7/2025,7/7/2025,571-212-30,1,EA,250,DIGITAL CALIPER
PO-3,Aeroparts AOG DWC LLC,EMIRATES CALIBRATION SERVICES,7/7/2025,7/7/2025,571-211-30,1,EA,250,DEPTH GAUGE
PO-3,Aeroparts AOG DWC LLC,EMIRATES CALIBRATION SERVICES,7/7/2025,7/7/2025,293-351-30,1,EA,250,DIGITAL MICROMETER
PO-3,Aeroparts AOG DWC LLC,EMIRATES CALIBRATION SERVICES,7/7/2025,7/7/2025,293-350-10,1,EA,250,DIGITAL MICROMETER
PO-3,Aeroparts AOG DWC LLC,EMIRATES CALIBRATION SERVICES,7/7/2025,7/7/2025,293-343-30,1,EA,250,DIGITAL MICROMETER
PO-3,Aeroparts AOG DWC LLC,EMIRATES CALIBRATION SERVICES,7/7/2025,7/7/2025,293-341-30,1,EA,250,DIGITAL MICROMETER
PO-3,Aeroparts AOG DWC LLC,EMIRATES CALIBRATION SERVICES,7/7/2025,7/7/2025,293-340-30,1,EA,250,DIGITAL MICROMETER
PO-PO-DXB02483-,Aeroparts AOG DWC LLC,AERC-PO-ap Materials,9/2/2024,9/2/2024,CFM56-5A,14,EA,217142,CFM56-5A
PO-PO-DXB02483-,Aeroparts AOG DWC LLC,AERC-PO-ap Materials,9/2/2024,9/2/2024,A319,6,EA,495002,AIRBUS A319
PO-PO-DXB02483-,Aeroparts AOG DWC LLC,AERC-PO-ap Materials,9/2/2024,9/2/2024,A320,2,EA,495000,AIRBUS A320
