ID,Title,Supplier,Date,Company,Currency,Exchange Rate,Status,Order Confirmation Date,ID (Items),Amount (Company Currency) (Items),Condition (Items),Description (Items),PN (Items),Quantity (Items),Rate (Company Currency) (Items),Required By (Items),Stock UOM (Items),UOM (Items),UOM Conversion Factor (Items),Rate (Supplied Items)
PO-24-5538,Purchase Order PO-24-5538,BOEING FLEET,2024-09-17,Aeroparts AOG DWC LLC,USD,1,Draft,2024-09-17,1,5890.0,NE,TRIM-DOOR OPENING,1L500109-625,10,589,2024-12-01,EA,EA,1,589
PO-24-5539,Purchase Order PO-24-5539,BOEING FLEET,2024-09-18,Aeroparts AOG DWC LLC,USD,1,Draft,2024-09-18,1,2299.0,NE,DETECTOR,35553-2-255,1,2299,2025-01-16,EA,EA,1,2299
PO-24-5539,Purchase Order PO-24-5539,BOEING FLEET,2024-09-18,Aeroparts AOG DWC LLC,USD,1,Draft,2024-09-18,2,2274.0,NE,SENSOR,35562-2-310,1,2274,2025-01-16,EA,EA,1,2274
ERC-PO-25027,Purchase Order ERC-PO-25027,DASI LLC,2025-09-05,Royal Aircraft Maintenance Company DWC LLC,USD,1,Draft,2025-09-05,1,296.0,NE,RING,5A1641,4,74,2025-09-05,EA,EA,1,74
ERC-PO-25027,Purchase Order ERC-PO-25027,DASI LLC,2025-09-05,Royal Aircraft Maintenance Company DWC LLC,USD,1,Draft,2025-09-05,2,120.0,NE,RING,5A1641,2,60,2025-09-05,EA,EA,1,60
ERC-PO-25027,Purchase Order ERC-PO-25027,BOEING FLEET,2024-09-18,Royal Aircraft Maintenance Company DWC LLC,USD,1,Draft,2024-09-18,3,20080.5,NE,NUT,63-533,330,60.85,2024-09-18,EA,EA,1,60.85
ERC-PO-25026,Purchase Order ERC-PO-25026,DASI LLC,2025-09-05,Royal Aircraft Maintenance Company DWC LLC,USD,1,Draft,2025-09-05,1,300.0,NE,RING,5A1641,5,60,2025-09-05,EA,EA,1,60
ERC-PO-25022,Purchase Order ERC-PO-25022,YAS INTERNATIONAL DIST.INC,2024-09-19,Royal Aircraft Maintenance Company DWC LLC,USD,1,Draft,2024-09-19,1,2250.0,NE,MIXER ASSY,65-46360-7,1,2250,2024-10-09,EA,EA,1,2250
ERC-PO-25022,Purchase Order ERC-PO-25022,BOEING FLEET,2024-09-19,Royal Aircraft Maintenance Company DWC LLC,USD,1,Draft,2024-09-19,2,81078.0,NE,"AXLE ASSY-MLG, AFL",161W2160-3,1,81078,2024-10-04,EA,EA,1,81078
ERC-PO-25022,Purchase Order ERC-PO-25022,BOEING DISTRIBUTION SERVICES,2024-09-25,Royal Aircraft Maintenance Company DWC LLC,USD,1,Draft,2024-09-25,3,50.94,NE,CONDUIT,NSA935805-06,6,8.49,2024-09-25,EA,EA,1,8.49
ERC-PO-25022,Purchase Order ERC-PO-25022,PROPONENT,2024-09-25,Royal Aircraft Maintenance Company DWC LLC,USD,1,Draft,2024-09-25,4,399.0,NE,TERMINAL,50845-1,100,3.99,2024-09-25,EA,EA,1,3.99
ERC-PO-25025,Purchase Order ERC-PO-25025,SAFARI AVIATION SERVICES FZE,2025-09-04,Royal Aircraft Maintenance Company DWC LLC,USD,1,Draft,2025-09-04,1,2716.7000000000003,NE,Temperature Vibration Damping Tape2 In X 60 Yd,3M-434 (2 INCH),5,543.34,2025-09-04,EA,EA,1,543.34
ERC-PO-25024,Purchase Order ERC-PO-25024,ACE HARDWARE,2025-08-26,Royal Aircraft Maintenance Company DWC LLC,USD,1,Draft,2025-08-26,1,3.1,NE,VAT,VAT,1,3.1,2025-08-26,EA,EA,1,3.1
ERC-PO-25016,Purchase Order ERC-PO-25016,ACE HARDWARE,2025-08-26,Royal Aircraft Maintenance Company DWC LLC,USD,1,Draft,2025-08-26,1,61.98,NE,UNIVERSAL TEMP,UNIVERSAL TEMP,1,61.98,2025-08-26,EA,EA,1,61.98
ERC-PO-25016,Purchase Order ERC-PO-25016,INVENTORY LOCATORY SERVICE LLC,2024-10-03,Royal Aircraft Maintenance Company DWC LLC,USD,1,Draft,2024-10-03,2,171.44,NE,INVOICE REF. 1337656,1337656,1,171.44,2024-10-03,EA,EA,1,171.44
ERC-PO-25016,Purchase Order ERC-PO-25016,CFM INTERNATIONAL,2024-10-09,Royal Aircraft Maintenance Company DWC LLC,USD,1,Draft,2024-10-09,3,17690.0,NE,SEAL-OIL STA,9339M40G05,1,17690,2024-10-16,EA,EA,1,17690
ERC-PO-25016,Purchase Order ERC-PO-25016,SILMID,2025-08-20,Royal Aircraft Maintenance Company DWC LLC,USD,1,Draft,2025-08-20,4,85.36,NE,FUCHS RENOLITE 762 HIGH TEMP JOINTING COMPOUND 200,FUCHS RENOLITE 762,1,85.36,2025-08-20,TB,TB,1,85.36
ERC-PO-25016,Purchase Order ERC-PO-25016,EWB AEROSPACE,2024-10-10,Royal Aircraft Maintenance Company DWC LLC,USD,1,Draft,2024-10-10,5,39000.0,NE,BRAKE ASSY,C20633000,1,39000,2024-10-15,EA,EA,1,39000
ERC-PO-25016,Purchase Order ERC-PO-25016,SAFARI AVIATION SERVICES FZE,2025-08-28,Royal Aircraft Maintenance Company DWC LLC,USD,1,Draft,2025-08-28,6,1.89,NE,VAT,VAT,1,1.89,2025-08-28,EA,EA,1,1.89
ERC-PO-25016,Purchase Order ERC-PO-25016,SILMID,2025-08-20,Royal Aircraft Maintenance Company DWC LLC,USD,1,Draft,2025-08-20,7,967.0,NE,NCP COATINGS TT-P-28GL TYPE I LOW VOC COATING 1USG,TT-P-28,1,967,2025-08-20,CAN,CAN,1,967
ERC-PO-25016,Purchase Order ERC-PO-25016,SILMID,2025-08-20,Royal Aircraft Maintenance Company DWC LLC,USD,1,Draft,2025-08-20,8,27.08,NE,FUCHS PX-7 (S-743) SOFT PETROLATUM TECHNICAL 100GM,DEF STAN 91-38,1,27.08,2025-08-20,CAN,CAN,1,27.08
ERC-PO-25016,Purchase Order ERC-PO-25016,SILMID,2025-08-20,Royal Aircraft Maintenance Company DWC LLC,USD,1,Draft,2025-08-20,9,255.69,NE,ROCOL Anti-Seize 797 500gm Can,DTD900/6128,1,255.69,2025-08-20,CAN,CAN,1,255.69
ERC-PO-25016,Purchase Order ERC-PO-25016,SILMID,2025-08-20,Royal Aircraft Maintenance Company DWC LLC,USD,1,Draft,2025-08-20,10,16.95,NE,Hylomar PL32L (Light) Aerograde 100gm Tube,DTD900/4586,1,16.95,2025-08-20,TB,TB,1,16.95
ERC-PO-25016,Purchase Order ERC-PO-25016,SILMID,2025-08-20,Royal Aircraft Maintenance Company DWC LLC,USD,1,Draft,2025-08-20,11,88.51,NE,ROCOL MTLM 100gm Tube,DEF STAN 80-81,1,88.51,2025-08-20,TB,TB,1,88.51
ERC-PO-25023,Purchase Order ERC-PO-25023,"Taps Aero, LLC",2024-09-19,Royal Aircraft Maintenance Company DWC LLC,USD,1,Draft,2024-09-19,1,2000.0,NE,SWITCH-PUSH BUTTON,D2711004700000,2,1000,2024-09-18,EA,EA,1,1000
ERC-PO-25023,Purchase Order ERC-PO-25023,PROPONENT,2024-09-19,Royal Aircraft Maintenance Company DWC LLC,USD,1,Draft,2024-09-19,2,9170.82,NE,SHOULDER HARNESS ASSY,5017-2050219800,2,4585.41,2024-09-18,EA,EA,1,4585.41
ERC-PO-25019,Purchase Order ERC-PO-25019,AVIALL,2024-09-19,Royal Aircraft Maintenance Company DWC LLC,USD,1,Draft,2024-09-19,1,75.0,NE,NUT,MS21075L3,100,0.75,2024-09-19,EA,EA,1,0.75
ERC-PO-25019,Purchase Order ERC-PO-25019,WENCOR,2024-09-19,Royal Aircraft Maintenance Company DWC LLC,USD,1,Draft,2024-09-19,2,18.0,NE,SCREW,NAS514P1032-10,100,0.18,2024-09-19,EA,EA,1,0.18
ERC-PO-25019,Purchase Order ERC-PO-25019,BOEING DISTRIBUTION SERVICES,2024-09-20,Royal Aircraft Maintenance Company DWC LLC,USD,1,Draft,2024-09-20,3,2790.0,NE,BOLT,MS21250-10056,600,4.65,2024-09-30,EA,EA,1,4.65
ERC-PO-25019,Purchase Order ERC-PO-25019,WENCOR,2024-09-20,Royal Aircraft Maintenance Company DWC LLC,USD,1,Draft,2024-09-20,4,1269.0,NE,LAMP,Q4559X,54,23.5,2024-09-30,EA,EA,1,23.5
ERC-PO-25019,Purchase Order ERC-PO-25019,CFM INTERNATIONAL,2024-09-24,Royal Aircraft Maintenance Company DWC LLC,USD,1,Draft,2024-09-24,5,2439.0,NE,RING-SECTOR SUPPORT,338-118-304-0,1,2439,2024-09-24,EA,EA,1,2439
ERC-PO-25019,Purchase Order ERC-PO-25019,BOEING FLEET,2024-09-24,Royal Aircraft Maintenance Company DWC LLC,USD,1,Draft,2024-09-24,6,3275.0,NE,LINK,310A2022-3,1,3275,2024-09-24,EA,EA,1,3275
ERC-PO-25019,Purchase Order ERC-PO-25019,BOEING FLEET,2024-09-24,Royal Aircraft Maintenance Company DWC LLC,USD,1,Draft,2024-09-24,7,2980.14,NE,BUSHING,310A2028-6,6,496.69,2024-09-24,EA,EA,1,496.69
ERC-PO-25019,Purchase Order ERC-PO-25019,BOEING DISTRIBUTION SERVICES,2024-09-25,Royal Aircraft Maintenance Company DWC LLC,USD,1,Draft,2024-09-25,8,356.5,NE,TERMINAL,NSA936501TA1004,50,7.13,2024-09-25,EA,EA,1,7.13
ERC-PO-25019,Purchase Order ERC-PO-25019,GULF AIRCRAFT & ENGINEERING SERVICES,2025-09-02,Royal Aircraft Maintenance Company DWC LLC,USD,1,Draft,2025-09-02,9,731.0,NE,"FADEC-ENGINE PRESERVATION, FALSE METERING VALVE SI",856A1480G01,1,731,2025-09-02,EA,EA,1,731
ERC-PO-25019,Purchase Order ERC-PO-25019,BOEING DISTRIBUTION SERVICES,2024-09-25,Royal Aircraft Maintenance Company DWC LLC,USD,1,Draft,2024-09-25,10,311.6,NE,RELAY BASE MODULE,E0250A0S,5,62.32,2024-09-25,EA,EA,1,62.32
ERC-PO-25021,Purchase Order ERC-PO-25021,"RIM Enterprises, LLC",2024-09-27,Royal Aircraft Maintenance Company DWC LLC,USD,1,Draft,2024-09-27,1,2200.0,NE,GCU GENERATOR,5908974-17,1,2200,2024-10-02,EA,EA,1,2200
ERC-PO-25021,Purchase Order ERC-PO-25021,UNITED AEROSPACE CORPORATION,2024-09-30,Royal Aircraft Maintenance Company DWC LLC,USD,1,Draft,2024-09-30,2,2000.0,NE,"SWITCH , PUSH BUTTON",4978-2,1,2000,2024-09-24,EA,EA,1,2000
ERC-PO-25021,Purchase Order ERC-PO-25021,NEAREST EXIT LLC,2024-10-01,Royal Aircraft Maintenance Company DWC LLC,USD,1,Draft,2024-10-01,3,3400.0,NE,FUSE,2-7679-2,1,3400,2024-10-02,EA,EA,1,3400
ERC-PO-25021,Purchase Order ERC-PO-25021,NEAREST EXIT LLC,2024-10-01,Royal Aircraft Maintenance Company DWC LLC,USD,1,Draft,2024-10-01,4,3250.0,NE,FUSE,2-7679-2,1,3250,2024-10-02,EA,EA,1,3250
ERC-PO-25021,Purchase Order ERC-PO-25021,FAST AVIATION,2024-10-01,Royal Aircraft Maintenance Company DWC LLC,USD,1,Draft,2024-10-01,5,5350.0,NE,FUSE,2-8011-1,1,5350,2024-10-02,EA,EA,1,5350
ERC-PO-25021,Purchase Order ERC-PO-25021,BOEING FLEET,2024-10-01,Royal Aircraft Maintenance Company DWC LLC,USD,1,Draft,2024-10-01,6,209.0,NE,BOLT,BACB30VT5HK4,100,2.09,2024-10-02,EA,EA,1,2.09
ERC-PO-25021,Purchase Order ERC-PO-25021,SAFARI AVIATION SERVICES FZE,2025-08-25,Royal Aircraft Maintenance Company DWC LLC,USD,1,Draft,2025-08-25,7,622.33,NE,"ANTI SEIZE GREASE, 8-OZ-CAN",T8EH,1,622.33,2025-08-25,CAN,CAN,1,622.33
ERC-PO-25021,Purchase Order ERC-PO-25021,SAFARI AVIATION SERVICES FZE,2025-08-25,Royal Aircraft Maintenance Company DWC LLC,USD,1,Draft,2025-08-25,8,88.10000000000001,NE,LEAK DETECTOR-TYPE1 8OZ 237 ML,SHERLOCKTP1-80Z,5,17.62,2025-08-25,EA,EA,1,17.62
ERC-PO-25021,Purchase Order ERC-PO-25021,SAFARI AVIATION SERVICES FZE,2025-08-25,Royal Aircraft Maintenance Company DWC LLC,USD,1,Draft,2025-08-25,9,303.71,NE,CLEANING AGENT 1 LTR,CITRASAFE-1LTR,1,303.71,2025-08-25,CAN,CAN,1,303.71
ERC-PO-25021,Purchase Order ERC-PO-25021,SAFARI AVIATION SERVICES FZE,2025-08-25,Royal Aircraft Maintenance Company DWC LLC,USD,1,Draft,2025-08-25,10,654.67,NE,ARDROX 185L 20LTR,ARDROX 185L 20LTR,1,654.67,2025-08-25,PL,PL,1,654.67
ERC-PO-25020,Purchase Order ERC-PO-25020,BOEING FLEET,2024-10-01,Royal Aircraft Maintenance Company DWC LLC,USD,1,Draft,2024-10-01,1,4285.0,NE,VALVE,2670137-101,1,4285,2024-10-01,EA,EA,1,4285
ERC-PO-25020,Purchase Order ERC-PO-25020,AVIALL,2024-10-01,Royal Aircraft Maintenance Company DWC LLC,USD,1,Draft,2024-10-01,2,756.5,NE,LED,72552828-1,50,15.13,2024-10-01,EA,EA,1,15.13
ERC-PO-25020,Purchase Order ERC-PO-25020,BOEING FLEET,2024-10-02,Royal Aircraft Maintenance Company DWC LLC,USD,1,Draft,2024-10-02,3,1018.0,NE,SEAL,113W9389Y2,1,1018,2024-10-02,EA,EA,1,1018
ERC-PO-25020,Purchase Order ERC-PO-25020,VORTEX AVIATION IRELAND LTD,2025-08-22,Royal Aircraft Maintenance Company DWC LLC,USD,1,Draft,2025-08-22,4,0.0,NE,BEAM TORQUE ADAPTER,856A2706G01,1,0,2025-08-22,EA,EA,1,0
ERC-PO-25020,Purchase Order ERC-PO-25020,VORTEX AVIATION IRELAND LTD,2025-08-22,Royal Aircraft Maintenance Company DWC LLC,USD,1,Draft,2025-08-22,5,0.0,NE,"FIXTURE, HANDLING-BOOSTER ROTOR/STATOR ASSEMBLY",856A2705G01,1,0,2025-08-22,EA,EA,1,0
ERC-PO-25020,Purchase Order ERC-PO-25020,VORTEX AVIATION IRELAND LTD,2025-08-22,Royal Aircraft Maintenance Company DWC LLC,USD,1,Draft,2025-08-22,6,0.0,NE,GUIDE  WRENCH ANTI-TORQUE,856A2704G01,1,0,2025-08-22,EA,EA,1,0
ERC-PO-25018,Purchase Order ERC-PO-25018,WENCOR,2025-08-29,Royal Aircraft Maintenance Company DWC LLC,USD,1,Draft,2025-08-29,1,158.85,NE,GASKET,AGS3900,5,31.77,2025-08-29,EA,EA,1,31.77
ERC-PO-25018,Purchase Order ERC-PO-25018,PROPONENT,2024-10-03,Royal Aircraft Maintenance Company DWC LLC,USD,1,Draft,2024-10-03,2,864.14,NE,ARMCAP ASSY,137-00-341-13GB,1,864.14,2024-12-23,EA,EA,1,864.14
ERC-PO-25018,Purchase Order ERC-PO-25018,Aerotrends Aviation,2024-10-03,Royal Aircraft Maintenance Company DWC LLC,USD,1,Draft,2024-10-03,3,139500.0,NE,TIRE,419K62T2,90,1550,2024-09-30,EA,EA,1,1550
ERC-PO-25018,Purchase Order ERC-PO-25018,INVENTORY LOCATORY SERVICE LLC,2024-10-03,Royal Aircraft Maintenance Company DWC LLC,USD,1,Draft,2024-10-03,4,162.59,NE,INVOICE REF. 1319556,1319556,1,162.59,2024-10-03,EA,EA,1,162.59
ERC-PO-25018,Purchase Order ERC-PO-25018,INVENTORY LOCATORY SERVICE LLC,2024-10-03,Royal Aircraft Maintenance Company DWC LLC,USD,1,Draft,2024-10-03,5,142.49,NE,INVOICE REF. 1326702,1326702,1,142.49,2024-10-03,EA,EA,1,142.49
ERC-PO-25018,Purchase Order ERC-PO-25018,EDGAR HAUSMANN GMBH,2025-08-21,Royal Aircraft Maintenance Company DWC LLC,USD,1,Draft,2025-08-21,6,23.5,NE,TORX-INSERT BIT,ZOT40X,10,2.35,2025-08-21,EA,EA,1,2.35
ERC-PO-25018,Purchase Order ERC-PO-25018,EDGAR HAUSMANN GMBH,2025-08-21,Royal Aircraft Maintenance Company DWC LLC,USD,1,Draft,2025-08-21,7,23.5,NE,TORX-INSERT BITS,ZOT30X,10,2.35,2025-08-21,EA,EA,1,2.35
ERC-PO-25018,Purchase Order ERC-PO-25018,EDGAR HAUSMANN GMBH,2025-08-21,Royal Aircraft Maintenance Company DWC LLC,USD,1,Draft,2025-08-21,8,23.5,NE,TORX-INSERT BITS,ZOT10X,10,2.35,2025-08-21,EA,EA,1,2.35
ERC-PO-25018,Purchase Order ERC-PO-25018,EDGAR HAUSMANN GMBH,2025-08-21,Royal Aircraft Maintenance Company DWC LLC,USD,1,Draft,2025-08-21,9,23.5,NE,TORX-INSERT BITS,ZOT9X,10,2.35,2025-08-21,EA,EA,1,2.35
ERC-PO-25018,Purchase Order ERC-PO-25018,EDGAR HAUSMANN GMBH,2025-08-21,Royal Aircraft Maintenance Company DWC LLC,USD,1,Draft,2025-08-21,10,23.5,NE,TORX-INSERT BIT,ZOT8X,10,2.35,2025-08-21,EA,EA,1,2.35
ERC-PO-25015,Purchase Order ERC-PO-25015,AC Aerospace Management,2024-10-07,Royal Aircraft Maintenance Company DWC LLC,USD,1,Draft,2024-10-07,1,105000.0,NE,RE-CERTIFICATION,CERTIFICATION,1,105000,2024-10-07,EA,EA,1,105000
ERC-PO-25015,Purchase Order ERC-PO-25015,AC Aerospace Management,2024-10-07,Royal Aircraft Maintenance Company DWC LLC,USD,1,Draft,2024-10-07,2,500000.0,NE,MAIN GEAR - RH,201490002,1,500000,2024-10-07,EA,EA,1,500000
ERC-PO-25015,Purchase Order ERC-PO-25015,WENCOR,2025-08-18,Royal Aircraft Maintenance Company DWC LLC,USD,1,Draft,2025-08-18,3,98.0,NE,PACKING-PREFORMED,AS3209-010,100,0.98,2025-08-18,EA,EA,1,0.98
ERC-PO-25015,Purchase Order ERC-PO-25015,WENCOR,2025-08-18,Royal Aircraft Maintenance Company DWC LLC,USD,1,Draft,2025-08-18,4,26.75,NE,PACKING,AS3208-02,25,1.07,2025-08-18,EA,EA,1,1.07
ERC-PO-25017,Purchase Order ERC-PO-25017,AC Aerospace Management,2024-10-07,Royal Aircraft Maintenance Company DWC LLC,USD,1,Draft,2024-10-07,1,500000.0,NE,MAIN GEAR - LH,201490001,1,500000,2024-10-07,EA,EA,1,500000
ERC-PO-25017,Purchase Order ERC-PO-25017,AC Aerospace Management,2024-10-07,Royal Aircraft Maintenance Company DWC LLC,USD,1,Draft,2024-10-07,2,400000.0,NE,NLG- A330,D23581100-19,1,400000,2024-10-07,EA,EA,1,400000
ERC-PO-25017,Purchase Order ERC-PO-25017,BOEING FLEET,2024-10-07,Royal Aircraft Maintenance Company DWC LLC,USD,1,Draft,2024-10-07,3,6628.0,NE,CONTROLLER ASSY-INTEGRATED SYS,4100507-001,1,6628,2024-10-07,EA,EA,1,6628
ERC-PO-25017,Purchase Order ERC-PO-25017,PROPONENT,2024-10-08,Royal Aircraft Maintenance Company DWC LLC,USD,1,Draft,2024-10-08,4,864.14,NE,ARMCAP ASSY,137-00-341-13GB,1,864.14,2024-12-23,EA,EA,1,864.14
ERC-PO-25017,Purchase Order ERC-PO-25017,BOEING FLEET,2024-10-08,Royal Aircraft Maintenance Company DWC LLC,USD,1,Draft,2024-10-08,5,1018.0,NE,SEAL,113W9389Y2,1,1018,2024-10-08,EA,EA,1,1018
ERC-PO-25017,Purchase Order ERC-PO-25017,TOP GSE,2024-10-09,Royal Aircraft Maintenance Company DWC LLC,USD,1,Draft,2024-10-09,6,400.0,NE,MICROPHONE,107C800-21,2,200,2024-10-09,EA,EA,1,200
ERC-PO-25017,Purchase Order ERC-PO-25017,AIRCRAFTERS,2024-10-09,Royal Aircraft Maintenance Company DWC LLC,USD,1,Draft,2024-10-09,7,18000.0,NE,BRAKE ASSY-BFG,2-1587-1,1,18000,2024-10-28,EA,EA,1,18000
ERC-PO-25017,Purchase Order ERC-PO-25017,PROPONENT,2025-08-20,Royal Aircraft Maintenance Company DWC LLC,USD,1,Draft,2025-08-20,8,208.5,NE,GASKET,673049,10,20.85,2025-08-20,EA,EA,1,20.85
ERC-PO-25017,Purchase Order ERC-PO-25017,PROPONENT,2025-08-20,Royal Aircraft Maintenance Company DWC LLC,USD,1,Draft,2025-08-20,9,20.0,NE,RING,MS9058-05,10,2,2025-08-20,EA,EA,1,2
ERC-PO-25017,Purchase Order ERC-PO-25017,PROPONENT,2025-08-20,Royal Aircraft Maintenance Company DWC LLC,USD,1,Draft,2025-08-20,10,41.8,NE,O-RING,MS9967-011,20,2.09,2025-08-20,EA,EA,1,2.09
ERC-PO-25017,Purchase Order ERC-PO-25017,PROPONENT,2025-08-20,Royal Aircraft Maintenance Company DWC LLC,USD,1,Draft,2025-08-20,11,39.68,NE,O-RING,MS9967-012,16,2.48,2025-08-20,EA,EA,1,2.48
ERC-PO-25017,Purchase Order ERC-PO-25017,PROPONENT,2025-08-20,Royal Aircraft Maintenance Company DWC LLC,USD,1,Draft,2025-08-20,12,490.69999999999993,NE,"WIRE , LOCKING DIA: CRES NICKEL ALLOY",MS9226-03,7,70.1,2025-08-20,EA,EA,1,70.1
ERC-PO-25017,Purchase Order ERC-PO-25017,PROPONENT,2025-08-20,Royal Aircraft Maintenance Company DWC LLC,USD,1,Draft,2025-08-20,13,32.76,NE,LOCKWIRE 1 LB,AS3214-02,2,16.38,2025-08-20,EA,EA,1,16.38
ERC-PO-25017,Purchase Order ERC-PO-25017,PROPONENT,2025-08-20,Royal Aircraft Maintenance Company DWC LLC,USD,1,Draft,2025-08-20,14,12.85,NE,WIRE-LOCK,MS20995C32,1,12.85,2025-08-20,EA,EA,1,12.85
ERC-PO-25013,Purchase Order ERC-PO-25013,WENCOR,2024-10-10,Royal Aircraft Maintenance Company DWC LLC,USD,1,Draft,2024-10-10,1,72.0,NE,PIN,MS24665-155,600,0.12,2024-10-09,EA,EA,1,0.12
ERC-PO-25013,Purchase Order ERC-PO-25013,INTERNATIONAL AERO ENGINES,2025-08-22,Royal Aircraft Maintenance Company DWC LLC,USD,1,Draft,2025-08-22,2,1111.5,NE,RING-SEALING,AS43013-125,50,22.23,2025-08-22,EA,EA,1,22.23
ERC-PO-25013,Purchase Order ERC-PO-25013,INTERNATIONAL AERO ENGINES,2025-08-22,Royal Aircraft Maintenance Company DWC LLC,USD,1,Draft,2025-08-22,3,799.3000000000001,NE,GASKET,6A4181,10,79.93,2025-08-22,EA,EA,1,79.93
ERC-PO-25013,Purchase Order ERC-PO-25013,INTERNATIONAL AERO ENGINES,2025-08-22,Royal Aircraft Maintenance Company DWC LLC,USD,1,Draft,2025-08-22,4,664.9,NE,"GASKET, CORRUOINT",6A4139,10,66.49,2025-08-22,EA,EA,1,66.49
ERC-PO-25013,Purchase Order ERC-PO-25013,INTERNATIONAL AERO ENGINES,2025-08-22,Royal Aircraft Maintenance Company DWC LLC,USD,1,Draft,2025-08-22,5,0.0,NE,"BOLT .250 DIA X 0.938, V25",4W0169,10,0,2025-08-22,EA,EA,1,0
ERC-PO-25013,Purchase Order ERC-PO-25013,INTERNATIONAL AERO ENGINES,2025-08-22,Royal Aircraft Maintenance Company DWC LLC,USD,1,Draft,2025-08-22,6,2040.0,NE,SEAL C- METAL,2A1470,16,127.5,2025-08-22,EA,EA,1,127.5
ERC-PO-25013,Purchase Order ERC-PO-25013,INTERNATIONAL AERO ENGINES,2025-08-22,Royal Aircraft Maintenance Company DWC LLC,USD,1,Draft,2025-08-22,7,1913.6,NE,SEAL-C METAL,2A0696,16,119.6,2025-08-22,EA,EA,1,119.6
ERC-PO-25013,Purchase Order ERC-PO-25013,INTERNATIONAL AERO ENGINES,2025-08-22,Royal Aircraft Maintenance Company DWC LLC,USD,1,Draft,2025-08-22,8,0.0,NE,NUT-TUBE,MS9197-09,10,0,2025-08-22,EA,EA,1,0
ERC-PO-25013,Purchase Order ERC-PO-25013,ROTAFILO,2025-08-14,Royal Aircraft Maintenance Company DWC LLC,USD,1,Draft,2025-08-14,9,3378.0,NE,LPT SUPPORT BRACKET SET,856A1471G02,3,1126,2025-08-14,EA,EA,1,1126
ERC-PO-25013,Purchase Order ERC-PO-25013,ROTAFILO,2025-08-14,Royal Aircraft Maintenance Company DWC LLC,USD,1,Draft,2025-08-14,10,10074.0,NE,SUPPORT,856A1313G03,3,3358,2025-08-14,EA,EA,1,3358
ERC-PO-25013,Purchase Order ERC-PO-25013,ROTAFILO,2025-08-14,Royal Aircraft Maintenance Company DWC LLC,USD,1,Draft,2025-08-14,11,16965.0,NE,"PEDESTAL, FIXED",IAE1F10028,5,3393,2025-08-14,EA,EA,1,3393
ERC-PO-25013,Purchase Order ERC-PO-25013,ROTAFILO,2025-08-14,Royal Aircraft Maintenance Company DWC LLC,USD,1,Draft,2025-08-14,12,3394.0,NE,PEDESTAL ADJUSTABLE,IAE1F10085,1,3394,2025-08-14,EA,EA,1,3394
ERC-PO-25013,Purchase Order ERC-PO-25013,ROTAFILO,2025-08-14,Royal Aircraft Maintenance Company DWC LLC,USD,1,Draft,2025-08-14,13,3233.0,NE,SUPPORT -  ENG. HANDLING,856A1312G07,1,3233,2025-08-14,EA,EA,1,3233
ERC-PO-25013,Purchase Order ERC-PO-25013,ROTAFILO,2025-08-14,Royal Aircraft Maintenance Company DWC LLC,USD,1,Draft,2025-08-14,14,3677.0,NE,SUPPORT-ENGINE HANDLING,856A1312G05,1,3677,2025-08-14,EA,EA,1,3677
ERC-PO-25013,Purchase Order ERC-PO-25013,ROTAFILO,2025-08-14,Royal Aircraft Maintenance Company DWC LLC,USD,1,Draft,2025-08-14,15,12804.0,NE,SUPPORT,856A1312G06,4,3201,2025-08-14,EA,EA,1,3201
ERC-PO-25013,Purchase Order ERC-PO-25013,ROTAFILO,2025-08-14,Royal Aircraft Maintenance Company DWC LLC,USD,1,Draft,2025-08-14,16,31740.0,NE,SUPPORT-ENGINE HANDLING,856A1312G02,10,3174,2025-08-14,EA,EA,1,3174
ERC-PO-25014,Purchase Order ERC-PO-25014,WENCOR,2024-10-10,Royal Aircraft Maintenance Company DWC LLC,USD,1,Draft,2024-10-10,1,120.0,NE,SCREW,NAS1100E3-7,300,0.4,2024-10-09,EA,EA,1,0.4
ERC-PO-25014,Purchase Order ERC-PO-25014,SAFARI AVIATION SERVICES FZE,2025-08-28,Royal Aircraft Maintenance Company DWC LLC,USD,1,Draft,2025-08-28,2,37.8,NE,PACKING,AS43013-128,10,3.78,2025-08-28,EA,EA,1,3.78
ERC-PO-25014,Purchase Order ERC-PO-25014,AEROSPACE SUPPORT ASSOCIATES LTD,2024-10-10,Royal Aircraft Maintenance Company DWC LLC,USD,1,Draft,2024-10-10,3,2200.0,NE,BOGIE ASSY,2A258-0357,4,550,2024-10-10,EA,EA,1,550
ERC-PO-25014,Purchase Order ERC-PO-25014,BOEING FLEET,2024-10-11,Royal Aircraft Maintenance Company DWC LLC,USD,1,Draft,2024-10-11,4,113.0,NE,FAIRLEAD,251A1481-17,1,113,2024-10-18,EA,EA,1,113
ERC-PO-25014,Purchase Order ERC-PO-25014,GULF AIRCRAFT & ENGINEERING SERVICES,2024-10-11,Royal Aircraft Maintenance Company DWC LLC,USD,1,Draft,2024-10-11,5,50.0,NE,CUSTOMS PROCESSING FEE,CUSTOMS PROCESSING FEE,1,50,2024-10-09,EA,EA,1,50
ERC-PO-25014,Purchase Order ERC-PO-25014,GULF AIRCRAFT & ENGINEERING SERVICES,2024-10-11,Royal Aircraft Maintenance Company DWC LLC,USD,1,Draft,2024-10-11,6,50.0,NE,PROCESSING FEE,PROCESSING FEE,1,50,2024-10-09,EA,EA,1,50
ERC-PO-25014,Purchase Order ERC-PO-25014,GULF AIRCRAFT & ENGINEERING SERVICES,2024-10-11,Royal Aircraft Maintenance Company DWC LLC,USD,1,Draft,2024-10-11,7,250.0,NE,WASHER,D5463013220000,2,125,2024-10-09,EA,EA,1,125
ERC-PO-25014,Purchase Order ERC-PO-25014,HORIZON AIRCRAFT PARTS,2024-10-11,Royal Aircraft Maintenance Company DWC LLC,USD,1,Draft,2024-10-11,8,750.0,NE,INDICATOR,124-514-1,1,750,2024-10-09,EA,EA,1,750
ERC-PO-25014,Purchase Order ERC-PO-25014,INTERNATIONAL AERO ENGINES,2025-08-22,Royal Aircraft Maintenance Company DWC LLC,USD,1,Draft,2025-08-22,9,39.98,NE,Washer,AS44692,2,19.99,2025-08-22,EA,EA,1,19.99
ERC-PO-25014,Purchase Order ERC-PO-25014,WENCOR,2025-08-15,Royal Aircraft Maintenance Company DWC LLC,USD,1,Draft,2025-08-15,10,46.0,NE,RING,AS43013-124,25,1.84,2025-08-15,EA,EA,1,1.84
ERC-PO-25014,Purchase Order ERC-PO-25014,WENCOR,2025-08-15,Royal Aircraft Maintenance Company DWC LLC,USD,1,Draft,2025-08-15,11,47.0,NE,PACKING,M25988-1-905,25,1.88,2025-08-15,EA,EA,1,1.88
ERC-PO-25014,Purchase Order ERC-PO-25014,WENCOR,2025-08-15,Royal Aircraft Maintenance Company DWC LLC,USD,1,Draft,2025-08-15,12,50.0,NE,PACKING,MS9966-10,25,2,2025-08-15,EA,EA,1,2
ERC-PO-25014,Purchase Order ERC-PO-25014,WENCOR,2025-08-15,Royal Aircraft Maintenance Company DWC LLC,USD,1,Draft,2025-08-15,13,196.0,NE,PACKING-PREFORMED,AS3209-010,200,0.98,2025-08-15,EA,EA,1,0.98
ERC-PO-25014,Purchase Order ERC-PO-25014,WENCOR,2025-08-15,Royal Aircraft Maintenance Company DWC LLC,USD,1,Draft,2025-08-15,14,304.0,NE,PACKING-PREFORMED,MS9967-010,160,1.9,2025-08-15,EA,EA,1,1.9
ERC-PO-25014,Purchase Order ERC-PO-25014,WENCOR,2025-08-15,Royal Aircraft Maintenance Company DWC LLC,USD,1,Draft,2025-08-15,15,35.0,NE,RING,AS43013-116,20,1.75,2025-08-15,EA,EA,1,1.75
ERC-PO-25014,Purchase Order ERC-PO-25014,WENCOR,2025-08-15,Royal Aircraft Maintenance Company DWC LLC,USD,1,Draft,2025-08-15,16,57.99999999999999,NE,O-RING,M25988-1-155,25,2.32,2025-08-15,EA,EA,1,2.32
ERC-PO-25014,Purchase Order ERC-PO-25014,WENCOR,2025-08-15,Royal Aircraft Maintenance Company DWC LLC,USD,1,Draft,2025-08-15,17,149.0,NE,PACKING,AS3209-226,100,1.49,2025-08-15,EA,EA,1,1.49
ERC-PO-25014,Purchase Order ERC-PO-25014,WENCOR,2025-08-15,Royal Aircraft Maintenance Company DWC LLC,USD,1,Draft,2025-08-15,18,301.5,NE,RING,69490D216,10,30.15,2025-08-15,EA,EA,1,30.15
ERC-PO-25012,Purchase Order ERC-PO-25012,INTERNATIONAL AERO ENGINES,2025-08-22,Royal Aircraft Maintenance Company DWC LLC,USD,1,Draft,2025-08-22,1,2907.2,NE,"METAL RING, 6380DX.040X.040",2A2256,16,181.7,2025-08-22,EA,EA,1,181.7
ERC-PO-25012,Purchase Order ERC-PO-25012,INTERNATIONAL AERO ENGINES,2025-08-22,Royal Aircraft Maintenance Company DWC LLC,USD,1,Draft,2025-08-22,2,4600.0,NE,GASKET OPTION,2A1226,40,115,2025-08-22,EA,EA,1,115
ERC-PO-25012,Purchase Order ERC-PO-25012,ACE HARDWARE,2025-08-26,Royal Aircraft Maintenance Company DWC LLC,USD,1,Draft,2025-08-26,3,11.64,NE,VAT,VAT,2,5.82,2025-08-26,EA,EA,1,5.82
ERC-PO-25012,Purchase Order ERC-PO-25012,ACE HARDWARE,2025-08-26,Royal Aircraft Maintenance Company DWC LLC,USD,1,Draft,2025-08-26,4,232.88,NE,HEAT GUN,GHG20-63,2,116.44,2025-08-26,EA,EA,1,116.44
ERC-PO-25012,Purchase Order ERC-PO-25012,"1st Class Air Services, INC.",2024-10-11,Royal Aircraft Maintenance Company DWC LLC,USD,1,Draft,2024-10-11,5,50.0,NE,INTERNATIONAL WIRE FEE,INTL WIRE FEE,1,50,2024-10-09,EA,EA,1,50
ERC-PO-25012,Purchase Order ERC-PO-25012,"1st Class Air Services, INC.",2024-10-11,Royal Aircraft Maintenance Company DWC LLC,USD,1,Draft,2024-10-11,6,1600.0,NE,TRANSMITTER OIL,8TJ146AAP1,1,1600,2024-10-09,EA,EA,1,1600
ERC-PO-25012,Purchase Order ERC-PO-25012,"GA TELESIS, LLC",2024-10-14,Royal Aircraft Maintenance Company DWC LLC,USD,1,Draft,2024-10-14,7,49500.0,NE,ADIRU,HG2030AE23,1,49500,2024-10-09,EA,EA,1,49500
ERC-PO-25012,Purchase Order ERC-PO-25012,CFM INTERNATIONAL,2024-10-14,Royal Aircraft Maintenance Company DWC LLC,USD,1,Draft,2024-10-14,8,22995.0,NE,BUSHING,2050M55P01,180,127.75,2024-10-14,EA,EA,1,127.75
ERC-PO-25012,Purchase Order ERC-PO-25012,AERFIN,2024-10-15,Royal Aircraft Maintenance Company DWC LLC,USD,1,Draft,2024-10-15,9,350000.0,NE,ADIRU,HG2030BE03,1,350000,2024-10-15,EA,EA,1,350000
ERC-PO-25012,Purchase Order ERC-PO-25012,Next Level Aviation,2024-10-15,Royal Aircraft Maintenance Company DWC LLC,USD,1,Draft,2024-10-15,10,200000.0,NE,TRANSCEIVER,930-2000-001,1,200000,2024-10-15,EA,EA,1,200000
ERC-PO-25012,Purchase Order ERC-PO-25012,PROPONENT,2025-08-13,Royal Aircraft Maintenance Company DWC LLC,USD,1,Draft,2025-08-13,11,32.370000000000005,NE,O-RING,M83248/1-216,13,2.49,2025-08-13,EA,EA,1,2.49
ERC-PO-25012,Purchase Order ERC-PO-25012,PROPONENT,2025-08-13,Royal Aircraft Maintenance Company DWC LLC,USD,1,Draft,2025-08-13,12,1306.3,NE,GASKET,S700M0986,10,130.63,2025-08-13,EA,EA,1,130.63
ERC-PO-25012,Purchase Order ERC-PO-25012,PROPONENT,2025-08-13,Royal Aircraft Maintenance Company DWC LLC,USD,1,Draft,2025-08-13,13,38.48,NE,O-RING,AS3209-153,13,2.96,2025-08-13,EA,EA,1,2.96
ERC-PO-25012,Purchase Order ERC-PO-25012,PROPONENT,2025-08-13,Royal Aircraft Maintenance Company DWC LLC,USD,1,Draft,2025-08-13,14,34.300000000000004,NE,Packing,AS3208-08,10,3.43,2025-08-13,EA,EA,1,3.43
ERC-PO-25012,Purchase Order ERC-PO-25012,PROPONENT,2025-08-13,Royal Aircraft Maintenance Company DWC LLC,USD,1,Draft,2025-08-13,15,32.45,NE,RING-SEALING,AS43013-214,11,2.95,2025-08-13,EA,EA,1,2.95
ERC-PO-25012,Purchase Order ERC-PO-25012,PROPONENT,2025-08-13,Royal Aircraft Maintenance Company DWC LLC,USD,1,Draft,2025-08-13,16,38.199999999999996,NE,PACKING,MS9966-06,10,3.82,2025-08-13,EA,EA,1,3.82
ERC-PO-25012,Purchase Order ERC-PO-25012,PROPONENT,2025-08-13,Royal Aircraft Maintenance Company DWC LLC,USD,1,Draft,2025-08-13,17,34.0,NE,RING-SEALING,AS43013-120,17,2,2025-08-13,EA,EA,1,2
ERC-PO-25012,Purchase Order ERC-PO-25012,PROPONENT,2025-08-13,Royal Aircraft Maintenance Company DWC LLC,USD,1,Draft,2025-08-13,18,26.7,NE,PACKING,AS43013-112,10,2.67,2025-08-13,EA,EA,1,2.67
ERC-PO-25012,Purchase Order ERC-PO-25012,PROPONENT,2025-08-13,Royal Aircraft Maintenance Company DWC LLC,USD,1,Draft,2025-08-13,19,32.89,NE,PACKING,AS3209-119,23,1.43,2025-08-13,EA,EA,1,1.43
ERC-PO-25012,Purchase Order ERC-PO-25012,PROPONENT,2025-08-13,Royal Aircraft Maintenance Company DWC LLC,USD,1,Draft,2025-08-13,20,37.599999999999994,NE,PACKING,AS3209-122,20,1.88,2025-08-13,EA,EA,1,1.88
ERC-PO-25011,Purchase Order ERC-PO-25011,MEMORIX ELEKTRONIK,2024-10-15,Royal Aircraft Maintenance Company DWC LLC,USD,1,Draft,2024-10-15,1,490.0,NE,SB ATA FLASH/SRAM/LINEAR FLASH PC CARD READER,OMNIDRIVE USB2 LF,1,490,2024-10-09,EA,EA,1,490
ERC-PO-25011,Purchase Order ERC-PO-25011,East Air Corp,2024-10-15,Royal Aircraft Maintenance Company DWC LLC,USD,1,Draft,2024-10-15,2,178100.0,NE,"VALVE OUTLINE, FAN AIR MODULATING",63292070-4,1,178100,2024-10-15,EA,EA,1,178100
ERC-PO-25011,Purchase Order ERC-PO-25011,FAVIA INTERNATIONAL,2024-10-16,Royal Aircraft Maintenance Company DWC LLC,USD,1,Draft,2024-10-16,3,4500.0,NE,VALVE,8084040H,1,4500,2024-10-30,EA,EA,1,4500
ERC-PO-25011,Purchase Order ERC-PO-25011,GLOBAL AVIATION RESOURCES,2024-10-16,Royal Aircraft Maintenance Company DWC LLC,USD,1,Draft,2024-10-16,4,275000.0,NE,SAARU,HG2040AD03,1,275000,2024-10-16,EA,EA,1,275000
ERC-PO-25011,Purchase Order ERC-PO-25011,DUBUDAT AEROSPACE,2025-08-05,Royal Aircraft Maintenance Company DWC LLC,USD,1,Draft,2025-08-05,5,1200.0,NE,LPT SUPPORT BRACKET SET,856A1471G02,1,1200,2025-08-05,EA,EA,1,1200
ERC-PO-25011,Purchase Order ERC-PO-25011,DUBUDAT AEROSPACE,2025-08-05,Royal Aircraft Maintenance Company DWC LLC,USD,1,Draft,2025-08-05,6,19300.0,NE,BEAM -  LIFTVAR CG ENG,856A2645G07,1,19300,2025-08-05,EA,EA,1,19300
ERC-PO-25011,Purchase Order ERC-PO-25011,DUBUDAT AEROSPACE,2025-08-05,Royal Aircraft Maintenance Company DWC LLC,USD,1,Draft,2025-08-05,7,2100.0,NE,FIXT. LIFT HPC STATOR CASE,856A1421G01,1,2100,2025-08-05,EA,EA,1,2100
ERC-PO-25011,Purchase Order ERC-PO-25011,DUBUDAT AEROSPACE,2025-08-05,Royal Aircraft Maintenance Company DWC LLC,USD,1,Draft,2025-08-05,8,3001.0,NE,HAND OPERATED VSV ACTUATOR HYDRAULIC CART,856A1084G04,1,3001,2025-08-05,EA,EA,1,3001
ERC-PO-25006,Purchase Order ERC-PO-25006,HEICO PARTS GROUP,2024-10-17,Royal Aircraft Maintenance Company DWC LLC,USD,1,Draft,2024-10-17,1,859.1999999999999,NE,NUT,KT9283M41P04,24,35.8,2024-10-15,EA,EA,1,35.8
ERC-PO-25006,Purchase Order ERC-PO-25006,AVIALL SERVICES INC,2025-07-09,Royal Aircraft Maintenance Company DWC LLC,USD,1,Draft,2025-07-09,2,1606.0,NE,SEAL-RING,336-014-902-0,2,803,2025-07-09,EA,EA,1,803
ERC-PO-25010,Purchase Order ERC-PO-25010,HEICO PARTS GROUP,2024-10-17,Royal Aircraft Maintenance Company DWC LLC,USD,1,Draft,2024-10-17,1,3952.0,NE,BUSHING-SHROUD,JA9211M39G02,76,52,2024-10-15,EA,EA,1,52
ERC-PO-25010,Purchase Order ERC-PO-25010,HEICO PARTS GROUP,2024-10-17,Royal Aircraft Maintenance Company DWC LLC,USD,1,Draft,2024-10-17,2,1566.0,NE,WASHER,JA9206M79P03,58,27,2024-10-15,EA,EA,1,27
ERC-PO-25010,Purchase Order ERC-PO-25010,HEICO PARTS GROUP,2024-10-17,Royal Aircraft Maintenance Company DWC LLC,USD,1,Draft,2024-10-17,3,2783.04,NE,WASHER,JA9206M79P02,96,28.99,2024-10-15,EA,EA,1,28.99
ERC-PO-25010,Purchase Order ERC-PO-25010,HEICO PARTS GROUP,2024-10-17,Royal Aircraft Maintenance Company DWC LLC,USD,1,Draft,2024-10-17,4,3776.2999999999997,NE,WASHER,JA9206M79P01,110,34.33,2024-10-15,EA,EA,1,34.33
ERC-PO-25010,Purchase Order ERC-PO-25010,AVIALL SERVICES INC,2025-07-29,Royal Aircraft Maintenance Company DWC LLC,USD,1,Draft,2025-07-29,5,2285.0,NE,SKIN FILLET FWD,336-030-302-0,20,114.25,2025-07-29,EA,EA,1,114.25
ERC-PO-25010,Purchase Order ERC-PO-25010,AVIALL SERVICES INC,2025-07-29,Royal Aircraft Maintenance Company DWC LLC,USD,1,Draft,2025-07-29,6,3065.0,NE,SHIM,336-550-102-0,10,306.5,2025-07-29,EA,EA,1,306.5
ERC-PO-25010,Purchase Order ERC-PO-25010,AVIALL SERVICES INC,2025-07-29,Royal Aircraft Maintenance Company DWC LLC,USD,1,Draft,2025-07-29,7,26.0,NE,O-RING,AS3209-029,50,0.52,2025-07-29,EA,EA,1,0.52
ERC-PO-25010,Purchase Order ERC-PO-25010,AVIALL SERVICES INC,2025-07-29,Royal Aircraft Maintenance Company DWC LLC,USD,1,Draft,2025-07-29,8,925.0,NE,PLUG,336-018-602-0,100,9.25,2025-07-29,EA,EA,1,9.25
ERC-PO-25009,Purchase Order ERC-PO-25009,BOEING FLEET,2024-10-17,Royal Aircraft Maintenance Company DWC LLC,USD,1,Draft,2024-10-17,1,31623.0,NE,Window assy,141T4801-59,1,31623,2024-10-17,EA,EA,1,31623
ERC-PO-25009,Purchase Order ERC-PO-25009,BOEING FLEET,2024-10-17,Royal Aircraft Maintenance Company DWC LLC,USD,1,Draft,2024-10-17,2,209.0,NE,BOLT,BACB30VT5HK4,100,2.09,2024-10-02,EA,EA,1,2.09
ERC-PO-25009,Purchase Order ERC-PO-25009,CFM INTERNATIONAL,2025-07-29,Royal Aircraft Maintenance Company DWC LLC,USD,1,Draft,2025-07-29,3,2087.5,NE,"SCREW-SOCKET HEAD (6,6G)",9111M35P07,25,83.5,2025-07-29,EA,EA,1,83.5
ERC-PO-25009,Purchase Order ERC-PO-25009,CFM INTERNATIONAL,2025-07-29,Royal Aircraft Maintenance Company DWC LLC,USD,1,Draft,2025-07-29,4,925.0,NE,"BOLT,",649-781-725-0,20,46.25,2025-07-29,EA,EA,1,46.25
ERC-PO-25008,Purchase Order ERC-PO-25008,CFM INTERNATIONAL,2024-10-17,Royal Aircraft Maintenance Company DWC LLC,USD,1,Draft,2024-10-17,1,893.75,NE,BOLT-SHEAR DBL HEX HD,J815P020A,25,35.75,2024-10-15,EA,EA,1,35.75
ERC-PO-25008,Purchase Order ERC-PO-25008,CFM INTERNATIONAL,2024-10-17,Royal Aircraft Maintenance Company DWC LLC,USD,1,Draft,2024-10-17,2,660.0,NE,BOLT MACH DBL HEX HD,J1494P07D,80,8.25,2024-10-15,EA,EA,1,8.25
ERC-PO-25008,Purchase Order ERC-PO-25008,SILMID,2025-07-24,Royal Aircraft Maintenance Company DWC LLC,USD,1,Draft,2025-07-24,3,47.0,NE,DELIVERY,DELIVERY CHARGES,1,47,2025-07-24,EA,EA,1,47
ERC-PO-25008,Purchase Order ERC-PO-25008,SILMID,2025-07-24,Royal Aircraft Maintenance Company DWC LLC,USD,1,Draft,2025-07-24,4,485.32,NE,LOCTITE ABLESTIK 104 EPOXY ADHESIVE A/B RR,LOCTITE ABLESTIK 104 RR,1,485.32,2025-07-24,EA,EA,1,485.32
ERC-PO-25007,Purchase Order ERC-PO-25007,SAFARI AVIATION SERVICES FZE,2025-08-25,Royal Aircraft Maintenance Company DWC LLC,USD,1,Draft,2025-08-25,1,1091.36,NE,GAS TURBINE WASHING FLUID,ZOK 27 RTU,2,545.68,2025-08-25,PL,PL,1,545.68
ERC-PO-25007,Purchase Order ERC-PO-25007,"PTS Aviation, LLC",2025-07-22,Royal Aircraft Maintenance Company DWC LLC,USD,1,Draft,2025-07-22,2,890000.0,NE,LPT MODULE,338-092-218-0,1,890000,2025-07-22,EA,EA,1,890000
ERC-PO-25005,Purchase Order ERC-PO-25005,SAFARI AVIATION SERVICES FZE,2025-08-25,Royal Aircraft Maintenance Company DWC LLC,USD,1,Draft,2025-08-25,1,56.31,NE,LPS3 RUST INHIBITOR 380ML,MO3316,3,18.77,2025-08-25,CAN,CAN,1,18.77
ERC-PO-25005,Purchase Order ERC-PO-25005,AVIALL,2025-07-08,Royal Aircraft Maintenance Company DWC LLC,USD,1,Draft,2025-07-08,2,266.09999999999997,NE,PACKING,325241-10,15,17.74,2025-07-08,EA,EA,1,17.74
PO-24-5595,Purchase Order PO-24-5595,CFM INTERNATIONAL,2024-10-17,Aeroparts AOG DWC LLC,USD,1,Draft,2024-10-17,1,812.5,NE,BOLT-MACH DBL HEX HD,J644P14D,50,16.25,2024-10-15,EA,EA,1,16.25
PO-24-5596,Purchase Order PO-24-5596,"Mitchell Aircraft, LLC",2024-10-17,Aeroparts AOG DWC LLC,USD,1,Draft,2024-10-17,1,200.01,NE,BUSHING-SPACER,9381M62P04,3,66.67,2024-10-15,EA,EA,1,66.67
PO-24-5597,Purchase Order PO-24-5597,CFM INTERNATIONAL,2024-10-17,Aeroparts AOG DWC LLC,USD,1,Draft,2024-10-17,1,7050.0,NE,BUSHING,2050M55P02,50,141,2024-10-17,EA,EA,1,141
PO-24-5598,Purchase Order PO-24-5598,ASL AEROSPACE,2024-10-17,Aeroparts AOG DWC LLC,USD,1,Draft,2024-10-17,1,35.0,NE,INTERNATIONAL WIRE FEE,INTL WIRE FEE,1,35,2024-10-09,EA,EA,1,35
PO-24-5598,Purchase Order PO-24-5598,ASL AEROSPACE,2024-10-17,Aeroparts AOG DWC LLC,USD,1,Draft,2024-10-17,2,150.0,NE,HAZMAT CHARGES,HAZMAT,1,150,2024-10-09,EA,EA,1,150
PO-24-5598,Purchase Order PO-24-5598,ASL AEROSPACE,2024-10-17,Aeroparts AOG DWC LLC,USD,1,Draft,2024-10-17,3,8500.0,NE,COCKPIT VOICE RECORDER,2100-1020-02,1,8500,2024-10-09,EA,EA,1,8500
PO-24-5599,Purchase Order PO-24-5599,AVSALES CORPORATION,2024-10-17,Aeroparts AOG DWC LLC,USD,1,Draft,2024-10-17,1,2950.0,NE,CONVERTER,2312M35-2,1,2950,2024-10-09,EA,EA,1,2950
PO-24-5600,Purchase Order PO-24-5600,BOEING FLEET,2024-10-18,Aeroparts AOG DWC LLC,USD,1,Draft,2024-10-18,1,9535.0,NE,SEAL,313W5808-3,5,1907,2024-10-16,EA,EA,1,1907
PO-24-5601,Purchase Order PO-24-5601,BOEING FLEET,2024-10-18,Aeroparts AOG DWC LLC,USD,1,Draft,2024-10-18,1,1018.0,NE,SEAL,113W9389Y2,1,1018,2024-10-18,EA,EA,1,1018
PO-24-5602,Purchase Order PO-24-5602,CASP AEROSPACE,2024-10-18,Aeroparts AOG DWC LLC,USD,1,Draft,2024-10-18,1,4054.0,NE,PORTABLE FIRE EXTINGUISHER,30H673,4,1013.5,2024-10-09,EA,EA,1,1013.5
PO-24-5603,Purchase Order PO-24-5603,BOEING FLEET,2024-10-18,Aeroparts AOG DWC LLC,USD,1,Draft,2024-10-18,1,213.17999999999998,NE,BOLT,BACB30YP6K22,17,12.54,2024-10-15,EA,EA,1,12.54
PO-24-5604,Purchase Order PO-24-5604,BOEING FLEET,2024-10-21,Aeroparts AOG DWC LLC,USD,1,Draft,2024-10-21,1,3783.0,NE,COUPLER,5446500-001,1,3783,2024-10-21,EA,EA,1,3783
PO-24-5606,Purchase Order PO-24-5606,"GA TELESIS, LLC",2024-10-21,Aeroparts AOG DWC LLC,USD,1,Draft,2024-10-21,1,210.0,NE,BUSHING,1775M39P05,6,35,2024-10-15,EA,EA,1,35
PO-24-5607,Purchase Order PO-24-5607,BENCHMARK CONNECTOR CORPORATION,2024-10-21,Aeroparts AOG DWC LLC,USD,1,Draft,2024-10-21,1,14246.0,NE,PLUG,FZH6K22-14P3,20,712.3,2024-10-16,EA,EA,1,712.3
PO-24-5608,Purchase Order PO-24-5608,BOEING FLEET,2024-10-21,Aeroparts AOG DWC LLC,USD,1,Draft,2024-10-21,1,870.0,NE,BOLT,J816P086A,10,87,2024-10-15,EA,EA,1,87
PO-24-5609,Purchase Order PO-24-5609,AIRCRAFT TRADING INC,2024-10-25,Aeroparts AOG DWC LLC,USD,1,Draft,2024-10-25,1,60.0,NE,INTERNATIONAL WIRE FEE,INTL WIRE FEE,1,60,2024-10-25,EA,EA,1,60
PO-24-5609,Purchase Order PO-24-5609,AIRCRAFT TRADING INC,2024-10-25,Aeroparts AOG DWC LLC,USD,1,Draft,2024-10-25,2,13.0,NE,CUSTOMS PROCESSING FEE,CUSTOMS PROCESSING FEE,1,13,2024-10-25,EA,EA,1,13
PO-24-5609,Purchase Order PO-24-5609,AIRCRAFT TRADING INC,2024-10-25,Aeroparts AOG DWC LLC,USD,1,Draft,2024-10-25,3,3140.0,NE,WIPER BLADE,2315M20-3,4,785,2024-10-25,EA,EA,1,785
PO-24-5610,Purchase Order PO-24-5610,AVIOPARTS,2024-10-22,Aeroparts AOG DWC LLC,USD,1,Draft,2024-10-22,1,110000.0,NE,TIRE H44.5x16.5-21 28PR 225mph,DR29628T,50,2200,2024-10-08,EA,EA,1,2200
PO-24-5611,Purchase Order PO-24-5611,Matty Aviation,2024-10-22,Aeroparts AOG DWC LLC,USD,1,Draft,2024-10-22,1,0.0,NE,TESTING,123,2,0,2024-10-22,EA,EA,1,0
PO-24-5612,Purchase Order PO-24-5612,CFM INTERNATIONAL,2024-10-22,Aeroparts AOG DWC LLC,USD,1,Draft,2024-10-22,1,2140.0,NE,BLADE STG4,P394P04,2,1070,2024-11-15,EA,EA,1,1070
PO-24-5613,Purchase Order PO-24-5613,JMS AG,2024-10-23,Aeroparts AOG DWC LLC,USD,1,Draft,2024-10-23,1,50.0,NE,PACKING,VP PACKING,1,50,2024-10-23,EA,EA,1,50
PO-24-5613,Purchase Order PO-24-5613,JMS AG,2024-10-23,Aeroparts AOG DWC LLC,USD,1,Draft,2024-10-23,2,4910.0,NE,TOWBAR FOR BOEING 737 FLY-AWAY,J-TOW737-C-T,1,4910,2024-10-23,EA,EA,1,4910
PO-24-5614,Purchase Order PO-24-5614,JACKSON TRADING LLC,2024-10-23,Aeroparts AOG DWC LLC,USD,1,Draft,2024-10-23,1,317.28,NE,COFFEE DWC,COFFEE DWC,1,317.28,2024-10-23,EA,EA,1,317.28
PO-24-5616,Purchase Order PO-24-5616,Matty Aviation,2024-10-24,Aeroparts AOG DWC LLC,USD,1,Draft,2024-10-24,1,125.0,NE,Handling Fee,HANDLING FEE,1,125,2024-10-24,EA,EA,1,125
PO-24-5616,Purchase Order PO-24-5616,Matty Aviation,2024-10-24,Aeroparts AOG DWC LLC,USD,1,Draft,2024-10-24,2,800.0,NE,CAP,025-1157-001,1,800,2024-10-24,EA,EA,1,800
PO-24-5616,Purchase Order PO-24-5616,Matty Aviation,2024-10-24,Aeroparts AOG DWC LLC,USD,1,Draft,2024-10-24,3,8700.0,NE,BATTERY UNIT,024147-000,3,2900,2024-10-24,EA,EA,1,2900
PO-24-5617,Purchase Order PO-24-5617,Pacific Air Industries,2024-10-24,Aeroparts AOG DWC LLC,USD,1,Draft,2024-10-24,1,154.35,NE,PACKING,9607M05P52,1,154.35,2024-10-15,EA,EA,1,154.35
PO-24-5618,Purchase Order PO-24-5618,AERORENIX TECHNIC AVIATION LTD.,2024-10-24,Aeroparts AOG DWC LLC,USD,1,Draft,2024-10-24,1,3600.0,NE,FUEL CONTROL UNIT,40885-7,1,3600,2024-10-31,EA,EA,1,3600
PO-24-5619,Purchase Order PO-24-5619,AEROSOL INTERNATIONAL,2024-10-24,Aeroparts AOG DWC LLC,USD,1,Draft,2024-10-24,1,52.95,NE,VAT,VAT,1,52.95,2024-10-24,EA,EA,1,52.95
PO-24-5619,Purchase Order PO-24-5619,AEROSOL INTERNATIONAL,2024-10-24,Aeroparts AOG DWC LLC,USD,1,Draft,2024-10-24,2,1058.3700000000001,NE,OIL,EASTMAN TURBO OIL 2380,3,352.79,2024-10-24,EA,EA,1,352.79
PO-24-5620,Purchase Order PO-24-5620,Matty Aviation,2024-10-25,Aeroparts AOG DWC LLC,USD,1,Draft,2024-10-25,1,50.0,NE,DETECTOR,0123FA2A,1,50,2024-10-25,EA,EA,1,50
PO-24-5621,Purchase Order PO-24-5621,BOEING FLEET,2024-10-25,Aeroparts AOG DWC LLC,USD,1,Draft,2024-10-25,1,992.0,NE,LAMP,F039WWBCAC,2,496,2024-10-08,PK,PK,1,496
PO-24-5622,Purchase Order PO-24-5622,PROPONENT,2024-10-25,Aeroparts AOG DWC LLC,USD,1,Draft,2024-10-25,1,307.5,NE,LAMP,F18T5CWRS,75,4.1,2024-10-08,EA,EA,1,4.1
PO-24-5623,Purchase Order PO-24-5623,AEROSOL INTERNATIONAL,2024-10-28,Aeroparts AOG DWC LLC,USD,1,Draft,2024-10-28,1,18.78,NE,VAT,VAT,1,18.78,2024-10-28,EA,EA,1,18.78
PO-24-5623,Purchase Order PO-24-5623,AEROSOL INTERNATIONAL,2024-10-28,Aeroparts AOG DWC LLC,USD,1,Draft,2024-10-28,2,375.6,NE,OIL,EASTMAN TURBO OIL 2380,24,15.65,2024-10-28,QT,QT,1,15.65
PO-24-5624,Purchase Order PO-24-5624,BOEING DISTRIBUTION SERVICES,2024-10-30,Aeroparts AOG DWC LLC,USD,1,Draft,2024-10-30,1,40.0,NE,RIVET,MS20426D3-4,2000,0.02,2024-11-06,EA,EA,1,0.02
PO-24-5625,Purchase Order PO-24-5625,INVENTORY LOCATORY SERVICE LLC,2024-10-30,Aeroparts AOG DWC LLC,USD,1,Draft,2024-10-30,1,101.99,NE,ILS MONTHLY PAY,1343887,1,101.99,2024-10-30,EA,EA,1,101.99
PO-24-5626,Purchase Order PO-24-5626,INVENTORY LOCATORY SERVICE LLC,2024-10-30,Aeroparts AOG DWC LLC,USD,1,Draft,2024-10-30,1,108.99,NE,ILS MONTHLY PAY,1351620,1,108.99,2024-10-30,EA,EA,1,108.99
PO-24-5627,Purchase Order PO-24-5627,Air Station Aviation,2024-10-31,Aeroparts AOG DWC LLC,USD,1,Draft,2024-10-31,1,40.0,NE,INTERNATIONAL WIRE FEE,INTL WIRE FEE,1,40,2024-11-20,EA,EA,1,40
PO-24-5627,Purchase Order PO-24-5627,Air Station Aviation,2024-10-31,Aeroparts AOG DWC LLC,USD,1,Draft,2024-10-31,2,1450.0,NE,BRAKE METERING VALVE,1316200-3,1,1450,2024-11-20,EA,EA,1,1450
PO-24-5629,Purchase Order PO-24-5629,BOEING FLEET,2024-11-01,Aeroparts AOG DWC LLC,USD,1,Draft,2024-11-01,1,106.96,NE,BONDING JUMPER,BACJ40E20-38,2,53.48,2024-10-09,EA,EA,1,53.48
PO-24-5630,Purchase Order PO-24-5630,PROPONENT,2024-11-01,Aeroparts AOG DWC LLC,USD,1,Draft,2024-11-01,1,366.65,NE,BUSHING,FCT39-3-4,5,73.33,2024-10-09,EA,EA,1,73.33
PO-24-5631,Purchase Order PO-24-5631,B&W AVIATION,2024-11-01,Aeroparts AOG DWC LLC,USD,1,Draft,2024-11-01,1,120000.0,NE,BRAKE ASSY-MLG,2-1684,2,60000,2024-11-01,EA,EA,1,60000
PO-24-5632,Purchase Order PO-24-5632,BOEING DISTRIBUTION SERVICES,2024-11-04,Aeroparts AOG DWC LLC,USD,1,Draft,2024-11-04,1,187.7,NE,"NUT, SLEEVE COUPLING",MS21921-10J,10,18.77,2024-11-04,EA,EA,1,18.77
PO-24-5633,Purchase Order PO-24-5633,WESTERN AMERICAN SPECIALTIES,2024-11-04,Aeroparts AOG DWC LLC,USD,1,Draft,2024-11-04,1,4897.1,NE,HEAT SHRINKABLE SLEEVE,M23053/12-234-C,1,4897.1,2024-11-04,EA,EA,1,4897.1
PO-24-5633,Purchase Order PO-24-5633,WESTERN AMERICAN SPECIALTIES,2024-11-04,Aeroparts AOG DWC LLC,USD,1,Draft,2024-11-04,2,1389.3,NE,HEAT SHRINKABLE SLEEVE,M23053/12-233-C,1,1389.3,2024-11-04,EA,EA,1,1389.3
PO-24-5634,Purchase Order PO-24-5634,"Maximum Turbine Support,Inc",2024-11-04,Aeroparts AOG DWC LLC,USD,1,Draft,2024-11-04,1,1360.0,NE,BUSHING-SHROUD,9211M39G01,34,40,2024-10-15,EA,EA,1,40
PO-24-5635,Purchase Order PO-24-5635,BOEING DISTRIBUTION SERVICES,2024-11-05,Aeroparts AOG DWC LLC,USD,1,Draft,2024-11-05,1,424.5,NE,BOLT,NAS6704HU23,50,8.49,2024-11-05,EA,EA,1,8.49
PO-24-5635,Purchase Order PO-24-5635,BOEING DISTRIBUTION SERVICES,2024-11-05,Aeroparts AOG DWC LLC,USD,1,Draft,2024-11-05,2,137.6,NE,HI-LOCK,DAN7-8-3,20,6.88,2024-11-05,EA,EA,1,6.88
PO-24-5635,Purchase Order PO-24-5635,BOEING DISTRIBUTION SERVICES,2024-11-05,Aeroparts AOG DWC LLC,USD,1,Draft,2024-11-05,3,690.0,NE,SCREW,NAS1154V6D,100,6.9,2024-11-05,EA,EA,1,6.9
PO-24-5635,Purchase Order PO-24-5635,BOEING DISTRIBUTION SERVICES,2024-11-05,Aeroparts AOG DWC LLC,USD,1,Draft,2024-11-05,4,300.4,NE,BOLT,NAS6704HU25,40,7.51,2024-11-05,EA,EA,1,7.51
PO-24-5636,Purchase Order PO-24-5636,UNICAL AVIATION,2024-11-06,Aeroparts AOG DWC LLC,USD,1,Draft,2024-11-06,1,5250.0,NE,"FITTING ASSY FWD, MLG (LH)",D5288024600001,1,5250,2024-11-05,EA,EA,1,5250
PO-24-5637,Purchase Order PO-24-5637,PROPONENT,2024-11-06,Aeroparts AOG DWC LLC,USD,1,Draft,2024-11-06,1,328.0,NE,SEAL,NSA8218-03,100,3.28,2024-11-05,EA,EA,1,3.28
PO-24-5637,Purchase Order PO-24-5637,PROPONENT,2024-11-06,Aeroparts AOG DWC LLC,USD,1,Draft,2024-11-06,2,94.0,NE,WASHER-FLAT,AN960C416L,100,0.94,2024-11-05,EA,EA,1,0.94
PO-24-5637,Purchase Order PO-24-5637,PROPONENT,2024-11-06,Aeroparts AOG DWC LLC,USD,1,Draft,2024-11-06,3,47.300000000000004,NE,NUT,NSA5060C4,10,4.73,2024-11-05,EA,EA,1,4.73
PO-24-5638,Purchase Order PO-24-5638,BOEING DISTRIBUTION SERVICES,2024-11-07,Aeroparts AOG DWC LLC,USD,1,Draft,2024-11-07,1,174.66,NE,HIGH STRENGTH SILICONE GREY,RTV 157 GREY,2,87.33,2024-11-07,EA,EA,1,87.33
PO-24-5639,Purchase Order PO-24-5639,DSC TRADING LLC,2024-11-07,Aeroparts AOG DWC LLC,USD,1,Draft,2024-11-07,1,625.0,NE,PLATE ASSY-BASE,802465,5,125,2024-11-06,EA,EA,1,125
PO-24-5640,Purchase Order PO-24-5640,BOEING FLEET,2024-11-07,Aeroparts AOG DWC LLC,USD,1,Draft,2024-11-07,1,967.6999999999999,NE,CIRCUIT BREAKER,BACC18AC10,5,193.54,2024-10-10,EA,EA,1,193.54
PO-24-5641,Purchase Order PO-24-5641,BOEING FLEET,2024-11-08,Aeroparts AOG DWC LLC,USD,1,Draft,2024-11-08,1,161.8,NE,JUMPER ASSY,BACJ40AC45-6,10,16.18,2024-11-08,EA,EA,1,16.18
PO-24-5641,Purchase Order PO-24-5641,BOEING FLEET,2024-11-08,Aeroparts AOG DWC LLC,USD,1,Draft,2024-11-08,2,2439.0,NE,FILTER,3179287-2,1,2439,2024-11-08,EA,EA,1,2439
PO-24-5642,Purchase Order PO-24-5642,"GA TELESIS, LLC",2024-11-11,Aeroparts AOG DWC LLC,USD,1,Draft,2024-11-11,1,2000.0,NE,SWITCH,3181274-2,1,2000,2024-11-11,EA,EA,1,2000
PO-24-5643,Purchase Order PO-24-5643,PROPONENT,2024-11-11,Aeroparts AOG DWC LLC,USD,1,Draft,2024-11-11,1,248.0,NE,ORING,NSA8203-132,50,4.96,2024-11-11,EA,EA,1,4.96
PO-24-5644,Purchase Order PO-24-5644,SAFARI AVIATION SERVICES FZE,2024-11-12,Aeroparts AOG DWC LLC,USD,1,Draft,2024-11-12,1,56.65,NE,VAT,VAT,1,56.65,2024-11-12,EA,EA,1,56.65
PO-24-5644,Purchase Order PO-24-5644,SAFARI AVIATION SERVICES FZE,2024-11-12,Aeroparts AOG DWC LLC,USD,1,Draft,2024-11-12,2,35.33,NE,CUSTOMS PROCESSING FEE,CUSTOMS PROCESSING FEE,1,35.33,2024-11-12,EA,EA,1,35.33
PO-24-5644,Purchase Order PO-24-5644,SAFARI AVIATION SERVICES FZE,2024-11-12,Aeroparts AOG DWC LLC,USD,1,Draft,2024-11-12,3,42.8,NE,CERTIFICATE,HEALTH,1,42.8,2024-11-12,EA,EA,1,42.8
PO-24-5644,Purchase Order PO-24-5644,SAFARI AVIATION SERVICES FZE,2024-11-12,Aeroparts AOG DWC LLC,USD,1,Draft,2024-11-12,4,215.54999999999998,NE,"ALUMINUM FOIL TAPE 3"" X 60 YRD",P11-3,3,71.85,2024-11-12,RL,RL,1,71.85
PO-24-5644,Purchase Order PO-24-5644,SAFARI AVIATION SERVICES FZE,2024-11-12,Aeroparts AOG DWC LLC,USD,1,Draft,2024-11-12,5,917.52,NE,TURBINE ENGINE OIL,TURBONYCOIL600,24,38.23,2024-11-12,QT,QT,1,38.23
PO-24-5645,Purchase Order PO-24-5645,AEROSOL INTERNATIONAL,2024-11-12,Aeroparts AOG DWC LLC,USD,1,Draft,2024-11-12,1,427.5,NE,VAT,VAT,1,427.5,2024-11-12,EA,EA,1,427.5
PO-24-5645,Purchase Order PO-24-5645,AEROSOL INTERNATIONAL,2024-11-12,Aeroparts AOG DWC LLC,USD,1,Draft,2024-11-12,2,8548.8,NE,MOBILE JET OIL II,MOBILE JET OIL II,480,17.81,2024-11-12,QT,QT,1,17.81
PO-24-5646,Purchase Order PO-24-5646,BOEING FLEET,2024-11-18,Aeroparts AOG DWC LLC,USD,1,Draft,2024-11-18,1,2177.0,NE,SWITCH,624EN334-R,1,2177,2024-11-18,EA,EA,1,2177
PO-24-5646,Purchase Order PO-24-5646,BOEING FLEET,2024-11-18,Aeroparts AOG DWC LLC,USD,1,Draft,2024-11-18,2,264.0,NE,BOLT,BACB30LM3H32,100,2.64,2024-11-18,EA,EA,1,2.64
PO-24-5647,Purchase Order PO-24-5647,BOEING FLEET,2024-11-19,Aeroparts AOG DWC LLC,USD,1,Draft,2024-11-19,1,1066.5,NE,PAWL,7715206-1,5,213.3,2024-10-16,EA,EA,1,213.3
PO-24-5648,Purchase Order PO-24-5648,SAFARI AVIATION SERVICES FZE,2024-11-19,Aeroparts AOG DWC LLC,USD,1,Draft,2024-11-19,1,7.48,NE,VAT,VAT,1,7.48,2024-11-19,EA,EA,1,7.48
PO-24-5648,Purchase Order PO-24-5648,SAFARI AVIATION SERVICES FZE,2024-11-19,Aeroparts AOG DWC LLC,USD,1,Draft,2024-11-19,2,44.62,NE,CUSTOMS PROCESSING FEE,CUSTOMS PROCESSING FEE,1,44.62,2024-11-19,EA,EA,1,44.62
PO-24-5648,Purchase Order PO-24-5648,SAFARI AVIATION SERVICES FZE,2024-11-19,Aeroparts AOG DWC LLC,USD,1,Draft,2024-11-19,3,149.69,NE,FEES,AOG,1,149.69,2024-11-19,EA,EA,1,149.69
PO-24-5648,Purchase Order PO-24-5648,SAFARI AVIATION SERVICES FZE,2024-11-19,Aeroparts AOG DWC LLC,USD,1,Draft,2024-11-19,4,111.08,NE,SEALANT,PR1422B1-2-6OZ,1,111.08,2024-11-19,EA,EA,1,111.08
PO-24-5648,Purchase Order PO-24-5648,SAFARI AVIATION SERVICES FZE,2024-11-19,Aeroparts AOG DWC LLC,USD,1,Draft,2024-11-19,5,441.95,NE,SEALANT,PR1440B1-2-6OZ,5,88.39,2024-11-19,EA,EA,1,88.39
PO-24-5648,Purchase Order PO-24-5648,SAFARI AVIATION SERVICES FZE,2024-11-19,Aeroparts AOG DWC LLC,USD,1,Draft,2024-11-19,6,339.32,NE,SEALANT,PR1440B2-6OZ,4,84.83,2024-11-19,EA,EA,1,84.83
PO-24-5649,Purchase Order PO-24-5649,BOEING FLEET,2024-11-19,Aeroparts AOG DWC LLC,USD,1,Draft,2024-11-19,1,443.0,NE,PACKING,A35299,50,8.86,2024-10-10,EA,EA,1,8.86
PO-24-5650,Purchase Order PO-24-5650,AVIALL,2024-11-19,Aeroparts AOG DWC LLC,USD,1,Draft,2024-11-19,1,1368.0,NE,PACKING,68-1357,100,13.68,2024-10-10,EA,EA,1,13.68
PO-24-5651,Purchase Order PO-24-5651,CFM INTERNATIONAL,2024-11-20,Aeroparts AOG DWC LLC,USD,1,Draft,2024-11-20,1,42984.0,NE,"SHIELD, HEAT",2002M71G01,24,1791,2024-11-20,EA,EA,1,1791
PO-24-5652,Purchase Order PO-24-5652,WENCOR,2024-11-21,Aeroparts AOG DWC LLC,USD,1,Draft,2024-11-21,1,178.5,NE,BOLT,EN6114V5Y15,75,2.38,2024-11-21,EA,EA,1,2.38
PO-24-5653,Purchase Order PO-24-5653,GLOBAL AVIATION RESOURCES,2024-11-21,Aeroparts AOG DWC LLC,USD,1,Draft,2024-11-21,1,65000.0,NE,ADIRU,HG2050AC11,1,65000,2024-11-21,EA,EA,1,65000
PO-24-5654,Purchase Order PO-24-5654,"GA TELESIS, LLC",2024-11-21,Aeroparts AOG DWC LLC,USD,1,Draft,2024-11-21,1,840.0,NE,BOLT,NAS6707U19,21,40,2024-11-21,EA,EA,1,40
PO-24-5655,Purchase Order PO-24-5655,SAFARI AVIATION SERVICES FZE,2024-11-21,Aeroparts AOG DWC LLC,USD,1,Draft,2024-11-21,1,3670.08,NE,TURBINE ENGINE OIL,TURBONYCOIL600,96,38.23,2024-11-21,EA,EA,1,38.23
PO-24-5656,Purchase Order PO-24-5656,SCORPION AERO SOLUTIONS,2024-11-21,Aeroparts AOG DWC LLC,USD,1,Draft,2024-11-21,1,2600.0,NE,BRAKE SENSOR,4305990080,2,1300,2024-11-21,EA,EA,1,1300
PO-24-5657,Purchase Order PO-24-5657,BOEING FLEET,2024-11-21,Aeroparts AOG DWC LLC,USD,1,Draft,2024-11-21,1,1641.0,NE,Pipe assy,3937251-1,1,1641,2024-11-21,EA,EA,1,1641
PO-24-5658,Purchase Order PO-24-5658,AVIALL SERVICES INC,2024-11-26,Aeroparts AOG DWC LLC,USD,1,Draft,2024-11-26,1,4534.32,NE,COVER,1C7003-41ABE,4,1133.58,2024-12-03,EA,EA,1,1133.58
PO-24-5659,Purchase Order PO-24-5659,BOEING FLEET,2024-11-27,Aeroparts AOG DWC LLC,USD,1,Draft,2024-11-27,1,248.4,NE,NUT,J490P04,10,24.84,2024-10-15,EA,EA,1,24.84
PO-24-5661,Purchase Order PO-24-5661,CFM INTERNATIONAL,2024-11-27,Aeroparts AOG DWC LLC,USD,1,Draft,2024-11-27,1,4800.0,NE,"LOCK,BLADE STAGE 9",2949M03P01,8,600,2024-11-27,EA,EA,1,600
PO-24-5662,Purchase Order PO-24-5662,JMS AG,2024-11-28,Aeroparts AOG DWC LLC,USD,1,Draft,2024-11-28,1,2780.0,NE,JACK AXLE,J-AXLE12HPA,1,2780,2024-11-28,EA,EA,1,2780
PO-24-5663,Purchase Order PO-24-5663,AVIALL,2024-11-28,Aeroparts AOG DWC LLC,USD,1,Draft,2024-11-28,1,419.70000000000005,NE,RETAINING GREASE,56-1050,3,139.9,2024-11-28,EA,EA,1,139.9
PO-24-5663,Purchase Order PO-24-5663,AVIALL,2024-11-28,Aeroparts AOG DWC LLC,USD,1,Draft,2024-11-28,2,1153.9,NE,SEAL,39-164,5,230.78,2024-11-28,EA,EA,1,230.78
PO-24-5663,Purchase Order PO-24-5663,AVIALL,2024-11-28,Aeroparts AOG DWC LLC,USD,1,Draft,2024-11-28,3,3257.92,NE,BOLT,43-1486,8,407.24,2024-11-28,EA,EA,1,407.24
PO-24-5663,Purchase Order PO-24-5663,AVIALL,2024-11-28,Aeroparts AOG DWC LLC,USD,1,Draft,2024-11-28,4,11468.999999999998,NE,NUT,63-533,150,76.46,2024-11-28,EA,EA,1,76.46
PO-24-5663,Purchase Order PO-24-5663,AVIALL,2024-11-28,Aeroparts AOG DWC LLC,USD,1,Draft,2024-11-28,5,940.4000000000001,NE,STEM,TR756-02,5,188.08,2024-11-28,EA,EA,1,188.08
PO-24-5665,Purchase Order PO-24-5665,SAFARI AVIATION SERVICES FZE,2024-11-28,Aeroparts AOG DWC LLC,USD,1,Draft,2024-11-28,1,35.33,NE,CUSTOMS PROCESSING FEE,CUSTOMS PROCESSING FEE,1,35.33,2024-11-28,EA,EA,1,35.33
PO-24-5665,Purchase Order PO-24-5665,SAFARI AVIATION SERVICES FZE,2024-11-28,Aeroparts AOG DWC LLC,USD,1,Draft,2024-11-28,2,25.8,NE,VAT,VAT,1,25.8,2024-11-28,EA,EA,1,25.8
PO-24-5665,Purchase Order PO-24-5665,SAFARI AVIATION SERVICES FZE,2024-11-28,Aeroparts AOG DWC LLC,USD,1,Draft,2024-11-28,3,176.78,NE,SEALANT,PR1440B1-2-6OZ,2,88.39,2024-11-28,EA,EA,1,88.39
PO-24-5665,Purchase Order PO-24-5665,SAFARI AVIATION SERVICES FZE,2024-11-28,Aeroparts AOG DWC LLC,USD,1,Draft,2024-11-28,4,339.32,NE,SEALANT,PR1440B2-6OZ,4,84.83,2024-11-28,EA,EA,1,84.83
PO-24-5666,Purchase Order PO-24-5666,AEROSOL INTERNATIONAL,2024-11-28,Aeroparts AOG DWC LLC,USD,1,Draft,2024-11-28,1,320.87,NE,VAT,VAT,1,320.87,2024-11-28,EA,EA,1,320.87
PO-24-5666,Purchase Order PO-24-5666,AEROSOL INTERNATIONAL,2024-11-28,Aeroparts AOG DWC LLC,USD,1,Draft,2024-11-28,2,6418.799999999999,NE,MOBILE JET OIL II,MOBILE JET OIL II,360,17.83,2024-11-28,EA,EA,1,17.83
PO-24-5667,Purchase Order PO-24-5667,AERORENIX TECHNIC AVIATION LTD.,2024-11-29,Aeroparts AOG DWC LLC,USD,1,Draft,2024-11-29,1,6000.0,NE,ACTUATOR,904800-01,1,6000,2024-12-06,EA,EA,1,6000
PO-24-5668,Purchase Order PO-24-5668,BOEING DISTRIBUTION SERVICES,2024-12-02,Aeroparts AOG DWC LLC,USD,1,Draft,2024-12-02,1,187.7,NE,"NUT, SLEEVE COUPLING",MS21921-10J,10,18.77,2024-12-02,EA,EA,1,18.77
PO-24-5669,Purchase Order PO-24-5669,Grove Aviation Services,2024-12-03,Aeroparts AOG DWC LLC,USD,1,Draft,2024-12-03,1,1600.0,NE,SERVO VALVE,A61545-001,1,1600,2024-11-06,EA,EA,1,1600
PO-24-5670,Purchase Order PO-24-5670,INVENTORY LOCATORY SERVICE LLC,2024-12-04,Aeroparts AOG DWC LLC,USD,1,Draft,2024-12-04,1,1.0,NE,ILS MONTHLY PAY,ILS002835,1,1,2024-12-04,EA,EA,1,1
PO-24-5670,Purchase Order PO-24-5670,INVENTORY LOCATORY SERVICE LLC,2024-12-04,Aeroparts AOG DWC LLC,USD,1,Draft,2024-12-04,2,109.51,NE,ILS MONTHLY PAY,ILS002834,1,109.51,2024-12-04,EA,EA,1,109.51
PO-24-5671,Purchase Order PO-24-5671,EMTECH COMPUTER CO LLC,2024-12-04,Aeroparts AOG DWC LLC,USD,1,Draft,2024-12-04,1,1288.18,NE,INV NO-77849,INV NO-77849,1,1288.18,2024-12-04,EA,EA,1,1288.18
PO-24-5671,Purchase Order PO-24-5671,EMTECH COMPUTER CO LLC,2024-12-04,Aeroparts AOG DWC LLC,USD,1,Draft,2024-12-04,2,1204.26,NE,INV NO-77290,INV NO-77290,1,1204.26,2024-12-04,EA,EA,1,1204.26
PO-24-5671,Purchase Order PO-24-5671,EMTECH COMPUTER CO LLC,2024-12-04,Aeroparts AOG DWC LLC,USD,1,Draft,2024-12-04,3,1203.78,NE,INV NO-76855,INV NO-76855,1,1203.78,2024-12-04,EA,EA,1,1203.78
PO-24-5671,Purchase Order PO-24-5671,EMTECH COMPUTER CO LLC,2024-12-04,Aeroparts AOG DWC LLC,USD,1,Draft,2024-12-04,4,1168.69,NE,INV NO-76399,INV NO-76399,1,1168.69,2024-12-04,EA,EA,1,1168.69
PO-24-5672,Purchase Order PO-24-5672,WENCOR,2024-12-04,Aeroparts AOG DWC LLC,USD,1,Draft,2024-12-04,1,204.0,NE,O-RING,M25988-3-010,200,1.02,2024-12-09,EA,EA,1,1.02
PO-24-5673,Purchase Order PO-24-5673,BOEING FLEET,2024-12-04,Aeroparts AOG DWC LLC,USD,1,Draft,2024-12-04,1,7740.0,NE,BREAK ASSY,143A5240-64,3,2580,2024-12-04,EA,EA,1,2580
PO-24-5673,Purchase Order PO-24-5673,BOEING FLEET,2024-12-04,Aeroparts AOG DWC LLC,USD,1,Draft,2024-12-04,2,8001.0,NE,BREAK ASSY,143A5240-63,3,2667,2024-12-04,EA,EA,1,2667
PO-24-5674,Purchase Order PO-24-5674,CFM INTERNATIONAL,2024-12-05,Aeroparts AOG DWC LLC,USD,1,Draft,2024-12-05,1,5225.0,NE,SEAL,1359M89P01,50,104.5,2024-11-12,EA,EA,1,104.5
PO-24-5674,Purchase Order PO-24-5674,CFM INTERNATIONAL,2024-12-05,Aeroparts AOG DWC LLC,USD,1,Draft,2024-12-05,2,229.99999999999997,NE,PACKING-PREFORMED O-RING,J221P117,100,2.3,2024-11-12,EA,EA,1,2.3
PO-24-5675,Purchase Order PO-24-5675,HEICO PARTS GROUP,2024-12-05,Aeroparts AOG DWC LLC,USD,1,Draft,2024-12-05,1,1944.0,NE,NUT,J979P06QQ,54,36,2024-10-15,EA,EA,1,36
PO-24-5676,Purchase Order PO-24-5676,D-Safe Cabinets,2024-12-06,Aeroparts AOG DWC LLC,USD,1,Draft,2024-12-06,1,2396.74,NE,FLAMMABLE STORAGE SAFETY CABINET,SC0090Y,2,1198.37,2024-12-06,EA,EA,1,1198.37
PO-24-5677,Purchase Order PO-24-5677,CFM INTERNATIONAL,2024-12-06,Aeroparts AOG DWC LLC,USD,1,Draft,2024-12-06,1,12955.0,NE,"SEAL,STAGE 3 COMPRESSOR STATOR",2564M15G01,5,2591,2024-12-13,EA,EA,1,2591
PO-24-5677,Purchase Order PO-24-5677,CFM INTERNATIONAL,2024-12-06,Aeroparts AOG DWC LLC,USD,1,Draft,2024-12-06,2,20840.0,NE,SEAL STAGE 3 COMPRESSOR STATOR,2564M15G02,8,2605,2024-12-13,EA,EA,1,2605
PO-24-5678,Purchase Order PO-24-5678,CFM INTERNATIONAL,2024-12-09,Aeroparts AOG DWC LLC,USD,1,Draft,2024-12-09,1,14232.0,NE,SEAL STAGE 2 COMPRESSOR STATOR,2564M19G02,6,2372,2024-12-09,EA,EA,1,2372
PO-24-5679,Purchase Order PO-24-5679,CFM INTERNATIONAL,2024-12-10,Aeroparts AOG DWC LLC,USD,1,Draft,2024-12-10,1,769.5,NE,BOLT-MACH DBL HEX HD,J1493P05A,190,4.05,2024-12-10,EA,EA,1,4.05
PO-24-5680,Purchase Order PO-24-5680,BOEING FLEET,2024-12-10,Aeroparts AOG DWC LLC,USD,1,Draft,2024-12-10,1,15651.0,NE,DUCT ASSY,65C30960-11,1,15651,2024-12-20,EA,EA,1,15651
PO-24-5681,Purchase Order PO-24-5681,SAFARI AVIATION SERVICES FZE,2024-12-10,Aeroparts AOG DWC LLC,USD,1,Draft,2024-12-10,1,35.33,NE,CUSTOMS PROCESSING FEE,CUSTOMS PROCESSING FEE,1,35.33,2024-12-10,EA,EA,1,35.33
PO-24-5681,Purchase Order PO-24-5681,SAFARI AVIATION SERVICES FZE,2024-12-10,Aeroparts AOG DWC LLC,USD,1,Draft,2024-12-10,2,14.27,NE,CERTIFICATE,HEALTH,1,14.27,2024-12-10,EA,EA,1,14.27
PO-24-5681,Purchase Order PO-24-5681,SAFARI AVIATION SERVICES FZE,2024-12-10,Aeroparts AOG DWC LLC,USD,1,Draft,2024-12-10,3,24.13,NE,VAT,VAT,1,24.13,2024-12-10,EA,EA,1,24.13
PO-24-5681,Purchase Order PO-24-5681,SAFARI AVIATION SERVICES FZE,2024-12-10,Aeroparts AOG DWC LLC,USD,1,Draft,2024-12-10,4,225.21,NE,CITRIC ACID ACTIVATOR 10200,PUR0GNEACTV4LB,1,225.21,2024-12-10,EA,EA,1,225.21
PO-24-5681,Purchase Order PO-24-5681,SAFARI AVIATION SERVICES FZE,2024-12-10,Aeroparts AOG DWC LLC,USD,1,Draft,2024-12-10,5,93.69,NE,Potable Tank Cleaner,SW-GSNG/GAL,1,93.69,2024-12-10,EA,EA,1,93.69
PO-24-5681,Purchase Order PO-24-5681,SAFARI AVIATION SERVICES FZE,2024-12-10,Aeroparts AOG DWC LLC,USD,1,Draft,2024-12-10,6,163.67,NE,PUROGENE SANITIZER AND DEODORIZER,PUR0GENEQT,1,163.67,2024-12-10,EA,EA,1,163.67
PO-24-5682,Purchase Order PO-24-5682,CFM INTERNATIONAL,2024-12-11,Aeroparts AOG DWC LLC,USD,1,Draft,2024-12-11,1,7170.0,NE,HPC BLADE -STAGE 9 LKG,P109P53,10,717,2024-12-11,EA,EA,1,717
PO-24-5683,Purchase Order PO-24-5683,CFM INTERNATIONAL,2024-12-11,Aeroparts AOG DWC LLC,USD,1,Draft,2024-12-11,1,8200.0,NE,BUSHING,9941M16P02,200,41,2024-12-11,EA,EA,1,41
PO-24-5685,Purchase Order PO-24-5685,CFM INTERNATIONAL,2024-12-11,Aeroparts AOG DWC LLC,USD,1,Draft,2024-12-11,1,6914.0,NE,"VANE SECTOR, S4",P264G07,2,3457,2024-12-11,EA,EA,1,3457
PO-24-5686,Purchase Order PO-24-5686,GLOBAL AVIATION RESOURCES,2024-12-11,Aeroparts AOG DWC LLC,USD,1,Draft,2024-12-11,1,50000.0,NE,AIR DATA AND INERTIAL REF UNIT,465020-03030316,1,50000,2024-12-11,EA,EA,1,50000
PO-24-5687,Purchase Order PO-24-5687,CFM INTERNATIONAL,2024-12-12,Aeroparts AOG DWC LLC,USD,1,Draft,2024-12-12,1,2439.0,NE,RING-SECTOR SUPPORT,338-118-304-0,1,2439,2025-01-05,EA,EA,1,2439
PO-24-5688,Purchase Order PO-24-5688,CFM INTERNATIONAL,2024-12-12,Aeroparts AOG DWC LLC,USD,1,Draft,2024-12-12,1,40960.0,NE,BEARING-BALL THRUST NO.3,2411M39P02,1,40960,2024-12-12,EA,EA,1,40960
PO-24-5689,Purchase Order PO-24-5689,Thameside Aero Spares Ltd,2024-12-13,Aeroparts AOG DWC LLC,USD,1,Draft,2024-12-13,1,300.0,NE,SEAL,5937609-501,2,150,2024-12-13,EA,EA,1,150
PO-24-5690,Purchase Order PO-24-5690,BOEING FLEET,2024-12-13,Aeroparts AOG DWC LLC,USD,1,Draft,2024-12-13,1,5160.0,NE,BREAK ASSY,143A5240-64,2,2580,2024-12-13,EA,EA,1,2580
PO-24-5690,Purchase Order PO-24-5690,BOEING FLEET,2024-12-13,Aeroparts AOG DWC LLC,USD,1,Draft,2024-12-13,2,5334.0,NE,BREAK ASSY,143A5240-63,2,2667,2024-12-13,EA,EA,1,2667
PO-24-5691,Purchase Order PO-24-5691,CFM INTERNATIONAL,2024-12-13,Aeroparts AOG DWC LLC,USD,1,Draft,2024-12-13,1,5078.0,NE,SEAL STAGE 3 COMPRESSOR STATOR,2564M15G04,2,2539,2024-12-13,EA,EA,1,2539
PO-24-5691,Purchase Order PO-24-5691,CFM INTERNATIONAL,2024-12-13,Aeroparts AOG DWC LLC,USD,1,Draft,2024-12-13,2,5078.0,NE,SEAL STAGE 3 COMPRESSOR STATOR,2564M15G03,2,2539,2024-12-13,EA,EA,1,2539
PO-24-5692,Purchase Order PO-24-5692,ROLLS ROYCE,2024-12-16,Aeroparts AOG DWC LLC,USD,1,Draft,2024-12-16,1,42855.0,NE,INVOICE RR,1820154319,1,42855,2024-12-16,EA,EA,1,42855
PO-24-5693,Purchase Order PO-24-5693,CFM INTERNATIONAL,2024-12-16,Aeroparts AOG DWC LLC,USD,1,Draft,2024-12-16,1,23510.0,NE,SEAL STAGE 2 COMPRESSOR STATOR,2564M19G04,10,2351,2024-12-16,EA,EA,1,2351
PO-24-5693,Purchase Order PO-24-5693,CFM INTERNATIONAL,2024-12-16,Aeroparts AOG DWC LLC,USD,1,Draft,2024-12-16,2,25390.0,NE,SEAL STAGE 3 COMPRESSOR STATOR,2564M15G04,10,2539,2024-12-16,EA,EA,1,2539
PO-24-5693,Purchase Order PO-24-5693,CFM INTERNATIONAL,2024-12-16,Aeroparts AOG DWC LLC,USD,1,Draft,2024-12-16,3,25390.0,NE,SEAL STAGE 3 COMPRESSOR STATOR,2564M15G03,10,2539,2024-12-16,EA,EA,1,2539
PO-24-5694,Purchase Order PO-24-5694,PILOT JOHN INTERNATONAL,2024-12-16,Aeroparts AOG DWC LLC,USD,1,Draft,2024-12-16,1,832.8000000000001,NE,PITOT PROBE COVER,KPC4-825-8,6,138.8,2024-12-16,EA,EA,1,138.8
PO-24-5694,Purchase Order PO-24-5694,PILOT JOHN INTERNATONAL,2024-12-16,Aeroparts AOG DWC LLC,USD,1,Draft,2024-12-16,2,1189.08,NE,PITOT PROBE COVER,KPC4-480-325,12,99.09,2024-12-16,EA,EA,1,99.09
PO-24-5694,Purchase Order PO-24-5694,PILOT JOHN INTERNATONAL,2024-12-16,Aeroparts AOG DWC LLC,USD,1,Draft,2024-12-16,3,545.86,NE,PITOT PROBE COVER,FTC-102,7,77.98,2024-12-16,EA,EA,1,77.98
PO-24-5695,Purchase Order PO-24-5695,BOEING FLEET,2024-12-16,Aeroparts AOG DWC LLC,USD,1,Draft,2024-12-16,1,1570.0,NE,Fitting,315W5245-1,2,785,2024-12-05,EA,EA,1,785
PO-24-5696,Purchase Order PO-24-5696,CFM INTERNATIONAL,2024-12-16,Aeroparts AOG DWC LLC,USD,1,Draft,2024-12-16,1,2625.0,NE,CLAMP,649-412-305-0,30,87.5,2024-12-16,EA,EA,1,87.5
PO-24-5697,Purchase Order PO-24-5697,CFM INTERNATIONAL,2024-12-17,Aeroparts AOG DWC LLC,USD,1,Draft,2024-12-17,1,1393.75,NE,"CLAMP, LOOP",J1431P08,25,55.75,2024-12-17,EA,EA,1,55.75
PO-24-5697,Purchase Order PO-24-5697,CFM INTERNATIONAL,2024-12-17,Aeroparts AOG DWC LLC,USD,1,Draft,2024-12-17,2,998.5,NE,"RING, RETAINING",9971M82P02,2,499.25,2024-12-17,EA,EA,1,499.25
PO-24-5698,Purchase Order PO-24-5698,CFM INTERNATIONAL,2024-12-17,Aeroparts AOG DWC LLC,USD,1,Draft,2024-12-17,1,36560.0,NE,RING-RETAINING KEYED,1663M70P02,10,3656,2024-12-17,EA,EA,1,3656
PO-24-5699,Purchase Order PO-24-5699,CFM INTERNATIONAL,2024-12-18,Aeroparts AOG DWC LLC,USD,1,Draft,2024-12-18,1,5072.0,NE,"LINK ASSY, S3",1590M33P01,2,2536,2024-12-18,EA,EA,1,2536
PO-24-5700,Purchase Order PO-24-5700,CFM INTERNATIONAL,2024-12-18,Aeroparts AOG DWC LLC,USD,1,Draft,2024-12-18,1,40960.0,NE,BEARING-BALL THRUST NO.3,2411M39P02,1,40960,2024-12-18,EA,EA,1,40960
PO-24-5701,Purchase Order PO-24-5701,DHL WORLDWIDE EXPRESS DUBAI LLC,2024-12-18,Aeroparts AOG DWC LLC,USD,1,Draft,2024-12-18,1,13.32,NE,INVOICE NUMBER,D12861818,1,13.32,2024-12-18,EA,EA,1,13.32
PO-24-5701,Purchase Order PO-24-5701,DHL WORLDWIDE EXPRESS DUBAI LLC,2024-12-18,Aeroparts AOG DWC LLC,USD,1,Draft,2024-12-18,2,113.02,NE,INVOICE NUMBER,DXBR002449745,1,113.02,2024-12-18,EA,EA,1,113.02
PO-24-5701,Purchase Order PO-24-5701,DHL WORLDWIDE EXPRESS DUBAI LLC,2024-12-18,Aeroparts AOG DWC LLC,USD,1,Draft,2024-12-18,3,1369.44,NE,INVOICE NUMBER,DXBIR01903786,1,1369.44,2024-12-18,EA,EA,1,1369.44
PO-24-5701,Purchase Order PO-24-5701,DHL WORLDWIDE EXPRESS DUBAI LLC,2024-12-18,Aeroparts AOG DWC LLC,USD,1,Draft,2024-12-18,4,10.87,NE,INVOICE NUMBER,D12847678,1,10.87,2024-12-18,EA,EA,1,10.87
PO-24-5701,Purchase Order PO-24-5701,DHL WORLDWIDE EXPRESS DUBAI LLC,2024-12-18,Aeroparts AOG DWC LLC,USD,1,Draft,2024-12-18,5,2196.11,NE,INVOICE NUMBER,DXBIR01899169,1,2196.11,2024-12-18,EA,EA,1,2196.11
PO-24-5701,Purchase Order PO-24-5701,DHL WORLDWIDE EXPRESS DUBAI LLC,2024-12-18,Aeroparts AOG DWC LLC,USD,1,Draft,2024-12-18,6,4.35,NE,INVOICE NUMBER,D12810547,1,4.35,2024-12-18,EA,EA,1,4.35
PO-24-5701,Purchase Order PO-24-5701,DHL WORLDWIDE EXPRESS DUBAI LLC,2024-12-18,Aeroparts AOG DWC LLC,USD,1,Draft,2024-12-18,7,1992.8,NE,INVOICE NUMBER,DXBIR01892234,1,1992.8,2024-12-18,EA,EA,1,1992.8
PO-24-5701,Purchase Order PO-24-5701,DHL WORLDWIDE EXPRESS DUBAI LLC,2024-12-18,Aeroparts AOG DWC LLC,USD,1,Draft,2024-12-18,8,13.32,NE,INVOICE NUMBER,DXBIDR0161238,1,13.32,2024-12-18,EA,EA,1,13.32
PO-24-5701,Purchase Order PO-24-5701,DHL WORLDWIDE EXPRESS DUBAI LLC,2024-12-18,Aeroparts AOG DWC LLC,USD,1,Draft,2024-12-18,9,15.22,NE,INVOICE NUMBER,D12766960,1,15.22,2024-12-18,EA,EA,1,15.22
PO-24-5701,Purchase Order PO-24-5701,DHL WORLDWIDE EXPRESS DUBAI LLC,2024-12-18,Aeroparts AOG DWC LLC,USD,1,Draft,2024-12-18,10,3253.06,NE,INVOICE NUMBER,DXBIR01886165,1,3253.06,2024-12-18,EA,EA,1,3253.06
PO-24-5701,Purchase Order PO-24-5701,DHL WORLDWIDE EXPRESS DUBAI LLC,2024-12-18,Aeroparts AOG DWC LLC,USD,1,Draft,2024-12-18,11,8.15,NE,INVOICE NUMBER,D12761006,1,8.15,2024-12-18,EA,EA,1,8.15
PO-24-5701,Purchase Order PO-24-5701,DHL WORLDWIDE EXPRESS DUBAI LLC,2024-12-18,Aeroparts AOG DWC LLC,USD,1,Draft,2024-12-18,12,13.59,NE,INVOICE NUMBER,D12755105,1,13.59,2024-12-18,EA,EA,1,13.59
PO-24-5701,Purchase Order PO-24-5701,DHL WORLDWIDE EXPRESS DUBAI LLC,2024-12-18,Aeroparts AOG DWC LLC,USD,1,Draft,2024-12-18,13,255.75,NE,INVOICE NUMBER,DXBIR01879792,1,255.75,2024-12-18,EA,EA,1,255.75
PO-24-5702,Purchase Order PO-24-5702,UNICAL AVIATION,2024-12-18,Aeroparts AOG DWC LLC,USD,1,Draft,2024-12-18,1,3150.0,NE,TRIPOD JACK,D08504K3D1E01B0,2,1575,2024-12-18,EA,EA,1,1575
PO-24-5703,Purchase Order PO-24-5703,CFM INTERNATIONAL,2024-12-19,Aeroparts AOG DWC LLC,USD,1,Draft,2024-12-19,1,4940.0,NE,BLADE-STG5,P395P04,5,988,2024-12-19,EA,EA,1,988
PO-24-5704,Purchase Order PO-24-5704,"Safetech USA, Inc",2024-12-20,Aeroparts AOG DWC LLC,USD,1,Draft,2024-12-20,1,4250.0,NE,CYLINDER,B64534-3,5,850,2024-12-10,EA,EA,1,850
PO-24-5705,Purchase Order PO-24-5705,CFM INTERNATIONAL,2024-12-23,Aeroparts AOG DWC LLC,USD,1,Draft,2024-12-23,1,2439.0,NE,RING-SECTOR SUPPORT,338-118-304-0,1,2439,2024-12-23,EA,EA,1,2439
PO-24-5706,Purchase Order PO-24-5706,OH Capital Assets,2024-12-23,Aeroparts AOG DWC LLC,USD,1,Draft,2024-12-23,1,2650.0,NE,ACTUATOR ASSY,1FA14012-6,1,2650,2024-11-18,EA,EA,1,2650
PO-24-5707,Purchase Order PO-24-5707,SAFARI AVIATION SERVICES FZE,2024-12-24,Aeroparts AOG DWC LLC,USD,1,Draft,2024-12-24,1,22.76,NE,VAT,VAT,1,22.76,2024-12-24,EA,EA,1,22.76
PO-24-5707,Purchase Order PO-24-5707,SAFARI AVIATION SERVICES FZE,2024-12-24,Aeroparts AOG DWC LLC,USD,1,Draft,2024-12-24,2,42.8,NE,CERTIFICATE,HEALTH,1,42.8,2024-12-24,EA,EA,1,42.8
PO-24-5707,Purchase Order PO-24-5707,SAFARI AVIATION SERVICES FZE,2024-12-24,Aeroparts AOG DWC LLC,USD,1,Draft,2024-12-24,3,35.33,NE,CUSTOMS PROCESSING FEE,CUSTOMS PROCESSING FEE,1,35.33,2024-12-24,EA,EA,1,35.33
PO-24-5707,Purchase Order PO-24-5707,SAFARI AVIATION SERVICES FZE,2024-12-24,Aeroparts AOG DWC LLC,USD,1,Draft,2024-12-24,4,455.28,NE,OIL,EASTMAN TURBO OIL 2380,24,18.97,2024-12-24,QT,QT,1,18.97
PO-24-5708,Purchase Order PO-24-5708,GLOBAL AVIATION RESOURCES,2024-12-24,Aeroparts AOG DWC LLC,USD,1,Draft,2024-12-24,1,220000.0,NE,INERTIAL REFERENCE UNIT,HG2100AB02,1,220000,2024-12-24,EA,EA,1,220000
PO-24-5709,Purchase Order PO-24-5709,CFM INTERNATIONAL,2024-12-25,Aeroparts AOG DWC LLC,USD,1,Draft,2024-12-25,1,27936.0,NE,SHROUD ASSY-CPRSR STTR STG 3,2564M14P01,18,1552,2025-01-18,EA,EA,1,1552
PO-24-5710,Purchase Order PO-24-5710,CFM INTERNATIONAL,2024-12-25,Aeroparts AOG DWC LLC,USD,1,Draft,2024-12-25,1,13025.0,NE,"BUSHING, BELLCR",9131M66P03,100,130.25,2025-01-18,EA,EA,1,130.25
PO-24-5711,Purchase Order PO-24-5711,AVIALL,2024-12-25,Aeroparts AOG DWC LLC,USD,1,Draft,2024-12-25,1,753.02,NE,BUSHING,60476,2,376.51,2024-12-23,EA,EA,1,376.51
PO-24-5712,Purchase Order PO-24-5712,CFM INTERNATIONAL,2024-12-25,Aeroparts AOG DWC LLC,USD,1,Draft,2024-12-25,1,6160.0,NE,"SHROUD,ASSY-CPRSR STTR STG 3",1277M91G09,4,1540,2024-12-25,EA,EA,1,1540
PO-24-5712,Purchase Order PO-24-5712,CFM INTERNATIONAL,2024-12-25,Aeroparts AOG DWC LLC,USD,1,Draft,2024-12-25,2,5144.0,NE,SHROUD ASSY-CPRSR STTR STG 2,2050M82G05,4,1286,2024-12-25,EA,EA,1,1286
PO-24-5713,Purchase Order PO-24-5713,SAFARI AVIATION SERVICES FZE,2024-12-25,Aeroparts AOG DWC LLC,USD,1,Draft,2024-12-25,1,82.8,NE,LAMP,OL387AS15,30,2.76,2024-12-25,EA,EA,1,2.76
PO-24-5713,Purchase Order PO-24-5713,SAFARI AVIATION SERVICES FZE,2024-12-25,Aeroparts AOG DWC LLC,USD,1,Draft,2024-12-25,2,24.900000000000002,NE,LAMP,GE1864,10,2.49,2024-12-25,EA,EA,1,2.49
PO-24-5714,Purchase Order PO-24-5714,CFM INTERNATIONAL,2024-12-25,Aeroparts AOG DWC LLC,USD,1,Draft,2024-12-25,1,36960.0,NE,"SEAL, VANE ASSY",1559M27G06,24,1540,2024-12-25,EA,EA,1,1540
PO-24-5715,Purchase Order PO-24-5715,CFM INTERNATIONAL,2024-12-25,Aeroparts AOG DWC LLC,USD,1,Draft,2024-12-25,1,10590.0,NE,BEARING-ROLLER,340-054-502-0,1,10590,2024-12-23,EA,EA,1,10590
PO-24-5716,Purchase Order PO-24-5716,CFM INTERNATIONAL,2024-12-25,Aeroparts AOG DWC LLC,USD,1,Draft,2024-12-25,1,19208.0,NE,SEAL STAGE2 COMPRESSOR STATOR,2564M19G01,8,2401,2024-12-25,EA,EA,1,2401
PO-24-5717,Purchase Order PO-24-5717,SAFARI AVIATION SERVICES FZE,2024-12-25,Aeroparts AOG DWC LLC,USD,1,Draft,2024-12-25,1,3277.1,NE,VAT,VAT,1,3277.1,2024-12-25,EA,EA,1,3277.1
PO-24-5717,Purchase Order PO-24-5717,SAFARI AVIATION SERVICES FZE,2024-12-25,Aeroparts AOG DWC LLC,USD,1,Draft,2024-12-25,2,2304.7999999999997,NE,PATCH,AF888,10,230.48,2024-12-25,EA,EA,1,230.48
PO-24-5717,Purchase Order PO-24-5717,SAFARI AVIATION SERVICES FZE,2024-12-25,Aeroparts AOG DWC LLC,USD,1,Draft,2024-12-25,3,1833.7,NE,Low Density Fuel Tank Sealant,PR1782C-2,10,183.37,2024-12-25,EA,EA,1,183.37
PO-24-5717,Purchase Order PO-24-5717,SAFARI AVIATION SERVICES FZE,2024-12-25,Aeroparts AOG DWC LLC,USD,1,Draft,2024-12-25,4,538.8000000000001,NE,RTU Cleaner Disinfectant,ZEP-RTU,30,17.96,2024-12-25,EA,EA,1,17.96
PO-24-5717,Purchase Order PO-24-5717,SAFARI AVIATION SERVICES FZE,2024-12-25,Aeroparts AOG DWC LLC,USD,1,Draft,2024-12-25,5,895.8,NE,OS CLEAR PRIMER,DOWSIL-1200-OS,10,89.58,2024-12-25,EA,EA,1,89.58
PO-24-5717,Purchase Order PO-24-5717,SAFARI AVIATION SERVICES FZE,2024-12-25,Aeroparts AOG DWC LLC,USD,1,Draft,2024-12-25,6,1411.3,NE,Low Density Sealant 6 Oz Liquid Black,PR1782B1-2-6OZ,10,141.13,2024-12-25,EA,EA,1,141.13
PO-24-5717,Purchase Order PO-24-5717,SAFARI AVIATION SERVICES FZE,2024-12-25,Aeroparts AOG DWC LLC,USD,1,Draft,2024-12-25,7,2881.3999999999996,NE,Sprayable Corrosion Inhibitive Sealant Pint Kit,PR1436GPT,10,288.14,2024-12-25,EA,EA,1,288.14
PO-24-5717,Purchase Order PO-24-5717,SAFARI AVIATION SERVICES FZE,2024-12-25,Aeroparts AOG DWC LLC,USD,1,Draft,2024-12-25,8,1782.4,NE,Dry Film Lubricant,PL470,20,89.12,2024-12-25,EA,EA,1,89.12
PO-24-5717,Purchase Order PO-24-5717,SAFARI AVIATION SERVICES FZE,2024-12-25,Aeroparts AOG DWC LLC,USD,1,Draft,2024-12-25,9,1383.28,NE,ANTI-SEIZE,ROCOL ASC251T,4,345.82,2024-12-25,EA,EA,1,345.82
PO-24-5717,Purchase Order PO-24-5717,SAFARI AVIATION SERVICES FZE,2024-12-25,Aeroparts AOG DWC LLC,USD,1,Draft,2024-12-25,10,1415.24,NE,ANTI SEIZE 797,ROCOL-797,4,353.81,2024-12-25,EA,EA,1,353.81
PO-24-5717,Purchase Order PO-24-5717,SAFARI AVIATION SERVICES FZE,2024-12-25,Aeroparts AOG DWC LLC,USD,1,Draft,2024-12-25,11,867.54,NE,AEROSOL,DRY MOLY SPRAY,6,144.59,2024-12-25,EA,EA,1,144.59
PO-24-5717,Purchase Order PO-24-5717,SAFARI AVIATION SERVICES FZE,2024-12-25,Aeroparts AOG DWC LLC,USD,1,Draft,2024-12-25,12,21.08,NE,STAINLESS LOCKWIRE 0.047 1LB,MS20995C47SS1LB,1,21.08,2024-12-25,EA,EA,1,21.08
PO-24-5717,Purchase Order PO-24-5717,SAFARI AVIATION SERVICES FZE,2024-12-25,Aeroparts AOG DWC LLC,USD,1,Draft,2024-12-25,13,592.6,NE,400 NICKEL ALLOY WIRE .020 1LB,MS20995NC20,10,59.26,2024-12-25,EA,EA,1,59.26
PO-24-5717,Purchase Order PO-24-5717,SAFARI AVIATION SERVICES FZE,2024-12-25,Aeroparts AOG DWC LLC,USD,1,Draft,2024-12-25,14,7452.1,NE,SKYFLEX TAPE,106862,2,3726.05,2024-12-25,EA,EA,1,3726.05
PO-24-5717,Purchase Order PO-24-5717,SAFARI AVIATION SERVICES FZE,2024-12-25,Aeroparts AOG DWC LLC,USD,1,Draft,2024-12-25,15,1758.0,NE,MOLD RELEASE AGENT,FREKOTE 700-NC,20,87.9,2024-12-25,EA,EA,1,87.9
PO-24-5717,Purchase Order PO-24-5717,SAFARI AVIATION SERVICES FZE,2024-12-25,Aeroparts AOG DWC LLC,USD,1,Draft,2024-12-25,16,1447.08,NE,Socomore 50S Corrosion Preventative 500ml,SOCOPAC-50S,12,120.59,2024-12-25,EA,EA,1,120.59
PO-24-5717,Purchase Order PO-24-5717,SAFARI AVIATION SERVICES FZE,2024-12-25,Aeroparts AOG DWC LLC,USD,1,Draft,2024-12-25,17,449.52,NE,LPS3 RUST INHIBITOR 380ML,M00316,24,18.73,2024-12-25,EA,EA,1,18.73
PO-24-5717,Purchase Order PO-24-5717,SAFARI AVIATION SERVICES FZE,2024-12-25,Aeroparts AOG DWC LLC,USD,1,Draft,2024-12-25,18,544.0,NE,CORROSION INHIBITOR 400ML,ARDROX-AV25-AEROSOL,8,68,2024-12-25,EA,EA,1,68
PO-24-5717,Purchase Order PO-24-5717,SAFARI AVIATION SERVICES FZE,2024-12-25,Aeroparts AOG DWC LLC,USD,1,Draft,2024-12-25,19,538.92,NE,SANI PAK,SP77006A,12,44.91,2024-12-25,EA,EA,1,44.91
PO-24-5717,Purchase Order PO-24-5717,SAFARI AVIATION SERVICES FZE,2024-12-25,Aeroparts AOG DWC LLC,USD,1,Draft,2024-12-25,20,2028.08,NE,CLEANER DISINFECTANT,CITRA-SAFE-5LTR,4,507.02,2024-12-25,EA,EA,1,507.02
PO-24-5717,Purchase Order PO-24-5717,SAFARI AVIATION SERVICES FZE,2024-12-25,Aeroparts AOG DWC LLC,USD,1,Draft,2024-12-25,21,1389.18,NE,Thinner,8500-5200-5LT,6,231.53,2024-12-25,EA,EA,1,231.53
PO-24-5717,Purchase Order PO-24-5717,SAFARI AVIATION SERVICES FZE,2024-12-25,Aeroparts AOG DWC LLC,USD,1,Draft,2024-12-25,22,1239.44,NE,CORROSION INHIBITIVE JOINTING COMPOUND 6 OZ,CA1000-6OZ,8,154.93,2024-12-25,EA,EA,1,154.93
PO-24-5717,Purchase Order PO-24-5717,SAFARI AVIATION SERVICES FZE,2024-12-25,Aeroparts AOG DWC LLC,USD,1,Draft,2024-12-25,23,1684.7,NE,SOLVENT RESISTANT SEALANT 90ML,DOWSIL-730FS,10,168.47,2024-12-25,EA,EA,1,168.47
PO-24-5717,Purchase Order PO-24-5717,SAFARI AVIATION SERVICES FZE,2024-12-25,Aeroparts AOG DWC LLC,USD,1,Draft,2024-12-25,24,800.0,NE,DARK GREY SEALANT 310 ML CG,FLOORSIL2-8.15-310ML,8,100,2024-12-25,EA,EA,1,100
PO-24-5717,Purchase Order PO-24-5717,SAFARI AVIATION SERVICES FZE,2024-12-25,Aeroparts AOG DWC LLC,USD,1,Draft,2024-12-25,25,2065.9,NE,"ADHESION PROMOTER, BLUE, 1 PT",PR148-1PTBLUE,10,206.59,2024-12-25,EA,EA,1,206.59
PO-24-5717,Purchase Order PO-24-5717,SAFARI AVIATION SERVICES FZE,2024-12-25,Aeroparts AOG DWC LLC,USD,1,Draft,2024-12-25,26,2423.6000000000004,NE,SEALANT 654 SEMKIT 6OZ,PR1440A1-2,20,121.18,2024-12-25,EA,EA,1,121.18
PO-24-5717,Purchase Order PO-24-5717,SAFARI AVIATION SERVICES FZE,2024-12-25,Aeroparts AOG DWC LLC,USD,1,Draft,2024-12-25,27,2694.48,NE,APLIX 840 ACRYLIC PSA LOOP,A840R0025L694SC,6,449.08,2024-12-25,RL,RL,1,449.08
PO-24-5717,Purchase Order PO-24-5717,SAFARI AVIATION SERVICES FZE,2024-12-25,Aeroparts AOG DWC LLC,USD,1,Draft,2024-12-25,28,2155.6,NE,"CLEAR POLYSTER FILM TAPE, 3M TAPE 850",3M850,10,215.56,2024-12-25,EA,EA,1,215.56
PO-24-5717,Purchase Order PO-24-5717,SAFARI AVIATION SERVICES FZE,2024-12-25,Aeroparts AOG DWC LLC,USD,1,Draft,2024-12-25,29,449.09999999999997,NE,DOUBLE SIDED CARPET TAPE,P55,10,44.91,2024-12-25,RL,RL,1,44.91
PO-24-5717,Purchase Order PO-24-5717,SAFARI AVIATION SERVICES FZE,2024-12-25,Aeroparts AOG DWC LLC,USD,1,Draft,2024-12-25,30,1944.1,NE,TRANSFERBAND 3M 950,3M 950,10,194.41,2024-12-25,RL,RL,1,194.41
PO-24-5717,Purchase Order PO-24-5717,SAFARI AVIATION SERVICES FZE,2024-12-25,Aeroparts AOG DWC LLC,USD,1,Draft,2024-12-25,31,1484.5,NE,CONTACT RUBBER AND GASKET ADHESIVE (WITH TOLUENE),SCOTCHWELD-EC1300L,10,148.45,2024-12-25,QT,QT,1,148.45
PO-24-5717,Purchase Order PO-24-5717,SAFARI AVIATION SERVICES FZE,2024-12-25,Aeroparts AOG DWC LLC,USD,1,Draft,2024-12-25,32,1689.06,NE,EPOXY RESIN,ARALDITE AW1334,6,281.51,2024-12-25,CAN,CAN,1,281.51
PO-24-5717,Purchase Order PO-24-5717,SAFARI AVIATION SERVICES FZE,2024-12-25,Aeroparts AOG DWC LLC,USD,1,Draft,2024-12-25,33,795.16,NE,HIGH STRENGTH THREADLOCKER,LOCTITE 271,4,198.79,2024-12-25,BOT,BOT,1,198.79
PO-24-5717,Purchase Order PO-24-5717,SAFARI AVIATION SERVICES FZE,2024-12-25,Aeroparts AOG DWC LLC,USD,1,Draft,2024-12-25,34,1155.48,NE,ANAEROBIC RETAINING COMPOUND,LOCTITE 672,6,192.58,2024-12-25,BOT,BOT,1,192.58
PO-24-5717,Purchase Order PO-24-5717,SAFARI AVIATION SERVICES FZE,2024-12-25,Aeroparts AOG DWC LLC,USD,1,Draft,2024-12-25,35,1468.0,NE,SCOTCH SEAL 1252 TAMPER PROOF SEALANT WHITE,021200-20193,20,73.4,2024-12-25,TB,TB,1,73.4
PO-24-5717,Purchase Order PO-24-5717,SAFARI AVIATION SERVICES FZE,2024-12-25,Aeroparts AOG DWC LLC,USD,1,Draft,2024-12-25,36,965.18,NE,PPG CV116PU COATING GLOSS CLEAR,CV116-GPR0,1,965.18,2024-12-25,TN,TN,1,965.18
PO-24-5717,Purchase Order PO-24-5717,SAFARI AVIATION SERVICES FZE,2024-12-25,Aeroparts AOG DWC LLC,USD,1,Draft,2024-12-25,37,763.6,NE,LUBRIBOND 220 AEROSOL,LUBRIBOND 220 AEROSOL,10,76.36,2024-12-25,CAN,CAN,1,76.36
PO-24-5717,Purchase Order PO-24-5717,SAFARI AVIATION SERVICES FZE,2024-12-25,Aeroparts AOG DWC LLC,USD,1,Draft,2024-12-25,38,2246.96,NE,POLYPHENYL ETHER FLUID,SANTOVAC-5,2,1123.48,2024-12-25,BOT,BOT,1,1123.48
PO-24-5717,Purchase Order PO-24-5717,SAFARI AVIATION SERVICES FZE,2024-12-25,Aeroparts AOG DWC LLC,USD,1,Draft,2024-12-25,39,3172.7999999999997,NE,ANTI-SEIZE COMPOUND,LUBTORK,40,79.32,2024-12-25,EA,EA,1,79.32
PO-24-5717,Purchase Order PO-24-5717,SAFARI AVIATION SERVICES FZE,2024-12-25,Aeroparts AOG DWC LLC,USD,1,Draft,2024-12-25,40,808.3199999999999,NE,MOBIL AVIATION GREASE SHC100,SHC100-2KG,6,134.72,2024-12-25,CAN,CAN,1,134.72
PO-24-5717,Purchase Order PO-24-5717,SAFARI AVIATION SERVICES FZE,2024-12-25,Aeroparts AOG DWC LLC,USD,1,Draft,2024-12-25,41,1220.8,NE,Molub-Alloy Paste White T 100gm Tube,MOLUB-ALLOY-PASTE-WHITE,40,30.52,2024-12-25,TB,TB,1,30.52
PO-24-5717,Purchase Order PO-24-5717,SAFARI AVIATION SERVICES FZE,2024-12-25,Aeroparts AOG DWC LLC,USD,1,Draft,2024-12-25,42,2778.2400000000002,NE,EASTMAN TURBO OIL 2389 QT CAN,ETO2389-QT,96,28.94,2024-12-25,QT,QT,1,28.94
PO-24-5718,Purchase Order PO-24-5718,BOEING FLEET,2024-12-26,Aeroparts AOG DWC LLC,USD,1,Draft,2024-12-26,1,2088.0,NE,SWITCH,32EN21-4,1,2088,2024-12-21,EA,EA,1,2088
PO-24-5719,Purchase Order PO-24-5719,WENCOR,2024-12-26,Aeroparts AOG DWC LLC,USD,1,Draft,2024-12-26,1,136.17,NE,O-RING,NSA8202-6,51,2.67,2024-12-26,EA,EA,1,2.67
PO-24-5719,Purchase Order PO-24-5719,WENCOR,2024-12-26,Aeroparts AOG DWC LLC,USD,1,Draft,2024-12-26,2,105.6,NE,PACKING,NSA8200-2,22,4.8,2024-12-26,EA,EA,1,4.8
PO-24-5719,Purchase Order PO-24-5719,WENCOR,2024-12-26,Aeroparts AOG DWC LLC,USD,1,Draft,2024-12-26,3,160.02,NE,CLAMP,ABS0901R200,18,8.89,2024-12-26,EA,EA,1,8.89
PO-24-5719,Purchase Order PO-24-5719,WENCOR,2024-12-26,Aeroparts AOG DWC LLC,USD,1,Draft,2024-12-26,4,1619.28,NE,SEAL,9GD402429-00,12,134.94,2024-12-26,EA,EA,1,134.94
PO-24-5719,Purchase Order PO-24-5719,WENCOR,2024-12-26,Aeroparts AOG DWC LLC,USD,1,Draft,2024-12-26,5,717.72,NE,FILTER,1744587-01,12,59.81,2024-12-26,EA,EA,1,59.81
PO-24-5719,Purchase Order PO-24-5719,WENCOR,2024-12-26,Aeroparts AOG DWC LLC,USD,1,Draft,2024-12-26,6,588.62,NE,INDICATOR-TAMPER,4406001-001,38,15.49,2024-12-26,EA,EA,1,15.49
PO-24-5719,Purchase Order PO-24-5719,WENCOR,2024-12-26,Aeroparts AOG DWC LLC,USD,1,Draft,2024-12-26,7,122.55,NE,GASKET,EV0-34401,15,8.17,2024-12-26,EA,EA,1,8.17
PO-24-5720,Purchase Order PO-24-5720,BOEING DISTRIBUTION SERVICES,2024-12-26,Aeroparts AOG DWC LLC,USD,1,Draft,2024-12-26,1,50.120000000000005,NE,BOLT-HEXAGON HEAD,ABS0114T4D15,14,3.58,2024-12-26,EA,EA,1,3.58
PO-24-5720,Purchase Order PO-24-5720,BOEING DISTRIBUTION SERVICES,2024-12-26,Aeroparts AOG DWC LLC,USD,1,Draft,2024-12-26,2,50.49,NE,WASHER LOCK,NSA5355-6CA,51,0.99,2024-12-26,EA,EA,1,0.99
PO-24-5720,Purchase Order PO-24-5720,BOEING DISTRIBUTION SERVICES,2024-12-26,Aeroparts AOG DWC LLC,USD,1,Draft,2024-12-26,3,1121.0,NE,BOLT,NSA5031-4-10,100,11.21,2024-12-26,EA,EA,1,11.21
PO-24-5720,Purchase Order PO-24-5720,BOEING DISTRIBUTION SERVICES,2024-12-26,Aeroparts AOG DWC LLC,USD,1,Draft,2024-12-26,4,1470.0,NE,RIVET-BLIND,NAS1921B04S02U,1000,1.47,2024-12-26,EA,EA,1,1.47
PO-24-5720,Purchase Order PO-24-5720,BOEING DISTRIBUTION SERVICES,2024-12-26,Aeroparts AOG DWC LLC,USD,1,Draft,2024-12-26,5,55.0,NE,PACKING,NAS1611-209,22,2.5,2024-12-26,EA,EA,1,2.5
PO-24-5720,Purchase Order PO-24-5720,BOEING DISTRIBUTION SERVICES,2024-12-26,Aeroparts AOG DWC LLC,USD,1,Draft,2024-12-26,6,50.839999999999996,NE,PACKING-PREFORMED,M83248-1-024,41,1.24,2024-12-26,EA,EA,1,1.24
PO-24-5720,Purchase Order PO-24-5720,BOEING DISTRIBUTION SERVICES,2024-12-26,Aeroparts AOG DWC LLC,USD,1,Draft,2024-12-26,7,51.0,NE,RING,AS43013-116,50,1.02,2024-12-26,EA,EA,1,1.02
PO-24-5720,Purchase Order PO-24-5720,BOEING DISTRIBUTION SERVICES,2024-12-26,Aeroparts AOG DWC LLC,USD,1,Draft,2024-12-26,8,565.46,NE,BUSH-SHOULDERED,ASNA2128-05C05,14,40.39,2024-12-26,EA,EA,1,40.39
PO-24-5720,Purchase Order PO-24-5720,BOEING DISTRIBUTION SERVICES,2024-12-26,Aeroparts AOG DWC LLC,USD,1,Draft,2024-12-26,9,666.96,NE,BOLT-HEXAGON HEAD,ABS0114T4D44,12,55.58,2024-12-26,EA,EA,1,55.58
PO-24-5720,Purchase Order PO-24-5720,BOEING DISTRIBUTION SERVICES,2024-12-26,Aeroparts AOG DWC LLC,USD,1,Draft,2024-12-26,10,0.0,NE,BOLT-HEXAGON HEAD,ABS0114T4D15,0,3.57,2024-12-26,EA,EA,1,3.57
PO-24-5721,Purchase Order PO-24-5721,PROPONENT,2024-12-26,Aeroparts AOG DWC LLC,USD,1,Draft,2024-12-26,1,150.48,NE,NUT,ASNA2531-3,33,4.56,2024-12-26,EA,EA,1,4.56
PO-24-5721,Purchase Order PO-24-5721,PROPONENT,2024-12-26,Aeroparts AOG DWC LLC,USD,1,Draft,2024-12-26,2,68.88,NE,RING-SEALING TORIODAL,AS43013-156,14,4.92,2024-12-26,EA,EA,1,4.92
PO-24-5721,Purchase Order PO-24-5721,PROPONENT,2024-12-26,Aeroparts AOG DWC LLC,USD,1,Draft,2024-12-26,3,49.14,NE,RING,AS43013-114,14,3.51,2024-12-26,EA,EA,1,3.51
PO-24-5721,Purchase Order PO-24-5721,PROPONENT,2024-12-26,Aeroparts AOG DWC LLC,USD,1,Draft,2024-12-26,4,88.88,NE,PACKING PREFORMED,AS3582-252,22,4.04,2024-12-26,EA,EA,1,4.04
PO-24-5721,Purchase Order PO-24-5721,PROPONENT,2024-12-26,Aeroparts AOG DWC LLC,USD,1,Draft,2024-12-26,5,22.540000000000003,NE,Packing,AS3209-012,14,1.61,2024-12-26,EA,EA,1,1.61
PO-24-5721,Purchase Order PO-24-5721,PROPONENT,2024-12-26,Aeroparts AOG DWC LLC,USD,1,Draft,2024-12-26,6,63.84,NE,NUT,AS20627,16,3.99,2024-12-26,EA,EA,1,3.99
PO-24-5721,Purchase Order PO-24-5721,PROPONENT,2024-12-26,Aeroparts AOG DWC LLC,USD,1,Draft,2024-12-26,7,1089.12,NE,SEAL,ABS5800D096B,16,68.07,2024-12-26,EA,EA,1,68.07
PO-24-5721,Purchase Order PO-24-5721,PROPONENT,2024-12-26,Aeroparts AOG DWC LLC,USD,1,Draft,2024-12-26,8,782.42,NE,Tube-heat,ABS0836B06,58,13.49,2024-12-26,EA,EA,1,13.49
PO-24-5721,Purchase Order PO-24-5721,PROPONENT,2024-12-26,Aeroparts AOG DWC LLC,USD,1,Draft,2024-12-26,9,3235.68,NE,SEAL,9GD402431-10,12,269.64,2024-12-26,EA,EA,1,269.64
PO-24-5721,Purchase Order PO-24-5721,PROPONENT,2024-12-26,Aeroparts AOG DWC LLC,USD,1,Draft,2024-12-26,10,60.36,NE,PACKING,2-266N602-70,12,5.03,2024-12-26,EA,EA,1,5.03
PO-24-5721,Purchase Order PO-24-5721,PROPONENT,2024-12-26,Aeroparts AOG DWC LLC,USD,1,Draft,2024-12-26,11,1739.25,NE,"RING, SEALING",0F25-021,15,115.95,2024-12-26,EA,EA,1,115.95
PO-24-5722,Purchase Order PO-24-5722,PROPONENT,2024-12-26,Aeroparts AOG DWC LLC,USD,1,Draft,2024-12-26,1,3068.0,NE,PACKING,S9413-010,26,118,2024-12-26,EA,EA,1,118
PO-24-5722,Purchase Order PO-24-5722,PROPONENT,2024-12-26,Aeroparts AOG DWC LLC,USD,1,Draft,2024-12-26,2,1197.3,NE,"SEAL,RING",S3225-906,30,39.91,2024-12-26,EA,EA,1,39.91
PO-24-5722,Purchase Order PO-24-5722,PROPONENT,2024-12-26,Aeroparts AOG DWC LLC,USD,1,Draft,2024-12-26,3,901.6000000000001,NE,PACKING,S3225-902,14,64.4,2024-12-26,EA,EA,1,64.4
PO-24-5722,Purchase Order PO-24-5722,PROPONENT,2024-12-26,Aeroparts AOG DWC LLC,USD,1,Draft,2024-12-26,4,140.57999999999998,NE,RING FOR FLARED TUBE,NSA835070-5C,33,4.26,2024-12-26,EA,EA,1,4.26
PO-24-5722,Purchase Order PO-24-5722,PROPONENT,2024-12-26,Aeroparts AOG DWC LLC,USD,1,Draft,2024-12-26,5,148.68,NE,O-RING,NSA8208-266,12,12.39,2024-12-26,EA,EA,1,12.39
PO-24-5722,Purchase Order PO-24-5722,PROPONENT,2024-12-26,Aeroparts AOG DWC LLC,USD,1,Draft,2024-12-26,6,56.88,NE,O-RING,NSA8207-5,12,4.74,2024-12-26,EA,EA,1,4.74
PO-24-5722,Purchase Order PO-24-5722,PROPONENT,2024-12-26,Aeroparts AOG DWC LLC,USD,1,Draft,2024-12-26,7,237.66,NE,O-RING,NSA8203-230,34,6.99,2024-12-26,EA,EA,1,6.99
PO-24-5722,Purchase Order PO-24-5722,PROPONENT,2024-12-26,Aeroparts AOG DWC LLC,USD,1,Draft,2024-12-26,8,50.519999999999996,NE,O-RING,NSA8203-016,12,4.21,2024-12-26,EA,EA,1,4.21
PO-24-5722,Purchase Order PO-24-5722,PROPONENT,2024-12-26,Aeroparts AOG DWC LLC,USD,1,Draft,2024-12-26,9,67.36,NE,O-RING,NSA8200-6,16,4.21,2024-12-26,EA,EA,1,4.21
PO-24-5722,Purchase Order PO-24-5722,PROPONENT,2024-12-26,Aeroparts AOG DWC LLC,USD,1,Draft,2024-12-26,10,141.0,NE,NUT,NSA5050-4,100,1.41,2024-12-26,EA,EA,1,1.41
PO-24-5722,Purchase Order PO-24-5722,PROPONENT,2024-12-26,Aeroparts AOG DWC LLC,USD,1,Draft,2024-12-26,11,96.0,NE,NUT,NSA5050-3,100,0.96,2024-12-26,EA,EA,1,0.96
PO-24-5722,Purchase Order PO-24-5722,PROPONENT,2024-12-26,Aeroparts AOG DWC LLC,USD,1,Draft,2024-12-26,12,692.0,NE,NUT,NAS1726C4S,400,1.73,2024-12-26,EA,EA,1,1.73
PO-24-5722,Purchase Order PO-24-5722,PROPONENT,2024-12-26,Aeroparts AOG DWC LLC,USD,1,Draft,2024-12-26,13,332.0,NE,PACKING,NAS1611-317,200,1.66,2024-12-26,EA,EA,1,1.66
PO-24-5722,Purchase Order PO-24-5722,PROPONENT,2024-12-26,Aeroparts AOG DWC LLC,USD,1,Draft,2024-12-26,14,43.8,NE,PACKING,NAS1611-241,12,3.65,2024-12-26,EA,EA,1,3.65
PO-24-5722,Purchase Order PO-24-5722,PROPONENT,2024-12-26,Aeroparts AOG DWC LLC,USD,1,Draft,2024-12-26,15,56.00000000000001,NE,SCREW,NAS1096-3-10,200,0.28,2024-12-26,EA,EA,1,0.28
PO-24-5722,Purchase Order PO-24-5722,PROPONENT,2024-12-26,Aeroparts AOG DWC LLC,USD,1,Draft,2024-12-26,16,171.49,NE,PACKING-PREFORMED,MS9386-159,11,15.59,2024-12-26,EA,EA,1,15.59
PO-24-5722,Purchase Order PO-24-5722,PROPONENT,2024-12-26,Aeroparts AOG DWC LLC,USD,1,Draft,2024-12-26,17,161.92000000000002,NE,PACKING,AS3578-281,11,14.72,2024-12-26,EA,EA,1,14.72
PO-24-5722,Purchase Order PO-24-5722,PROPONENT,2024-12-26,Aeroparts AOG DWC LLC,USD,1,Draft,2024-12-26,18,91.80000000000001,NE,PACKING,AS3578-270,12,7.65,2024-12-26,EA,EA,1,7.65
PO-24-5722,Purchase Order PO-24-5722,PROPONENT,2024-12-26,Aeroparts AOG DWC LLC,USD,1,Draft,2024-12-26,19,45.12,NE,PACKING-PREFORMED,AS3578-226,24,1.88,2024-12-26,EA,EA,1,1.88
PO-24-5722,Purchase Order PO-24-5722,PROPONENT,2024-12-26,Aeroparts AOG DWC LLC,USD,1,Draft,2024-12-26,20,33.5,NE,PACKING-PREFORM,AS3578-901,50,0.67,2024-12-26,EA,EA,1,0.67
PO-24-5722,Purchase Order PO-24-5722,PROPONENT,2024-12-26,Aeroparts AOG DWC LLC,USD,1,Draft,2024-12-26,21,4.4399999999999995,NE,WASHER LOCK,MS35333-38,12,0.37,2024-12-26,EA,EA,1,0.37
PO-24-5722,Purchase Order PO-24-5722,PROPONENT,2024-12-26,Aeroparts AOG DWC LLC,USD,1,Draft,2024-12-26,22,54.239999999999995,NE,PACKING-PREFORMED,MS29561-242,24,2.26,2024-12-26,EA,EA,1,2.26
PO-24-5722,Purchase Order PO-24-5722,PROPONENT,2024-12-26,Aeroparts AOG DWC LLC,USD,1,Draft,2024-12-26,23,234.22,NE,GASKET,MS27196-32,14,16.73,2024-12-26,EA,EA,1,16.73
PO-24-5722,Purchase Order PO-24-5722,PROPONENT,2024-12-26,Aeroparts AOG DWC LLC,USD,1,Draft,2024-12-26,24,230.0,NE,COTTER PIN,MS24665-377,1000,0.23,2024-12-26,EA,EA,1,0.23
PO-24-5722,Purchase Order PO-24-5722,PROPONENT,2024-12-26,Aeroparts AOG DWC LLC,USD,1,Draft,2024-12-26,25,220.0,NE,PIN-COTTER,MS24665-374,1000,0.22,2024-12-26,EA,EA,1,0.22
PO-24-5722,Purchase Order PO-24-5722,PROPONENT,2024-12-26,Aeroparts AOG DWC LLC,USD,1,Draft,2024-12-26,26,142.0,NE,NUT,MS21042-6,200,0.71,2024-12-26,EA,EA,1,0.71
PO-24-5722,Purchase Order PO-24-5722,PROPONENT,2024-12-26,Aeroparts AOG DWC LLC,USD,1,Draft,2024-12-26,27,58.10000000000001,NE,PACKING,M83485-1-902,14,4.15,2024-12-26,EA,EA,1,4.15
PO-24-5722,Purchase Order PO-24-5722,PROPONENT,2024-12-26,Aeroparts AOG DWC LLC,USD,1,Draft,2024-12-26,28,22.400000000000002,NE,PACKING,M83248-2-905,14,1.6,2024-12-26,EA,EA,1,1.6
PO-24-5722,Purchase Order PO-24-5722,PROPONENT,2024-12-26,Aeroparts AOG DWC LLC,USD,1,Draft,2024-12-26,29,45.21,NE,PACKING-PREFORMED,M25988-2-906,11,4.11,2024-12-26,EA,EA,1,4.11
PO-24-5722,Purchase Order PO-24-5722,PROPONENT,2024-12-26,Aeroparts AOG DWC LLC,USD,1,Draft,2024-12-26,30,32.5,NE,PACKING-PREFORMED,M25988-2-013,13,2.5,2024-12-26,EA,EA,1,2.5
PO-24-5722,Purchase Order PO-24-5722,PROPONENT,2024-12-26,Aeroparts AOG DWC LLC,USD,1,Draft,2024-12-26,31,24.36,NE,PACKING,M25988-2-011,12,2.03,2024-12-26,EA,EA,1,2.03
PO-24-5723,Purchase Order PO-24-5723,AVIALL,2024-12-26,Aeroparts AOG DWC LLC,USD,1,Draft,2024-12-26,1,532.0,NE,SELF LOCKING NUT,MS21043-3,200,2.66,2024-12-26,EA,EA,1,2.66
PO-24-5724,Purchase Order PO-24-5724,Seal Dynamics,2024-12-26,Aeroparts AOG DWC LLC,USD,1,Draft,2024-12-26,1,4404.12,NE,OIL SCAVENGE ELEMENT,MPLA1016,14,314.58,2024-12-26,EA,EA,1,314.58
PO-24-5725,Purchase Order PO-24-5725,BOEING FLEET,2024-12-26,Aeroparts AOG DWC LLC,USD,1,Draft,2024-12-26,1,4036.0,NE,GASKET,728-602061-000,2,2018,2024-12-26,EA,EA,1,2018
PO-24-5726,Purchase Order PO-24-5726,CFM INTERNATIONAL,2024-12-31,Aeroparts AOG DWC LLC,USD,1,Draft,2024-12-31,1,6160.0,NE,SHROUD ASSY-CPRSR STTR STG 3,2050M83G05,4,1540,2024-12-31,EA,EA,1,1540
PO-24-5727,Purchase Order PO-24-5727,CFM INTERNATIONAL,2024-12-31,Aeroparts AOG DWC LLC,USD,1,Draft,2024-12-31,1,26050.0,NE,SEAL STAGE 3 COMPRESSOR STATOR,2564M15G02,10,2605,2024-12-31,EA,EA,1,2605
PO-24-5730,Purchase Order PO-24-5730,ROTAFILO,2025-01-08,Aeroparts AOG DWC LLC,USD,1,Draft,2025-01-08,1,0.0,NE,GUIDE CONE-WHEEL,M47381,2,0,2025-01-08,EA,EA,1,0
PO-24-5730,Purchase Order PO-24-5730,ROTAFILO,2025-01-08,Aeroparts AOG DWC LLC,USD,1,Draft,2025-01-08,2,1008.0,NE,PITCH TRIM CONTROL,98F27401000000,1,1008,2025-01-08,EA,EA,1,1008
PO-24-5730,Purchase Order PO-24-5730,ROTAFILO,2025-01-08,Aeroparts AOG DWC LLC,USD,1,Draft,2025-01-08,3,28.0,NE,INTERNATIONAL WIRE FEE,INTL WIRE FEE,1,28,2025-01-08,EA,EA,1,28
PO-24-5730,Purchase Order PO-24-5730,ROTAFILO,2025-01-08,Aeroparts AOG DWC LLC,USD,1,Draft,2025-01-08,4,80.64,NE,TAP TEST TOOL,98A57103013000,1,80.64,2025-01-08,EA,EA,1,80.64
PO-24-5730,Purchase Order PO-24-5730,ROTAFILO,2025-01-08,Aeroparts AOG DWC LLC,USD,1,Draft,2025-01-08,5,777.6,NE,MAGNETIC STRENGTH TEST PIECE,HU44533,1,777.6,2025-01-08,EA,EA,1,777.6
PO-24-5730,Purchase Order PO-24-5730,ROTAFILO,2025-01-08,Aeroparts AOG DWC LLC,USD,1,Draft,2025-01-08,6,763.2,NE,Extractor with slide hammer,HU29255,1,763.2,2025-01-08,EA,EA,1,763.2
PO-24-5730,Purchase Order PO-24-5730,ROTAFILO,2025-01-08,Aeroparts AOG DWC LLC,USD,1,Draft,2025-01-08,7,285.12,NE,PIN SET - NEUTRAL SETTING,98F27508209000,1,285.12,2025-01-08,EA,EA,1,285.12
PO-24-5730,Purchase Order PO-24-5730,ROTAFILO,2025-01-08,Aeroparts AOG DWC LLC,USD,1,Draft,2025-01-08,8,2693.76,NE,LR - DIST COLLAR SPOILER,98F27608701000,2,1346.88,2025-01-08,EA,EA,1,1346.88
PO-24-5730,Purchase Order PO-24-5730,ROTAFILO,2025-01-08,Aeroparts AOG DWC LLC,USD,1,Draft,2025-01-08,9,1900.8000000000002,NE,KEY - SPOILER MAINTENANCE,98D27603002001,10,190.08,2025-01-08,EA,EA,1,190.08
PO-24-5730,Purchase Order PO-24-5730,ROTAFILO,2025-01-08,Aeroparts AOG DWC LLC,USD,1,Draft,2025-01-08,10,934.08,NE,EXTRACTOR - R/I N.3/4 HINGE PIN T/R,HU87128,1,934.08,2025-01-08,EA,EA,1,934.08
PO-24-5730,Purchase Order PO-24-5730,ROTAFILO,2025-01-08,Aeroparts AOG DWC LLC,USD,1,Draft,2025-01-08,11,4138.56,NE,BRACE - HOLD OPEN COWLS LH,HU55152-1,1,4138.56,2025-01-08,EA,EA,1,4138.56
PO-24-5730,Purchase Order PO-24-5730,ROTAFILO,2025-01-08,Aeroparts AOG DWC LLC,USD,1,Draft,2025-01-08,12,4136.64,NE,BRACE - HOLD OPEN COWLS RH,HU55151-1,1,4136.64,2025-01-08,EA,EA,1,4136.64
PO-24-5730,Purchase Order PO-24-5730,ROTAFILO,2025-01-08,Aeroparts AOG DWC LLC,USD,1,Draft,2025-01-08,13,4009.92,NE,CHEST - TORQUE SET,98F71203001026,1,4009.92,2025-01-08,EA,EA,1,4009.92
PO-24-5730,Purchase Order PO-24-5730,ROTAFILO,2025-01-08,Aeroparts AOG DWC LLC,USD,1,Draft,2025-01-08,14,2031.36,NE,"COLLAR - SAFETY, NLG DOOR",98F32204001001,2,1015.68,2025-01-08,EA,EA,1,1015.68
PO-24-5730,Purchase Order PO-24-5730,ROTAFILO,2025-01-08,Aeroparts AOG DWC LLC,USD,1,Draft,2025-01-08,15,153.6,NE,"PIN - SAFETY, PAX DOOR DAMPER",701-2978000,2,76.8,2025-01-08,EA,EA,1,76.8
PO-24-5730,Purchase Order PO-24-5730,ROTAFILO,2025-01-08,Aeroparts AOG DWC LLC,USD,1,Draft,2025-01-08,16,3552.96,NE,TOOL VACUUM TOILET - LEAK TESTER,9501501-4000,1,3552.96,2025-01-08,EA,EA,1,3552.96
PO-24-5730,Purchase Order PO-24-5730,ROTAFILO,2025-01-08,Aeroparts AOG DWC LLC,USD,1,Draft,2025-01-08,17,264.0,NE,TOOL MANUAL RELEASE,995000-00,5,52.8,2025-01-08,EA,EA,1,52.8
PO-24-5730,Purchase Order PO-24-5730,ROTAFILO,2025-01-08,Aeroparts AOG DWC LLC,USD,1,Draft,2025-01-08,18,415.68,NE,"HOSE - ADAPTER, ALTITUDE SWITCH",98A35207599000,1,415.68,2025-01-08,EA,EA,1,415.68
PO-24-5730,Purchase Order PO-24-5730,ROTAFILO,2025-01-08,Aeroparts AOG DWC LLC,USD,1,Draft,2025-01-08,19,557.76,NE,GUIDE CONE BRAKE,M47380-200,1,557.76,2025-01-08,EA,EA,1,557.76
PO-24-5730,Purchase Order PO-24-5730,ROTAFILO,2025-01-08,Aeroparts AOG DWC LLC,USD,1,Draft,2025-01-08,20,286.08,NE,ADAPTOR,R46014,1,286.08,2025-01-08,EA,EA,1,286.08
PO-24-5730,Purchase Order PO-24-5730,ROTAFILO,2025-01-08,Aeroparts AOG DWC LLC,USD,1,Draft,2025-01-08,21,195.84,NE,GUIDE CONE WHEEL,M47382-100,1,195.84,2025-01-08,EA,EA,1,195.84
PO-24-5730,Purchase Order PO-24-5730,ROTAFILO,2025-01-08,Aeroparts AOG DWC LLC,USD,1,Draft,2025-01-08,22,1152.96,NE,EXTRACTOR,U21842000,1,1152.96,2025-01-08,EA,EA,1,1152.96
PO-24-5730,Purchase Order PO-24-5730,ROTAFILO,2025-01-08,Aeroparts AOG DWC LLC,USD,1,Draft,2025-01-08,23,489.6,NE,GUIDE CONE-WHEEL,M47381,2,244.8,2025-01-08,EA,EA,1,244.8
PO-24-5730,Purchase Order PO-24-5730,ROTAFILO,2025-01-08,Aeroparts AOG DWC LLC,USD,1,Draft,2025-01-08,24,383.04,NE,"SPANNER-AXLE NUT, MLG",460007011,1,383.04,2025-01-08,EA,EA,1,383.04
PO-24-5730,Purchase Order PO-24-5730,ROTAFILO,2025-01-08,Aeroparts AOG DWC LLC,USD,1,Draft,2025-01-08,25,3782.4,NE,"PAD - JACKING, SET - WING",98F07104000002,1,3782.4,2025-01-08,EA,EA,1,3782.4
PO-24-5730,Purchase Order PO-24-5730,ROTAFILO,2025-01-08,Aeroparts AOG DWC LLC,USD,1,Draft,2025-01-08,26,132.48,NE,"ADAPTER, JACK - NOSE",98F07103500001,1,132.48,2025-01-08,EA,EA,1,132.48
PO-24-5730,Purchase Order PO-24-5730,ROTAFILO,2025-01-08,Aeroparts AOG DWC LLC,USD,1,Draft,2025-01-08,27,599.04,NE,TARGET - FALSE,98F32304000000,8,74.88,2025-01-08,EA,EA,1,74.88
PO-24-5730,Purchase Order PO-24-5730,ROTAFILO,2025-01-08,Aeroparts AOG DWC LLC,USD,1,Draft,2025-01-08,28,355.20000000000005,NE,PIN - SAFETY,D23156000,5,71.04,2025-01-08,EA,EA,1,71.04
PO-24-5730,Purchase Order PO-24-5730,ROTAFILO,2025-01-08,Aeroparts AOG DWC LLC,USD,1,Draft,2025-01-08,29,4224.0,NE,"PIN - SAFETY, RAT",98F29208457000,5,844.8,2025-01-08,EA,EA,1,844.8
PO-24-5730,Purchase Order PO-24-5730,ROTAFILO,2025-01-08,Aeroparts AOG DWC LLC,USD,1,Draft,2025-01-08,30,7700.16,NE,"SLING - UNIVERSAL, TAILPLANE",98A55308440001,1,7700.16,2025-01-08,EA,EA,1,7700.16
PO-24-5730,Purchase Order PO-24-5730,ROTAFILO,2025-01-08,Aeroparts AOG DWC LLC,USD,1,Draft,2025-01-08,31,107.52,NE,PIN - RIGGING,98F27208312000,1,107.52,2025-01-08,EA,EA,1,107.52
PO-24-5730,Purchase Order PO-24-5730,ROTAFILO,2025-01-08,Aeroparts AOG DWC LLC,USD,1,Draft,2025-01-08,32,381.12,NE,FLAP - SLAT LOCKING ZERO TOO;,98D27803500001,1,381.12,2025-01-08,EA,EA,1,381.12
PO-24-5730,Purchase Order PO-24-5730,ROTAFILO,2025-01-08,Aeroparts AOG DWC LLC,USD,1,Draft,2025-01-08,33,230.4,NE,PIN - SIDE STICK LOADING,98D27903500000,2,115.2,2025-01-08,EA,EA,1,115.2
PO-24-5730,Purchase Order PO-24-5730,ROTAFILO,2025-01-08,Aeroparts AOG DWC LLC,USD,1,Draft,2025-01-08,34,278.4,NE,PURGER - WATER DRAIN,98A28104000000,1,278.4,2025-01-08,EA,EA,1,278.4
PO-24-5730,Purchase Order PO-24-5730,ROTAFILO,2025-01-08,Aeroparts AOG DWC LLC,USD,1,Draft,2025-01-08,35,117.12,NE,"ADAPTER - VENT AND DRAIN VALVE, APU",98A28007570000,1,117.12,2025-01-08,EA,EA,1,117.12
PO-24-5730,Purchase Order PO-24-5730,ROTAFILO,2025-01-08,Aeroparts AOG DWC LLC,USD,1,Draft,2025-01-08,36,1535.04,NE,PULLEY ASSEMBLY - SEALING CORD,98A25207503000,3,511.68,2025-01-08,EA,EA,1,511.68
PO-24-5730,Purchase Order PO-24-5730,ROTAFILO,2025-01-08,Aeroparts AOG DWC LLC,USD,1,Draft,2025-01-08,37,508.8,NE,TOOL - PURGING,97A28002117002,2,254.4,2025-01-08,EA,EA,1,254.4
PO-24-5730,Purchase Order PO-24-5730,ROTAFILO,2025-01-08,Aeroparts AOG DWC LLC,USD,1,Draft,2025-01-08,38,1814.4,NE,"STRUT - SUPPORT, CARGO DOOR",98F52308227002,2,907.2,2025-01-08,EA,EA,1,907.2
PO-24-5730,Purchase Order PO-24-5730,ROTAFILO,2025-01-08,Aeroparts AOG DWC LLC,USD,1,Draft,2025-01-08,39,704.64,NE,SAFETY - LOCK. CARGO DOOR ACTUATOR,98A52307628000,1,704.64,2025-01-08,EA,EA,1,704.64
PO-24-5730,Purchase Order PO-24-5730,ROTAFILO,2025-01-08,Aeroparts AOG DWC LLC,USD,1,Draft,2025-01-08,40,1265.28,NE,SAFETY COLLAR - DOOR MLG,98F32104013000,2,632.64,2025-01-08,EA,EA,1,632.64
PO-24-5730,Purchase Order PO-24-5730,ROTAFILO,2025-01-08,Aeroparts AOG DWC LLC,USD,1,Draft,2025-01-08,41,105.6,NE,"LOCKING TOOL - FLAP SLAT LEVER, INT. POSITION",98D27803000000,1,105.6,2025-01-08,EA,EA,1,105.6
PO-24-5731,Purchase Order PO-24-5731,EDGAR HAUSMANN GMBH,2025-01-08,Aeroparts AOG DWC LLC,USD,1,Draft,2025-01-08,1,382.5,NE,"TORQ - SET INSERT BITS HEX SHANK 5/16""",TS212-5/16A,150,2.55,2025-01-08,EA,EA,1,2.55
PO-24-5731,Purchase Order PO-24-5731,EDGAR HAUSMANN GMBH,2025-01-08,Aeroparts AOG DWC LLC,USD,1,Draft,2025-01-08,2,382.5,NE,TORQ - SET INSERT BITS,TS212-1/4,150,2.55,2025-01-08,EA,EA,1,2.55
PO-24-5731,Purchase Order PO-24-5731,EDGAR HAUSMANN GMBH,2025-01-08,Aeroparts AOG DWC LLC,USD,1,Draft,2025-01-08,3,612.5,NE,TORQ-SET INSERT BITS,TS212-6,250,2.45,2025-01-08,EA,EA,1,2.45
PO-24-5731,Purchase Order PO-24-5731,EDGAR HAUSMANN GMBH,2025-01-08,Aeroparts AOG DWC LLC,USD,1,Draft,2025-01-08,4,612.5,NE,TORQ - SET INSERT BITS,TS212-10,250,2.45,2025-01-08,EA,EA,1,2.45
PO-24-5731,Purchase Order PO-24-5731,EDGAR HAUSMANN GMBH,2025-01-08,Aeroparts AOG DWC LLC,USD,1,Draft,2025-01-08,5,612.5,NE,TORQ-SET INSERT BITS,TS212-8,250,2.45,2025-01-08,EA,EA,1,2.45
PO-24-5732,Purchase Order PO-24-5732,BLUECHEM,2025-01-09,Aeroparts AOG DWC LLC,USD,1,Draft,2025-01-09,1,20084.67,NE,VAT,VAT,1,20084.67,2025-01-09,EA,EA,1,20084.67
PO-24-5732,Purchase Order PO-24-5732,BLUECHEM,2025-01-09,Aeroparts AOG DWC LLC,USD,1,Draft,2025-01-09,2,2660.9999999999995,NE,BEE210,"SUPER BEE 210, 25 LT",300,8.87,2025-01-09,LT,LT,1,8.87
PO-24-5732,Purchase Order PO-24-5732,BLUECHEM,2025-01-09,Aeroparts AOG DWC LLC,USD,1,Draft,2025-01-09,3,10642.68,NE,AER SSH THINNER,TR-114 1QT,204,52.17,2025-01-09,QT,QT,1,52.17
PO-24-5732,Purchase Order PO-24-5732,BLUECHEM,2025-01-09,Aeroparts AOG DWC LLC,USD,1,Draft,2025-01-09,4,7982.52,NE,ACTIVATOR,9190 1QT,204,39.13,2025-01-09,QT,QT,1,39.13
PO-24-5732,Purchase Order PO-24-5732,BLUECHEM,2025-01-09,Aeroparts AOG DWC LLC,USD,1,Draft,2025-01-09,5,11974.800000000001,NE,HARDNER,CS6035 1QT,204,58.7,2025-01-09,QT,QT,1,58.7
PO-24-5732,Purchase Order PO-24-5732,BLUECHEM,2025-01-09,Aeroparts AOG DWC LLC,USD,1,Draft,2025-01-09,6,58539.84,NE,AERODUR BEIGE,HS2118 CHROME FREE PRIMER 1GLN,204,286.96,2025-01-09,GA,GA,1,286.96
PO-24-5732,Purchase Order PO-24-5732,BLUECHEM,2025-01-09,Aeroparts AOG DWC LLC,USD,1,Draft,2025-01-09,7,246.51,NE,HARDNER,S66/22R 1LT,3,82.17,2025-01-09,LT,LT,1,82.17
PO-24-5732,Purchase Order PO-24-5732,BLUECHEM,2025-01-09,Aeroparts AOG DWC LLC,USD,1,Draft,2025-01-09,8,516.51,NE,AERDUR ARC 1LT,AERDUR ARC 1LT WHITE000100 BAC7067 M8001,3,172.17,2025-01-09,LT,LT,1,172.17
PO-24-5732,Purchase Order PO-24-5732,BLUECHEM,2025-01-09,Aeroparts AOG DWC LLC,USD,1,Draft,2025-01-09,9,665.22,NE,THINNER,C25/90S 5LT,6,110.87,2025-01-09,EA,EA,1,110.87
PO-24-5732,Purchase Order PO-24-5732,BLUECHEM,2025-01-09,Aeroparts AOG DWC LLC,USD,1,Draft,2025-01-09,10,1173.9,NE,HARDNER,S66/14 5 LT,3,391.3,2025-01-09,EA,EA,1,391.3
PO-24-5732,Purchase Order PO-24-5732,BLUECHEM,2025-01-09,Aeroparts AOG DWC LLC,USD,1,Draft,2025-01-09,11,1040.8799999999999,NE,AERODUR PRIMER BARRIER,AERODUR PRIMER BARRIER 37045 5 LT WHITE,3,346.96,2025-01-09,EA,EA,1,346.96
PO-24-5732,Purchase Order PO-24-5732,BLUECHEM,2025-01-09,Aeroparts AOG DWC LLC,USD,1,Draft,2025-01-09,12,15495.839999999998,NE,CLEANING SOLVENT,SOLVENT CLEANING 98068 25 LT,54,286.96,2025-01-09,EA,EA,1,286.96
PO-24-5732,Purchase Order PO-24-5732,BLUECHEM,2025-01-09,Aeroparts AOG DWC LLC,USD,1,Draft,2025-01-09,13,23947.920000000002,NE,FLOW CONTROL COMPONENT TR-111,THIN TR-111 1GL EUR ECLIPSE,216,110.87,2025-01-09,GA,GA,1,110.87
PO-24-5732,Purchase Order PO-24-5732,BLUECHEM,2025-01-09,Aeroparts AOG DWC LLC,USD,1,Draft,2025-01-09,14,54939.6,NE,"AER HARD, 1GL EUR",AER HARD PC-233 1GL EUR,216,254.35,2025-01-09,GA,GA,1,254.35
PO-24-5732,Purchase Order PO-24-5732,BLUECHEM,2025-01-09,Aeroparts AOG DWC LLC,USD,1,Draft,2025-01-09,15,2441.73,NE,GREEN COLOR PAINT,ECLIPSE 1GLN BAC4306 ECL-G-511,3,813.91,2025-01-09,GA,GA,1,813.91
PO-24-5732,Purchase Order PO-24-5732,BLUECHEM,2025-01-09,Aeroparts AOG DWC LLC,USD,1,Draft,2025-01-09,16,2441.73,NE,RED COLOR PAINT,AER ECL-G-375 RED 1GL,3,813.91,2025-01-09,GA,GA,1,813.91
PO-24-5732,Purchase Order PO-24-5732,BLUECHEM,2025-01-09,Aeroparts AOG DWC LLC,USD,1,Draft,2025-01-09,17,1682.6100000000001,NE,BLACK COLOR PAINT,ECLIPSE 1GLN 000744 BAC701 ECL-G-92,3,560.87,2025-01-09,GA,GA,1,560.87
PO-24-5732,Purchase Order PO-24-5732,BLUECHEM,2025-01-09,Aeroparts AOG DWC LLC,USD,1,Draft,2025-01-09,18,67930.8,NE,BLUE COLOR PAINT,AER ECL-G-2712 BLUE 1GL,120,566.09,2025-01-09,GA,GA,1,566.09
PO-24-5732,Purchase Order PO-24-5732,BLUECHEM,2025-01-09,Aeroparts AOG DWC LLC,USD,1,Draft,2025-01-09,19,1862.6100000000001,NE,GRAY COLOR PAINT,ECLIPSE 1 GLN 715007 BAC708 ECL-G-127,3,620.87,2025-01-09,GA,GA,1,620.87
PO-24-5732,Purchase Order PO-24-5732,BLUECHEM,2025-01-09,Aeroparts AOG DWC LLC,USD,1,Draft,2025-01-09,20,26765.1,NE,GRAY COLOR PAINT,AER ECL-G-101 BAC707 1GL EUR,90,297.39,2025-01-09,GA,GA,1,297.39
PO-24-5732,Purchase Order PO-24-5732,BLUECHEM,2025-01-09,Aeroparts AOG DWC LLC,USD,1,Draft,2025-01-09,21,108744.3,NE,WHITE COLOR PAINT,AER ECL-G-1622 BAC70846 WHT 1GL EUR,210,517.83,2025-01-09,GA,GA,1,517.83
PO-24-5733,Purchase Order PO-24-5733,CFM INTERNATIONAL,2025-01-09,Aeroparts AOG DWC LLC,USD,1,Draft,2025-01-09,1,15120.0,NE,"SEAL, S4 STATOR",1559M27G01,20,756,2025-01-09,EA,EA,1,756
PO-24-5734,Purchase Order PO-24-5734,CFM INTERNATIONAL,2025-01-10,Aeroparts AOG DWC LLC,USD,1,Draft,2025-01-10,1,13580.0,NE,SHROUD ASSY-CPRSR STTR STG 2,2564M18P03,10,1358,2025-01-10,EA,EA,1,1358
PO-24-5735,Purchase Order PO-24-5735,CFM INTERNATIONAL,2025-01-10,Aeroparts AOG DWC LLC,USD,1,Draft,2025-01-10,1,46995.0,NE,"SEAL, EXT PRESS",1359M84P08,5,9399,2025-01-10,EA,EA,1,9399
PO-24-5736,Purchase Order PO-24-5736,CFM INTERNATIONAL,2025-01-10,Aeroparts AOG DWC LLC,USD,1,Draft,2025-01-10,1,10864.0,NE,SHROUD ASSY-CPRSR STTR STG 2,2564M18P01,8,1358,2025-01-10,EA,EA,1,1358
PO-24-5737,Purchase Order PO-24-5737,CFM INTERNATIONAL,2025-01-10,Aeroparts AOG DWC LLC,USD,1,Draft,2025-01-10,1,9312.0,NE,SHROUD ASSY-CPRSR STTR STG 3,2564M14P01,6,1552,2025-01-10,EA,EA,1,1552
PO-24-5738,Purchase Order PO-24-5738,CFM INTERNATIONAL,2025-01-10,Aeroparts AOG DWC LLC,USD,1,Draft,2025-01-10,1,737.5,NE,BOLT-SHEAR DBL HEX HD,J814P004A,50,14.75,2025-01-10,EA,EA,1,14.75
PO-24-5739,Purchase Order PO-24-5739,CFM INTERNATIONAL,2025-01-10,Aeroparts AOG DWC LLC,USD,1,Draft,2025-01-10,1,7695.0,NE,"ARM, S1 & 2 VSV",9523M35G03,30,256.5,2025-01-10,EA,EA,1,256.5
PO-24-5740,Purchase Order PO-24-5740,BOEING FLEET,2025-01-10,Aeroparts AOG DWC LLC,USD,1,Draft,2025-01-10,1,22306.0,NE,SHROUD ASSY-TOILET LID SEAT,1L400407-51,2,11153,2025-01-10,EA,EA,1,11153
PO-24-5741,Purchase Order PO-24-5741,CFM INTERNATIONAL,2025-01-10,Aeroparts AOG DWC LLC,USD,1,Draft,2025-01-10,1,2716.0,NE,SHROUD ASSY-CPRSR STTR STG 2,2564M18P02,2,1358,2025-01-10,EA,EA,1,1358
PO-24-5742,Purchase Order PO-24-5742,CFM INTERNATIONAL,2025-01-10,Aeroparts AOG DWC LLC,USD,1,Draft,2025-01-10,1,3104.0,NE,SHROUD ASSY-CPRSR STTR STG 3,2564M14P03,2,1552,2025-01-10,EA,EA,1,1552
PO-24-5743,Purchase Order PO-24-5743,BOEING FLEET,2025-01-10,Aeroparts AOG DWC LLC,USD,1,Draft,2025-01-10,1,3131.87,NE,HINGE ARM,659W1190-9,1,3131.87,2024-12-20,EA,EA,1,3131.87
PO-24-5743,Purchase Order PO-24-5743,BOEING FLEET,2025-01-10,Aeroparts AOG DWC LLC,USD,1,Draft,2025-01-10,2,160.0,NE,NUT,BACN11Z3CK,100,1.6,2024-12-20,EA,EA,1,1.6
PO-24-5743,Purchase Order PO-24-5743,BOEING FLEET,2025-01-10,Aeroparts AOG DWC LLC,USD,1,Draft,2025-01-10,3,935.1,NE,BOLT,BACB30PW4C68,5,187.02,2024-12-20,EA,EA,1,187.02
PO-24-5743,Purchase Order PO-24-5743,BOEING FLEET,2025-01-10,Aeroparts AOG DWC LLC,USD,1,Draft,2025-01-10,4,400.7,NE,BOLT,BACB30LM7U28,10,40.07,2024-12-20,EA,EA,1,40.07
PO-24-5744,Purchase Order PO-24-5744,AeroWest Mfg Corp - Aircraft Maintenance Tooling &,2025-01-13,Aeroparts AOG DWC LLC,USD,1,Draft,2025-01-13,1,130.0,NE,SAFETY PIN-RUDDER,98F27201002000,2,65,2025-01-13,EA,EA,1,65
PO-24-5745,Purchase Order PO-24-5745,TOP GSE,2025-01-13,Aeroparts AOG DWC LLC,USD,1,Draft,2025-01-13,1,410.0,NE,"PIN-LOCK,DIRECTIONAL CONTROL VALVE",PWA88012,1,410,2025-01-13,EA,EA,1,410
PO-24-5746,Purchase Order PO-24-5746,OH Capital Assets,2025-01-14,Aeroparts AOG DWC LLC,USD,1,Draft,2025-01-14,1,2500.0,NE,EXCITER IGNITION,9045000-1,1,2500,2025-01-14,EA,EA,1,2500
PO-24-5747,Purchase Order PO-24-5747,BOEING FLEET,2025-01-16,Aeroparts AOG DWC LLC,USD,1,Draft,2025-01-16,1,2941.0,NE,VHF ANTENNA,DMC50-17-3,1,2941,2024-11-19,EA,EA,1,2941
PO-24-5748,Purchase Order PO-24-5748,BOEING FLEET,2025-01-16,Aeroparts AOG DWC LLC,USD,1,Draft,2025-01-16,1,1748.0,NE,SEAL,141A6174-3,1,1748,2025-01-23,EA,EA,1,1748
PO-24-5749,Purchase Order PO-24-5749,CFM INTERNATIONAL,2025-01-17,Aeroparts AOG DWC LLC,USD,1,Draft,2025-01-17,1,2700.0,NE,BUSHING,1285M34P01,100,27,2025-01-17,EA,EA,1,27
PO-24-5750,Purchase Order PO-24-5750,WENCOR,2025-01-17,Aeroparts AOG DWC LLC,USD,1,Draft,2025-01-17,1,0.0,NE,WASHER,ABS0338-01,1800,0,2025-01-17,EA,EA,1,0
PO-24-5750,Purchase Order PO-24-5750,WENCOR,2025-01-17,Aeroparts AOG DWC LLC,USD,1,Draft,2025-01-17,2,0.0,NE,BOLT,ABS0376-3-30,600,0,2025-01-17,EA,EA,1,0
PO-24-5750,Purchase Order PO-24-5750,WENCOR,2025-01-17,Aeroparts AOG DWC LLC,USD,1,Draft,2025-01-17,3,6.36,NE,SCREW,NAS1351-3-10P,12,0.53,2025-01-17,EA,EA,1,0.53
PO-24-5750,Purchase Order PO-24-5750,WENCOR,2025-01-17,Aeroparts AOG DWC LLC,USD,1,Draft,2025-01-17,4,584.0,NE,"WASHER, COUNTERSUNK",ABS0208-01,800,0.73,2025-01-17,EA,EA,1,0.73
PO-24-5750,Purchase Order PO-24-5750,WENCOR,2025-01-17,Aeroparts AOG DWC LLC,USD,1,Draft,2025-01-17,5,720.0,NE,WASHER,ABS0338-01,1800,0.4,2025-01-17,EA,EA,1,0.4
PO-24-5750,Purchase Order PO-24-5750,WENCOR,2025-01-17,Aeroparts AOG DWC LLC,USD,1,Draft,2025-01-17,6,130.0,NE,Nut Clip,ABS0365-3-1B,100,1.3,2025-01-17,EA,EA,1,1.3
PO-24-5750,Purchase Order PO-24-5750,WENCOR,2025-01-17,Aeroparts AOG DWC LLC,USD,1,Draft,2025-01-17,7,137.0,NE,Nut Clip,ABS0365-3-2B,100,1.37,2025-01-17,EA,EA,1,1.37
PO-24-5750,Purchase Order PO-24-5750,WENCOR,2025-01-17,Aeroparts AOG DWC LLC,USD,1,Draft,2025-01-17,8,102.8,NE,NUT,NAS1726-4E,40,2.57,2025-01-17,EA,EA,1,2.57
PO-24-5750,Purchase Order PO-24-5750,WENCOR,2025-01-17,Aeroparts AOG DWC LLC,USD,1,Draft,2025-01-17,9,20.0,NE,WASHER,NAS1149C0432R,200,0.1,2025-01-17,EA,EA,1,0.1
PO-24-5750,Purchase Order PO-24-5750,WENCOR,2025-01-17,Aeroparts AOG DWC LLC,USD,1,Draft,2025-01-17,10,146.0,NE,BOLT,MS21250-04010,40,3.65,2025-01-17,EA,EA,1,3.65
PO-24-5750,Purchase Order PO-24-5750,WENCOR,2025-01-17,Aeroparts AOG DWC LLC,USD,1,Draft,2025-01-17,11,22.0,NE,SCREW,NAS1102-08-6,100,0.22,2025-01-17,EA,EA,1,0.22
PO-24-5750,Purchase Order PO-24-5750,WENCOR,2025-01-17,Aeroparts AOG DWC LLC,USD,1,Draft,2025-01-17,12,1640.0,NE,STUD,ABS0336-08,1000,1.64,2025-01-17,EA,EA,1,1.64
PO-24-5750,Purchase Order PO-24-5750,WENCOR,2025-01-17,Aeroparts AOG DWC LLC,USD,1,Draft,2025-01-17,13,900.0,NE,BOLT,ABS0376-3-30,600,1.5,2025-01-17,EA,EA,1,1.5
PO-24-5750,Purchase Order PO-24-5750,WENCOR,2025-01-17,Aeroparts AOG DWC LLC,USD,1,Draft,2025-01-17,14,657.0,NE,BOLT,ABS0376-3-40,300,2.19,2025-01-17,EA,EA,1,2.19
PO-24-5750,Purchase Order PO-24-5750,WENCOR,2025-01-17,Aeroparts AOG DWC LLC,USD,1,Draft,2025-01-17,15,34.32,NE,WASHER,MS14183PC3,24,1.43,2025-01-17,EA,EA,1,1.43
PO-24-5750,Purchase Order PO-24-5750,WENCOR,2025-01-17,Aeroparts AOG DWC LLC,USD,1,Draft,2025-01-17,16,46.0,NE,ORING,M25988-3-019,25,1.84,2025-01-17,EA,EA,1,1.84
PO-24-5750,Purchase Order PO-24-5750,WENCOR,2025-01-17,Aeroparts AOG DWC LLC,USD,1,Draft,2025-01-17,17,152.3,NE,O-RING,NSA8208-259,10,15.23,2025-01-17,EA,EA,1,15.23
PO-24-5751,Purchase Order PO-24-5751,PROPONENT,2025-01-17,Aeroparts AOG DWC LLC,USD,1,Draft,2025-01-17,1,0.0,NE,BATTERY,412242,3,0,2025-01-17,EA,EA,1,0
PO-24-5751,Purchase Order PO-24-5751,PROPONENT,2025-01-17,Aeroparts AOG DWC LLC,USD,1,Draft,2025-01-17,2,27107.46,NE,BATTERY,412242,3,9035.82,2025-01-17,EA,EA,1,9035.82
PO-24-5751,Purchase Order PO-24-5751,PROPONENT,2025-01-17,Aeroparts AOG DWC LLC,USD,1,Draft,2025-01-17,3,347.0,NE,BOLT,MS21250-04006,50,6.94,2025-01-17,EA,EA,1,6.94
PO-24-5752,Purchase Order PO-24-5752,PDQ AIRSPARES,2025-01-17,Aeroparts AOG DWC LLC,USD,1,Draft,2025-01-17,1,25.0,NE,INTERNATIONAL WIRE FEE,INTL WIRE FEE,1,25,2025-01-17,EA,EA,1,25
PO-24-5752,Purchase Order PO-24-5752,PDQ AIRSPARES,2025-01-17,Aeroparts AOG DWC LLC,USD,1,Draft,2025-01-17,2,1390.0,NE,VALVE ASSEMBLY,4L83-046,2,695,2025-01-17,EA,EA,1,695
PO-24-5753,Purchase Order PO-24-5753,BOEING FLEET,2025-01-17,Aeroparts AOG DWC LLC,USD,1,Draft,2025-01-17,1,120.5,NE,PIN,HL13VAZ6-5,50,2.41,2025-01-24,EA,EA,1,2.41
PO-24-5754,Purchase Order PO-24-5754,BOEING FLEET,2025-01-17,Aeroparts AOG DWC LLC,USD,1,Draft,2025-01-17,1,143.9,NE,BOLT,BACB30US4K7,10,14.39,2024-12-16,EA,EA,1,14.39
PO-24-5754,Purchase Order PO-24-5754,BOEING FLEET,2025-01-17,Aeroparts AOG DWC LLC,USD,1,Draft,2025-01-17,2,67.5,NE,BOLT,BACB30YP5K4,30,2.25,2024-12-16,EA,EA,1,2.25
PO-24-5755,Purchase Order PO-24-5755,MEL AVIATION COMPONENT,2025-01-17,Aeroparts AOG DWC LLC,USD,1,Draft,2025-01-17,1,16500.0,NE,VALVE,7012-18088-03,1,16500,2025-01-17,EA,EA,1,16500
PO-25-1,Purchase Order PO-25-1,3E NDT,2025-01-08,Aeroparts AOG DWC LLC,USD,1,Draft,2025-01-08,1,195.0,NE,Refractometer Magnaflux,513829,1,195,2025-01-08,EA,EA,1,195
PO-25-1,Purchase Order PO-25-1,3E NDT,2025-01-08,Aeroparts AOG DWC LLC,USD,1,Draft,2025-01-08,2,2836.0,NE,Sherwin Test Panel,PSM-5,4,709,2025-01-08,EA,EA,1,709
PO-25-1,Purchase Order PO-25-1,3E NDT,2025-01-08,Aeroparts AOG DWC LLC,USD,1,Draft,2025-01-08,3,3105.0,NE,Labino Apollo 3.0 Radiometer / Photometer (M513),APOLLO-UV/WHITE,2,1552.5,2025-01-08,EA,EA,1,1552.5
PO-25-1,Purchase Order PO-25-1,3E NDT,2025-01-08,Aeroparts AOG DWC LLC,USD,1,Draft,2025-01-08,4,385.0,NE,Labino Apollo 2.0 Mounting Stand,APOLLO-MOUNTING,1,385,2025-01-08,EA,EA,1,385
PO-25-1,Purchase Order PO-25-1,3E NDT,2025-01-08,Aeroparts AOG DWC LLC,USD,1,Draft,2025-01-08,5,3900.0,NE,Labino UV/LED Lamp [mb 3.0 ZEUS] with calibration,L118 ZEUS,2,1950,2025-01-08,EA,EA,1,1950
PO-25-2,Purchase Order PO-25-2,EMIRATES AIRLINES,2025-01-09,Aeroparts AOG DWC LLC,USD,1,Draft,2025-01-09,1,0.0,NE,TURNING TOOL,HU40324,0,303.03,2025-01-09,EA,EA,1,303.03
PO-25-2,Purchase Order PO-25-2,EMIRATES AIRLINES,2025-01-09,Aeroparts AOG DWC LLC,USD,1,Draft,2025-01-09,2,0.0,NE,BOX PROTECTOR,J78005-3,0,909.09,2025-01-09,EA,EA,1,909.09
PO-25-2,Purchase Order PO-25-2,EMIRATES AIRLINES,2025-01-09,Aeroparts AOG DWC LLC,USD,1,Draft,2025-01-09,3,0.0,NE,PIN-LOCATION,HU37545,0,454.55,2025-01-09,EA,EA,1,454.55
PO-25-2,Purchase Order PO-25-2,EMIRATES AIRLINES,2025-01-09,Aeroparts AOG DWC LLC,USD,1,Draft,2025-01-09,4,0.0,NE,DECOKING TOOL,HU80289,0,909.09,2025-01-09,EA,EA,1,909.09
PO-25-2,Purchase Order PO-25-2,EMIRATES AIRLINES,2025-01-09,Aeroparts AOG DWC LLC,USD,1,Draft,2025-01-09,5,0.0,NE,TOOL: ASSEMBLE DEDICATED,HU37694,0,909.09,2025-01-09,EA,EA,1,909.09
PO-25-2,Purchase Order PO-25-2,EMIRATES AIRLINES,2025-01-09,Aeroparts AOG DWC LLC,USD,1,Draft,2025-01-09,6,0.0,NE,"KIT,COLOR CHIP",315W5110-7,0,909.09,2025-01-09,KT,KT,1,909.09
PO-25-2,Purchase Order PO-25-2,EMIRATES AIRLINES,2025-01-09,Aeroparts AOG DWC LLC,USD,1,Draft,2025-01-09,7,0.0,NE,TOOL KIT ULTRASONIC,HU81875,0,909.09,2025-01-09,KT,KT,1,909.09
PO-25-2,Purchase Order PO-25-2,EMIRATES AIRLINES,2025-01-09,Aeroparts AOG DWC LLC,USD,1,Draft,2025-01-09,8,0.0,NE,TOOL: STAND-TRANSPORTATION,HU55771-1,0,909.09,2025-01-09,EA,EA,1,909.09
PO-25-2,Purchase Order PO-25-2,EMIRATES AIRLINES,2025-01-09,Aeroparts AOG DWC LLC,USD,1,Draft,2025-01-09,9,0.0,NE,TOOL: STAND-TRANSPORTATION,HU55770,0,909.09,2025-01-09,EA,EA,1,909.09
PO-25-2,Purchase Order PO-25-2,EMIRATES AIRLINES,2025-01-09,Aeroparts AOG DWC LLC,USD,1,Draft,2025-01-09,10,0.0,NE,ADAPTOR-STAND,HU55763,0,909.09,2025-01-09,EA,EA,1,909.09
PO-25-2,Purchase Order PO-25-2,EMIRATES AIRLINES,2025-01-09,Aeroparts AOG DWC LLC,USD,1,Draft,2025-01-09,11,0.0,NE,MALE AIRLINE,A54P846,0,454.55,2025-01-09,EA,EA,1,454.55
PO-25-2,Purchase Order PO-25-2,EMIRATES AIRLINES,2025-01-09,Aeroparts AOG DWC LLC,USD,1,Draft,2025-01-09,12,0.0,NE,END LINK,A54M1000,0,454.55,2025-01-09,EA,EA,1,454.55
PO-25-2,Purchase Order PO-25-2,EMIRATES AIRLINES,2025-01-09,Aeroparts AOG DWC LLC,USD,1,Draft,2025-01-09,13,0.0,NE,INLET AIR ADAPTOR,A54P1015,0,909.09,2025-01-09,EA,EA,1,909.09
PO-25-2,Purchase Order PO-25-2,EMIRATES AIRLINES,2025-01-09,Aeroparts AOG DWC LLC,USD,1,Draft,2025-01-09,14,0.0,NE,FEMALE AIRLINE,A54E847,0,113.64,2025-01-09,EA,EA,1,113.64
PO-25-2,Purchase Order PO-25-2,EMIRATES AIRLINES,2025-01-09,Aeroparts AOG DWC LLC,USD,1,Draft,2025-01-09,15,0.0,NE,"1/2"" METRO DRIVE",A54M907,0,454.55,2025-01-09,EA,EA,1,454.55
PO-25-2,Purchase Order PO-25-2,EMIRATES AIRLINES,2025-01-09,Aeroparts AOG DWC LLC,USD,1,Draft,2025-01-09,16,0.0,NE,SCREW-FHC,NFE27160M5X16,0,227.27,2025-01-09,EA,EA,1,227.27
PO-25-2,Purchase Order PO-25-2,EMIRATES AIRLINES,2025-01-09,Aeroparts AOG DWC LLC,USD,1,Draft,2025-01-09,17,0.0,NE,"GAUGE SET, IP",HU37524,0,909.09,2025-01-09,EA,EA,1,909.09
PO-25-2,Purchase Order PO-25-2,EMIRATES AIRLINES,2025-01-09,Aeroparts AOG DWC LLC,USD,1,Draft,2025-01-09,18,0.0,NE,BLANK-BREATHER,HU38665,0,909.09,2025-01-09,EA,EA,1,909.09
PO-25-2,Purchase Order PO-25-2,EMIRATES AIRLINES,2025-01-09,Aeroparts AOG DWC LLC,USD,1,Draft,2025-01-09,19,0.0,NE,ORING,A54P1000,0,18.18,2025-01-09,EA,EA,1,18.18
PO-25-2,Purchase Order PO-25-2,EMIRATES AIRLINES,2025-01-09,Aeroparts AOG DWC LLC,USD,1,Draft,2025-01-09,20,0.0,NE,DRIVE SHEAR KEY,A54M908,0,56.82,2025-01-09,EA,EA,1,56.82
PO-25-2,Purchase Order PO-25-2,EMIRATES AIRLINES,2025-01-09,Aeroparts AOG DWC LLC,USD,1,Draft,2025-01-09,21,0.0,NE,Location pin,HU37060,0,454.55,2025-01-09,EA,EA,1,454.55
PO-25-2,Purchase Order PO-25-2,EMIRATES AIRLINES,2025-01-09,Aeroparts AOG DWC LLC,USD,1,Draft,2025-01-09,22,0.0,NE,"ATTACH PIN 1/4""",J78017-28,0,454.55,2025-01-09,EA,EA,1,454.55
PO-25-2,Purchase Order PO-25-2,EMIRATES AIRLINES,2025-01-09,Aeroparts AOG DWC LLC,USD,1,Draft,2025-01-09,23,0.0,NE,"SOCKET, PNEUMATIC",HU34316,0,909.09,2025-01-09,EA,EA,1,909.09
PO-25-2,Purchase Order PO-25-2,EMIRATES AIRLINES,2025-01-09,Aeroparts AOG DWC LLC,USD,1,Draft,2025-01-09,24,0.0,NE,RING-SUPPORT,HU38477,0,909.09,2025-01-09,EA,EA,1,909.09
PO-25-2,Purchase Order PO-25-2,EMIRATES AIRLINES,2025-01-09,Aeroparts AOG DWC LLC,USD,1,Draft,2025-01-09,25,0.0,NE,SHOULDERED PIN,HU55324-5,0,909.09,2025-01-09,EA,EA,1,909.09
PO-25-2,Purchase Order PO-25-2,EMIRATES AIRLINES,2025-01-09,Aeroparts AOG DWC LLC,USD,1,Draft,2025-01-09,26,0.0,NE,SCREW,HU55083-5,0,909.09,2025-01-09,EA,EA,1,909.09
PO-25-2,Purchase Order PO-25-2,EMIRATES AIRLINES,2025-01-09,Aeroparts AOG DWC LLC,USD,1,Draft,2025-01-09,27,0.0,NE,BAR,HU37849,0,454.55,2025-01-09,EA,EA,1,454.55
PO-25-2,Purchase Order PO-25-2,EMIRATES AIRLINES,2025-01-09,Aeroparts AOG DWC LLC,USD,1,Draft,2025-01-09,28,0.0,NE,RING-SUPPORT,HU38551,0,909.09,2025-01-09,EA,EA,1,909.09
PO-25-2,Purchase Order PO-25-2,EMIRATES AIRLINES,2025-01-09,Aeroparts AOG DWC LLC,USD,1,Draft,2025-01-09,29,0.0,NE,ALIGNMENT/THREAD PROTECTOR,J71031-1,0,909.09,2025-01-09,EA,EA,1,909.09
PO-25-2,Purchase Order PO-25-2,EMIRATES AIRLINES,2025-01-09,Aeroparts AOG DWC LLC,USD,1,Draft,2025-01-09,30,0.0,NE,PIN SHOULDERED,HU55366-1,0,454.55,2025-01-09,EA,EA,1,454.55
PO-25-2,Purchase Order PO-25-2,EMIRATES AIRLINES,2025-01-09,Aeroparts AOG DWC LLC,USD,1,Draft,2025-01-09,31,0.0,NE,"EXTRACTOR, BUSH",HU85462,0,909.09,2025-01-09,EA,EA,1,909.09
PO-25-2,Purchase Order PO-25-2,EMIRATES AIRLINES,2025-01-09,Aeroparts AOG DWC LLC,USD,1,Draft,2025-01-09,32,0.0,NE,EXTRACTOR,HU85460,0,909.09,2025-01-09,EA,EA,1,909.09
PO-25-2,Purchase Order PO-25-2,EMIRATES AIRLINES,2025-01-09,Aeroparts AOG DWC LLC,USD,1,Draft,2025-01-09,33,0.0,NE,"EXTRACTOR, BUSH",HU85459,0,909.09,2025-01-09,EA,EA,1,909.09
PO-25-2,Purchase Order PO-25-2,EMIRATES AIRLINES,2025-01-09,Aeroparts AOG DWC LLC,USD,1,Draft,2025-01-09,34,0.0,NE,"EXTRACTOR, BUSH",HU85458,0,909.09,2025-01-09,EA,EA,1,909.09
PO-25-2,Purchase Order PO-25-2,EMIRATES AIRLINES,2025-01-09,Aeroparts AOG DWC LLC,USD,1,Draft,2025-01-09,35,0.0,NE,COVER-PROTECT V.S.C.,HU38864,0,909.09,2025-01-09,EA,EA,1,909.09
PO-25-2,Purchase Order PO-25-2,EMIRATES AIRLINES,2025-01-09,Aeroparts AOG DWC LLC,USD,1,Draft,2025-01-09,36,0.0,NE,SHOULDERED PIN,HU55324-5,0,227.27,2025-01-09,EA,EA,1,227.27
PO-25-2,Purchase Order PO-25-2,EMIRATES AIRLINES,2025-01-09,Aeroparts AOG DWC LLC,USD,1,Draft,2025-01-09,37,0.0,NE,SCREW,HU55083-5,0,909.09,2025-01-09,EA,EA,1,909.09
PO-25-2,Purchase Order PO-25-2,EMIRATES AIRLINES,2025-01-09,Aeroparts AOG DWC LLC,USD,1,Draft,2025-01-09,38,0.0,NE,SPANNER,HU50111-1,0,454.55,2025-01-09,EA,EA,1,454.55
PO-25-2,Purchase Order PO-25-2,EMIRATES AIRLINES,2025-01-09,Aeroparts AOG DWC LLC,USD,1,Draft,2025-01-09,39,0.0,NE,PRESS-LOCKNUT CUP,HU38390-3,0,909.09,2025-01-09,EA,EA,1,909.09
PO-25-2,Purchase Order PO-25-2,EMIRATES AIRLINES,2025-01-09,Aeroparts AOG DWC LLC,USD,1,Draft,2025-01-09,40,0.0,NE,PIN,HU38685,0,909.09,2025-01-09,EA,EA,1,909.09
PO-25-2,Purchase Order PO-25-2,EMIRATES AIRLINES,2025-01-09,Aeroparts AOG DWC LLC,USD,1,Draft,2025-01-09,41,0.0,NE,BALL LOCK PIN,00464-134-000,0,454.55,2025-01-09,EA,EA,1,454.55
PO-25-2,Purchase Order PO-25-2,EMIRATES AIRLINES,2025-01-09,Aeroparts AOG DWC LLC,USD,1,Draft,2025-01-09,42,0.0,NE,LEVER,HU51409,0,909.09,2025-01-09,EA,EA,1,909.09
PO-25-2,Purchase Order PO-25-2,EMIRATES AIRLINES,2025-01-09,Aeroparts AOG DWC LLC,USD,1,Draft,2025-01-09,43,0.0,NE,BAR,HU37848,0,303.03,2025-01-09,EA,EA,1,303.03
PO-25-2,Purchase Order PO-25-2,EMIRATES AIRLINES,2025-01-09,Aeroparts AOG DWC LLC,USD,1,Draft,2025-01-09,44,0.0,NE,ASSEMBLE OIL SLINGER,HU37693,0,303.03,2025-01-09,EA,EA,1,303.03
PO-25-2,Purchase Order PO-25-2,EMIRATES AIRLINES,2025-01-09,Aeroparts AOG DWC LLC,USD,1,Draft,2025-01-09,45,0.0,NE,SHOULDERED PIN,HU55324-5,0,227.27,2025-01-09,EA,EA,1,227.27
PO-25-2,Purchase Order PO-25-2,EMIRATES AIRLINES,2025-01-09,Aeroparts AOG DWC LLC,USD,1,Draft,2025-01-09,46,0.0,NE,DRIFT,HU85237-1,0,909.09,2025-01-09,EA,EA,1,909.09
PO-25-2,Purchase Order PO-25-2,EMIRATES AIRLINES,2025-01-09,Aeroparts AOG DWC LLC,USD,1,Draft,2025-01-09,47,0.0,NE,"PUSHER, BUSH",HU85455,0,909.09,2025-01-09,EA,EA,1,909.09
PO-25-2,Purchase Order PO-25-2,EMIRATES AIRLINES,2025-01-09,Aeroparts AOG DWC LLC,USD,1,Draft,2025-01-09,48,0.0,NE,PIN,APV7830-00-0G,0,303.03,2025-01-09,EA,EA,1,303.03
PO-25-2,Purchase Order PO-25-2,EMIRATES AIRLINES,2025-01-09,Aeroparts AOG DWC LLC,USD,1,Draft,2025-01-09,49,0.0,NE,SUPPORT,HU85418,0,909.09,2025-01-09,EA,EA,1,909.09
PO-25-2,Purchase Order PO-25-2,EMIRATES AIRLINES,2025-01-09,Aeroparts AOG DWC LLC,USD,1,Draft,2025-01-09,50,0.0,NE,WRENCH,HU85299,0,909.09,2025-01-09,EA,EA,1,909.09
PO-25-2,Purchase Order PO-25-2,EMIRATES AIRLINES,2025-01-09,Aeroparts AOG DWC LLC,USD,1,Draft,2025-01-09,51,0.0,NE,"PIN, LOCATING",HU85315,0,909.09,2025-01-09,EA,EA,1,909.09
PO-25-2,Purchase Order PO-25-2,EMIRATES AIRLINES,2025-01-09,Aeroparts AOG DWC LLC,USD,1,Draft,2025-01-09,52,0.0,NE,"SUPPORT, CENTERING",HU85158,0,909.09,2025-01-09,EA,EA,1,909.09
PO-25-2,Purchase Order PO-25-2,EMIRATES AIRLINES,2025-01-09,Aeroparts AOG DWC LLC,USD,1,Draft,2025-01-09,53,0.0,NE,SUPPORT,HU85036,0,909.09,2025-01-09,EA,EA,1,909.09
PO-25-2,Purchase Order PO-25-2,EMIRATES AIRLINES,2025-01-09,Aeroparts AOG DWC LLC,USD,1,Draft,2025-01-09,54,0.0,NE,"PUSHER, BUSH",HU85454,0,909.09,2025-01-09,EA,EA,1,909.09
PO-25-2,Purchase Order PO-25-2,EMIRATES AIRLINES,2025-01-09,Aeroparts AOG DWC LLC,USD,1,Draft,2025-01-09,55,0.0,NE,TOOL,HU85448,0,909.09,2025-01-09,EA,EA,1,909.09
PO-25-2,Purchase Order PO-25-2,EMIRATES AIRLINES,2025-01-09,Aeroparts AOG DWC LLC,USD,1,Draft,2025-01-09,56,0.0,NE,SEAL FITTING TOOL,HU85236,0,909.09,2025-01-09,EA,EA,1,909.09
PO-25-2,Purchase Order PO-25-2,EMIRATES AIRLINES,2025-01-09,Aeroparts AOG DWC LLC,USD,1,Draft,2025-01-09,57,0.0,NE,HAND TOOL,HU85058,0,909.09,2025-01-09,EA,EA,1,909.09
PO-25-2,Purchase Order PO-25-2,EMIRATES AIRLINES,2025-01-09,Aeroparts AOG DWC LLC,USD,1,Draft,2025-01-09,58,0.0,NE,"FITTING, LOWER ATTACH",J78017-6,0,909.09,2025-01-09,EA,EA,1,909.09
PO-25-2,Purchase Order PO-25-2,EMIRATES AIRLINES,2025-01-09,Aeroparts AOG DWC LLC,USD,1,Draft,2025-01-09,59,0.0,NE,RAM,HU85297,0,909.09,2025-01-09,EA,EA,1,909.09
PO-25-2,Purchase Order PO-25-2,EMIRATES AIRLINES,2025-01-09,Aeroparts AOG DWC LLC,USD,1,Draft,2025-01-09,60,0.0,NE,PIN - SPRING,HU55419-1,0,454.55,2025-01-09,EA,EA,1,454.55
PO-25-2,Purchase Order PO-25-2,EMIRATES AIRLINES,2025-01-09,Aeroparts AOG DWC LLC,USD,1,Draft,2025-01-09,61,0.0,NE,"PUSHER, BUSH",HU85457,0,909.09,2025-01-09,EA,EA,1,909.09
PO-25-2,Purchase Order PO-25-2,EMIRATES AIRLINES,2025-01-09,Aeroparts AOG DWC LLC,USD,1,Draft,2025-01-09,62,0.0,NE,"FITTING TOOL, CONNECTOR",HU85241,0,909.09,2025-01-09,EA,EA,1,909.09
PO-25-2,Purchase Order PO-25-2,EMIRATES AIRLINES,2025-01-09,Aeroparts AOG DWC LLC,USD,1,Draft,2025-01-09,63,0.0,NE,FITTING TOOL,HU85240,0,909.09,2025-01-09,EA,EA,1,909.09
PO-25-2,Purchase Order PO-25-2,EMIRATES AIRLINES,2025-01-09,Aeroparts AOG DWC LLC,USD,1,Draft,2025-01-09,64,0.0,NE,SEAL FITTING TOOL,HU85228,0,909.09,2025-01-09,EA,EA,1,909.09
PO-25-2,Purchase Order PO-25-2,EMIRATES AIRLINES,2025-01-09,Aeroparts AOG DWC LLC,USD,1,Draft,2025-01-09,65,0.0,NE,SUPPORT,HU85132,0,909.09,2025-01-09,EA,EA,1,909.09
PO-25-2,Purchase Order PO-25-2,EMIRATES AIRLINES,2025-01-09,Aeroparts AOG DWC LLC,USD,1,Draft,2025-01-09,66,0.0,NE,HANDLE ASSY,HU55083-4,0,909.09,2025-01-09,EA,EA,1,909.09
PO-25-2,Purchase Order PO-25-2,EMIRATES AIRLINES,2025-01-09,Aeroparts AOG DWC LLC,USD,1,Draft,2025-01-09,67,0.0,NE,TOOL: GAS DETECTOR,6400022,0,454.55,2025-01-09,EA,EA,1,454.55
PO-25-2,Purchase Order PO-25-2,EMIRATES AIRLINES,2025-01-09,Aeroparts AOG DWC LLC,USD,1,Draft,2025-01-09,68,0.0,NE,EXTRACTOR,HU85083,0,909.09,2025-01-09,EA,EA,1,909.09
PO-25-2,Purchase Order PO-25-2,EMIRATES AIRLINES,2025-01-09,Aeroparts AOG DWC LLC,USD,1,Draft,2025-01-09,69,0.0,NE,TOOL,HU85546,0,909.09,2025-01-09,EA,EA,1,909.09
PO-25-2,Purchase Order PO-25-2,EMIRATES AIRLINES,2025-01-09,Aeroparts AOG DWC LLC,USD,1,Draft,2025-01-09,70,0.0,NE,EXTRACTOR,HU85069,0,909.09,2025-01-09,EA,EA,1,909.09
PO-25-2,Purchase Order PO-25-2,EMIRATES AIRLINES,2025-01-09,Aeroparts AOG DWC LLC,USD,1,Draft,2025-01-09,71,0.0,NE,SEAL FITTING TOOL,HU85213,0,909.09,2025-01-09,EA,EA,1,909.09
PO-25-2,Purchase Order PO-25-2,EMIRATES AIRLINES,2025-01-09,Aeroparts AOG DWC LLC,USD,1,Draft,2025-01-09,72,0.0,NE,TOOL,HU85547,0,909.09,2025-01-09,EA,EA,1,909.09
PO-25-2,Purchase Order PO-25-2,EMIRATES AIRLINES,2025-01-09,Aeroparts AOG DWC LLC,USD,1,Draft,2025-01-09,73,0.0,NE,SEAL FITTING TOOL,HU85212,0,909.09,2025-01-09,EA,EA,1,909.09
PO-25-2,Purchase Order PO-25-2,EMIRATES AIRLINES,2025-01-09,Aeroparts AOG DWC LLC,USD,1,Draft,2025-01-09,74,0.0,NE,TOOL,HU85488,0,909.09,2025-01-09,EA,EA,1,909.09
PO-25-2,Purchase Order PO-25-2,EMIRATES AIRLINES,2025-01-09,Aeroparts AOG DWC LLC,USD,1,Draft,2025-01-09,75,0.0,NE,SUPPORT,HU85293,0,909.09,2025-01-09,EA,EA,1,909.09
PO-25-2,Purchase Order PO-25-2,EMIRATES AIRLINES,2025-01-09,Aeroparts AOG DWC LLC,USD,1,Draft,2025-01-09,76,0.0,NE,SEAL FITTING TOOL,HU85226,0,909.09,2025-01-09,EA,EA,1,909.09
PO-25-2,Purchase Order PO-25-2,EMIRATES AIRLINES,2025-01-09,Aeroparts AOG DWC LLC,USD,1,Draft,2025-01-09,77,0.0,NE,EXTRACTOR,HU85059,0,909.09,2025-01-09,EA,EA,1,909.09
PO-25-2,Purchase Order PO-25-2,EMIRATES AIRLINES,2025-01-09,Aeroparts AOG DWC LLC,USD,1,Draft,2025-01-09,78,0.0,NE,KEEP RING-BEARING REMOVAL,HU41046,0,909.09,2025-01-09,EA,EA,1,909.09
PO-25-2,Purchase Order PO-25-2,EMIRATES AIRLINES,2025-01-09,Aeroparts AOG DWC LLC,USD,1,Draft,2025-01-09,79,0.0,NE,ADAPTOR,HU85256,0,909.09,2025-01-09,EA,EA,1,909.09
PO-25-2,Purchase Order PO-25-2,EMIRATES AIRLINES,2025-01-09,Aeroparts AOG DWC LLC,USD,1,Draft,2025-01-09,80,0.0,NE,EXTRACTOR,HU85071,0,909.09,2025-01-09,EA,EA,1,909.09
PO-25-2,Purchase Order PO-25-2,EMIRATES AIRLINES,2025-01-09,Aeroparts AOG DWC LLC,USD,1,Draft,2025-01-09,81,0.0,NE,DRIFT,HU85091,0,909.09,2025-01-09,EA,EA,1,909.09
PO-25-2,Purchase Order PO-25-2,EMIRATES AIRLINES,2025-01-09,Aeroparts AOG DWC LLC,USD,1,Draft,2025-01-09,82,0.0,NE,PRESS,HU85131,0,909.09,2025-01-09,EA,EA,1,909.09
PO-25-2,Purchase Order PO-25-2,EMIRATES AIRLINES,2025-01-09,Aeroparts AOG DWC LLC,USD,1,Draft,2025-01-09,83,0.0,NE,"PUSHER, ROLLER",HU85072,0,909.09,2025-01-09,EA,EA,1,909.09
PO-25-2,Purchase Order PO-25-2,EMIRATES AIRLINES,2025-01-09,Aeroparts AOG DWC LLC,USD,1,Draft,2025-01-09,84,0.0,NE,PUSHER,HU85421,0,909.09,2025-01-09,EA,EA,1,909.09
PO-25-2,Purchase Order PO-25-2,EMIRATES AIRLINES,2025-01-09,Aeroparts AOG DWC LLC,USD,1,Draft,2025-01-09,85,0.0,NE,SUPPORT,HU85294,0,909.09,2025-01-09,EA,EA,1,909.09
PO-25-2,Purchase Order PO-25-2,EMIRATES AIRLINES,2025-01-09,Aeroparts AOG DWC LLC,USD,1,Draft,2025-01-09,86,0.0,NE,PIN - SPRING,HU55419-1,0,454.55,2025-01-09,EA,EA,1,454.55
PO-25-2,Purchase Order PO-25-2,EMIRATES AIRLINES,2025-01-09,Aeroparts AOG DWC LLC,USD,1,Draft,2025-01-09,87,0.0,NE,"BOLT-STOP,IP TURBINE",HU30071,0,181.82,2025-01-09,EA,EA,1,181.82
PO-25-2,Purchase Order PO-25-2,EMIRATES AIRLINES,2025-01-09,Aeroparts AOG DWC LLC,USD,1,Draft,2025-01-09,88,0.0,NE,SUPPORT,HU85150,0,909.09,2025-01-09,EA,EA,1,909.09
PO-25-2,Purchase Order PO-25-2,EMIRATES AIRLINES,2025-01-09,Aeroparts AOG DWC LLC,USD,1,Draft,2025-01-09,89,0.0,NE,EXTRACTOR,HU85214,0,909.09,2025-01-09,EA,EA,1,909.09
PO-25-2,Purchase Order PO-25-2,EMIRATES AIRLINES,2025-01-09,Aeroparts AOG DWC LLC,USD,1,Draft,2025-01-09,90,0.0,NE,HAND TOOL,HU85065,0,909.09,2025-01-09,EA,EA,1,909.09
PO-25-2,Purchase Order PO-25-2,EMIRATES AIRLINES,2025-01-09,Aeroparts AOG DWC LLC,USD,1,Draft,2025-01-09,91,0.0,NE,CONNECTOR,HU85447,0,909.09,2025-01-09,EA,EA,1,909.09
PO-25-2,Purchase Order PO-25-2,EMIRATES AIRLINES,2025-01-09,Aeroparts AOG DWC LLC,USD,1,Draft,2025-01-09,92,0.0,NE,CONNECTOR,HU85446,0,909.09,2025-01-09,EA,EA,1,909.09
PO-25-2,Purchase Order PO-25-2,EMIRATES AIRLINES,2025-01-09,Aeroparts AOG DWC LLC,USD,1,Draft,2025-01-09,93,0.0,NE,CONNECTOR,HU85445,0,909.09,2025-01-09,EA,EA,1,909.09
PO-25-2,Purchase Order PO-25-2,EMIRATES AIRLINES,2025-01-09,Aeroparts AOG DWC LLC,USD,1,Draft,2025-01-09,94,0.0,NE,PUSHER,HU85077,0,909.09,2025-01-09,EA,EA,1,909.09
PO-25-2,Purchase Order PO-25-2,EMIRATES AIRLINES,2025-01-09,Aeroparts AOG DWC LLC,USD,1,Draft,2025-01-09,95,0.0,NE,SUPPORT,HU85420,0,909.09,2025-01-09,EA,EA,1,909.09
PO-25-2,Purchase Order PO-25-2,EMIRATES AIRLINES,2025-01-09,Aeroparts AOG DWC LLC,USD,1,Draft,2025-01-09,96,0.0,NE,SUPPORT,HU85272,0,909.09,2025-01-09,EA,EA,1,909.09
PO-25-2,Purchase Order PO-25-2,EMIRATES AIRLINES,2025-01-09,Aeroparts AOG DWC LLC,USD,1,Draft,2025-01-09,97,0.0,NE,RAM,HU85295,0,909.09,2025-01-09,EA,EA,1,909.09
PO-25-2,Purchase Order PO-25-2,EMIRATES AIRLINES,2025-01-09,Aeroparts AOG DWC LLC,USD,1,Draft,2025-01-09,98,0.0,NE,EXTRACTOR-CENTRAL,HU38878,0,909.09,2025-01-09,EA,EA,1,909.09
PO-25-2,Purchase Order PO-25-2,EMIRATES AIRLINES,2025-01-09,Aeroparts AOG DWC LLC,USD,1,Draft,2025-01-09,99,0.0,NE,"PUSHER, INSTALLATION",HU85317,0,909.09,2025-01-09,EA,EA,1,909.09
PO-25-2,Purchase Order PO-25-2,EMIRATES AIRLINES,2025-01-09,Aeroparts AOG DWC LLC,USD,1,Draft,2025-01-09,100,0.0,NE,EXTRACTOR,HU85056,0,909.09,2025-01-09,EA,EA,1,909.09
PO-25-2,Purchase Order PO-25-2,EMIRATES AIRLINES,2025-01-09,Aeroparts AOG DWC LLC,USD,1,Draft,2025-01-09,101,0.0,NE,SUPPORT,HU85055,0,909.09,2025-01-09,EA,EA,1,909.09
PO-25-2,Purchase Order PO-25-2,EMIRATES AIRLINES,2025-01-09,Aeroparts AOG DWC LLC,USD,1,Draft,2025-01-09,102,0.0,NE,CENTERING SUPPORT,HU85070,0,909.09,2025-01-09,EA,EA,1,909.09
PO-25-2,Purchase Order PO-25-2,EMIRATES AIRLINES,2025-01-09,Aeroparts AOG DWC LLC,USD,1,Draft,2025-01-09,103,0.0,NE,CENTERING SUPPORT,HU85075,0,909.09,2025-01-09,EA,EA,1,909.09
PO-25-2,Purchase Order PO-25-2,EMIRATES AIRLINES,2025-01-09,Aeroparts AOG DWC LLC,USD,1,Draft,2025-01-09,104,0.0,NE,TOOL: ACCESS COVER DRIVE,HU85006,0,454.55,2025-01-09,EA,EA,1,454.55
PO-25-2,Purchase Order PO-25-2,EMIRATES AIRLINES,2025-01-09,Aeroparts AOG DWC LLC,USD,1,Draft,2025-01-09,105,0.0,NE,"PIN-GUIDE,HP SYSTEM",HU38865,0,151.52,2025-01-09,EA,EA,1,151.52
PO-25-2,Purchase Order PO-25-2,EMIRATES AIRLINES,2025-01-09,Aeroparts AOG DWC LLC,USD,1,Draft,2025-01-09,106,0.0,NE,EXTRACTOR,HU85276,0,909.09,2025-01-09,EA,EA,1,909.09
PO-25-2,Purchase Order PO-25-2,EMIRATES AIRLINES,2025-01-09,Aeroparts AOG DWC LLC,USD,1,Draft,2025-01-09,107,0.0,NE,"SUPPORT, CENTERING",HU85020,0,909.09,2025-01-09,EA,EA,1,909.09
PO-25-2,Purchase Order PO-25-2,EMIRATES AIRLINES,2025-01-09,Aeroparts AOG DWC LLC,USD,1,Draft,2025-01-09,108,0.0,NE,BOBBIN,HU85239,0,909.09,2025-01-09,EA,EA,1,909.09
PO-25-2,Purchase Order PO-25-2,EMIRATES AIRLINES,2025-01-09,Aeroparts AOG DWC LLC,USD,1,Draft,2025-01-09,109,0.0,NE,BOBBIN,HU85238,0,909.09,2025-01-09,EA,EA,1,909.09
PO-25-2,Purchase Order PO-25-2,EMIRATES AIRLINES,2025-01-09,Aeroparts AOG DWC LLC,USD,1,Draft,2025-01-09,110,0.0,NE,DRIFT,HU85028,0,454.55,2025-01-09,EA,EA,1,454.55
PO-25-2,Purchase Order PO-25-2,EMIRATES AIRLINES,2025-01-09,Aeroparts AOG DWC LLC,USD,1,Draft,2025-01-09,111,0.0,NE,"SUPPORT, CENTERING",HU85519,0,909.09,2025-01-09,EA,EA,1,909.09
PO-25-2,Purchase Order PO-25-2,EMIRATES AIRLINES,2025-01-09,Aeroparts AOG DWC LLC,USD,1,Draft,2025-01-09,112,0.0,NE,EXTRACTOR,HU85484,0,454.55,2025-01-09,EA,EA,1,454.55
PO-25-2,Purchase Order PO-25-2,EMIRATES AIRLINES,2025-01-09,Aeroparts AOG DWC LLC,USD,1,Draft,2025-01-09,113,0.0,NE,WRENCH,HU85509,0,909.09,2025-01-09,EA,EA,1,909.09
PO-25-2,Purchase Order PO-25-2,EMIRATES AIRLINES,2025-01-09,Aeroparts AOG DWC LLC,USD,1,Draft,2025-01-09,114,0.0,NE,CENTERING SUPPORT,HU85067-1,0,909.09,2025-01-09,EA,EA,1,909.09
PO-25-2,Purchase Order PO-25-2,EMIRATES AIRLINES,2025-01-09,Aeroparts AOG DWC LLC,USD,1,Draft,2025-01-09,115,0.0,NE,EXTRACTOR,HU85060,0,909.09,2025-01-09,EA,EA,1,909.09
PO-25-2,Purchase Order PO-25-2,EMIRATES AIRLINES,2025-01-09,Aeroparts AOG DWC LLC,USD,1,Draft,2025-01-09,116,0.0,NE,TOOL: ALIGNMENT TORQUE,HU38555,0,454.55,2025-01-09,EA,EA,1,454.55
PO-25-2,Purchase Order PO-25-2,EMIRATES AIRLINES,2025-01-09,Aeroparts AOG DWC LLC,USD,1,Draft,2025-01-09,117,0.0,NE,SEAL FITTING TOOL,HU85227,0,454.55,2025-01-09,EA,EA,1,454.55
PO-25-2,Purchase Order PO-25-2,EMIRATES AIRLINES,2025-01-09,Aeroparts AOG DWC LLC,USD,1,Draft,2025-01-09,118,0.0,NE,ADPTOR PUSHER.,HU85023-1,0,909.09,2025-01-09,EA,EA,1,909.09
PO-25-2,Purchase Order PO-25-2,EMIRATES AIRLINES,2025-01-09,Aeroparts AOG DWC LLC,USD,1,Draft,2025-01-09,119,0.0,NE,PROTECTOR THREAD RR,J78005-5,0,90.91,2025-01-09,EA,EA,1,90.91
PO-25-2,Purchase Order PO-25-2,EMIRATES AIRLINES,2025-01-09,Aeroparts AOG DWC LLC,USD,1,Draft,2025-01-09,120,0.0,NE,TOOL,HU85528,0,909.09,2025-01-09,EA,EA,1,909.09
PO-25-2,Purchase Order PO-25-2,EMIRATES AIRLINES,2025-01-09,Aeroparts AOG DWC LLC,USD,1,Draft,2025-01-09,121,0.0,NE,EXTRACTOR,HU85080,0,909.09,2025-01-09,EA,EA,1,909.09
PO-25-2,Purchase Order PO-25-2,EMIRATES AIRLINES,2025-01-09,Aeroparts AOG DWC LLC,USD,1,Draft,2025-01-09,122,0.0,NE,TOOL,HU85486,0,909.09,2025-01-09,EA,EA,1,909.09
PO-25-2,Purchase Order PO-25-2,EMIRATES AIRLINES,2025-01-09,Aeroparts AOG DWC LLC,USD,1,Draft,2025-01-09,123,0.0,NE,TOOL: ANTI ROTATION KEY,HU85302,0,454.55,2025-01-09,EA,EA,1,454.55
PO-25-2,Purchase Order PO-25-2,EMIRATES AIRLINES,2025-01-09,Aeroparts AOG DWC LLC,USD,1,Draft,2025-01-09,124,0.0,NE,"CLAMP-RING,SHOP",HU38235,0,227.27,2025-01-09,EA,EA,1,227.27
PO-25-2,Purchase Order PO-25-2,EMIRATES AIRLINES,2025-01-09,Aeroparts AOG DWC LLC,USD,1,Draft,2025-01-09,125,0.0,NE,TOOL: WASHER GEAR BOX,HU85307,0,454.55,2025-01-09,EA,EA,1,454.55
PO-25-2,Purchase Order PO-25-2,EMIRATES AIRLINES,2025-01-09,Aeroparts AOG DWC LLC,USD,1,Draft,2025-01-09,126,0.0,NE,SPACER-SUPPORT AND,HU38460,0,303.03,2025-01-09,EA,EA,1,303.03
PO-25-2,Purchase Order PO-25-2,EMIRATES AIRLINES,2025-01-09,Aeroparts AOG DWC LLC,USD,1,Draft,2025-01-09,127,0.0,NE,CUTTER,HU85316,0,909.09,2025-01-09,EA,EA,1,909.09
PO-25-2,Purchase Order PO-25-2,EMIRATES AIRLINES,2025-01-09,Aeroparts AOG DWC LLC,USD,1,Draft,2025-01-09,128,0.0,NE,Transportation trolley,HU55347-3,0,909.09,2025-01-09,EA,EA,1,909.09
PO-25-2,Purchase Order PO-25-2,EMIRATES AIRLINES,2025-01-09,Aeroparts AOG DWC LLC,USD,1,Draft,2025-01-09,129,0.0,NE,LOCATION BRACKET,HU39043,0,909.09,2025-01-09,EA,EA,1,909.09
PO-25-2,Purchase Order PO-25-2,EMIRATES AIRLINES,2025-01-09,Aeroparts AOG DWC LLC,USD,1,Draft,2025-01-09,130,0.0,NE,CLAMP,HU41620,0,227.27,2025-01-09,EA,EA,1,227.27
PO-25-2,Purchase Order PO-25-2,EMIRATES AIRLINES,2025-01-09,Aeroparts AOG DWC LLC,USD,1,Draft,2025-01-09,131,0.0,NE,WASHER,HU85138,0,909.09,2025-01-09,EA,EA,1,909.09
PO-25-2,Purchase Order PO-25-2,EMIRATES AIRLINES,2025-01-09,Aeroparts AOG DWC LLC,USD,1,Draft,2025-01-09,132,0.0,NE,SUPPORT,HU85076,0,909.09,2025-01-09,EA,EA,1,909.09
PO-25-2,Purchase Order PO-25-2,EMIRATES AIRLINES,2025-01-09,Aeroparts AOG DWC LLC,USD,1,Draft,2025-01-09,133,0.0,NE,PIN,HU55418-5,0,454.55,2025-01-09,EA,EA,1,454.55
PO-25-2,Purchase Order PO-25-2,EMIRATES AIRLINES,2025-01-09,Aeroparts AOG DWC LLC,USD,1,Draft,2025-01-09,134,0.0,NE,SUPPORT,HU85169,0,909.09,2025-01-09,EA,EA,1,909.09
PO-25-2,Purchase Order PO-25-2,EMIRATES AIRLINES,2025-01-09,Aeroparts AOG DWC LLC,USD,1,Draft,2025-01-09,135,0.0,NE,SPACER,HU85139,0,909.09,2025-01-09,EA,EA,1,909.09
PO-25-2,Purchase Order PO-25-2,EMIRATES AIRLINES,2025-01-09,Aeroparts AOG DWC LLC,USD,1,Draft,2025-01-09,136,0.0,NE,ALIGNMENT/THREAD PROTECTOR,J71031-18,0,151.52,2025-01-09,EA,EA,1,151.52
PO-25-2,Purchase Order PO-25-2,EMIRATES AIRLINES,2025-01-09,Aeroparts AOG DWC LLC,USD,1,Draft,2025-01-09,137,0.0,NE,PIN PIVOT,HU55368-3,0,227.27,2025-01-09,EA,EA,1,227.27
PO-25-2,Purchase Order PO-25-2,EMIRATES AIRLINES,2025-01-09,Aeroparts AOG DWC LLC,USD,1,Draft,2025-01-09,138,0.0,NE,CLAMP,HU85095,0,909.09,2025-01-09,EA,EA,1,909.09
PO-25-2,Purchase Order PO-25-2,EMIRATES AIRLINES,2025-01-09,Aeroparts AOG DWC LLC,USD,1,Draft,2025-01-09,139,0.0,NE,"PIN, SHOULDER",HU55418-3,0,181.82,2025-01-09,EA,EA,1,181.82
PO-25-2,Purchase Order PO-25-2,EMIRATES AIRLINES,2025-01-09,Aeroparts AOG DWC LLC,USD,1,Draft,2025-01-09,140,0.0,NE,Stop Bolt,HU28653,0,181.82,2025-01-09,EA,EA,1,181.82
PO-25-2,Purchase Order PO-25-2,EMIRATES AIRLINES,2025-01-09,Aeroparts AOG DWC LLC,USD,1,Draft,2025-01-09,141,0.0,NE,SPACER,HU85123,0,909.09,2025-01-09,EA,EA,1,909.09
PO-25-2,Purchase Order PO-25-2,EMIRATES AIRLINES,2025-01-09,Aeroparts AOG DWC LLC,USD,1,Draft,2025-01-09,142,0.0,NE,BLANK,MH14186,0,151.52,2025-01-09,EA,EA,1,151.52
PO-25-2,Purchase Order PO-25-2,EMIRATES AIRLINES,2025-01-09,Aeroparts AOG DWC LLC,USD,1,Draft,2025-01-09,143,0.0,NE,SPACER,HU85126,0,909.09,2025-01-09,EA,EA,1,909.09
PO-25-2,Purchase Order PO-25-2,EMIRATES AIRLINES,2025-01-09,Aeroparts AOG DWC LLC,USD,1,Draft,2025-01-09,144,0.0,NE,IMMOBILISER,HU85453,0,303.03,2025-01-09,EA,EA,1,303.03
PO-25-2,Purchase Order PO-25-2,EMIRATES AIRLINES,2025-01-09,Aeroparts AOG DWC LLC,USD,1,Draft,2025-01-09,145,0.0,NE,SEAL,RX77794,0,113.64,2025-01-09,EA,EA,1,113.64
PO-25-2,Purchase Order PO-25-2,EMIRATES AIRLINES,2025-01-09,Aeroparts AOG DWC LLC,USD,1,Draft,2025-01-09,146,0.0,NE,SEAL,RX77793,0,113.64,2025-01-09,EA,EA,1,113.64
PO-25-2,Purchase Order PO-25-2,EMIRATES AIRLINES,2025-01-09,Aeroparts AOG DWC LLC,USD,1,Draft,2025-01-09,147,0.0,NE,SPACER,HU85122,0,909.09,2025-01-09,EA,EA,1,909.09
PO-25-2,Purchase Order PO-25-2,EMIRATES AIRLINES,2025-01-09,Aeroparts AOG DWC LLC,USD,1,Draft,2025-01-09,148,0.0,NE,SPACER,HU85121,0,909.09,2025-01-09,EA,EA,1,909.09
PO-25-2,Purchase Order PO-25-2,EMIRATES AIRLINES,2025-01-09,Aeroparts AOG DWC LLC,USD,1,Draft,2025-01-09,149,0.0,NE,FLEXIBLE DRIVE BRUSH,HU80298,0,227.27,2025-01-09,EA,EA,1,227.27
PO-25-2,Purchase Order PO-25-2,EMIRATES AIRLINES,2025-01-09,Aeroparts AOG DWC LLC,USD,1,Draft,2025-01-09,150,0.0,NE,Supporting device,HU55062-3,0,909.09,2025-01-09,EA,EA,1,909.09
PO-25-2,Purchase Order PO-25-2,EMIRATES AIRLINES,2025-01-09,Aeroparts AOG DWC LLC,USD,1,Draft,2025-01-09,151,0.0,NE,SPACER,HU85125,0,909.09,2025-01-09,EA,EA,1,909.09
PO-25-2,Purchase Order PO-25-2,EMIRATES AIRLINES,2025-01-09,Aeroparts AOG DWC LLC,USD,1,Draft,2025-01-09,152,0.0,NE,SEAL,RX77792,0,90.91,2025-01-09,EA,EA,1,90.91
PO-25-2,Purchase Order PO-25-2,EMIRATES AIRLINES,2025-01-09,Aeroparts AOG DWC LLC,USD,1,Draft,2025-01-09,153,0.0,NE,SLING TURN OVER AGB,HU55081-1,0,909.09,2025-01-09,EA,EA,1,909.09
PO-25-2,Purchase Order PO-25-2,EMIRATES AIRLINES,2025-01-09,Aeroparts AOG DWC LLC,USD,1,Draft,2025-01-09,154,0.0,NE,SPANNER-LPT NUT,HU41278-1,0,909.09,2025-01-09,EA,EA,1,909.09
PO-25-2,Purchase Order PO-25-2,EMIRATES AIRLINES,2025-01-09,Aeroparts AOG DWC LLC,USD,1,Draft,2025-01-09,155,0.0,NE,TOOL: SLING,HU55355-3,0,909.09,2025-01-09,EA,EA,1,909.09
PO-25-2,Purchase Order PO-25-2,EMIRATES AIRLINES,2025-01-09,Aeroparts AOG DWC LLC,USD,1,Draft,2025-01-09,156,0.0,NE,TOOL: SLING REMOVAL/,HU55108,0,909.09,2025-01-09,EA,EA,1,909.09
PO-25-2,Purchase Order PO-25-2,EMIRATES AIRLINES,2025-01-09,Aeroparts AOG DWC LLC,USD,1,Draft,2025-01-09,157,0.0,NE,"BEAN - HANDLING,EXT. GEARBOX",HU85005-1,0,909.09,2025-01-09,EA,EA,1,909.09
PO-25-2,Purchase Order PO-25-2,EMIRATES AIRLINES,2025-01-09,Aeroparts AOG DWC LLC,USD,1,Draft,2025-01-09,158,0.0,NE,TOOL: NOSE COWL STAND,HU55391-1,0,909.09,2025-01-09,EA,EA,1,909.09
PO-25-2,Purchase Order PO-25-2,EMIRATES AIRLINES,2025-01-09,Aeroparts AOG DWC LLC,USD,1,Draft,2025-01-09,159,0.0,NE,TRANSPORTATION CONTAINER,HU55380-2,0,909.09,2025-01-09,EA,EA,1,909.09
PO-25-2,Purchase Order PO-25-2,EMIRATES AIRLINES,2025-01-09,Aeroparts AOG DWC LLC,USD,1,Draft,2025-01-09,160,0.0,NE,TOOL: SLING,HU87133,0,303.03,2025-01-09,EA,EA,1,303.03
PO-25-2,Purchase Order PO-25-2,EMIRATES AIRLINES,2025-01-09,Aeroparts AOG DWC LLC,USD,1,Draft,2025-01-09,161,0.0,NE,Container,HU85303,0,303.03,2025-01-09,EA,EA,1,303.03
PO-25-2,Purchase Order PO-25-2,EMIRATES AIRLINES,2025-01-09,Aeroparts AOG DWC LLC,USD,1,Draft,2025-01-09,162,0.0,NE,Container,HU55104-1,0,303.03,2025-01-09,EA,EA,1,303.03
PO-25-2,Purchase Order PO-25-2,EMIRATES AIRLINES,2025-01-09,Aeroparts AOG DWC LLC,USD,1,Draft,2025-01-09,163,0.0,NE,TOOL: STAND-TRANSPORTATION,HU55381,0,227.27,2025-01-09,EA,EA,1,227.27
PO-25-4,Purchase Order PO-25-4,ROTAFILO,2025-01-14,Aeroparts AOG DWC LLC,USD,1,Draft,2025-01-14,1,185.0,NE,RIGGING PIN,IAE1R18423,1,185,2025-01-14,EA,EA,1,185
PO-25-4,Purchase Order PO-25-4,ROTAFILO,2025-01-14,Aeroparts AOG DWC LLC,USD,1,Draft,2025-01-14,2,478.0,NE,PROTECTOR-HUB,IAE1J12180,1,478,2025-01-14,EA,EA,1,478
PO-25-4,Purchase Order PO-25-4,ROTAFILO,2025-01-14,Aeroparts AOG DWC LLC,USD,1,Draft,2025-01-14,3,1319.0,NE,EXPANDING PLIER,IAE1J12282,1,1319,2025-01-14,EA,EA,1,1319
PO-25-4,Purchase Order PO-25-4,ROTAFILO,2025-01-14,Aeroparts AOG DWC LLC,USD,1,Draft,2025-01-14,4,2810.0,NE,ADAPTER TIEROD ENGINE ASSY HP SYSTEM,IAE1P16285,1,2810,2025-01-14,EA,EA,1,2810
PO-25-4,Purchase Order PO-25-4,ROTAFILO,2025-01-14,Aeroparts AOG DWC LLC,USD,1,Draft,2025-01-14,5,861.0,NE,TURNING HANDLE,IAE1J12026,1,861,2025-01-14,EA,EA,1,861
PO-25-4,Purchase Order PO-25-4,ROTAFILO,2025-01-14,Aeroparts AOG DWC LLC,USD,1,Draft,2025-01-14,6,348.0,NE,SUPPORT ROD,IAE1R18234,1,348,2025-01-14,EA,EA,1,348
PO-25-4,Purchase Order PO-25-4,ROTAFILO,2025-01-14,Aeroparts AOG DWC LLC,USD,1,Draft,2025-01-14,7,644.0,NE,WRENCH HAND NUT,IAE1F10104,1,644,2025-01-14,EA,EA,1,644
PO-25-4,Purchase Order PO-25-4,ROTAFILO,2025-01-14,Aeroparts AOG DWC LLC,USD,1,Draft,2025-01-14,8,3127.0,NE,ADPTR EXT INT GEARBOX BRG SUP ASSY INTMD,IAE1J12119,1,3127,2025-01-14,EA,EA,1,3127
PO-25-4,Purchase Order PO-25-4,ROTAFILO,2025-01-14,Aeroparts AOG DWC LLC,USD,1,Draft,2025-01-14,9,7149.0,NE,STND STGE-LP STUB SHAFT NO1 BRNG SUP ASSY INTR,IAE1J12118,1,7149,2025-01-14,EA,EA,1,7149
PO-25-4,Purchase Order PO-25-4,ROTAFILO,2025-01-14,Aeroparts AOG DWC LLC,USD,1,Draft,2025-01-14,10,604.0,NE,PIN ALIGNING LPC RTR NO1 BPG RTR CTR INTER,IAE1J12507,1,604,2025-01-14,EA,EA,1,604
PO-25-4,Purchase Order PO-25-4,ROTAFILO,2025-01-14,Aeroparts AOG DWC LLC,USD,1,Draft,2025-01-14,11,740.0,NE,PIN-ALIGNING,IAE1J12106,1,740,2025-01-14,EA,EA,1,740
PO-25-4,Purchase Order PO-25-4,ROTAFILO,2025-01-14,Aeroparts AOG DWC LLC,USD,1,Draft,2025-01-14,12,312.0,NE,WRENCH SPECIAL ENGINE ASSY BOLT NO2 BRG HSG,IAE1J12024,1,312,2025-01-14,EA,EA,1,312
PO-25-4,Purchase Order PO-25-4,ROTAFILO,2025-01-14,Aeroparts AOG DWC LLC,USD,1,Draft,2025-01-14,13,390.0,NE,BOLT-PULLER,IAE1J12188,1,390,2025-01-14,EA,EA,1,390
PO-25-4,Purchase Order PO-25-4,ROTAFILO,2025-01-14,Aeroparts AOG DWC LLC,USD,1,Draft,2025-01-14,14,160.0,NE,DRIVER-INSTALLATION,IAE1F10044,1,160,2025-01-14,EA,EA,1,160
PO-25-4,Purchase Order PO-25-4,ROTAFILO,2025-01-14,Aeroparts AOG DWC LLC,USD,1,Draft,2025-01-14,15,587.0,NE,"PUSHER, INSTALLATION",IAE1F10012,1,587,2025-01-14,EA,EA,1,587
PO-25-4,Purchase Order PO-25-4,ROTAFILO,2025-01-14,Aeroparts AOG DWC LLC,USD,1,Draft,2025-01-14,16,1117.0,NE,"PUSHER-PULLER,R/I",IAE1F10412,1,1117,2025-01-14,EA,EA,1,1117
PO-25-4,Purchase Order PO-25-4,ROTAFILO,2025-01-14,Aeroparts AOG DWC LLC,USD,1,Draft,2025-01-14,17,1116.0,NE,PULLER-REMOVAL,IAE1F10294,1,1116,2025-01-14,EA,EA,1,1116
PO-25-4,Purchase Order PO-25-4,ROTAFILO,2025-01-14,Aeroparts AOG DWC LLC,USD,1,Draft,2025-01-14,18,1128.0,NE,PULLER-REMOVAL,IAE1F10293,1,1128,2025-01-14,EA,EA,1,1128
PO-25-4,Purchase Order PO-25-4,ROTAFILO,2025-01-14,Aeroparts AOG DWC LLC,USD,1,Draft,2025-01-14,19,1127.0,NE,PULLER-REMOVAL,IAE1F10292,1,1127,2025-01-14,EA,EA,1,1127
PO-25-4,Purchase Order PO-25-4,ROTAFILO,2025-01-14,Aeroparts AOG DWC LLC,USD,1,Draft,2025-01-14,20,2981.0,NE,ADAPTER HANDLING-GEARBOX,IAE1F10023,1,2981,2025-01-14,EA,EA,1,2981
PO-25-4,Purchase Order PO-25-4,ROTAFILO,2025-01-14,Aeroparts AOG DWC LLC,USD,1,Draft,2025-01-14,21,15492.0,NE,"JACK, HYDRAULIC",IAE1F10022,1,15492,2025-01-14,EA,EA,1,15492
PO-25-4,Purchase Order PO-25-4,ROTAFILO,2025-01-14,Aeroparts AOG DWC LLC,USD,1,Draft,2025-01-14,22,2673.0,NE,STAND STORAGE ENGINE ASSY GEARBOX MODULE GROUP,IAE1F10021,1,2673,2025-01-14,EA,EA,1,2673
PO-25-4,Purchase Order PO-25-4,ROTAFILO,2025-01-14,Aeroparts AOG DWC LLC,USD,1,Draft,2025-01-14,23,711.0,NE,"PIN, HANDLING GEARBOX",IAE1F10011,1,711,2025-01-14,EA,EA,1,711
PO-25-4,Purchase Order PO-25-4,ROTAFILO,2025-01-14,Aeroparts AOG DWC LLC,USD,1,Draft,2025-01-14,24,5011.0,NE,BRIDGE INSPECTION,IAE2R18871,1,5011,2025-01-14,EA,EA,1,5011
PO-25-4,Purchase Order PO-25-4,ROTAFILO,2025-01-14,Aeroparts AOG DWC LLC,USD,1,Draft,2025-01-14,25,4986.0,NE,PULLER HYDRAULIC ENGINE ASSY LP SHAFT,IAE1J12220,1,4986,2025-01-14,EA,EA,1,4986
PO-25-4,Purchase Order PO-25-4,ROTAFILO,2025-01-14,Aeroparts AOG DWC LLC,USD,1,Draft,2025-01-14,26,5605.0,NE,RETAINER EXPANDING LPT SHAFT,IAE1R18907,1,5605,2025-01-14,EA,EA,1,5605
PO-25-4,Purchase Order PO-25-4,ROTAFILO,2025-01-14,Aeroparts AOG DWC LLC,USD,1,Draft,2025-01-14,27,1380.0,NE,PULLER,IAE1P17039,1,1380,2025-01-14,EA,EA,1,1380
PO-25-4,Purchase Order PO-25-4,ROTAFILO,2025-01-14,Aeroparts AOG DWC LLC,USD,1,Draft,2025-01-14,28,1050.0,NE,PULLER SLIDE CASE TURBO EXHAUST ASSY,IAE1P17038,1,1050,2025-01-14,EA,EA,1,1050
PO-25-4,Purchase Order PO-25-4,ROTAFILO,2025-01-14,Aeroparts AOG DWC LLC,USD,1,Draft,2025-01-14,29,2997.0,NE,PLATE SUPPORT LPT SHAFT,IAE1M14146,1,2997,2025-01-14,EA,EA,1,2997
PO-25-4,Purchase Order PO-25-4,ROTAFILO,2025-01-14,Aeroparts AOG DWC LLC,USD,1,Draft,2025-01-14,30,3901.0,NE,FIXTURE SUPPORT TEC,IAE1F10043,1,3901,2025-01-14,EA,EA,1,3901
PO-25-4,Purchase Order PO-25-4,ROTAFILO,2025-01-14,Aeroparts AOG DWC LLC,USD,1,Draft,2025-01-14,31,2844.0,NE,PEDESTAL ADJUSTABLE,IAE1F10085,1,2844,2025-01-14,EA,EA,1,2844
PO-25-4,Purchase Order PO-25-4,ROTAFILO,2025-01-14,Aeroparts AOG DWC LLC,USD,1,Draft,2025-01-14,32,3850.0,NE,FIXTURE SUPPORT,IAE1F10084,1,3850,2025-01-14,EA,EA,1,3850
PO-25-4,Purchase Order PO-25-4,ROTAFILO,2025-01-14,Aeroparts AOG DWC LLC,USD,1,Draft,2025-01-14,33,13985.0,NE,STAND HORIZONTAL LPT MODULE GROUP,IAE1F10080,1,13985,2025-01-14,EA,EA,1,13985
PO-25-4,Purchase Order PO-25-4,ROTAFILO,2025-01-14,Aeroparts AOG DWC LLC,USD,1,Draft,2025-01-14,34,6556.0,NE,ADAPTER HYDRAULIC ENGINE ASSY HPT REMOVE INSTALL,IAE1P16047,1,6556,2025-01-14,EA,EA,1,6556
PO-25-4,Purchase Order PO-25-4,ROTAFILO,2025-01-14,Aeroparts AOG DWC LLC,USD,1,Draft,2025-01-14,35,6221.0,NE,"SLING, TWO CABLES",IAE1F10052,1,6221,2025-01-14,EA,EA,1,6221
PO-25-4,Purchase Order PO-25-4,ROTAFILO,2025-01-14,Aeroparts AOG DWC LLC,USD,1,Draft,2025-01-14,36,8883.0,NE,STAND BUILD HPT ROTOR AND STATOR ASSY,IAE1P16028,1,8883,2025-01-14,EA,EA,1,8883
PO-25-4,Purchase Order PO-25-4,ROTAFILO,2025-01-14,Aeroparts AOG DWC LLC,USD,1,Draft,2025-01-14,37,1777.0,NE,PUMP-HYDRAULIC,IAE1F10026,1,1777,2025-01-14,EA,EA,1,1777
PO-25-4,Purchase Order PO-25-4,ROTAFILO,2025-01-14,Aeroparts AOG DWC LLC,USD,1,Draft,2025-01-14,38,1785.0,NE,GAGE - IGNITER,IAE1P16092,1,1785,2025-01-14,EA,EA,1,1785
PO-25-4,Purchase Order PO-25-4,ROTAFILO,2025-01-14,Aeroparts AOG DWC LLC,USD,1,Draft,2025-01-14,39,8071.0,NE,FIXTURE REMOV INSTALL ENGINE ASSY HPT,IAE1P16046,1,8071,2025-01-14,EA,EA,1,8071
PO-25-4,Purchase Order PO-25-4,ROTAFILO,2025-01-14,Aeroparts AOG DWC LLC,USD,1,Draft,2025-01-14,40,2898.0,NE,"PEDESTAL, FIXED",IAE1F10028,1,2898,2025-01-14,EA,EA,1,2898
PO-25-4,Purchase Order PO-25-4,ROTAFILO,2025-01-14,Aeroparts AOG DWC LLC,USD,1,Draft,2025-01-14,41,4224.0,NE,STAND TRANSPORT STORAGE ENGINE ASSY FAN ROTOR,IAE1J12019,1,4224,2025-01-14,EA,EA,1,4224
PO-25-5,Purchase Order PO-25-5,ROTAFILO,2025-01-17,Aeroparts AOG DWC LLC,USD,1,Draft,2025-01-17,1,8510.0,NE,CRADLE,856A3525G04,1,8510,2025-01-17,EA,EA,1,8510
PO-25-5,Purchase Order PO-25-5,ROTAFILO,2025-01-17,Aeroparts AOG DWC LLC,USD,1,Draft,2025-01-17,2,8893.0,NE,FIXTURE HANDLING-BOOSTER ROTOR/STATOR ASSY,856A3732G04,1,8893,2025-01-17,EA,EA,1,8893
PO-25-5,Purchase Order PO-25-5,ROTAFILO,2025-01-17,Aeroparts AOG DWC LLC,USD,1,Draft,2025-01-17,3,8250.0,NE,FIXTURE  HANDLING,856A3773G03,1,8250,2025-01-17,EA,EA,1,8250
PO-25-5,Purchase Order PO-25-5,ROTAFILO,2025-01-17,Aeroparts AOG DWC LLC,USD,1,Draft,2025-01-17,4,1934.0,NE,SLING -  THREE LEGS -  AGB HANDLIN,856A3519G05,1,1934,2025-01-17,EA,EA,1,1934
PO-25-5,Purchase Order PO-25-5,ROTAFILO,2025-01-17,Aeroparts AOG DWC LLC,USD,1,Draft,2025-01-17,5,2690.0,NE,SUPT. FUEL PUMP & MEC,856A3598G03,1,2690,2025-01-17,EA,EA,1,2690
PO-25-5,Purchase Order PO-25-5,ROTAFILO,2025-01-17,Aeroparts AOG DWC LLC,USD,1,Draft,2025-01-17,6,174.0,NE,PROTECTOR -  MOUNT PIN,856A3591G01,1,174,2025-01-17,EA,EA,1,174
PO-25-5,Purchase Order PO-25-5,ROTAFILO,2025-01-17,Aeroparts AOG DWC LLC,USD,1,Draft,2025-01-17,7,140.0,NE,PINS - GUIDE SPINNER,856A3778G01,1,140,2025-01-17,EA,EA,1,140
PO-25-5,Purchase Order PO-25-5,ROTAFILO,2025-01-17,Aeroparts AOG DWC LLC,USD,1,Draft,2025-01-17,8,3345.0,NE,RING FAN ASSEMBLY,856A2956G01,1,3345,2025-01-17,EA,EA,1,3345
PO-25-5,Purchase Order PO-25-5,ROTAFILO,2025-01-17,Aeroparts AOG DWC LLC,USD,1,Draft,2025-01-17,9,1297.0,NE,CORE ENGINE SEALING PLATE & LOCK,856A3728G02,1,1297,2025-01-17,EA,EA,1,1297
PO-25-5,Purchase Order PO-25-5,ROTAFILO,2025-01-17,Aeroparts AOG DWC LLC,USD,1,Draft,2025-01-17,10,8991.0,NE,SUPPORT -  ENG. HANDLING,856A1312G07,3,2997,2025-01-17,EA,EA,1,2997
PO-25-5,Purchase Order PO-25-5,ROTAFILO,2025-01-17,Aeroparts AOG DWC LLC,USD,1,Draft,2025-01-17,11,846.0,NE,SUPPORT,856A1312G08,3,282,2025-01-17,EA,EA,1,282
PO-25-5,Purchase Order PO-25-5,ROTAFILO,2025-01-17,Aeroparts AOG DWC LLC,USD,1,Draft,2025-01-17,12,245.0,NE,PULLER,856A2632G01,1,245,2025-01-17,EA,EA,1,245
PO-25-5,Purchase Order PO-25-5,ROTAFILO,2025-01-17,Aeroparts AOG DWC LLC,USD,1,Draft,2025-01-17,13,4866.0,NE,FIXTURE  SUPPORT AGB,856A2754G02,1,4866,2025-01-17,EA,EA,1,4866
PO-25-5,Purchase Order PO-25-5,ROTAFILO,2025-01-17,Aeroparts AOG DWC LLC,USD,1,Draft,2025-01-17,14,608.0,NE,PULLER  RADIAL DRIVE SHAFT,856A2727G01,1,608,2025-01-17,EA,EA,1,608
PO-25-5,Purchase Order PO-25-5,ROTAFILO,2025-01-17,Aeroparts AOG DWC LLC,USD,1,Draft,2025-01-17,15,5098.0,NE,WRENCH  TORQUE LPT,856A3506G03,1,5098,2025-01-17,EA,EA,1,5098
PO-25-5,Purchase Order PO-25-5,ROTAFILO,2025-01-17,Aeroparts AOG DWC LLC,USD,1,Draft,2025-01-17,16,450.0,NE,ADAPTER LOCK  CORE ENGINE,856A2717G01,1,450,2025-01-17,EA,EA,1,450
PO-25-5,Purchase Order PO-25-5,ROTAFILO,2025-01-17,Aeroparts AOG DWC LLC,USD,1,Draft,2025-01-17,17,5350.0,NE,STAND TRANS/STORE LPT,856A2647G02,1,5350,2025-01-17,EA,EA,1,5350
PO-25-5,Purchase Order PO-25-5,ROTAFILO,2025-01-17,Aeroparts AOG DWC LLC,USD,1,Draft,2025-01-17,18,148.0,NE,KIT PINS GUIDE,856A3409G01,1,148,2025-01-17,EA,EA,1,148
PO-25-5,Purchase Order PO-25-5,ROTAFILO,2025-01-17,Aeroparts AOG DWC LLC,USD,1,Draft,2025-01-17,19,8742.0,NE,SUPPORT-ENGINE HANDLING,856A1312G05,3,2914,2025-01-17,EA,EA,1,2914
PO-25-5,Purchase Order PO-25-5,ROTAFILO,2025-01-17,Aeroparts AOG DWC LLC,USD,1,Draft,2025-01-17,20,6338.0,NE,STAND -  STORAGE FAN BLADE,856A2631G01,1,6338,2025-01-17,EA,EA,1,6338
PO-25-5,Purchase Order PO-25-5,ROTAFILO,2025-01-17,Aeroparts AOG DWC LLC,USD,1,Draft,2025-01-17,21,4242.0,NE,STAND STORAGE LP BOOSTER,856A2625G01,1,4242,2025-01-17,EA,EA,1,4242
PO-25-5,Purchase Order PO-25-5,ROTAFILO,2025-01-17,Aeroparts AOG DWC LLC,USD,1,Draft,2025-01-17,22,222.0,NE,WRENCH -  VBV MANUAL,856A2501G01,1,222,2025-01-17,EA,EA,1,222
PO-25-5,Purchase Order PO-25-5,ROTAFILO,2025-01-17,Aeroparts AOG DWC LLC,USD,1,Draft,2025-01-17,23,6080.0,NE,SUPPORT-ENGINE HANDLING,856A1312G02,2,3040,2025-01-17,EA,EA,1,3040
PO-25-5,Purchase Order PO-25-5,ROTAFILO,2025-01-17,Aeroparts AOG DWC LLC,USD,1,Draft,2025-01-17,24,6080.0,NE,SUPPORT,856A1312G06,2,3040,2025-01-17,EA,EA,1,3040
PO-25-5,Purchase Order PO-25-5,ROTAFILO,2025-01-17,Aeroparts AOG DWC LLC,USD,1,Draft,2025-01-17,25,633.0,NE,WRENCH -  HORZ DR SHAFT NUT,856A3604P01,1,633,2025-01-17,EA,EA,1,633
PO-25-5,Purchase Order PO-25-5,ROTAFILO,2025-01-17,Aeroparts AOG DWC LLC,USD,1,Draft,2025-01-17,26,2820.0,NE,TOOL R/I SEALS AGB,856A3576G01,1,2820,2025-01-17,EA,EA,1,2820
PO-25-5,Purchase Order PO-25-5,ROTAFILO,2025-01-17,Aeroparts AOG DWC LLC,USD,1,Draft,2025-01-17,27,945.0,NE,TURNBUCKLE AGB/TGB,856A2805G01,1,945,2025-01-17,EA,EA,1,945
PO-25-5,Purchase Order PO-25-5,ROTAFILO,2025-01-17,Aeroparts AOG DWC LLC,USD,1,Draft,2025-01-17,28,374.0,NE,BLOCK -  JACKING FUEL PUMP,856A2609G01,1,374,2025-01-17,EA,EA,1,374
PO-25-5,Purchase Order PO-25-5,ROTAFILO,2025-01-17,Aeroparts AOG DWC LLC,USD,1,Draft,2025-01-17,29,905.0,NE,ADAPTER -  PULLER COVER,856A3419G02,1,905,2025-01-17,EA,EA,1,905
PO-25-5,Purchase Order PO-25-5,ROTAFILO,2025-01-17,Aeroparts AOG DWC LLC,USD,1,Draft,2025-01-17,30,318.0,NE,PROTECT -  MOUNT PIN,856A2537G01,1,318,2025-01-17,EA,EA,1,318
PO-25-5,Purchase Order PO-25-5,ROTAFILO,2025-01-17,Aeroparts AOG DWC LLC,USD,1,Draft,2025-01-17,31,652.0,NE,TOOL PUSH PULL,856A3708G01,1,652,2025-01-17,EA,EA,1,652
PO-25-5,Purchase Order PO-25-5,ROTAFILO,2025-01-17,Aeroparts AOG DWC LLC,USD,1,Draft,2025-01-17,32,2794.0,NE,TOOL SET  SIGHT FAN DISK BOLTS,856A3724G02,1,2794,2025-01-17,EA,EA,1,2794
PO-25-5,Purchase Order PO-25-5,ROTAFILO,2025-01-17,Aeroparts AOG DWC LLC,USD,1,Draft,2025-01-17,33,1912.0,NE,SLEEVE CNTER MOD 1/LPT MAJ MOD,856A2308G02,1,1912,2025-01-17,EA,EA,1,1912
PO-25-5,Purchase Order PO-25-5,ROTAFILO,2025-01-17,Aeroparts AOG DWC LLC,USD,1,Draft,2025-01-17,34,3454.0,NE,FIXTURE   CENTER LPT SHAFT,856A2711G01,1,3454,2025-01-17,EA,EA,1,3454
PO-25-5,Purchase Order PO-25-5,ROTAFILO,2025-01-17,Aeroparts AOG DWC LLC,USD,1,Draft,2025-01-17,35,4348.0,NE,FIXTURE ALIGNMENT,856A3709G03,1,4348,2025-01-17,EA,EA,1,4348
PO-25-5,Purchase Order PO-25-5,ROTAFILO,2025-01-17,Aeroparts AOG DWC LLC,USD,1,Draft,2025-01-17,36,3895.0,NE,STAND STORAGE #1-2,856A2626G02,1,3895,2025-01-17,EA,EA,1,3895
PO-25-5,Purchase Order PO-25-5,ROTAFILO,2025-01-17,Aeroparts AOG DWC LLC,USD,1,Draft,2025-01-17,37,3574.0,NE,TORQUE WRENCH LPT CPL NUT,856A2316G01,1,3574,2025-01-17,EA,EA,1,3574
PO-25-5,Purchase Order PO-25-5,ROTAFILO,2025-01-17,Aeroparts AOG DWC LLC,USD,1,Draft,2025-01-17,38,2440.0,NE,"PULLER,OUTER RACE&SLEEVE BEARING NO8",856A3443G03,1,2440,2025-01-17,EA,EA,1,2440
PO-25-5,Purchase Order PO-25-5,ROTAFILO,2025-01-17,Aeroparts AOG DWC LLC,USD,1,Draft,2025-01-17,39,5310.0,NE,SEGMENTS   HANDLE TURBINE F,856A2712G02,1,5310,2025-01-17,EA,EA,1,5310
PO-25-5,Purchase Order PO-25-5,ROTAFILO,2025-01-17,Aeroparts AOG DWC LLC,USD,1,Draft,2025-01-17,40,8560.0,NE,BEAM  LIFT FAN FRAME,856A2555G08,2,4280,2025-01-17,EA,EA,1,4280
PO-25-5,Purchase Order PO-25-5,ROTAFILO,2025-01-17,Aeroparts AOG DWC LLC,USD,1,Draft,2025-01-17,41,1172.0,NE,SPACERS SUPT LPTR/CASE,856A2773G01,1,1172,2025-01-17,EA,EA,1,1172
PO-25-5,Purchase Order PO-25-5,ROTAFILO,2025-01-17,Aeroparts AOG DWC LLC,USD,1,Draft,2025-01-17,42,910.0,NE,PULLER AFT ROTATING AIR/OIL SEPERATOR,856A2661G01,1,910,2025-01-17,EA,EA,1,910
PO-25-5,Purchase Order PO-25-5,ROTAFILO,2025-01-17,Aeroparts AOG DWC LLC,USD,1,Draft,2025-01-17,43,787.0,NE,KIT - PULLER ADAPTERS,856A2668G02,1,787,2025-01-17,EA,EA,1,787
PO-25-5,Purchase Order PO-25-5,ROTAFILO,2025-01-17,Aeroparts AOG DWC LLC,USD,1,Draft,2025-01-17,44,2750.0,NE,ADAPTER  LIFT/TURN #1,856A3721G03,1,2750,2025-01-17,EA,EA,1,2750
PO-25-5,Purchase Order PO-25-5,ROTAFILO,2025-01-17,Aeroparts AOG DWC LLC,USD,1,Draft,2025-01-17,45,890.0,NE,TEMPLATE  LOCATING-JET#3,856A3777G02,1,890,2025-01-17,EA,EA,1,890
PO-25-5,Purchase Order PO-25-5,ROTAFILO,2025-01-17,Aeroparts AOG DWC LLC,USD,1,Draft,2025-01-17,46,4589.0,NE,TORQUE ADAPTER,856A3704G01,1,4589,2025-01-17,EA,EA,1,4589
PO-25-5,Purchase Order PO-25-5,ROTAFILO,2025-01-17,Aeroparts AOG DWC LLC,USD,1,Draft,2025-01-17,47,1118.0,NE,ADPT HANDLE,856A2780G02,1,1118,2025-01-17,EA,EA,1,1118
PO-25-5,Purchase Order PO-25-5,ROTAFILO,2025-01-17,Aeroparts AOG DWC LLC,USD,1,Draft,2025-01-17,48,670.0,NE,RING  LOCATE #5,856A2577P01,1,670,2025-01-17,EA,EA,1,670
PO-25-5,Purchase Order PO-25-5,ROTAFILO,2025-01-17,Aeroparts AOG DWC LLC,USD,1,Draft,2025-01-17,49,2560.0,NE,TURNBUCKLE TGB/AGB,856A2726G01,1,2560,2025-01-17,EA,EA,1,2560
PO-25-5,Purchase Order PO-25-5,ROTAFILO,2025-01-17,Aeroparts AOG DWC LLC,USD,1,Draft,2025-01-17,50,795.0,NE,GUIDE PINS-LPT/TRF,856A2722G01,1,795,2025-01-17,EA,EA,1,795
PO-25-5,Purchase Order PO-25-5,ROTAFILO,2025-01-17,Aeroparts AOG DWC LLC,USD,1,Draft,2025-01-17,51,1590.0,NE,WRENCH -  TORQUE AFT ROTATING,856A3392G01,1,1590,2025-01-17,EA,EA,1,1590
PO-25-5,Purchase Order PO-25-5,ROTAFILO,2025-01-17,Aeroparts AOG DWC LLC,USD,1,Draft,2025-01-17,52,119.0,NE,CAP  PROTECTIVE THREAD,856A3485P01,1,119,2025-01-17,EA,EA,1,119
PO-25-5,Purchase Order PO-25-5,ROTAFILO,2025-01-17,Aeroparts AOG DWC LLC,USD,1,Draft,2025-01-17,53,450.0,NE,ADAPTER PULLER,856A2663G01,1,450,2025-01-17,EA,EA,1,450
PO-25-5,Purchase Order PO-25-5,ROTAFILO,2025-01-17,Aeroparts AOG DWC LLC,USD,1,Draft,2025-01-17,54,627.0,NE,PROTECTOR  CVT AFT,856A3234P01,1,627,2025-01-17,EA,EA,1,627
PO-25-5756,Purchase Order PO-25-5756,SPECIALIST AVIATION LTD,2025-01-17,Aeroparts AOG DWC LLC,USD,1,Draft,2025-01-17,1,14250.0,NE,VALVE,7012-18088-03,1,14250,2025-01-17,EA,EA,1,14250
PO-25-5757,Purchase Order PO-25-5757,STRADE Ltd,2025-01-20,Aeroparts AOG DWC LLC,USD,1,Draft,2025-01-20,1,9722.0,NE,SERVO RUDDER CONTROL,31110-120,1,9722,2025-01-20,EA,EA,1,9722
PO-25-5758,Purchase Order PO-25-5758,BOEING FLEET,2025-01-20,Aeroparts AOG DWC LLC,USD,1,Draft,2025-01-20,1,4033.0,NE,HNGE ARM,659W1190-2,1,4033,2024-12-26,EA,EA,1,4033
PO-25-5759,Purchase Order PO-25-5759,AVIALL,2025-01-20,Aeroparts AOG DWC LLC,USD,1,Draft,2025-01-20,1,474.96,NE,LAMP,F013WWBCAC,24,19.79,2025-01-20,EA,EA,1,19.79
PO-25-5761,Purchase Order PO-25-5761,CFM INTERNATIONAL,2025-01-20,Aeroparts AOG DWC LLC,USD,1,Draft,2025-01-20,1,9404.0,NE,SEAL STAGE 2 COMPRESSOR STATOR,2564M19G03,4,2351,2025-01-20,EA,EA,1,2351
PO-25-5761,Purchase Order PO-25-5761,CFM INTERNATIONAL,2025-01-20,Aeroparts AOG DWC LLC,USD,1,Draft,2025-01-20,2,32592.0,NE,SHROUD ASSY-CPRSR STTR STG 2,2564M18P01,24,1358,2025-01-20,EA,EA,1,1358
PO-25-5761,Purchase Order PO-25-5761,CFM INTERNATIONAL,2025-01-20,Aeroparts AOG DWC LLC,USD,1,Draft,2025-01-20,3,24010.0,NE,SEAL STAGE2 COMPRESSOR STATOR,2564M19G01,10,2401,2025-01-20,EA,EA,1,2401
PO-25-5762,Purchase Order PO-25-5762,CFM INTERNATIONAL,2025-01-20,Aeroparts AOG DWC LLC,USD,1,Draft,2025-01-20,1,13580.0,NE,SHROUD ASSY-CPRSR STTR STG 2,2564M18P03,10,1358,2025-01-20,EA,EA,1,1358
PO-25-5762,Purchase Order PO-25-5762,CFM INTERNATIONAL,2025-01-20,Aeroparts AOG DWC LLC,USD,1,Draft,2025-01-20,2,32592.0,NE,SHROUD ASSY-CPRSR STTR STG 2,2564M18P01,24,1358,2025-01-20,EA,EA,1,1358
PO-25-5763,Purchase Order PO-25-5763,CFM INTERNATIONAL,2025-01-20,Aeroparts AOG DWC LLC,USD,1,Draft,2025-01-20,1,36690.0,NE,SHROUD ASSY-CPRSR STTR STG 2,2050M82G03,30,1223,2025-01-20,EA,EA,1,1223
PO-25-5764,Purchase Order PO-25-5764,BOEING FLEET,2025-01-20,Aeroparts AOG DWC LLC,USD,1,Draft,2025-01-20,1,295.4,NE,bolt,BACB30LE4K20,10,29.54,2025-01-20,EA,EA,1,29.54
PO-25-5764,Purchase Order PO-25-5764,BOEING FLEET,2025-01-20,Aeroparts AOG DWC LLC,USD,1,Draft,2025-01-20,2,323.54999999999995,NE,Bushing,KJB378304B,5,64.71,2025-01-20,EA,EA,1,64.71
PO-25-5765,Purchase Order PO-25-5765,East Air Corp,2025-01-20,Aeroparts AOG DWC LLC,USD,1,Draft,2025-01-20,1,81820.0,NE,WINDSHIELD,141T4004-22,2,40910,2025-01-20,EA,EA,1,40910
PO-25-5767,Purchase Order PO-25-5767,PDQ AIRSPARES,2025-01-20,Aeroparts AOG DWC LLC,USD,1,Draft,2025-01-20,1,2780.0,NE,VALVE ASSEMBLY,4L83-046,4,695,2025-01-20,EA,EA,1,695
PO-25-5768,Purchase Order PO-25-5768,PDQ AIRSPARES,2025-01-20,Aeroparts AOG DWC LLC,USD,1,Draft,2025-01-20,1,3240.0,NE,LIFE VEST,63600-101,36,90,2025-01-20,EA,EA,1,90
PO-25-5769,Purchase Order PO-25-5769,BOEING FLEET,2025-01-21,Aeroparts AOG DWC LLC,USD,1,Draft,2025-01-21,1,3539.0,NE,RETAINER,115A2752-5,1,3539,2025-01-21,EA,EA,1,3539
PO-25-5769,Purchase Order PO-25-5769,BOEING FLEET,2025-01-21,Aeroparts AOG DWC LLC,USD,1,Draft,2025-01-21,2,574.0,NE,SEAL,115A2790-5,1,574,2025-01-21,EA,EA,1,574
PO-25-5769,Purchase Order PO-25-5769,BOEING FLEET,2025-01-21,Aeroparts AOG DWC LLC,USD,1,Draft,2025-01-21,3,7664.0,NE,SEAL,313A2114U12,2,3832,2025-01-21,EA,EA,1,3832
PO-25-5770,Purchase Order PO-25-5770,BOEING FLEET,2025-01-21,Aeroparts AOG DWC LLC,USD,1,Draft,2025-01-21,1,3000.0,NE,PACKING,J1438P910,200,15,2025-01-21,EA,EA,1,15
PO-25-5771,Purchase Order PO-25-5771,PROPONENT,2025-01-21,Aeroparts AOG DWC LLC,USD,1,Draft,2025-01-21,1,28063.850000000002,NE,POWER MODULE ASSEMBLY,240114,5,5612.77,2024-11-12,EA,EA,1,5612.77
PO-25-5771,Purchase Order PO-25-5771,PROPONENT,2025-01-21,Aeroparts AOG DWC LLC,USD,1,Draft,2025-01-21,2,715.07,NE,FILL FITTING,35240130-22,1,715.07,2024-11-12,EA,EA,1,715.07
PO-25-5772,Purchase Order PO-25-5772,Executive Jet Support,2025-01-21,Aeroparts AOG DWC LLC,USD,1,Draft,2025-01-21,1,9000.0,NE,Total Air Temperature,0102AY1AF,1,9000,2025-01-21,EA,EA,1,9000
PO-25-5773,Purchase Order PO-25-5773,BOEING FLEET,2025-01-21,Aeroparts AOG DWC LLC,USD,1,Draft,2025-01-21,1,2865.0,NE,TANK ASSY,5011KTU01,1,2865,2025-01-27,EA,EA,1,2865
PO-25-5773,Purchase Order PO-25-5773,BOEING FLEET,2025-01-21,Aeroparts AOG DWC LLC,USD,1,Draft,2025-01-21,2,2865.0,NE,TANK UNIT,5003KTU01,1,2865,2025-01-27,EA,EA,1,2865
PO-25-5774,Purchase Order PO-25-5774,BOEING FLEET,2025-01-21,Aeroparts AOG DWC LLC,USD,1,Draft,2025-01-21,1,5017.32,NE,LAMP,31-7771-3,1,5017.32,2025-01-27,EA,EA,1,5017.32
PO-25-5775,Purchase Order PO-25-5775,UNICAL AVIATION,2025-01-21,Aeroparts AOG DWC LLC,USD,1,Draft,2025-01-21,1,340.0,NE,SCREW,A2577187320400,17,20,2025-01-21,EA,EA,1,20
PO-25-5775,Purchase Order PO-25-5775,UNICAL AVIATION,2025-01-21,Aeroparts AOG DWC LLC,USD,1,Draft,2025-01-21,2,4660.0,NE,SCREW,A2577187320400,233,20,2025-01-21,EA,EA,1,20
PO-25-5776,Purchase Order PO-25-5776,WENCOR,2025-01-22,Aeroparts AOG DWC LLC,USD,1,Draft,2025-01-22,1,0.0,NE,WASHER,ABS0692-01,300,0,2025-01-22,EA,EA,1,0
PO-25-5776,Purchase Order PO-25-5776,WENCOR,2025-01-22,Aeroparts AOG DWC LLC,USD,1,Draft,2025-01-22,2,693.0,NE,WIPER BLADE,4224057WE,6,115.5,2025-01-22,EA,EA,1,115.5
PO-25-5776,Purchase Order PO-25-5776,WENCOR,2025-01-22,Aeroparts AOG DWC LLC,USD,1,Draft,2025-01-22,3,285.6,NE,"WASHER, COUNTERSUNK",DAN125-5S,140,2.04,2025-01-22,EA,EA,1,2.04
PO-25-5776,Purchase Order PO-25-5776,WENCOR,2025-01-22,Aeroparts AOG DWC LLC,USD,1,Draft,2025-01-22,4,129.0,NE,WASHER,ABS0692-01,300,0.43,2025-01-22,EA,EA,1,0.43
PO-25-5776,Purchase Order PO-25-5776,WENCOR,2025-01-22,Aeroparts AOG DWC LLC,USD,1,Draft,2025-01-22,5,130.0,NE,Nut Clip,ABS0365-3-1B,100,1.3,2025-01-22,EA,EA,1,1.3
PO-25-5776,Purchase Order PO-25-5776,WENCOR,2025-01-22,Aeroparts AOG DWC LLC,USD,1,Draft,2025-01-22,6,68.5,NE,Nut Clip,ABS0365-3-2B,50,1.37,2025-01-22,EA,EA,1,1.37
PO-25-5776,Purchase Order PO-25-5776,WENCOR,2025-01-22,Aeroparts AOG DWC LLC,USD,1,Draft,2025-01-22,7,1000.0,NE,STUD,ABS0336-07,500,2,2025-01-22,EA,EA,1,2
PO-25-5777,Purchase Order PO-25-5777,JACAERO INDUSTRIES LLC,2025-01-22,Aeroparts AOG DWC LLC,USD,1,Draft,2025-01-22,1,4.0,NE,INTERNATIONAL WIRE FEE,INTL WIRE FEE,1,4,2025-01-22,EA,EA,1,4
PO-25-5777,Purchase Order PO-25-5777,JACAERO INDUSTRIES LLC,2025-01-22,Aeroparts AOG DWC LLC,USD,1,Draft,2025-01-22,2,100.0,NE,SCREW,NAS1100-3-10,1000,0.1,2025-01-22,EA,EA,1,0.1
PO-25-5778,Purchase Order PO-25-5778,Aerotrends Aviation,2025-01-22,Aeroparts AOG DWC LLC,USD,1,Draft,2025-01-22,1,9600.0,NE,OXYGEN GENERATOR,117042-02,12,800,2025-01-22,EA,EA,1,800
PO-25-5778,Purchase Order PO-25-5778,Aerotrends Aviation,2025-01-22,Aeroparts AOG DWC LLC,USD,1,Draft,2025-01-22,2,3300.0,NE,OXYGEN GENERATOR,117042-03,3,1100,2025-01-22,EA,EA,1,1100
PO-25-5779,Purchase Order PO-25-5779,DSC TRADING LLC,2025-01-22,Aeroparts AOG DWC LLC,USD,1,Draft,2025-01-22,1,10.0,NE,SCREW,MS35214-50,10,1,2025-01-22,EA,EA,1,1
PO-25-5779,Purchase Order PO-25-5779,DSC TRADING LLC,2025-01-22,Aeroparts AOG DWC LLC,USD,1,Draft,2025-01-22,2,40.0,NE,SCREW,MS35214-50,50,0.8,2025-01-22,EA,EA,1,0.8
PO-25-5780,Purchase Order PO-25-5780,SKYSPARES LTD,2025-01-22,Aeroparts AOG DWC LLC,USD,1,Draft,2025-01-22,1,875.0,NE,CONNECTOR,MS24266R14B7SN,25,35,2025-01-22,EA,EA,1,35
PO-25-5781,Purchase Order PO-25-5781,ROTAFILO,2025-01-22,Aeroparts AOG DWC LLC,USD,1,Draft,2025-01-22,1,590.0,NE,QUANTITY LIMITER-REGREASING,98F20008247000,1,590,2025-01-20,EA,EA,1,590
PO-25-5781,Purchase Order PO-25-5781,ROTAFILO,2025-01-22,Aeroparts AOG DWC LLC,USD,1,Draft,2025-01-22,2,152.0,NE,"ADAPTER - CHOCKING PAD AND SLIDER, REMOVAL",HU37594,1,152,2025-01-20,EA,EA,1,152
PO-25-5781,Purchase Order PO-25-5781,ROTAFILO,2025-01-22,Aeroparts AOG DWC LLC,USD,1,Draft,2025-01-22,3,2905.0,NE,Steady Engine Mounts,HU55105-2,1,2905,2025-01-20,EA,EA,1,2905
PO-25-5781,Purchase Order PO-25-5781,ROTAFILO,2025-01-22,Aeroparts AOG DWC LLC,USD,1,Draft,2025-01-22,4,232.0,NE,EXTRACTOR - LOCK WASHER,HU87131-1,1,232,2025-01-20,EA,EA,1,232
PO-25-5781,Purchase Order PO-25-5781,ROTAFILO,2025-01-22,Aeroparts AOG DWC LLC,USD,1,Draft,2025-01-22,5,183.0,NE,"ADAPTER-AFT,JACKING",98F07107501000,1,183,2025-01-20,EA,EA,1,183
PO-25-5781,Purchase Order PO-25-5781,ROTAFILO,2025-01-22,Aeroparts AOG DWC LLC,USD,1,Draft,2025-01-22,6,650.0,NE,SLING LIFT ENG REAR MOUNT,HU36634,1,650,2025-01-20,EA,EA,1,650
PO-25-5781,Purchase Order PO-25-5781,ROTAFILO,2025-01-22,Aeroparts AOG DWC LLC,USD,1,Draft,2025-01-22,7,1755.0,NE,LIFTER-REM INST ENGINE FRONT MOUNT,HU35382-1,1,1755,2025-01-20,EA,EA,1,1755
PO-25-5781,Purchase Order PO-25-5781,ROTAFILO,2025-01-22,Aeroparts AOG DWC LLC,USD,1,Draft,2025-01-22,8,3144.0,NE,SAFETY BARRIER EMERGENCY EXIT,98F52003006002,1,3144,2025-01-20,EA,EA,1,3144
PO-25-5781,Purchase Order PO-25-5781,ROTAFILO,2025-01-22,Aeroparts AOG DWC LLC,USD,1,Draft,2025-01-22,9,269.0,NE,Wedge,HU42375,1,269,2025-01-20,EA,EA,1,269
PO-25-5781,Purchase Order PO-25-5781,ROTAFILO,2025-01-22,Aeroparts AOG DWC LLC,USD,1,Draft,2025-01-22,10,758.0,NE,Extracting hook,HU35451,1,758,2025-01-20,EA,EA,1,758
PO-25-5781,Purchase Order PO-25-5781,ROTAFILO,2025-01-22,Aeroparts AOG DWC LLC,USD,1,Draft,2025-01-22,11,450.0,NE,DOWEL,HU44265,3,150,2025-01-20,EA,EA,1,150
PO-25-5781,Purchase Order PO-25-5781,ROTAFILO,2025-01-22,Aeroparts AOG DWC LLC,USD,1,Draft,2025-01-22,12,6885.0,NE,ADAPTOR-DYNAMOMETRIC AT RIB1,98F54003008004,1,6885,2025-01-20,EA,EA,1,6885
PO-25-5781,Purchase Order PO-25-5781,ROTAFILO,2025-01-22,Aeroparts AOG DWC LLC,USD,1,Draft,2025-01-22,13,2242.0,NE,SAFETY STRUT - HOLD OPEN DEVICE,HU87113-1,2,1121,2025-01-20,EA,EA,1,1121
PO-25-5781,Purchase Order PO-25-5781,ROTAFILO,2025-01-22,Aeroparts AOG DWC LLC,USD,1,Draft,2025-01-22,14,1151.0,NE,"APPROACH DEVICE FITTING - ENGINE, PYLON",98F71201010000,1,1151,2025-01-20,EA,EA,1,1151
PO-25-5781,Purchase Order PO-25-5781,ROTAFILO,2025-01-22,Aeroparts AOG DWC LLC,USD,1,Draft,2025-01-22,15,2790.0,NE,ADAPTER - BOOTSTRAP,HU55761,2,1395,2025-01-20,EA,EA,1,1395
PO-25-5781,Purchase Order PO-25-5781,ROTAFILO,2025-01-22,Aeroparts AOG DWC LLC,USD,1,Draft,2025-01-22,16,29985.0,NE,BOOTSTRAP SYSTEM-A330 RR,98F71201006080,1,29985,2025-01-20,EA,EA,1,29985
PO-25-5781,Purchase Order PO-25-5781,ROTAFILO,2025-01-22,Aeroparts AOG DWC LLC,USD,1,Draft,2025-01-22,17,239.0,NE,VALVE-VACUUM. SCUFF PLATE,98A52307557000,1,239,2025-01-20,EA,EA,1,239
PO-25-5781,Purchase Order PO-25-5781,ROTAFILO,2025-01-22,Aeroparts AOG DWC LLC,USD,1,Draft,2025-01-22,18,4350.0,NE,ENGINE BLEED,98L36103002000,1,4350,2025-01-20,EA,EA,1,4350
PO-25-5781,Purchase Order PO-25-5781,ROTAFILO,2025-01-22,Aeroparts AOG DWC LLC,USD,1,Draft,2025-01-22,19,920.0,NE,PURGER-WATER DRAIN,98A28104031001,1,920,2025-01-20,EA,EA,1,920
PO-25-5782,Purchase Order PO-25-5782,BOEING FLEET,2025-01-22,Aeroparts AOG DWC LLC,USD,1,Draft,2025-01-22,1,2359.0,NE,PLATE,654A0004-169,1,2359,2024-12-17,EA,EA,1,2359
PO-25-5783,Purchase Order PO-25-5783,"GA TELESIS, LLC",2025-01-22,Aeroparts AOG DWC LLC,USD,1,Draft,2025-01-22,1,0.0,NE,VALVE ASSY FLUSH,15801-160,1,0,2025-01-22,EA,EA,1,0
PO-25-5783,Purchase Order PO-25-5783,"GA TELESIS, LLC",2025-01-22,Aeroparts AOG DWC LLC,USD,1,Draft,2025-01-22,2,1500.0,NE,VALVE ASSY FLUSH,15801-160,1,1500,2025-01-22,EA,EA,1,1500
PO-25-5784,Purchase Order PO-25-5784,AERO TECHNIC ME FZCO,2025-01-22,Aeroparts AOG DWC LLC,USD,1,Draft,2025-01-22,1,4000.0,NE,"TURN-BARREL,RUDDER",98F27208691000,1,4000,2025-01-22,EA,EA,1,4000
PO-25-5784,Purchase Order PO-25-5784,AERO TECHNIC ME FZCO,2025-01-22,Aeroparts AOG DWC LLC,USD,1,Draft,2025-01-22,2,2699.0,NE,PIN SPANNER,AETL34989,1,2699,2025-01-22,EA,EA,1,2699
PO-25-5784,Purchase Order PO-25-5784,AERO TECHNIC ME FZCO,2025-01-22,Aeroparts AOG DWC LLC,USD,1,Draft,2025-01-22,3,1673.1,NE,WRENCH-CASTELLATED,98F54003023002,1,1673.1,2025-01-22,EA,EA,1,1673.1
PO-25-5784,Purchase Order PO-25-5784,AERO TECHNIC ME FZCO,2025-01-22,Aeroparts AOG DWC LLC,USD,1,Draft,2025-01-22,4,10000.0,NE,GAUGE-RUDDER NEUTRAL SETTING,98F27203002000,1,10000,2025-01-22,EA,EA,1,10000
PO-25-5785,Purchase Order PO-25-5785,Fly Dynamics,2025-01-22,Aeroparts AOG DWC LLC,USD,1,Draft,2025-01-22,1,1150.0,NE,IMMOBILIZER,HU44525-2,1,1150,2025-01-22,EA,EA,1,1150
PO-25-5786,Purchase Order PO-25-5786,SKY GLOBAL SUPPORT,2025-01-22,Aeroparts AOG DWC LLC,USD,1,Draft,2025-01-22,1,1114.4,NE,"CAP,PROTECTIVE-FIRE EXTINGUISHER SYSTEM",324477,10,111.44,2025-01-20,EA,EA,1,111.44
PO-25-5787,Purchase Order PO-25-5787,AVIAPOOL,2025-01-22,Aeroparts AOG DWC LLC,USD,1,Draft,2025-01-22,1,768.0,NE,CALIBRATION BLOCK,29A029,1,768,2025-01-20,EA,EA,1,768
PO-25-5788,Purchase Order PO-25-5788,DUBUDAT AEROSPACE,2025-01-23,Aeroparts AOG DWC LLC,USD,1,Draft,2025-01-23,1,233.0,NE,SET - GUIDE CONE,98F57004009001,1,233,2025-01-20,EA,EA,1,233
PO-25-5788,Purchase Order PO-25-5788,DUBUDAT AEROSPACE,2025-01-23,Aeroparts AOG DWC LLC,USD,1,Draft,2025-01-23,2,2458.0,NE,"EXTRACTOR-PYLON SHAFT, RIB 12 - RIB 18",98F54003001000,1,2458,2025-01-20,EA,EA,1,2458
PO-25-5789,Purchase Order PO-25-5789,FEZA AEROSPACE,2025-01-23,Aeroparts AOG DWC LLC,USD,1,Draft,2025-01-23,1,1079.0,NE,"STOP-CARRIAGE,FLAP",98F27508238004,1,1079,2025-01-23,EA,EA,1,1079
PO-25-5789,Purchase Order PO-25-5789,FEZA AEROSPACE,2025-01-23,Aeroparts AOG DWC LLC,USD,1,Draft,2025-01-23,2,1900.0,NE,BAR-R I ACTUATOR,98F52308279000,2,950,2025-01-23,EA,EA,1,950
PO-25-5790,Purchase Order PO-25-5790,WENCOR,2025-01-23,Aeroparts AOG DWC LLC,USD,1,Draft,2025-01-23,1,4465.0,NE,"Indicator, Pressure",3881052-2WE,4,1116.25,2025-01-21,EA,EA,1,1116.25
PO-25-5790,Purchase Order PO-25-5790,WENCOR,2025-01-23,Aeroparts AOG DWC LLC,USD,1,Draft,2025-01-23,2,12804.0,NE,HOUSING-FILTER,3881017-1WE,3,4268,2025-01-21,EA,EA,1,4268
PO-25-5791,Purchase Order PO-25-5791,ALDIS HAVACILIK LTD. STI,2025-01-23,Aeroparts AOG DWC LLC,USD,1,Draft,2025-01-23,1,22500.0,NE,SERVO RUDDER CONTROL,31110-120,1,22500,2025-01-23,EA,EA,1,22500
PO-25-5791,Purchase Order PO-25-5791,ALDIS HAVACILIK LTD. STI,2025-01-23,Aeroparts AOG DWC LLC,USD,1,Draft,2025-01-23,2,22500.0,NE,SERVO RUDDER CONTROL,31110-120,1,22500,2025-01-23,EA,EA,1,22500
PO-25-5792,Purchase Order PO-25-5792,UNICAL AVIATION,2025-01-23,Aeroparts AOG DWC LLC,USD,1,Draft,2025-01-23,1,300.0,NE,LH OB Flap Rub Strip,F5757157921602,2,150,2025-01-23,EA,EA,1,150
PO-25-5793,Purchase Order PO-25-5793,WENCOR,2025-01-24,Aeroparts AOG DWC LLC,USD,1,Draft,2025-01-24,1,104.0,NE,SCREW,NAS1351-3-10P,200,0.52,2025-01-24,EA,EA,1,0.52
PO-25-5794,Purchase Order PO-25-5794,PROPONENT,2025-01-24,Aeroparts AOG DWC LLC,USD,1,Draft,2025-01-24,1,9295.4,NE,CELL,165823,20,464.77,2025-01-24,EA,EA,1,464.77
PO-25-5795,Purchase Order PO-25-5795,AVIALL,2025-01-24,Aeroparts AOG DWC LLC,USD,1,Draft,2025-01-24,1,3475.75,NE,TEMPERATURE SENSOR,466-8,1,3475.75,2025-01-24,EA,EA,1,3475.75
PO-25-5796,Purchase Order PO-25-5796,SAFARI AVIATION SERVICES FZE,2025-01-24,Aeroparts AOG DWC LLC,USD,1,Draft,2025-01-24,1,2.04,NE,VAT,VAT,1,2.04,2025-01-24,EA,EA,1,2.04
PO-25-5796,Purchase Order PO-25-5796,SAFARI AVIATION SERVICES FZE,2025-01-24,Aeroparts AOG DWC LLC,USD,1,Draft,2025-01-24,2,40.76,NE,CERTIFICATE,HEALTH,1,40.76,2025-01-24,EA,EA,1,40.76
PO-25-5796,Purchase Order PO-25-5796,SAFARI AVIATION SERVICES FZE,2025-01-24,Aeroparts AOG DWC LLC,USD,1,Draft,2025-01-24,3,38.62,NE,CUSTOMS PROCESSING FEE,CUSTOMS PROCESSING FEE,1,38.62,2025-01-24,EA,EA,1,38.62
PO-25-5796,Purchase Order PO-25-5796,SAFARI AVIATION SERVICES FZE,2025-01-24,Aeroparts AOG DWC LLC,USD,1,Draft,2025-01-24,4,772.44,NE,Sealant 654 Semkit 6Oz,PS870A2-6OZ,6,128.74,2025-01-24,KT,KT,1,128.74
PO-25-5798,Purchase Order PO-25-5798,Executive Jet Support,2025-01-24,Aeroparts AOG DWC LLC,USD,1,Draft,2025-01-24,1,4000.0,NE,VALVE,C24966000,1,4000,2025-01-24,EA,EA,1,4000
PO-25-5800,Purchase Order PO-25-5800,GOVERNMENT OF DUBAI,2025-01-27,Aeroparts AOG DWC LLC,USD,1,Draft,2025-01-27,1,2858.7,NE,LICENSE,RENEW,1,2858.7,2025-01-27,EA,EA,1,2858.7
PO-25-5801,Purchase Order PO-25-5801,PROPONENT,2025-01-27,Aeroparts AOG DWC LLC,USD,1,Draft,2025-01-27,1,45.8,NE,BONDING JUMPER,E0092-41-160NN,10,4.58,2025-01-27,EA,EA,1,4.58
PO-25-5801,Purchase Order PO-25-5801,PROPONENT,2025-01-27,Aeroparts AOG DWC LLC,USD,1,Draft,2025-01-27,2,244.5,NE,GASKET,ABS0734-226,6,40.75,2025-01-27,EA,EA,1,40.75
PO-25-5801,Purchase Order PO-25-5801,PROPONENT,2025-01-27,Aeroparts AOG DWC LLC,USD,1,Draft,2025-01-27,3,275.7,NE,"CONNECTOR, PLUG-BODY",E0052N16B26SYF,5,55.14,2025-01-27,EA,EA,1,55.14
PO-25-5801,Purchase Order PO-25-5801,PROPONENT,2025-01-27,Aeroparts AOG DWC LLC,USD,1,Draft,2025-01-27,4,158.45000000000002,NE,"CONNECTOR, PLUG-BODY",E0052N8B3ASNF,5,31.69,2025-01-27,EA,EA,1,31.69
PO-25-5801,Purchase Order PO-25-5801,PROPONENT,2025-01-27,Aeroparts AOG DWC LLC,USD,1,Draft,2025-01-27,5,32.370000000000005,NE,O-RING,M83248/1-216,13,2.49,2025-01-27,EA,EA,1,2.49
PO-25-5801,Purchase Order PO-25-5801,PROPONENT,2025-01-27,Aeroparts AOG DWC LLC,USD,1,Draft,2025-01-27,6,143.6,NE,BOLT,NAS7204U4,20,7.18,2025-01-27,EA,EA,1,7.18
PO-25-5801,Purchase Order PO-25-5801,PROPONENT,2025-01-27,Aeroparts AOG DWC LLC,USD,1,Draft,2025-01-27,7,114.8,NE,STUD,NSA5620-01,70,1.64,2025-01-27,EA,EA,1,1.64
PO-25-5802,Purchase Order PO-25-5802,BOEING DISTRIBUTION SERVICES,2025-01-27,Aeroparts AOG DWC LLC,USD,1,Draft,2025-01-27,1,147.6,NE,NUT,NAS1805-10L,5,29.52,2025-01-27,EA,EA,1,29.52
PO-25-5803,Purchase Order PO-25-5803,SAINT-GOBAIN AEROSPACE,2025-01-27,Aeroparts AOG DWC LLC,USD,1,Draft,2025-01-27,1,9990.0,NE,Windshield,SPSA340-1-6-3,1,9990,2025-01-27,EA,EA,1,9990
PO-25-5804,Purchase Order PO-25-5804,WENCOR,2025-01-27,Aeroparts AOG DWC LLC,USD,1,Draft,2025-01-27,1,2079.0,NE,WIPER BLADE,4224057WE,18,115.5,2025-01-27,EA,EA,1,115.5
PO-25-5804,Purchase Order PO-25-5804,WENCOR,2025-01-27,Aeroparts AOG DWC LLC,USD,1,Draft,2025-01-27,2,954.0,NE,CLAMP,AS62424,18,53,2025-01-27,EA,EA,1,53
PO-25-5804,Purchase Order PO-25-5804,WENCOR,2025-01-27,Aeroparts AOG DWC LLC,USD,1,Draft,2025-01-27,3,26.0,NE,SCREW,NAS1351-3-10,50,0.52,2025-01-27,EA,EA,1,0.52
PO-25-5804,Purchase Order PO-25-5804,WENCOR,2025-01-27,Aeroparts AOG DWC LLC,USD,1,Draft,2025-01-27,4,71.5,NE,WASHER,MS14183PC3,50,1.43,2025-01-27,EA,EA,1,1.43
PO-25-5805,Purchase Order PO-25-5805,PROPONENT,2025-01-27,Aeroparts AOG DWC LLC,USD,1,Draft,2025-01-27,1,291.21,NE,CONNECTOR,85333RS12-03PNL,3,97.07,2025-01-27,EA,EA,1,97.07
PO-25-5806,Purchase Order PO-25-5806,BOEING DISTRIBUTION SERVICES,2025-01-28,Aeroparts AOG DWC LLC,USD,1,Draft,2025-01-28,1,1119.0,NE,LAMP,4557,30,37.3,2025-01-27,EA,EA,1,37.3
PO-25-5806,Purchase Order PO-25-5806,BOEING DISTRIBUTION SERVICES,2025-01-28,Aeroparts AOG DWC LLC,USD,1,Draft,2025-01-28,2,3400.0,NE,BULB,4384089,10,340,2025-01-27,EA,EA,1,340
PO-25-5806,Purchase Order PO-25-5806,BOEING DISTRIBUTION SERVICES,2025-01-28,Aeroparts AOG DWC LLC,USD,1,Draft,2025-01-28,3,9887.1,NE,LIGHT,4394909,10,988.71,2025-01-27,EA,EA,1,988.71
PO-25-5807,Purchase Order PO-25-5807,AVIALL SERVICES INC,2025-01-28,Aeroparts AOG DWC LLC,USD,1,Draft,2025-01-28,1,3051.6,NE,GASKET,31-8585-1,15,203.44,2025-01-27,EA,EA,1,203.44
PO-25-5808,Purchase Order PO-25-5808,AERFIN,2025-01-28,Aeroparts AOG DWC LLC,USD,1,Draft,2025-01-28,1,7500.0,NE,HEAT EXCHANGER,966A0000-02,1,7500,2025-01-28,EA,EA,1,7500
PO-25-5809,Purchase Order PO-25-5809,AVIALL,2025-01-28,Aeroparts AOG DWC LLC,USD,1,Draft,2025-01-28,1,1691.2,NE,NUT,A35226,10,169.12,2025-01-13,EA,EA,1,169.12
PO-25-5810,Purchase Order PO-25-5810,BOEING FLEET,2025-01-29,Aeroparts AOG DWC LLC,USD,1,Draft,2025-01-29,1,12108.0,NE,HINGE,311A2553-12,4,3027,2025-01-29,EA,EA,1,3027
PO-25-5811,Purchase Order PO-25-5811,BOEING FLEET,2025-01-29,Aeroparts AOG DWC LLC,USD,1,Draft,2025-01-29,1,3552.0,NE,THRESHOLD,443W3075-17W,6,592,2025-02-05,EA,EA,1,592
PO-25-5812,Purchase Order PO-25-5812,BOEING FLEET,2025-01-30,Aeroparts AOG DWC LLC,USD,1,Draft,2025-01-30,1,45.0,NE,NUT,BACN10ZV3,100,0.45,2025-01-17,EA,EA,1,0.45
PO-25-5812,Purchase Order PO-25-5812,BOEING FLEET,2025-01-30,Aeroparts AOG DWC LLC,USD,1,Draft,2025-01-30,2,1621.14,NE,CONNECTOR,BACC63BV22B19PN,2,810.57,2025-01-17,EA,EA,1,810.57
PO-25-5813,Purchase Order PO-25-5813,BOEING FLEET,2025-01-30,Aeroparts AOG DWC LLC,USD,1,Draft,2025-01-30,1,2442.0,NE,BOLT,113A9308-1,2,1221,2025-01-27,EA,EA,1,1221
PO-25-5813,Purchase Order PO-25-5813,BOEING FLEET,2025-01-30,Aeroparts AOG DWC LLC,USD,1,Draft,2025-01-30,2,610.4,NE,BUSHING,BACB28AZ11A039Z,8,76.3,2025-01-27,EA,EA,1,76.3
PO-25-5814,Purchase Order PO-25-5814,BOEING FLEET,2025-01-30,Aeroparts AOG DWC LLC,USD,1,Draft,2025-01-30,1,700.0,NE,HOSE,B0E2013-0301,2,350,2025-01-27,EA,EA,1,350
PO-25-5814,Purchase Order PO-25-5814,BOEING FLEET,2025-01-30,Aeroparts AOG DWC LLC,USD,1,Draft,2025-01-30,2,813.0,NE,HOSE,B0E2013-0573,3,271,2025-01-27,EA,EA,1,271
PO-25-5814,Purchase Order PO-25-5814,BOEING FLEET,2025-01-30,Aeroparts AOG DWC LLC,USD,1,Draft,2025-01-30,3,1310.3999999999999,NE,NUT,137-00-100-09,140,9.36,2025-01-27,EA,EA,1,9.36
PO-25-5814,Purchase Order PO-25-5814,BOEING FLEET,2025-01-30,Aeroparts AOG DWC LLC,USD,1,Draft,2025-01-30,4,3376.0,NE,HOSE,IT-4350-639,2,1688,2025-01-27,EA,EA,1,1688
PO-25-5815,Purchase Order PO-25-5815,BOEING FLEET,2025-01-31,Aeroparts AOG DWC LLC,USD,1,Draft,2025-01-31,1,2442.0,NE,BOLT,113A9308-1,2,1221,2025-01-28,EA,EA,1,1221
PO-25-5816,Purchase Order PO-25-5816,LIVE AEROSPACE,2025-02-14,Aeroparts AOG DWC LLC,USD,1,Draft,2025-02-14,1,10500.0,NE,POWER SUPPLY,60-0304-51,15,700,2025-02-14,EA,EA,1,700
PO-25-5817,Purchase Order PO-25-5817,BOEING FLEET,2025-02-17,Aeroparts AOG DWC LLC,USD,1,Draft,2025-02-17,1,692.0,NE,HOSE ASSY,B0E2013-0341,2,346,2025-02-17,EA,EA,1,346
PO-25-5818,Purchase Order PO-25-5818,BOEING FLEET,2025-02-17,Aeroparts AOG DWC LLC,USD,1,Draft,2025-02-17,1,29124.0,NE,SEAL,2085M48P01,36,809,2025-02-17,EA,EA,1,809
PO-25-5819,Purchase Order PO-25-5819,WENCOR,2025-02-18,Aeroparts AOG DWC LLC,USD,1,Draft,2025-02-18,1,0.0,NE,RING-SNAP,ABS0371-01,300,0,2025-02-18,EA,EA,1,0
PO-25-5819,Purchase Order PO-25-5819,WENCOR,2025-02-18,Aeroparts AOG DWC LLC,USD,1,Draft,2025-02-18,2,0.0,NE,BOLT,ASNA2001T3-6,1650,0,2025-02-18,EA,EA,1,0
PO-25-5819,Purchase Order PO-25-5819,WENCOR,2025-02-18,Aeroparts AOG DWC LLC,USD,1,Draft,2025-02-18,3,225.0,NE,RING-SNAP,ABS0371-01,300,0.75,2025-02-18,EA,EA,1,0.75
PO-25-5819,Purchase Order PO-25-5819,WENCOR,2025-02-18,Aeroparts AOG DWC LLC,USD,1,Draft,2025-02-18,4,597.0,NE,SCREW,ASNA2001T3-5,300,1.99,2025-02-18,EA,EA,1,1.99
PO-25-5819,Purchase Order PO-25-5819,WENCOR,2025-02-18,Aeroparts AOG DWC LLC,USD,1,Draft,2025-02-18,5,317.5,NE,NUT,NAS1791A3-2,250,1.27,2025-02-18,EA,EA,1,1.27
PO-25-5819,Purchase Order PO-25-5819,WENCOR,2025-02-18,Aeroparts AOG DWC LLC,USD,1,Draft,2025-02-18,6,45.0,NE,SCREW,NAS1102-06-5,300,0.15,2025-02-18,EA,EA,1,0.15
PO-25-5819,Purchase Order PO-25-5819,WENCOR,2025-02-18,Aeroparts AOG DWC LLC,USD,1,Draft,2025-02-18,7,525.0,NE,SCREW,ASNA2001T3-7,300,1.75,2025-02-18,EA,EA,1,1.75
PO-25-5819,Purchase Order PO-25-5819,WENCOR,2025-02-18,Aeroparts AOG DWC LLC,USD,1,Draft,2025-02-18,8,80.0,NE,WASHER,NAS1169C10,200,0.4,2025-02-18,EA,EA,1,0.4
PO-25-5819,Purchase Order PO-25-5819,WENCOR,2025-02-18,Aeroparts AOG DWC LLC,USD,1,Draft,2025-02-18,9,835.0,NE,RECEPTABLE,ABS0368-01,100,8.35,2025-02-18,EA,EA,1,8.35
PO-25-5819,Purchase Order PO-25-5819,WENCOR,2025-02-18,Aeroparts AOG DWC LLC,USD,1,Draft,2025-02-18,10,143.5,NE,SCREW,ASNA2001T4-15,50,2.87,2025-02-18,EA,EA,1,2.87
PO-25-5819,Purchase Order PO-25-5819,WENCOR,2025-02-18,Aeroparts AOG DWC LLC,USD,1,Draft,2025-02-18,11,661.5,NE,SCREW,ASNA2001T3-12,270,2.45,2025-02-18,EA,EA,1,2.45
PO-25-5819,Purchase Order PO-25-5819,WENCOR,2025-02-18,Aeroparts AOG DWC LLC,USD,1,Draft,2025-02-18,12,4735.5,NE,BOLT,ASNA2001T3-6,1650,2.87,2025-02-18,EA,EA,1,2.87
PO-25-5820,Purchase Order PO-25-5820,PROPONENT,2025-02-18,Aeroparts AOG DWC LLC,USD,1,Draft,2025-02-18,1,0.0,NE,WASHER,ABS0604-4,200,0,2025-02-18,EA,EA,1,0
PO-25-5820,Purchase Order PO-25-5820,PROPONENT,2025-02-18,Aeroparts AOG DWC LLC,USD,1,Draft,2025-02-18,2,112.8,NE,NUT-PLATE,NAS1791A3-3,60,1.88,2025-02-18,EA,EA,1,1.88
PO-25-5820,Purchase Order PO-25-5820,PROPONENT,2025-02-18,Aeroparts AOG DWC LLC,USD,1,Draft,2025-02-18,3,100.0,NE,WASHER,ABS0604-4,200,0.5,2025-02-18,EA,EA,1,0.5
PO-25-5820,Purchase Order PO-25-5820,PROPONENT,2025-02-18,Aeroparts AOG DWC LLC,USD,1,Draft,2025-02-18,4,765.9,NE,PIN,ASNA2857-030,90,8.51,2025-02-18,EA,EA,1,8.51
PO-25-5820,Purchase Order PO-25-5820,PROPONENT,2025-02-18,Aeroparts AOG DWC LLC,USD,1,Draft,2025-02-18,5,1340.0,NE,STUD,ASNA2857-020,200,6.7,2025-02-18,EA,EA,1,6.7
PO-25-5820,Purchase Order PO-25-5820,PROPONENT,2025-02-18,Aeroparts AOG DWC LLC,USD,1,Draft,2025-02-18,6,90.0,NE,SCREW,NAS1102E06-5,150,0.6,2025-02-18,EA,EA,1,0.6
PO-25-5820,Purchase Order PO-25-5820,PROPONENT,2025-02-18,Aeroparts AOG DWC LLC,USD,1,Draft,2025-02-18,7,171.0,NE,NUT CLIP,EN6131-3C1,30,5.7,2025-02-18,EA,EA,1,5.7
PO-25-5820,Purchase Order PO-25-5820,PROPONENT,2025-02-18,Aeroparts AOG DWC LLC,USD,1,Draft,2025-02-18,8,62.0,NE,SCREW,NAS1096-3-9,50,1.24,2025-02-18,EA,EA,1,1.24
PO-25-5820,Purchase Order PO-25-5820,PROPONENT,2025-02-18,Aeroparts AOG DWC LLC,USD,1,Draft,2025-02-18,9,215.39999999999998,NE,BOLT,NAS7204U4,30,7.18,2025-02-18,EA,EA,1,7.18
PO-25-5820,Purchase Order PO-25-5820,PROPONENT,2025-02-18,Aeroparts AOG DWC LLC,USD,1,Draft,2025-02-18,10,71.39999999999999,NE,"WASHER, COUNTERSUNK",ABS0208-01,30,2.38,2025-02-18,EA,EA,1,2.38
PO-25-5820,Purchase Order PO-25-5820,PROPONENT,2025-02-18,Aeroparts AOG DWC LLC,USD,1,Draft,2025-02-18,11,79.5,NE,STUD,ABS0336-03,30,2.65,2025-02-18,EA,EA,1,2.65
PO-25-5821,Purchase Order PO-25-5821,BOEING DISTRIBUTION SERVICES,2025-02-18,Aeroparts AOG DWC LLC,USD,1,Draft,2025-02-18,1,864.0,NE,RECEPTACLE,EN6092-01,150,5.76,2025-02-18,EA,EA,1,5.76
PO-25-5821,Purchase Order PO-25-5821,BOEING DISTRIBUTION SERVICES,2025-02-18,Aeroparts AOG DWC LLC,USD,1,Draft,2025-02-18,2,1029.0,NE,SCREW,ASNA2001T4-23,50,20.58,2025-02-18,EA,EA,1,20.58
PO-25-5821,Purchase Order PO-25-5821,BOEING DISTRIBUTION SERVICES,2025-02-18,Aeroparts AOG DWC LLC,USD,1,Draft,2025-02-18,3,417.0,NE,SCREW,ASNA2001T4-26,50,8.34,2025-02-18,EA,EA,1,8.34
PO-25-5821,Purchase Order PO-25-5821,BOEING DISTRIBUTION SERVICES,2025-02-18,Aeroparts AOG DWC LLC,USD,1,Draft,2025-02-18,4,208.0,NE,"NUT, CLIP",NSA5084-3,50,4.16,2025-02-18,EA,EA,1,4.16
PO-25-5821,Purchase Order PO-25-5821,BOEING DISTRIBUTION SERVICES,2025-02-18,Aeroparts AOG DWC LLC,USD,1,Draft,2025-02-18,5,276.0,NE,SCREW,NAS1153V9R,30,9.2,2025-02-18,EA,EA,1,9.2
PO-25-5822,Purchase Order PO-25-5822,PDQ AIRSPARES,2025-02-18,Aeroparts AOG DWC LLC,USD,1,Draft,2025-02-18,1,21.0,NE,CREDIT CARD FEES,CC FEES,1,21,2025-02-18,EA,EA,1,21
PO-25-5822,Purchase Order PO-25-5822,PDQ AIRSPARES,2025-02-18,Aeroparts AOG DWC LLC,USD,1,Draft,2025-02-18,2,525.0,NE,GUARD,FW20027,1,525,2025-02-18,EA,EA,1,525
PO-25-5823,Purchase Order PO-25-5823,"North Star Aerospace, Inc",2025-02-18,Aeroparts AOG DWC LLC,USD,1,Draft,2025-02-18,1,1600.0,NE,PANEL ASSY-UPPER WINDOW,5912415-1,1,1600,2025-02-18,EA,EA,1,1600
PO-25-5824,Purchase Order PO-25-5824,BOEING FLEET,2025-02-19,Aeroparts AOG DWC LLC,USD,1,Draft,2025-02-19,1,15.3,NE,BOLT,BACB30LH3-7,30,0.51,2025-02-19,EA,EA,1,0.51
PO-25-5824,Purchase Order PO-25-5824,BOEING FLEET,2025-02-19,Aeroparts AOG DWC LLC,USD,1,Draft,2025-02-19,2,93.89999999999999,NE,BOLT,BACB30NN3K16,30,3.13,2025-02-19,EA,EA,1,3.13
PO-25-5824,Purchase Order PO-25-5824,BOEING FLEET,2025-02-19,Aeroparts AOG DWC LLC,USD,1,Draft,2025-02-19,3,39.900000000000006,NE,BOLT,BACB30NN3K8,30,1.33,2025-02-19,EA,EA,1,1.33
PO-25-5824,Purchase Order PO-25-5824,BOEING FLEET,2025-02-19,Aeroparts AOG DWC LLC,USD,1,Draft,2025-02-19,4,40.5,NE,BOLT,BACB30NN3K7,30,1.35,2025-02-19,EA,EA,1,1.35
PO-25-5824,Purchase Order PO-25-5824,BOEING FLEET,2025-02-19,Aeroparts AOG DWC LLC,USD,1,Draft,2025-02-19,5,33.6,NE,BOLT,BACB30NN3K10,30,1.12,2025-02-19,EA,EA,1,1.12
PO-25-5824,Purchase Order PO-25-5824,BOEING FLEET,2025-02-19,Aeroparts AOG DWC LLC,USD,1,Draft,2025-02-19,6,68.7,NE,BOLT,BACB30LH3-13,30,2.29,2025-02-19,EA,EA,1,2.29
PO-25-5824,Purchase Order PO-25-5824,BOEING FLEET,2025-02-19,Aeroparts AOG DWC LLC,USD,1,Draft,2025-02-19,7,83.7,NE,BOLT,BACB30NN3K13,30,2.79,2025-02-19,EA,EA,1,2.79
PO-25-5824,Purchase Order PO-25-5824,BOEING FLEET,2025-02-19,Aeroparts AOG DWC LLC,USD,1,Draft,2025-02-19,8,166.2,NE,BOLT,BACB30XD3K5,60,2.77,2025-02-19,EA,EA,1,2.77
PO-25-5825,Purchase Order PO-25-5825,ROTAFILO,2025-02-19,Aeroparts AOG DWC LLC,USD,1,Draft,2025-02-19,1,488.0,NE,"WRENCH-REMOVE INSTALL, OIL PUMP",UT630-2,1,488,2025-02-19,EA,EA,1,488
PO-25-5827,Purchase Order PO-25-5827,ROTAFILO,2025-02-19,Aeroparts AOG DWC LLC,USD,1,Draft,2025-02-19,1,8870.0,NE,TOOL: SLING REMOVAL/,HU55108,1,8870,2025-02-19,EA,EA,1,8870
PO-25-5827,Purchase Order PO-25-5827,ROTAFILO,2025-02-19,Aeroparts AOG DWC LLC,USD,1,Draft,2025-02-19,2,3440.0,NE,SLING TURNOVER - AIR INTAKE COWL,HU89025-1,1,3440,2025-02-19,EA,EA,1,3440
PO-25-5828,Purchase Order PO-25-5828,ROTAFILO,2025-02-19,Aeroparts AOG DWC LLC,USD,1,Draft,2025-02-19,1,1298.0,NE,EXTRACTOR-R/I N.5 HINGE PIN T/R,HU87129,1,1298,2025-02-19,EA,EA,1,1298
PO-25-5828,Purchase Order PO-25-5828,ROTAFILO,2025-02-19,Aeroparts AOG DWC LLC,USD,1,Draft,2025-02-19,2,938.0,NE,EXTRACTOR-R/I N.2 HINGE PIN T/R,HU87127,1,938,2025-02-19,EA,EA,1,938
PO-25-5829,Purchase Order PO-25-5829,BOEING DISTRIBUTION SERVICES,2025-02-20,Aeroparts AOG DWC LLC,USD,1,Draft,2025-02-20,1,1194.0,NE,WASHER,NAS1515H6H,300,3.98,2025-02-20,EA,EA,1,3.98
PO-25-5830,Purchase Order PO-25-5830,BOEING FLEET,2025-02-20,Aeroparts AOG DWC LLC,USD,1,Draft,2025-02-20,1,0.0,NE,SCREW,NAS1081-08A3,200,0,2025-02-20,EA,EA,1,0
PO-25-5831,Purchase Order PO-25-5831,Seal Dynamics,2025-02-20,Aeroparts AOG DWC LLC,USD,1,Draft,2025-02-20,1,698.5,NE,HYD LOCK,HV10000-601,1,698.5,2025-02-20,EA,EA,1,698.5
PO-25-5832,Purchase Order PO-25-5832,SKYLINE AERO,2025-02-20,Aeroparts AOG DWC LLC,USD,1,Draft,2025-02-20,1,7250.0,NE,IDG OIL COOLER,UA538551-3,1,7250,2025-02-24,EA,EA,1,7250
PO-25-5833,Purchase Order PO-25-5833,AERFIN,2025-02-20,Aeroparts AOG DWC LLC,USD,1,Draft,2025-02-20,1,7500.0,NE,"EXCHANGER-HEAT,MAIN",967A0000-03,1,7500,2025-02-20,EA,EA,1,7500
PO-25-5834,Purchase Order PO-25-5834,PROPONENT,2025-02-20,Aeroparts AOG DWC LLC,USD,1,Draft,2025-02-20,1,18590.8,NE,CELL,165823,40,464.77,2025-02-20,EA,EA,1,464.77
PO-25-5835,Purchase Order PO-25-5835,GLENDALE INTERNATIONAL,2025-02-20,Aeroparts AOG DWC LLC,USD,1,Draft,2025-02-20,1,25.0,NE,INTERNATIONAL WIRE FEE,INTL WIRE FEE,1,25,2025-02-20,EA,EA,1,25
PO-25-5835,Purchase Order PO-25-5835,GLENDALE INTERNATIONAL,2025-02-20,Aeroparts AOG DWC LLC,USD,1,Draft,2025-02-20,2,4700.0,NE,LOW FREQUENCY UNDERWATER,21435-00,1,4700,2025-02-20,EA,EA,1,4700
PO-25-5836,Purchase Order PO-25-5836,BOEING DISTRIBUTION SERVICES,2025-02-20,Aeroparts AOG DWC LLC,USD,1,Draft,2025-02-20,1,294.0,NE,BOLT,NAS1304-6D,100,2.94,2025-02-20,EA,EA,1,2.94
PO-25-5837,Purchase Order PO-25-5837,Non Destructive Testing Technologies DWC-LLC,2025-02-21,Aeroparts AOG DWC LLC,USD,1,Draft,2025-02-21,1,1500.0,NE,ENGINE MOUNT BOLT,B30PN14-32,4,375,2025-02-21,EA,EA,1,375
PO-25-5837,Purchase Order PO-25-5837,Non Destructive Testing Technologies DWC-LLC,2025-02-21,Aeroparts AOG DWC LLC,USD,1,Draft,2025-02-21,2,1500.0,NE,ENGINE MOUNT BOLTS,B30PN10-19,4,375,2025-02-21,EA,EA,1,375
PO-25-5838,Purchase Order PO-25-5838,Source One Spares,2025-02-21,Aeroparts AOG DWC LLC,USD,1,Draft,2025-02-21,1,21950.0,NE,GEARBOX,D5211028200300,1,21950,2025-02-21,EA,EA,1,21950
PO-25-5839,Purchase Order PO-25-5839,WENCOR,2025-02-21,Aeroparts AOG DWC LLC,USD,1,Draft,2025-02-21,1,0.0,NE,"BOLT, FLUSH HEAD",NAS1790C4R4P,100,0,2025-02-21,EA,EA,1,0
PO-25-5839,Purchase Order PO-25-5839,WENCOR,2025-02-21,Aeroparts AOG DWC LLC,USD,1,Draft,2025-02-21,2,567.5,NE,STUD,ASNA2857-040,50,11.35,2025-02-21,EA,EA,1,11.35
PO-25-5839,Purchase Order PO-25-5839,WENCOR,2025-02-21,Aeroparts AOG DWC LLC,USD,1,Draft,2025-02-21,3,1228.5,NE,ACREW,ASNA2001T3-13,450,2.73,2025-02-21,EA,EA,1,2.73
PO-25-5839,Purchase Order PO-25-5839,WENCOR,2025-02-21,Aeroparts AOG DWC LLC,USD,1,Draft,2025-02-21,4,200.99999999999997,NE,NUT,NAS1792A3-3,100,2.01,2025-02-21,EA,EA,1,2.01
PO-25-5839,Purchase Order PO-25-5839,WENCOR,2025-02-21,Aeroparts AOG DWC LLC,USD,1,Draft,2025-02-21,5,298.5,NE,SCREW,ASNA2001T3-5,150,1.99,2025-02-21,EA,EA,1,1.99
PO-25-5839,Purchase Order PO-25-5839,WENCOR,2025-02-21,Aeroparts AOG DWC LLC,USD,1,Draft,2025-02-21,6,481.50000000000006,NE,O-RING,NSA8208-266,25,19.26,2025-02-21,EA,EA,1,19.26
PO-25-5839,Purchase Order PO-25-5839,WENCOR,2025-02-21,Aeroparts AOG DWC LLC,USD,1,Draft,2025-02-21,7,13.0,NE,WASHER,NAS1149C0363R,100,0.13,2025-02-21,EA,EA,1,0.13
PO-25-5839,Purchase Order PO-25-5839,WENCOR,2025-02-21,Aeroparts AOG DWC LLC,USD,1,Draft,2025-02-21,8,28.999999999999996,NE,WASHER,NAS1149C0332R,100,0.29,2025-02-21,EA,EA,1,0.29
PO-25-5839,Purchase Order PO-25-5839,WENCOR,2025-02-21,Aeroparts AOG DWC LLC,USD,1,Draft,2025-02-21,9,170.0,NE,"BOLT, FLUSH HEAD",NAS1790C4R4P,100,1.7,2025-02-21,EA,EA,1,1.7
PO-25-5840,Purchase Order PO-25-5840,PROPONENT,2025-02-21,Aeroparts AOG DWC LLC,USD,1,Draft,2025-02-21,1,0.0,NE,STUD,ABS0367-030,50,0,2025-02-21,EA,EA,1,0
PO-25-5840,Purchase Order PO-25-5840,PROPONENT,2025-02-21,Aeroparts AOG DWC LLC,USD,1,Draft,2025-02-21,2,0.0,NE,SCREW,ASNA2001T3-15,150,0,2025-02-21,EA,EA,1,0
PO-25-5840,Purchase Order PO-25-5840,PROPONENT,2025-02-21,Aeroparts AOG DWC LLC,USD,1,Draft,2025-02-21,3,93.5,NE,SCREW CSK,ASNA2001T3-9,50,1.87,2025-02-21,EA,EA,1,1.87
PO-25-5840,Purchase Order PO-25-5840,PROPONENT,2025-02-21,Aeroparts AOG DWC LLC,USD,1,Draft,2025-02-21,4,106.0,NE,WASHER,ABS0370-01,50,2.12,2025-02-21,EA,EA,1,2.12
PO-25-5840,Purchase Order PO-25-5840,PROPONENT,2025-02-21,Aeroparts AOG DWC LLC,USD,1,Draft,2025-02-21,5,202.99999999999997,NE,STUD,ABS0367-030,50,4.06,2025-02-21,EA,EA,1,4.06
PO-25-5840,Purchase Order PO-25-5840,PROPONENT,2025-02-21,Aeroparts AOG DWC LLC,USD,1,Draft,2025-02-21,6,2676.0,NE,NUT,ABS0051-06,600,4.46,2025-02-21,EA,EA,1,4.46
PO-25-5840,Purchase Order PO-25-5840,PROPONENT,2025-02-21,Aeroparts AOG DWC LLC,USD,1,Draft,2025-02-21,7,439.5,NE,SCREW,ASNA2001T3-15,150,2.93,2025-02-21,EA,EA,1,2.93
PO-25-5840,Purchase Order PO-25-5840,PROPONENT,2025-02-21,Aeroparts AOG DWC LLC,USD,1,Draft,2025-02-21,8,329.0,NE,SCREW,NAS1102E06-5,700,0.47,2025-02-21,EA,EA,1,0.47
PO-25-5840,Purchase Order PO-25-5840,PROPONENT,2025-02-21,Aeroparts AOG DWC LLC,USD,1,Draft,2025-02-21,9,54.0,NE,O-RING,AS3578-008,100,0.54,2025-02-21,EA,EA,1,0.54
PO-25-5840,Purchase Order PO-25-5840,PROPONENT,2025-02-21,Aeroparts AOG DWC LLC,USD,1,Draft,2025-02-21,10,106.0,NE,SCREW,NAS1096-3-12,100,1.06,2025-02-21,EA,EA,1,1.06
PO-25-5840,Purchase Order PO-25-5840,PROPONENT,2025-02-21,Aeroparts AOG DWC LLC,USD,1,Draft,2025-02-21,11,627.0,NE,NUT SELF-LOCKING,ABS0804-5,50,12.54,2025-02-21,EA,EA,1,12.54
PO-25-5840,Purchase Order PO-25-5840,PROPONENT,2025-02-21,Aeroparts AOG DWC LLC,USD,1,Draft,2025-02-21,12,155.70000000000002,NE,BONDING JUMPER,E0092-10-160NN,30,5.19,2025-02-21,EA,EA,1,5.19
PO-25-5840,Purchase Order PO-25-5840,PROPONENT,2025-02-21,Aeroparts AOG DWC LLC,USD,1,Draft,2025-02-21,13,967.6,NE,CONNECTOR,EN2997RS61203AN,10,96.76,2025-02-21,EA,EA,1,96.76
PO-25-5840,Purchase Order PO-25-5840,PROPONENT,2025-02-21,Aeroparts AOG DWC LLC,USD,1,Draft,2025-02-21,14,370.6,NE,CONNECTOR,E0052N8B3ASNE,10,37.06,2025-02-21,EA,EA,1,37.06
PO-25-5841,Purchase Order PO-25-5841,Pacific Air Industries,2025-02-24,Aeroparts AOG DWC LLC,USD,1,Draft,2025-02-24,1,9468.0,NE,BATTERY,3214-31,12,789,2025-02-24,EA,EA,1,789
PO-25-5842,Purchase Order PO-25-5842,AVIALL,2025-02-24,Aeroparts AOG DWC LLC,USD,1,Draft,2025-02-24,1,6938.0,NE,LAMP HOLDER,BV03202N01-50,10,693.8,2025-02-24,EA,EA,1,693.8
PO-25-5843,Purchase Order PO-25-5843,PROPONENT,2025-02-24,Aeroparts AOG DWC LLC,USD,1,Draft,2025-02-24,1,2807.0,NE,SEALANT TAPE,ABS5311-01,100,28.07,2025-02-24,FT,FT,1,28.07
PO-25-5843,Purchase Order PO-25-5843,PROPONENT,2025-02-24,Aeroparts AOG DWC LLC,USD,1,Draft,2025-02-24,2,5.0,NE,WASHER-FLAT,AN960C416L,100,0.05,2025-02-24,EA,EA,1,0.05
PO-25-5843,Purchase Order PO-25-5843,PROPONENT,2025-02-24,Aeroparts AOG DWC LLC,USD,1,Draft,2025-02-24,3,204.99999999999997,NE,BOLT,NSA5031-4-6,100,2.05,2025-02-24,EA,EA,1,2.05
PO-25-5844,Purchase Order PO-25-5844,WENCOR,2025-02-24,Aeroparts AOG DWC LLC,USD,1,Draft,2025-02-24,1,251.5,NE,"BOLT, HEX HEAD, SHORT THREAD",NSA5031-4-11,50,5.03,2025-02-24,EA,EA,1,5.03
PO-25-5845,Purchase Order PO-25-5845,SAFARI AVIATION SERVICES FZE,2025-02-24,Aeroparts AOG DWC LLC,USD,1,Draft,2025-02-24,1,1036.7,NE,Loctite EA934NA A/B QT KT,EA934NA-AB,2,518.35,2025-02-24,EA,EA,1,518.35
PO-25-5845,Purchase Order PO-25-5845,SAFARI AVIATION SERVICES FZE,2025-02-24,Aeroparts AOG DWC LLC,USD,1,Draft,2025-02-24,2,1286.75,NE,DRY CARBON FIBER,BMS9-8-3K70P/42,5,257.35,2025-02-24,EA,EA,1,257.35
PO-25-5845,Purchase Order PO-25-5845,SAFARI AVIATION SERVICES FZE,2025-02-24,Aeroparts AOG DWC LLC,USD,1,Draft,2025-02-24,3,216.4,NE,DRY GLASS FABRIC,GF01581C12080B80000,10,21.64,2025-02-24,EA,EA,1,21.64
PO-25-5845,Purchase Order PO-25-5845,SAFARI AVIATION SERVICES FZE,2025-02-24,Aeroparts AOG DWC LLC,USD,1,Draft,2025-02-24,4,509.79999999999995,NE,ADHESIVE TAPE VACUUM BAG SEAL,GS213-3,10,50.98,2025-02-24,EA,EA,1,50.98
PO-25-5846,Purchase Order PO-25-5846,Aerospace Reliance,2025-02-24,Aeroparts AOG DWC LLC,USD,1,Draft,2025-02-24,1,450.0,NE,ACRYLIC ADHESIVE,LOCTITE601(50-MLBOTTLE),6,75,2025-02-24,EA,EA,1,75
PO-25-5847,Purchase Order PO-25-5847,DR.SCHNEIDER PC,2025-02-24,Aeroparts AOG DWC LLC,USD,1,Draft,2025-02-24,1,86.0,NE,SURFACE RESISTANCE METER,SL-030,1,86,2025-02-24,EA,EA,1,86
PO-25-5848,Purchase Order PO-25-5848,BOEING FLEET,2025-02-24,Aeroparts AOG DWC LLC,USD,1,Draft,2025-02-24,1,5986.0,NE,CABLE,24654-208,1,5986,2025-02-24,EA,EA,1,5986
PO-25-5849,Purchase Order PO-25-5849,ASI AERO,2025-02-24,Aeroparts AOG DWC LLC,USD,1,Draft,2025-02-24,1,7000.0,NE,GLOBAL POSITION,HG2021GP01,1,7000,2025-02-24,EA,EA,1,7000
PO-25-5851,Purchase Order PO-25-5851,AVIALL,2025-02-24,Aeroparts AOG DWC LLC,USD,1,Draft,2025-02-24,1,426.0,NE,"SPLICE: CRIMP,PLATED,NI,CU,BLK,",M81824-1-2,100,4.26,2025-01-17,EA,EA,1,4.26
PO-25-5852,Purchase Order PO-25-5852,SOUTH SEAS AVIATION,2025-02-25,Aeroparts AOG DWC LLC,USD,1,Draft,2025-02-25,1,200.0,NE,HAZMAT CHARGES,HAZMAT,1,200,2025-02-25,EA,EA,1,200
PO-25-5852,Purchase Order PO-25-5852,SOUTH SEAS AVIATION,2025-02-25,Aeroparts AOG DWC LLC,USD,1,Draft,2025-02-25,2,5980.0,NE,BEACON,DK120-90,2,2990,2025-02-25,EA,EA,1,2990
PO-25-5854,Purchase Order PO-25-5854,BOEING FLEET,2025-02-25,Aeroparts AOG DWC LLC,USD,1,Draft,2025-02-25,1,3722.5,NE,BOLT,43-1329,50,74.45,2025-03-04,EA,EA,1,74.45
PO-25-5854,Purchase Order PO-25-5854,BOEING FLEET,2025-02-25,Aeroparts AOG DWC LLC,USD,1,Draft,2025-02-25,2,2396.3999999999996,NE,ORING,68-1156,40,59.91,2025-03-04,EA,EA,1,59.91
PO-25-5855,Purchase Order PO-25-5855,BOEING FLEET,2025-02-25,Aeroparts AOG DWC LLC,USD,1,Draft,2025-02-25,1,120.5,NE,PIN,HL13VAZ6-5,50,2.41,2025-01-24,EA,EA,1,2.41
PO-25-5856,Purchase Order PO-25-5856,ALARIS AEROSPACE LLC,2025-02-26,Aeroparts AOG DWC LLC,USD,1,Draft,2025-02-26,1,3700.0,NE,"VALVE - CHECK, DOWNSTREAM",980A0000-01,1,3700,2025-02-26,EA,EA,1,3700
PO-25-5857,Purchase Order PO-25-5857,PROPONENT,2025-02-26,Aeroparts AOG DWC LLC,USD,1,Draft,2025-02-26,1,1652.0,NE,BUSHING,A2527039620000,200,8.26,2025-02-26,EA,EA,1,8.26
PO-25-5858,Purchase Order PO-25-5858,VIMAN AVIATION,2025-02-26,Aeroparts AOG DWC LLC,USD,1,Draft,2025-02-26,1,50.0,NE,INTERNATIONAL WIRE FEE,INTL WIRE FEE,1,50,2025-02-26,EA,EA,1,50
PO-25-5858,Purchase Order PO-25-5858,VIMAN AVIATION,2025-02-26,Aeroparts AOG DWC LLC,USD,1,Draft,2025-02-26,2,22400.0,NE,PBE CREW MEMBER,DP3113A,14,1600,2025-02-26,EA,EA,1,1600
PO-25-5859,Purchase Order PO-25-5859,PROPONENT,2025-02-26,Aeroparts AOG DWC LLC,USD,1,Draft,2025-02-26,1,959.5999999999999,NE,WASHER SEAL,NSA5112-05,40,23.99,2025-02-26,EA,EA,1,23.99
PO-25-5860,Purchase Order PO-25-5860,AERO TECHNIC ME FZCO,2025-02-26,Aeroparts AOG DWC LLC,USD,1,Draft,2025-02-26,1,17940.0,NE,SEALING,8009431,104,172.5,2025-02-26,EA,EA,1,172.5
PO-25-5860,Purchase Order PO-25-5860,AERO TECHNIC ME FZCO,2025-02-26,Aeroparts AOG DWC LLC,USD,1,Draft,2025-02-26,2,12561.0,NE,STUD,ABS0696X2-3-32,150,83.74,2025-02-26,EA,EA,1,83.74
PO-25-5860,Purchase Order PO-25-5860,AERO TECHNIC ME FZCO,2025-02-26,Aeroparts AOG DWC LLC,USD,1,Draft,2025-02-26,3,3864.0,NE,PIPE,A2821500400200,3,1288,2025-02-26,EA,EA,1,1288
PO-25-5860,Purchase Order PO-25-5860,AERO TECHNIC ME FZCO,2025-02-26,Aeroparts AOG DWC LLC,USD,1,Draft,2025-02-26,4,427.14,NE,RING,A5735003820000,6,71.19,2025-02-26,EA,EA,1,71.19
PO-25-5860,Purchase Order PO-25-5860,AERO TECHNIC ME FZCO,2025-02-26,Aeroparts AOG DWC LLC,USD,1,Draft,2025-02-26,5,408.0,NE,RING,A5735003820200,10,40.8,2025-02-26,EA,EA,1,40.8
PO-25-5860,Purchase Order PO-25-5860,AERO TECHNIC ME FZCO,2025-02-26,Aeroparts AOG DWC LLC,USD,1,Draft,2025-02-26,6,720.0,NE,PLUG,D5337021720000,40,18,2025-02-26,EA,EA,1,18
PO-25-5860,Purchase Order PO-25-5860,AERO TECHNIC ME FZCO,2025-02-26,Aeroparts AOG DWC LLC,USD,1,Draft,2025-02-26,7,1598.0,NE,COVER,G5757123020000,200,7.99,2025-02-26,EA,EA,1,7.99
PO-25-5860,Purchase Order PO-25-5860,AERO TECHNIC ME FZCO,2025-02-26,Aeroparts AOG DWC LLC,USD,1,Draft,2025-02-26,8,3123.4,NE,SEAL,F5598003220000,14,223.1,2025-02-26,EA,EA,1,223.1
PO-25-5860,Purchase Order PO-25-5860,AERO TECHNIC ME FZCO,2025-02-26,Aeroparts AOG DWC LLC,USD,1,Draft,2025-02-26,9,4226.94,NE,PACKING,F2527666720000,46,91.89,2025-02-26,EA,EA,1,91.89
PO-25-5860,Purchase Order PO-25-5860,AERO TECHNIC ME FZCO,2025-02-26,Aeroparts AOG DWC LLC,USD,1,Draft,2025-02-26,10,4140.0,NE,SEAL,F5758503500100,3,1380,2025-02-26,EA,EA,1,1380
PO-25-5860,Purchase Order PO-25-5860,AERO TECHNIC ME FZCO,2025-02-26,Aeroparts AOG DWC LLC,USD,1,Draft,2025-02-26,11,4140.0,NE,SEAL,F5758503500000,3,1380,2025-02-26,EA,EA,1,1380
PO-25-5860,Purchase Order PO-25-5860,AERO TECHNIC ME FZCO,2025-02-26,Aeroparts AOG DWC LLC,USD,1,Draft,2025-02-26,12,6459.0,NE,SEAL,F5758503000100,3,2153,2025-02-26,EA,EA,1,2153
PO-25-5860,Purchase Order PO-25-5860,AERO TECHNIC ME FZCO,2025-02-26,Aeroparts AOG DWC LLC,USD,1,Draft,2025-02-26,13,6382.5,NE,SEAL,F5758503000000,3,2127.5,2025-02-26,EA,EA,1,2127.5
PO-25-5860,Purchase Order PO-25-5860,AERO TECHNIC ME FZCO,2025-02-26,Aeroparts AOG DWC LLC,USD,1,Draft,2025-02-26,14,515.97,NE,KNOB,F0003001600100,3,171.99,2025-02-26,EA,EA,1,171.99
PO-25-5861,Purchase Order PO-25-5861,AEROENGINEERS INTERNATIONAL,2025-02-26,Aeroparts AOG DWC LLC,USD,1,Draft,2025-02-26,1,9400.0,NE,GASKET,F5725408900200,20,470,2025-02-26,EA,EA,1,470
PO-25-5861,Purchase Order PO-25-5861,AEROENGINEERS INTERNATIONAL,2025-02-26,Aeroparts AOG DWC LLC,USD,1,Draft,2025-02-26,2,3780.0,NE,SEAL,F5598003220000,14,270,2025-02-26,EA,EA,1,270
PO-25-5862,Purchase Order PO-25-5862,FIRE-TEC AERO SYSTEMS,2025-02-26,Aeroparts AOG DWC LLC,USD,1,Draft,2025-02-26,1,10485.0,NE,OXYGEN MASK,MF10-05-11,3,3495,2025-02-26,EA,EA,1,3495
PO-25-5863,Purchase Order PO-25-5863,AMAZON,2025-02-26,Aeroparts AOG DWC LLC,USD,1,Draft,2025-02-26,1,8.15,NE,MEGAPHONE BATTERY,MN1500,1,8.15,2025-02-26,EA,EA,1,8.15
PO-25-5865,Purchase Order PO-25-5865,PROPONENT,2025-02-27,Aeroparts AOG DWC LLC,USD,1,Draft,2025-02-27,1,168.00000000000003,NE,O-RING,MS29513-030,300,0.56,2025-02-27,EA,EA,1,0.56
PO-25-5866,Purchase Order PO-25-5866,Wesco (Incora),2025-02-27,Aeroparts AOG DWC LLC,USD,1,Draft,2025-02-27,1,450.0,NE,RIVET,NAS1921M05S06AU,100,4.5,2025-02-27,EA,EA,1,4.5
PO-25-5866,Purchase Order PO-25-5866,Wesco (Incora),2025-02-27,Aeroparts AOG DWC LLC,USD,1,Draft,2025-02-27,2,305.0,NE,RIVET,NAS1921M05S04AU,100,3.05,2025-02-27,EA,EA,1,3.05
PO-25-5866,Purchase Order PO-25-5866,Wesco (Incora),2025-02-27,Aeroparts AOG DWC LLC,USD,1,Draft,2025-02-27,3,430.0,NE,RIVET,NAS1921M04S06AU,100,4.3,2025-02-27,EA,EA,1,4.3
PO-25-5866,Purchase Order PO-25-5866,Wesco (Incora),2025-02-27,Aeroparts AOG DWC LLC,USD,1,Draft,2025-02-27,4,514.0,NE,RIVET,NAS1919M05S06AU,100,5.14,2025-02-27,EA,EA,1,5.14
PO-25-5866,Purchase Order PO-25-5866,Wesco (Incora),2025-02-27,Aeroparts AOG DWC LLC,USD,1,Draft,2025-02-27,5,419.00000000000006,NE,RIVET,NAS1919M05S04AU,100,4.19,2025-02-27,EA,EA,1,4.19
PO-25-5866,Purchase Order PO-25-5866,Wesco (Incora),2025-02-27,Aeroparts AOG DWC LLC,USD,1,Draft,2025-02-27,6,1795.0,NE,RIVET,NAS1919M04S03AU,100,17.95,2025-02-27,EA,EA,1,17.95
PO-25-5867,Purchase Order PO-25-5867,SAFARI AVIATION SERVICES FZE,2025-02-27,Aeroparts AOG DWC LLC,USD,1,Draft,2025-02-27,1,476.1,NE,SPRAY PASTE 400ML,MOLYKOTE-G-RAPID,10,47.61,2025-02-27,EA,EA,1,47.61
PO-25-5868,Purchase Order PO-25-5868,STRADE Ltd,2025-02-27,Aeroparts AOG DWC LLC,USD,1,Draft,2025-02-27,1,268.0,NE,OXYGEN CONTAINER ASSEMBLY FOUR MASK,G1L123-25,1,268,2025-02-27,EA,EA,1,268
PO-25-5869,Purchase Order PO-25-5869,SOUTH SEAS AVIATION,2025-02-27,Aeroparts AOG DWC LLC,USD,1,Draft,2025-02-27,1,200.0,NE,HAZMAT CHARGES,HAZMAT,1,200,2025-02-27,EA,EA,1,200
PO-25-5869,Purchase Order PO-25-5869,SOUTH SEAS AVIATION,2025-02-27,Aeroparts AOG DWC LLC,USD,1,Draft,2025-02-27,2,810.0,NE,LIFE VEST,63600-101,6,135,2025-02-27,EA,EA,1,135
PO-25-5870,Purchase Order PO-25-5870,PROPONENT,2025-02-27,Aeroparts AOG DWC LLC,USD,1,Draft,2025-02-27,1,495.0,NE,"RIVET, BLIND",NAS1919M04S02AU,100,4.95,2025-02-27,EA,EA,1,4.95
PO-25-5870,Purchase Order PO-25-5870,PROPONENT,2025-02-27,Aeroparts AOG DWC LLC,USD,1,Draft,2025-02-27,2,320.0,NE,"RIVET, BLIND",NAS1919M05S03AU,100,3.2,2025-02-27,EA,EA,1,3.2
PO-25-5870,Purchase Order PO-25-5870,PROPONENT,2025-02-27,Aeroparts AOG DWC LLC,USD,1,Draft,2025-02-27,3,369.0,NE,"RIVET, BLIND",NAS1921M04S04AU,100,3.69,2025-02-27,EA,EA,1,3.69
PO-25-5870,Purchase Order PO-25-5870,PROPONENT,2025-02-27,Aeroparts AOG DWC LLC,USD,1,Draft,2025-02-27,4,257.0,NE,"RIVET, BLIND",NAS1921M05S03AU,100,2.57,2025-02-27,EA,EA,1,2.57
PO-25-5870,Purchase Order PO-25-5870,PROPONENT,2025-02-27,Aeroparts AOG DWC LLC,USD,1,Draft,2025-02-27,5,533.76,NE,"RIVET, BLIND",NAS1921M06S06AU,64,8.34,2025-02-27,EA,EA,1,8.34
PO-25-5871,Purchase Order PO-25-5871,Kellstrom Aerospace,2025-02-27,Aeroparts AOG DWC LLC,USD,1,Draft,2025-02-27,1,1600.0,NE,TUBE-LUBE,1997M88G01,1,1600,2025-02-27,EA,EA,1,1600
PO-25-5872,Purchase Order PO-25-5872,BOEING DISTRIBUTION SERVICES,2025-02-27,Aeroparts AOG DWC LLC,USD,1,Draft,2025-02-27,1,630.0,NE,"RIVET,BLIND",NAS1921M06S03AU,100,6.3,2025-02-27,EA,EA,1,6.3
PO-25-5872,Purchase Order PO-25-5872,BOEING DISTRIBUTION SERVICES,2025-02-27,Aeroparts AOG DWC LLC,USD,1,Draft,2025-02-27,2,539.0,NE,"RIVET,BLIND",NAS1921M05S05AU,100,5.39,2025-02-27,EA,EA,1,5.39
PO-25-5872,Purchase Order PO-25-5872,BOEING DISTRIBUTION SERVICES,2025-02-27,Aeroparts AOG DWC LLC,USD,1,Draft,2025-02-27,3,3915.9999999999995,NE,"RIVET,BLIND",NAS1921M05S02AU,100,39.16,2025-02-27,EA,EA,1,39.16
PO-25-5872,Purchase Order PO-25-5872,BOEING DISTRIBUTION SERVICES,2025-02-27,Aeroparts AOG DWC LLC,USD,1,Draft,2025-02-27,4,614.0,NE,RIVET,NAS1919M05S05AU,100,6.14,2025-02-27,EA,EA,1,6.14
PO-25-5872,Purchase Order PO-25-5872,BOEING DISTRIBUTION SERVICES,2025-02-27,Aeroparts AOG DWC LLC,USD,1,Draft,2025-02-27,5,750.0,NE,"RIVET,BLIND",NAS1919M04S06AU,100,7.5,2025-02-27,EA,EA,1,7.5
PO-25-5872,Purchase Order PO-25-5872,BOEING DISTRIBUTION SERVICES,2025-02-27,Aeroparts AOG DWC LLC,USD,1,Draft,2025-02-27,6,174.3,NE,"RIVET,BLIND",NAS1919M04S05AU,35,4.98,2025-02-27,EA,EA,1,4.98
PO-25-5873,Purchase Order PO-25-5873,BOEING FLEET,2025-02-28,Aeroparts AOG DWC LLC,USD,1,Draft,2025-02-28,1,793.0,NE,OXYGEN GENERATOR,E71720-00,1,793,2025-02-28,EA,EA,1,793
PO-25-5874,Purchase Order PO-25-5874,BOEING FLEET,2025-02-28,Aeroparts AOG DWC LLC,USD,1,Draft,2025-02-28,1,3269.0,NE,CHORD,65C33932U6,1,3269,2025-03-07,EA,EA,1,3269
PO-25-5875,Purchase Order PO-25-5875,SAFARI AVIATION SERVICES FZE,2025-02-28,Aeroparts AOG DWC LLC,USD,1,Draft,2025-02-28,1,18.58,NE,VAT,VAT,1,18.58,2025-02-28,EA,EA,1,18.58
PO-25-5875,Purchase Order PO-25-5875,SAFARI AVIATION SERVICES FZE,2025-02-28,Aeroparts AOG DWC LLC,USD,1,Draft,2025-02-28,2,14.27,NE,CERTIFICATE,HEALTH,1,14.27,2025-02-28,EA,EA,1,14.27
PO-25-5875,Purchase Order PO-25-5875,SAFARI AVIATION SERVICES FZE,2025-02-28,Aeroparts AOG DWC LLC,USD,1,Draft,2025-02-28,3,0.0,NE,CUSTOMS PROCESSING FEE,CUSTOMS PROCESSING FEE,1,0,2025-02-28,EA,EA,1,0
PO-25-5875,Purchase Order PO-25-5875,SAFARI AVIATION SERVICES FZE,2025-02-28,Aeroparts AOG DWC LLC,USD,1,Draft,2025-02-28,4,168.0,NE,Medium Felt Tip Paint Marker Black,DYKEM 44,5,33.6,2025-02-28,EA,EA,1,33.6
PO-25-5875,Purchase Order PO-25-5875,SAFARI AVIATION SERVICES FZE,2025-02-28,Aeroparts AOG DWC LLC,USD,1,Draft,2025-02-28,5,74.85,NE,STAINLESS LOCKWIRE 0.032 1LB,MS20995C32SS1LB,3,24.95,2025-02-28,EA,EA,1,24.95
PO-25-5875,Purchase Order PO-25-5875,SAFARI AVIATION SERVICES FZE,2025-02-28,Aeroparts AOG DWC LLC,USD,1,Draft,2025-02-28,6,163.66,NE,ALCOHOL ISOPROPYL,ARPOSOLVE-IPA735A,2,81.83,2025-02-28,EA,EA,1,81.83
PO-25-5875,Purchase Order PO-25-5875,SAFARI AVIATION SERVICES FZE,2025-02-28,Aeroparts AOG DWC LLC,USD,1,Draft,2025-02-28,7,371.58,NE,Long Term Corrosion Preventative,ARDROX 3140,1,371.58,2025-02-28,EA,EA,1,371.58
PO-25-5875,Purchase Order PO-25-5875,SAFARI AVIATION SERVICES FZE,2025-02-28,Aeroparts AOG DWC LLC,USD,1,Draft,2025-02-28,8,339.32,NE,"TAPE - YELLOW VINYL ADHESIVE,NO.471, 2 INCHES WIDE",3M471-2,4,84.83,2025-02-28,EA,EA,1,84.83
PO-25-5875,Purchase Order PO-25-5875,SAFARI AVIATION SERVICES FZE,2025-02-28,Aeroparts AOG DWC LLC,USD,1,Draft,2025-02-28,9,178.58,NE,NYCO GRAPHIED ANTI-SEIZE COMPOUND 1 KG,GNGA47,1,178.58,2025-02-28,EA,EA,1,178.58
PO-25-5875,Purchase Order PO-25-5875,SAFARI AVIATION SERVICES FZE,2025-02-28,Aeroparts AOG DWC LLC,USD,1,Draft,2025-02-28,10,67.92,NE,LPS1 GREASELESS LUBRICANT 379 ML,M00116,4,16.98,2025-02-28,EA,EA,1,16.98
PO-25-5876,Purchase Order PO-25-5876,PROPONENT,2025-02-28,Aeroparts AOG DWC LLC,USD,1,Draft,2025-02-28,1,56.3,NE,O-RING,M83248/1-261,10,5.63,2025-02-28,EA,EA,1,5.63
PO-25-5876,Purchase Order PO-25-5876,PROPONENT,2025-02-28,Aeroparts AOG DWC LLC,USD,1,Draft,2025-02-28,2,32.370000000000005,NE,O-RING,M83248/1-216,13,2.49,2025-02-28,EA,EA,1,2.49
PO-25-5877,Purchase Order PO-25-5877,POWER MAX CHEMICALS LLC,2025-02-28,Aeroparts AOG DWC LLC,USD,1,Draft,2025-02-28,1,13.04,NE,VAT,VAT,1,13.04,2025-02-28,EA,EA,1,13.04
PO-25-5877,Purchase Order PO-25-5877,POWER MAX CHEMICALS LLC,2025-02-28,Aeroparts AOG DWC LLC,USD,1,Draft,2025-02-28,2,260.87,NE,GAS TURBINE WASHING FLUID,ZOK 27 RTU,1,260.87,2025-02-28,EA,EA,1,260.87
PO-25-5878,Purchase Order PO-25-5878,CFM INTERNATIONAL,2025-02-28,Aeroparts AOG DWC LLC,USD,1,Draft,2025-02-28,1,162.5,NE,PACKING-PREFORMED O-RING,J221P142,25,6.5,2025-02-28,EA,EA,1,6.5
PO-25-5878,Purchase Order PO-25-5878,CFM INTERNATIONAL,2025-02-28,Aeroparts AOG DWC LLC,USD,1,Draft,2025-02-28,2,287.5,NE,PACKING-PREFORMED O-RING,J221P146,25,11.5,2025-02-28,EA,EA,1,11.5
PO-25-5879,Purchase Order PO-25-5879,PROPONENT,2025-02-28,Aeroparts AOG DWC LLC,USD,1,Draft,2025-02-28,1,11550.599999999999,NE,CIRCUIT CARD ASSEMBLY,4100-160000-00,5,2310.12,2025-02-28,EA,EA,1,2310.12
PO-25-5880,Purchase Order PO-25-5880,PROPONENT,2025-03-03,Aeroparts AOG DWC LLC,USD,1,Draft,2025-03-03,1,9035.82,NE,BATTERY,4059,1,9035.82,2025-03-03,EA,EA,1,9035.82
PO-25-5881,Purchase Order PO-25-5881,BOEING DISTRIBUTION SERVICES,2025-03-03,Aeroparts AOG DWC LLC,USD,1,Draft,2025-03-03,1,672.0,NE,BOLT,BACB30XD3K6,350,1.92,2025-02-28,EA,EA,1,1.92
PO-25-5882,Purchase Order PO-25-5882,BOEING FLEET,2025-03-04,Aeroparts AOG DWC LLC,USD,1,Draft,2025-03-04,1,1450.34,NE,VALVE,15801-120,1,1450.34,2025-02-28,EA,EA,1,1450.34
PO-25-5884,Purchase Order PO-25-5884,AVIALL,2025-03-04,Aeroparts AOG DWC LLC,USD,1,Draft,2025-03-04,1,25000.0,NE,CONTROL UNIT: ANTISKID/AUTOBRAKE,142-147,1,25000,2025-03-04,EA,EA,1,25000
PO-25-5886,Purchase Order PO-25-5886,53 NORTH AVIATION,2025-03-04,Aeroparts AOG DWC LLC,USD,1,Draft,2025-03-04,1,19000.0,NE,VACUUM GENERATOR,J540AI4-100,1,19000,2025-03-04,EA,EA,1,19000
PO-25-5887,Purchase Order PO-25-5887,Evotrade LLC,2025-03-04,Aeroparts AOG DWC LLC,USD,1,Draft,2025-03-04,1,155000.0,NE,APU,380428-10-1,1,155000,2025-03-04,EA,EA,1,155000
PO-25-5889,Purchase Order PO-25-5889,BOEING FLEET,2025-03-05,Aeroparts AOG DWC LLC,USD,1,Draft,2025-03-05,1,246.56,NE,CONNECTOR,BACC63CB10A5SN,2,123.28,2025-03-05,EA,EA,1,123.28
PO-25-5889,Purchase Order PO-25-5889,BOEING FLEET,2025-03-05,Aeroparts AOG DWC LLC,USD,1,Draft,2025-03-05,2,1344.0000000000002,NE,NUT,BACN11AL1,300,4.48,2025-03-05,EA,EA,1,4.48
PO-25-5890,Purchase Order PO-25-5890,Wyatt Aerospace,2025-03-05,Aeroparts AOG DWC LLC,USD,1,Draft,2025-03-05,1,10500.0,NE,MCDU,4077880-962,1,10500,2025-03-05,EA,EA,1,10500
PO-25-5891,Purchase Order PO-25-5891,BOEING DISTRIBUTION SERVICES,2025-03-05,Aeroparts AOG DWC LLC,USD,1,Draft,2025-03-05,1,274.40000000000003,NE,BOLT,NSA5031-4-19,10,27.44,2025-03-05,EA,EA,1,27.44
PO-25-5891,Purchase Order PO-25-5891,BOEING DISTRIBUTION SERVICES,2025-03-05,Aeroparts AOG DWC LLC,USD,1,Draft,2025-03-05,2,331.9,NE,COLLAR,ABS0258-10A,10,33.19,2025-03-05,EA,EA,1,33.19
PO-25-5891,Purchase Order PO-25-5891,BOEING DISTRIBUTION SERVICES,2025-03-05,Aeroparts AOG DWC LLC,USD,1,Draft,2025-03-05,3,575.5,NE,NUT,NAS1474R4,50,11.51,2025-03-05,EA,EA,1,11.51
PO-25-5891,Purchase Order PO-25-5891,BOEING DISTRIBUTION SERVICES,2025-03-05,Aeroparts AOG DWC LLC,USD,1,Draft,2025-03-05,4,1484.5,NE,BOLT,NSA5031-4-20,50,29.69,2025-03-05,EA,EA,1,29.69
PO-25-5892,Purchase Order PO-25-5892,AERORENIX TECHNIC AVIATION LTD.,2025-03-05,Aeroparts AOG DWC LLC,USD,1,Draft,2025-03-05,1,3500.0,NE,ENHANCED PES CONTROLLER,RD-AA1008-01,1,3500,2025-02-21,EA,EA,1,3500
PO-25-5893,Purchase Order PO-25-5893,ROTAFILO,2025-03-05,Aeroparts AOG DWC LLC,USD,1,Draft,2025-03-05,1,1850.0,NE,EXTRACTION MANHOLE BOLT,98A57304002000,1,1850,2025-03-05,EA,EA,1,1850
PO-25-5893,Purchase Order PO-25-5893,ROTAFILO,2025-03-05,Aeroparts AOG DWC LLC,USD,1,Draft,2025-03-05,2,1143.0,NE,FASTENER REMOVAL TOOL,98A53003500000,1,1143,2025-03-05,EA,EA,1,1143
PO-25-5894,Purchase Order PO-25-5894,CFM INTERNATIONAL,2025-03-06,Aeroparts AOG DWC LLC,USD,1,Draft,2025-03-06,1,1908.0,NE,HPC BLADE STAGE 6 LKG,P336P11,2,954,2025-03-06,EA,EA,1,954
PO-25-5895,Purchase Order PO-25-5895,SAFARI AVIATION SERVICES FZE,2025-03-06,Aeroparts AOG DWC LLC,USD,1,Draft,2025-03-06,1,143.7,NE,"ALUMINIUM FOIL TAPE 2""X60YRD",P11-2,3,47.9,2025-03-06,EA,EA,1,47.9
PO-25-5897,Purchase Order PO-25-5897,HEICO PARTS GROUP,2025-03-06,Aeroparts AOG DWC LLC,USD,1,Draft,2025-03-06,1,3360.0,NE,WASHER,JA9206M79P02,96,35,2025-03-06,EA,EA,1,35
PO-25-5898,Purchase Order PO-25-5898,Parts24.aero GmbH,2025-03-06,Aeroparts AOG DWC LLC,USD,1,Draft,2025-03-06,1,1700.0,NE,BUSHING,A2527039620000,100,17,2025-03-06,EA,EA,1,17
PO-25-5899,Purchase Order PO-25-5899,ETIHAD ENGINEERING,2025-03-07,Aeroparts AOG DWC LLC,USD,1,Draft,2025-03-07,1,1212.88,NE,CHEMICAL CONVERSION COATING KIT,BONDERITE-MCR1200,1,1212.88,2025-03-07,EA,EA,1,1212.88
PO-25-5900,Purchase Order PO-25-5900,Aerospace Reliance,2025-03-07,Aeroparts AOG DWC LLC,USD,1,Draft,2025-03-07,1,0.0,NE,SEALANT,PS870B1-2,115,0,2025-03-07,EA,EA,1,0
PO-25-5900,Purchase Order PO-25-5900,Aerospace Reliance,2025-03-07,Aeroparts AOG DWC LLC,USD,1,Draft,2025-03-07,2,2700.0,NE,PAINT,AEROFLEX G12E25,10,270,2025-03-07,EA,EA,1,270
PO-25-5900,Purchase Order PO-25-5900,Aerospace Reliance,2025-03-07,Aeroparts AOG DWC LLC,USD,1,Draft,2025-03-07,3,6900.0,NE,SEALANT,PS870B1-2,115,60,2025-03-07,EA,EA,1,60
PO-25-5901,Purchase Order PO-25-5901,SAFARI AVIATION SERVICES FZE,2025-03-07,Aeroparts AOG DWC LLC,USD,1,Draft,2025-03-07,1,0.0,NE,SEALANT,PS870B1-2,65,0,2025-03-07,EA,EA,1,0
PO-25-5901,Purchase Order PO-25-5901,SAFARI AVIATION SERVICES FZE,2025-03-07,Aeroparts AOG DWC LLC,USD,1,Draft,2025-03-07,2,35.33,NE,CUSTOMS PROCESSING FEE,CUSTOMS PROCESSING FEE,1,35.33,2025-03-07,EA,EA,1,35.33
PO-25-5901,Purchase Order PO-25-5901,SAFARI AVIATION SERVICES FZE,2025-03-07,Aeroparts AOG DWC LLC,USD,1,Draft,2025-03-07,3,42.8,NE,CERTIFICATE,HEALTH,1,42.8,2025-03-07,EA,EA,1,42.8
PO-25-5901,Purchase Order PO-25-5901,SAFARI AVIATION SERVICES FZE,2025-03-07,Aeroparts AOG DWC LLC,USD,1,Draft,2025-03-07,4,1479.74,NE,VAT,VAT,1,1479.74,2025-03-07,EA,EA,1,1479.74
PO-25-5901,Purchase Order PO-25-5901,SAFARI AVIATION SERVICES FZE,2025-03-07,Aeroparts AOG DWC LLC,USD,1,Draft,2025-03-07,5,24745.6,NE,ALCOHOL ISOPROPYL,ARPOSOLVE-IPA735A,320,77.33,2025-03-07,EA,EA,1,77.33
PO-25-5901,Purchase Order PO-25-5901,SAFARI AVIATION SERVICES FZE,2025-03-07,Aeroparts AOG DWC LLC,USD,1,Draft,2025-03-07,6,4670.25,NE,SEALANT,PS870B1-2,65,71.85,2025-03-07,EA,EA,1,71.85
PO-25-5901,Purchase Order PO-25-5901,SAFARI AVIATION SERVICES FZE,2025-03-07,Aeroparts AOG DWC LLC,USD,1,Draft,2025-03-07,7,179.16,NE,OS CLEAR PRIMER,DOWSIL-1200-OS,2,89.58,2025-03-07,EA,EA,1,89.58
PO-25-5902,Purchase Order PO-25-5902,BLUECHEM,2025-03-07,Aeroparts AOG DWC LLC,USD,1,Draft,2025-03-07,1,808.29,NE,VAT,VAT,1,808.29,2025-03-07,EA,EA,1,808.29
PO-25-5902,Purchase Order PO-25-5902,BLUECHEM,2025-03-07,Aeroparts AOG DWC LLC,USD,1,Draft,2025-03-07,2,513.58,NE,WING COATING,AEROFLEX FINISH G12 E25 5LT ALUMINIUM,2,256.79,2025-03-07,EA,EA,1,256.79
PO-25-5902,Purchase Order PO-25-5902,BLUECHEM,2025-03-07,Aeroparts AOG DWC LLC,USD,1,Draft,2025-03-07,3,15647.999999999998,NE,PAINT STRIPPER,CEE BEE E-3000,1600,9.78,2025-03-07,EA,EA,1,9.78
PO-25-5903,Purchase Order PO-25-5903,ROTAFILO,2025-03-07,Aeroparts AOG DWC LLC,USD,1,Draft,2025-03-07,1,8600.0,NE,DOLLY-AIR INTAKE COWL,HU89020-2,1,8600,2025-03-06,EA,EA,1,8600
PO-25-5904,Purchase Order PO-25-5904,JMF GLOBAL,2025-03-10,Aeroparts AOG DWC LLC,USD,1,Draft,2025-03-10,1,9250.0,NE,APU STARTER MOTOR,519858-8,1,9250,2025-03-07,EA,EA,1,9250
PO-25-5905,Purchase Order PO-25-5905,PROPONENT,2025-03-10,Aeroparts AOG DWC LLC,USD,1,Draft,2025-03-10,1,118.6,NE,O-RING,NSA8203-137,20,5.93,2025-03-10,EA,EA,1,5.93
PO-25-5906,Purchase Order PO-25-5906,GLENDALE INTERNATIONAL,2025-03-10,Aeroparts AOG DWC LLC,USD,1,Draft,2025-03-10,1,1650.0,NE,VALVE-AIR RELEASE,FRH280002,1,1650,2025-03-10,EA,EA,1,1650
PO-25-5907,Purchase Order PO-25-5907,TOP GSE,2025-03-10,Aeroparts AOG DWC LLC,USD,1,Draft,2025-03-10,1,350.0,NE,BOLT,F2151506800300,14,25,2025-03-10,EA,EA,1,25
PO-25-5908,Purchase Order PO-25-5908,Aerospace Reliance,2025-03-10,Aeroparts AOG DWC LLC,USD,1,Draft,2025-03-10,1,210.0,NE,CLEANER-GENERAL,DIESTONE-DLS-5LT,2,105,2025-03-10,CAN,CAN,1,105
PO-25-5908,Purchase Order PO-25-5908,Aerospace Reliance,2025-03-10,Aeroparts AOG DWC LLC,USD,1,Draft,2025-03-10,2,1100.0,NE,RAPID RELUBE KIT,OMAT4/71,2,550,2025-03-10,KT,KT,1,550
PO-25-5908,Purchase Order PO-25-5908,Aerospace Reliance,2025-03-10,Aeroparts AOG DWC LLC,USD,1,Draft,2025-03-10,3,125.0,NE,GASKETING COMPOUND,PL32-L,5,25,2025-03-10,EA,EA,1,25
PO-25-5908,Purchase Order PO-25-5908,Aerospace Reliance,2025-03-10,Aeroparts AOG DWC LLC,USD,1,Draft,2025-03-10,4,250.0,NE,SILICON GREASE,SGM494,10,25,2025-03-10,EA,EA,1,25
PO-25-5908,Purchase Order PO-25-5908,Aerospace Reliance,2025-03-10,Aeroparts AOG DWC LLC,USD,1,Draft,2025-03-10,5,125.0,NE,"WIRE , LOCKING DIA: CRES NICKEL ALLOY",MS9226-03,5,25,2025-03-10,EA,EA,1,25
PO-25-5908,Purchase Order PO-25-5908,Aerospace Reliance,2025-03-10,Aeroparts AOG DWC LLC,USD,1,Draft,2025-03-10,6,830.0,NE,WATERPROOF BARRIER,14HMB1,2,415,2025-03-10,RL,RL,1,415
PO-25-5908,Purchase Order PO-25-5908,Aerospace Reliance,2025-03-10,Aeroparts AOG DWC LLC,USD,1,Draft,2025-03-10,7,750.0,NE,RELEASE AGENT,SODIUM-ALGINATE-TECHNICAL,5,150,2025-03-10,EA,EA,1,150
PO-25-5908,Purchase Order PO-25-5908,Aerospace Reliance,2025-03-10,Aeroparts AOG DWC LLC,USD,1,Draft,2025-03-10,8,630.0,NE,TISSUE MASK CLEANER,SAN-50,2,315,2025-03-10,EA,EA,1,315
PO-25-5908,Purchase Order PO-25-5908,Aerospace Reliance,2025-03-10,Aeroparts AOG DWC LLC,USD,1,Draft,2025-03-10,9,410.0,NE,GENERAL PURPOSE CLEANER,GE-815GD-NF,1,410,2025-03-10,CAN,CAN,1,410
PO-25-5908,Purchase Order PO-25-5908,Aerospace Reliance,2025-03-10,Aeroparts AOG DWC LLC,USD,1,Draft,2025-03-10,10,75.0,NE,GLASS CLEANER,AMS1535,5,15,2025-03-10,EA,EA,1,15
PO-25-5908,Purchase Order PO-25-5908,Aerospace Reliance,2025-03-10,Aeroparts AOG DWC LLC,USD,1,Draft,2025-03-10,11,400.0,NE,PRIMER,FLOORSIL-1217,5,80,2025-03-10,EA,EA,1,80
PO-25-5908,Purchase Order PO-25-5908,Aerospace Reliance,2025-03-10,Aeroparts AOG DWC LLC,USD,1,Draft,2025-03-10,12,725.0,NE,RED TOP COAT COMPOUND,PR-1005L,5,145,2025-03-10,EA,EA,1,145
PO-25-5908,Purchase Order PO-25-5908,Aerospace Reliance,2025-03-10,Aeroparts AOG DWC LLC,USD,1,Draft,2025-03-10,13,150.0,NE,ACTIVATOR,LOCTITE7471,10,15,2025-03-10,CAN,CAN,1,15
PO-25-5908,Purchase Order PO-25-5908,Aerospace Reliance,2025-03-10,Aeroparts AOG DWC LLC,USD,1,Draft,2025-03-10,14,930.0,NE,ADHESIVE TAPE,KB48A,3,310,2025-03-10,RL,RL,1,310
PO-25-5908,Purchase Order PO-25-5908,Aerospace Reliance,2025-03-10,Aeroparts AOG DWC LLC,USD,1,Draft,2025-03-10,15,1180.0,NE,APLIX 840 ARCYLIC PSA HOOK (25MM X 50M ROLL),APLIX-840-HOOK,2,590,2025-03-10,RL,RL,1,590
PO-25-5908,Purchase Order PO-25-5908,Aerospace Reliance,2025-03-10,Aeroparts AOG DWC LLC,USD,1,Draft,2025-03-10,16,885.0,NE,OFF WHITE TAPE,3M-4016,3,295,2025-03-10,RL,RL,1,295
PO-25-5908,Purchase Order PO-25-5908,Aerospace Reliance,2025-03-10,Aeroparts AOG DWC LLC,USD,1,Draft,2025-03-10,17,370.0,NE,CLEAR POLYURETHANE VARNISH,683-3-2/X310A,2,185,2025-03-10,KT,KT,1,185
PO-25-5908,Purchase Order PO-25-5908,Aerospace Reliance,2025-03-10,Aeroparts AOG DWC LLC,USD,1,Draft,2025-03-10,18,2380.0,NE,ALEXIT FST TOPCOAT FOGGY,346-57-70DV-7-278,2,1190,2025-03-10,CAN,CAN,1,1190
PO-25-5908,Purchase Order PO-25-5908,Aerospace Reliance,2025-03-10,Aeroparts AOG DWC LLC,USD,1,Draft,2025-03-10,19,490.0,NE,EPOXY PRIMER YELLOWISH/GREENISH,PR143,2,245,2025-03-10,LT,LT,1,245
PO-25-5909,Purchase Order PO-25-5909,WENCOR,2025-03-10,Aeroparts AOG DWC LLC,USD,1,Draft,2025-03-10,1,127.0,NE,WASHER,NAS1149C1490R,100,1.27,2025-03-10,EA,EA,1,1.27
PO-25-5909,Purchase Order PO-25-5909,WENCOR,2025-03-10,Aeroparts AOG DWC LLC,USD,1,Draft,2025-03-10,2,648.0,NE,RED WASHER,282101,60,10.8,2025-03-10,EA,EA,1,10.8
PO-25-5910,Purchase Order PO-25-5910,SAFARI AVIATION SERVICES FZE,2025-03-10,Aeroparts AOG DWC LLC,USD,1,Draft,2025-03-10,1,35.33,NE,CUSTOMS PROCESSING FEE,CUSTOMS PROCESSING FEE,1,35.33,2025-03-10,EA,EA,1,35.33
PO-25-5910,Purchase Order PO-25-5910,SAFARI AVIATION SERVICES FZE,2025-03-10,Aeroparts AOG DWC LLC,USD,1,Draft,2025-03-10,2,79.99,NE,VAT,VAT,1,79.99,2025-03-10,EA,EA,1,79.99
PO-25-5910,Purchase Order PO-25-5910,SAFARI AVIATION SERVICES FZE,2025-03-10,Aeroparts AOG DWC LLC,USD,1,Draft,2025-03-10,3,1094.3,NE,Dry Film Lubricant 1.25Kg Can,BONDERITE-L-GP-M-709,2,547.15,2025-03-10,CAN,CAN,1,547.15
PO-25-5910,Purchase Order PO-25-5910,SAFARI AVIATION SERVICES FZE,2025-03-10,Aeroparts AOG DWC LLC,USD,1,Draft,2025-03-10,4,252.71999999999997,NE,TT-N-95 TYPE 2 SOLVENT,ARPOSOLVE952-GL,3,84.24,2025-03-10,CAN,CAN,1,84.24
PO-25-5911,Purchase Order PO-25-5911,UNICAL AVIATION,2025-03-10,Aeroparts AOG DWC LLC,USD,1,Draft,2025-03-10,1,1375.0,NE,SHIM,F5725306720600,11,125,2025-03-10,EA,EA,1,125
PO-25-5912,Purchase Order PO-25-5912,BOEING DISTRIBUTION SERVICES,2025-03-10,Aeroparts AOG DWC LLC,USD,1,Draft,2025-03-10,1,25.0,NE,HAZMAT CHARGES,HAZMAT,1,25,2025-03-10,EA,EA,1,25
PO-25-5912,Purchase Order PO-25-5912,BOEING DISTRIBUTION SERVICES,2025-03-10,Aeroparts AOG DWC LLC,USD,1,Draft,2025-03-10,2,334.62,NE,COOLING AGENT,GIVRANT-45,6,55.77,2025-03-10,EA,EA,1,55.77
PO-25-5912,Purchase Order PO-25-5912,BOEING DISTRIBUTION SERVICES,2025-03-10,Aeroparts AOG DWC LLC,USD,1,Draft,2025-03-10,3,65.52,NE,XYLENE FLUID,XYLENE,1,65.52,2025-03-10,EA,EA,1,65.52
PO-25-5912,Purchase Order PO-25-5912,BOEING DISTRIBUTION SERVICES,2025-03-10,Aeroparts AOG DWC LLC,USD,1,Draft,2025-03-10,4,752.32,NE,CORROSION PREVENTIVE COMPOUND,COSMOLINE-1060,1,752.32,2025-03-10,EA,EA,1,752.32
PO-25-5912,Purchase Order PO-25-5912,BOEING DISTRIBUTION SERVICES,2025-03-10,Aeroparts AOG DWC LLC,USD,1,Draft,2025-03-10,5,648.8100000000001,NE,POLYURETHANE SEALANT-GAP FILLER,HT3326-5FR-200ML,3,216.27,2025-03-10,EA,EA,1,216.27
PO-25-5912,Purchase Order PO-25-5912,BOEING DISTRIBUTION SERVICES,2025-03-10,Aeroparts AOG DWC LLC,USD,1,Draft,2025-03-10,6,378.4,NE,HARDENER,ARALDITE-HY994,4,94.6,2025-03-10,EA,EA,1,94.6
PO-25-5912,Purchase Order PO-25-5912,BOEING DISTRIBUTION SERVICES,2025-03-10,Aeroparts AOG DWC LLC,USD,1,Draft,2025-03-10,7,429.18,NE,ADHESIVE,SWIFT-TAK-2050,1,429.18,2025-03-10,EA,EA,1,429.18
PO-25-5912,Purchase Order PO-25-5912,BOEING DISTRIBUTION SERVICES,2025-03-10,Aeroparts AOG DWC LLC,USD,1,Draft,2025-03-10,8,1092.78,NE,HS PU TOPCOAT SEMI MATT,CA8351-FS26251-GREY,3,364.26,2025-03-10,EA,EA,1,364.26
PO-25-5912,Purchase Order PO-25-5912,BOEING DISTRIBUTION SERVICES,2025-03-10,Aeroparts AOG DWC LLC,USD,1,Draft,2025-03-10,9,262.20000000000005,NE,"CORD,WELDING,DARK GRAY",WELDINGC0RDCR40-05850925-100ME,3,87.4,2025-03-10,EA,EA,1,87.4
PO-25-5912,Purchase Order PO-25-5912,BOEING DISTRIBUTION SERVICES,2025-03-10,Aeroparts AOG DWC LLC,USD,1,Draft,2025-03-10,10,538.52,NE,CORD-LIGATURE,NSA8420-0,4,134.63,2025-03-10,EA,EA,1,134.63
PO-25-5912,Purchase Order PO-25-5912,BOEING DISTRIBUTION SERVICES,2025-03-10,Aeroparts AOG DWC LLC,USD,1,Draft,2025-03-10,11,2970.84,NE,HIGH TEMPERATURE VACUUM BAGGING FILM,HS-8171,1,2970.84,2025-03-10,EA,EA,1,2970.84
PO-25-5912,Purchase Order PO-25-5912,BOEING DISTRIBUTION SERVICES,2025-03-10,Aeroparts AOG DWC LLC,USD,1,Draft,2025-03-10,12,137.0,NE,"PATCH, SELF-ADHESIVE, WHITE",5440D40BLANC,10,13.7,2025-03-10,EA,EA,1,13.7
PO-25-5913,Purchase Order PO-25-5913,AVIOPARTS,2025-03-10,Aeroparts AOG DWC LLC,USD,1,Draft,2025-03-10,1,35.0,NE,HAZMAT CHARGES,HAZMAT,1,35,2025-03-10,EA,EA,1,35
PO-25-5913,Purchase Order PO-25-5913,AVIOPARTS,2025-03-10,Aeroparts AOG DWC LLC,USD,1,Draft,2025-03-10,2,270.0,NE,WAX AND GREASE REMOVER,ARDROX AV980,10,27,2025-03-10,EA,EA,1,27
PO-25-5914,Purchase Order PO-25-5914,AEROSOL INTERNATIONAL,2025-03-10,Aeroparts AOG DWC LLC,USD,1,Draft,2025-03-10,1,21.6,NE,VAT,VAT,1,21.6,2025-03-10,EA,EA,1,21.6
PO-25-5914,Purchase Order PO-25-5914,AEROSOL INTERNATIONAL,2025-03-10,Aeroparts AOG DWC LLC,USD,1,Draft,2025-03-10,2,432.06,NE,AEROSHELL FLUID 41,AEROSHELL FLUID 41,2,216.03,2025-03-10,BOX,BOX,1,216.03
PO-25-5915,Purchase Order PO-25-5915,BOEING DISTRIBUTION SERVICES,2025-03-11,Aeroparts AOG DWC LLC,USD,1,Draft,2025-03-11,1,210.0,NE,SCREW,NAS7204U10,100,2.1,2025-03-11,EA,EA,1,2.1
PO-25-5915,Purchase Order PO-25-5915,BOEING DISTRIBUTION SERVICES,2025-03-11,Aeroparts AOG DWC LLC,USD,1,Draft,2025-03-11,2,50.160000000000004,NE,SCREW,NAS1096-2-10,228,0.22,2025-03-11,EA,EA,1,0.22
PO-25-5915,Purchase Order PO-25-5915,BOEING DISTRIBUTION SERVICES,2025-03-11,Aeroparts AOG DWC LLC,USD,1,Draft,2025-03-11,3,817.8000000000001,NE,SEAL,44066,15,54.52,2025-03-11,EA,EA,1,54.52
PO-25-5916,Purchase Order PO-25-5916,SAFARI AVIATION SERVICES FZE,2025-03-11,Aeroparts AOG DWC LLC,USD,1,Draft,2025-03-11,1,35.33,NE,CUSTOMS PROCESSING FEE,CUSTOMS PROCESSING FEE,1,35.33,2025-03-11,EA,EA,1,35.33
PO-25-5916,Purchase Order PO-25-5916,SAFARI AVIATION SERVICES FZE,2025-03-11,Aeroparts AOG DWC LLC,USD,1,Draft,2025-03-11,2,14.27,NE,CERTIFICATE,HEALTH,1,14.27,2025-03-11,EA,EA,1,14.27
PO-25-5916,Purchase Order PO-25-5916,SAFARI AVIATION SERVICES FZE,2025-03-11,Aeroparts AOG DWC LLC,USD,1,Draft,2025-03-11,3,137.13,NE,VAT,VAT,1,137.13,2025-03-11,EA,EA,1,137.13
PO-25-5916,Purchase Order PO-25-5916,SAFARI AVIATION SERVICES FZE,2025-03-11,Aeroparts AOG DWC LLC,USD,1,Draft,2025-03-11,4,2742.66,NE,SECONDARY FUEL BARRIER COATING,PR1196PT,2,1371.33,2025-03-11,EA,EA,1,1371.33
PO-25-5917,Purchase Order PO-25-5917,AERO TECHNIC ME FZCO,2025-03-11,Aeroparts AOG DWC LLC,USD,1,Draft,2025-03-11,1,1425.0,NE,PACKING,D5713019420400,15,95,2025-03-11,EA,EA,1,95
PO-25-5917,Purchase Order PO-25-5917,AERO TECHNIC ME FZCO,2025-03-11,Aeroparts AOG DWC LLC,USD,1,Draft,2025-03-11,2,1356.0,NE,RING,A5735003820200,12,113,2025-03-11,EA,EA,1,113
PO-25-5917,Purchase Order PO-25-5917,AERO TECHNIC ME FZCO,2025-03-11,Aeroparts AOG DWC LLC,USD,1,Draft,2025-03-11,3,5811.6,NE,WASHER,A5713052120300,30,193.72,2025-03-11,EA,EA,1,193.72
PO-25-5917,Purchase Order PO-25-5917,AERO TECHNIC ME FZCO,2025-03-11,Aeroparts AOG DWC LLC,USD,1,Draft,2025-03-11,4,858.48,NE,WASHER LOCK,A5461187950000,14,61.32,2025-03-11,EA,EA,1,61.32
PO-25-5917,Purchase Order PO-25-5917,AERO TECHNIC ME FZCO,2025-03-11,Aeroparts AOG DWC LLC,USD,1,Draft,2025-03-11,5,576.0,NE,WASHER,A2627048920000,16,36,2025-03-11,EA,EA,1,36
PO-25-5917,Purchase Order PO-25-5917,AERO TECHNIC ME FZCO,2025-03-11,Aeroparts AOG DWC LLC,USD,1,Draft,2025-03-11,6,3549.6,NE,SEPARATOR ASSY,840751,2,1774.8,2025-03-11,EA,EA,1,1774.8
PO-25-5917,Purchase Order PO-25-5917,AERO TECHNIC ME FZCO,2025-03-11,Aeroparts AOG DWC LLC,USD,1,Draft,2025-03-11,7,468.0,NE,SCREW,431-0025-505,12,39,2025-03-11,EA,EA,1,39
PO-25-5917,Purchase Order PO-25-5917,AERO TECHNIC ME FZCO,2025-03-11,Aeroparts AOG DWC LLC,USD,1,Draft,2025-03-11,8,3790.7999999999997,NE,SEAL,1015597,12,315.9,2025-03-11,EA,EA,1,315.9
PO-25-5917,Purchase Order PO-25-5917,AERO TECHNIC ME FZCO,2025-03-11,Aeroparts AOG DWC LLC,USD,1,Draft,2025-03-11,9,2866.52,NE,SEAL,1014503,4,716.63,2025-03-11,EA,EA,1,716.63
PO-25-5917,Purchase Order PO-25-5917,AERO TECHNIC ME FZCO,2025-03-11,Aeroparts AOG DWC LLC,USD,1,Draft,2025-03-11,10,3264.32,NE,SEAL,1014346,4,816.08,2025-03-11,EA,EA,1,816.08
PO-25-5917,Purchase Order PO-25-5917,AERO TECHNIC ME FZCO,2025-03-11,Aeroparts AOG DWC LLC,USD,1,Draft,2025-03-11,11,645.0,NE,SEAL,9108A0001-01,3,215,2025-03-11,EA,EA,1,215
PO-25-5917,Purchase Order PO-25-5917,AERO TECHNIC ME FZCO,2025-03-11,Aeroparts AOG DWC LLC,USD,1,Draft,2025-03-11,12,119.80000000000001,NE,WASHER,SP108N,20,5.99,2025-03-11,EA,EA,1,5.99
PO-25-5917,Purchase Order PO-25-5917,AERO TECHNIC ME FZCO,2025-03-11,Aeroparts AOG DWC LLC,USD,1,Draft,2025-03-11,13,1180.56,NE,WASHER,SLW40442-500X,24,49.19,2025-03-11,EA,EA,1,49.19
PO-25-5917,Purchase Order PO-25-5917,AERO TECHNIC ME FZCO,2025-03-11,Aeroparts AOG DWC LLC,USD,1,Draft,2025-03-11,14,1134.0,NE,LOCKWASHER,RDLWQMLCE50SP6B,14,81,2025-03-11,EA,EA,1,81
PO-25-5918,Purchase Order PO-25-5918,WENCOR,2025-03-11,Aeroparts AOG DWC LLC,USD,1,Draft,2025-03-11,1,3688.0,NE,FILTER,QA03963,8,461,2025-03-11,EA,EA,1,461
PO-25-5919,Purchase Order PO-25-5919,ASCEND AERO INC,2025-03-11,Aeroparts AOG DWC LLC,USD,1,Draft,2025-03-11,1,145.2,NE,PACKING,HTE7300CR1-018,12,12.1,2025-03-11,EA,EA,1,12.1
PO-25-5920,Purchase Order PO-25-5920,"GA TELESIS, LLC",2025-03-11,Aeroparts AOG DWC LLC,USD,1,Draft,2025-03-11,1,6500.0,NE,VALVE-SOLENOID,DVE90-06,1,6500,2025-03-11,EA,EA,1,6500
PO-25-5920,Purchase Order PO-25-5920,"GA TELESIS, LLC",2025-03-11,Aeroparts AOG DWC LLC,USD,1,Draft,2025-03-11,2,500.0,NE,TENSION PIN,HTES006-094-688,25,20,2025-03-11,EA,EA,1,20
PO-25-5921,Purchase Order PO-25-5921,AEROSPACE ENGINEERING SERVICES JSC,2025-03-11,Aeroparts AOG DWC LLC,USD,1,Draft,2025-03-11,1,2520.0,NE,FILTER,QA03362,6,420,2025-03-11,EA,EA,1,420
PO-25-5922,Purchase Order PO-25-5922,APS Airparts Support Inc,2025-03-11,Aeroparts AOG DWC LLC,USD,1,Draft,2025-03-11,1,312.0,NE,SEAL,KB27127,26,12,2025-03-11,EA,EA,1,12
PO-25-5923,Purchase Order PO-25-5923,AVIANOR INC,2025-03-11,Aeroparts AOG DWC LLC,USD,1,Draft,2025-03-11,1,1010.0,NE,SEAL,1014302,1,1010,2025-03-11,EA,EA,1,1010
PO-25-5923,Purchase Order PO-25-5923,AVIANOR INC,2025-03-11,Aeroparts AOG DWC LLC,USD,1,Draft,2025-03-11,2,400.0,NE,WASHER,KB29665,4,100,2025-03-11,EA,EA,1,100
PO-25-5924,Purchase Order PO-25-5924,TOUCHPOINT AVIATION SERVICES,2025-03-11,Aeroparts AOG DWC LLC,USD,1,Draft,2025-03-11,1,24000.0,NE,SDAC,LA2E50700130000,2,12000,2025-03-11,EA,EA,1,12000
PO-25-5925,Purchase Order PO-25-5925,AERO TECHNIC ME FZCO,2025-03-11,Aeroparts AOG DWC LLC,USD,1,Draft,2025-03-11,1,3588.0,NE,SEAL,F5725402220000,26,138,2025-03-11,EA,EA,1,138
PO-25-5925,Purchase Order PO-25-5925,AERO TECHNIC ME FZCO,2025-03-11,Aeroparts AOG DWC LLC,USD,1,Draft,2025-03-11,2,5038.0,NE,SEAL,F5598003220000,22,229,2025-03-11,EA,EA,1,229
PO-25-5925,Purchase Order PO-25-5925,AERO TECHNIC ME FZCO,2025-03-11,Aeroparts AOG DWC LLC,USD,1,Draft,2025-03-11,3,4452.0,NE,RING-SEALING,F5518252320100,12,371,2025-03-11,EA,EA,1,371
PO-25-5925,Purchase Order PO-25-5925,AERO TECHNIC ME FZCO,2025-03-11,Aeroparts AOG DWC LLC,USD,1,Draft,2025-03-11,4,4452.0,NE,RING-SEALING,F5518252320000,12,371,2025-03-11,EA,EA,1,371
PO-25-5925,Purchase Order PO-25-5925,AERO TECHNIC ME FZCO,2025-03-11,Aeroparts AOG DWC LLC,USD,1,Draft,2025-03-11,5,3322.0,NE,GASKET-VENT,F5518249420000,11,302,2025-03-11,EA,EA,1,302
PO-25-5925,Purchase Order PO-25-5925,AERO TECHNIC ME FZCO,2025-03-11,Aeroparts AOG DWC LLC,USD,1,Draft,2025-03-11,6,760.32,NE,JOINT,F5518243020000,11,69.12,2025-03-11,EA,EA,1,69.12
PO-25-5925,Purchase Order PO-25-5925,AERO TECHNIC ME FZCO,2025-03-11,Aeroparts AOG DWC LLC,USD,1,Draft,2025-03-11,7,2072.0,NE,RING-SEALING,F5518181220000,14,148,2025-03-11,EA,EA,1,148
PO-25-5925,Purchase Order PO-25-5925,AERO TECHNIC ME FZCO,2025-03-11,Aeroparts AOG DWC LLC,USD,1,Draft,2025-03-11,8,2254.0,NE,RING-SEALING,F5518181120000,14,161,2025-03-11,EA,EA,1,161
PO-25-5925,Purchase Order PO-25-5925,AERO TECHNIC ME FZCO,2025-03-11,Aeroparts AOG DWC LLC,USD,1,Draft,2025-03-11,9,1949.2199999999998,NE,RING-SEALING,F5518180920000,14,139.23,2025-03-11,EA,EA,1,139.23
PO-25-5925,Purchase Order PO-25-5925,AERO TECHNIC ME FZCO,2025-03-11,Aeroparts AOG DWC LLC,USD,1,Draft,2025-03-11,10,7560.0,NE,PIN,F2151525300000,14,540,2025-03-11,EA,EA,1,540
PO-25-5925,Purchase Order PO-25-5925,AERO TECHNIC ME FZCO,2025-03-11,Aeroparts AOG DWC LLC,USD,1,Draft,2025-03-11,11,1164.0,NE,GASKET,F2151514020000,12,97,2025-03-11,EA,EA,1,97
PO-25-5926,Purchase Order PO-25-5926,UNICAL AVIATION,2025-03-11,Aeroparts AOG DWC LLC,USD,1,Draft,2025-03-11,1,500.0,NE,LOCK WASHER,NSA5355-4ACL,100,5,2025-03-11,EA,EA,1,5
PO-25-5926,Purchase Order PO-25-5926,UNICAL AVIATION,2025-03-11,Aeroparts AOG DWC LLC,USD,1,Draft,2025-03-11,2,55.00000000000001,NE,WASHER,NSA5061-4,100,0.55,2025-03-11,EA,EA,1,0.55
PO-25-5926,Purchase Order PO-25-5926,UNICAL AVIATION,2025-03-11,Aeroparts AOG DWC LLC,USD,1,Draft,2025-03-11,3,500.0,NE,PIN,MS20392-4C23,50,10,2025-03-11,EA,EA,1,10
PO-25-5927,Purchase Order PO-25-5927,PROPONENT,2025-03-11,Aeroparts AOG DWC LLC,USD,1,Draft,2025-03-11,1,1557.6599999999999,NE,BLEED AIR DUCT SEAL,ABS1040-80,26,59.91,2025-03-11,EA,EA,1,59.91
PO-25-5928,Purchase Order PO-25-5928,TOP GSE,2025-03-11,Aeroparts AOG DWC LLC,USD,1,Draft,2025-03-11,1,440.0,NE,Packing,68-1363,8,55,2025-03-11,EA,EA,1,55
PO-25-5929,Purchase Order PO-25-5929,PT Garuda Maintenance Facility AeroAsia Tbk,2025-03-12,Aeroparts AOG DWC LLC,USD,1,Draft,2025-03-12,1,30.0,NE,INTERNATIONAL WIRE FEE,INTL WIRE FEE,1,30,2025-03-12,EA,EA,1,30
PO-25-5929,Purchase Order PO-25-5929,PT Garuda Maintenance Facility AeroAsia Tbk,2025-03-12,Aeroparts AOG DWC LLC,USD,1,Draft,2025-03-12,2,45.0,NE,CONNECTOR,EN3545D02FXA46A,1,45,2025-03-12,EA,EA,1,45
PO-25-5929,Purchase Order PO-25-5929,PT Garuda Maintenance Facility AeroAsia Tbk,2025-03-12,Aeroparts AOG DWC LLC,USD,1,Draft,2025-03-12,3,45.0,NE,CONNECTOR,EN3545D02MXB46A,1,45,2025-03-12,EA,EA,1,45
PO-25-5929,Purchase Order PO-25-5929,PT Garuda Maintenance Facility AeroAsia Tbk,2025-03-12,Aeroparts AOG DWC LLC,USD,1,Draft,2025-03-12,4,50.0,NE,CONNECTOR,EN3545D02FXA45A,1,50,2025-03-12,EA,EA,1,50
PO-25-5929,Purchase Order PO-25-5929,PT Garuda Maintenance Facility AeroAsia Tbk,2025-03-12,Aeroparts AOG DWC LLC,USD,1,Draft,2025-03-12,5,40.0,NE,CONNECTOR,EN3545D02MXB45A,2,20,2025-03-12,EA,EA,1,20
PO-25-5930,Purchase Order PO-25-5930,PROPONENT,2025-03-12,Aeroparts AOG DWC LLC,USD,1,Draft,2025-03-12,1,22.0,NE,MARKER,NSA937901E3,50,0.44,2025-03-12,EA,EA,1,0.44
PO-25-5930,Purchase Order PO-25-5930,PROPONENT,2025-03-12,Aeroparts AOG DWC LLC,USD,1,Draft,2025-03-12,2,103.25,NE,MODULE CLAMP,NSA937901S,25,4.13,2025-03-12,EA,EA,1,4.13
PO-25-5930,Purchase Order PO-25-5930,PROPONENT,2025-03-12,Aeroparts AOG DWC LLC,USD,1,Draft,2025-03-12,3,62.199999999999996,NE,TIE-CABLE,NSA935401-05,20,3.11,2025-03-12,EA,EA,1,3.11
PO-25-5930,Purchase Order PO-25-5930,PROPONENT,2025-03-12,Aeroparts AOG DWC LLC,USD,1,Draft,2025-03-12,4,60.599999999999994,NE,TIE,NSA935401-03,20,3.03,2025-03-12,EA,EA,1,3.03
PO-25-5930,Purchase Order PO-25-5930,PROPONENT,2025-03-12,Aeroparts AOG DWC LLC,USD,1,Draft,2025-03-12,5,31.5,NE,CONTACT,EN3155-003F2222,50,0.63,2025-03-12,EA,EA,1,0.63
PO-25-5930,Purchase Order PO-25-5930,PROPONENT,2025-03-12,Aeroparts AOG DWC LLC,USD,1,Draft,2025-03-12,6,84.5,NE,"CONTACT, MALE FOR MODULE",EN3155-016M2222,50,1.69,2025-03-12,EA,EA,1,1.69
PO-25-5930,Purchase Order PO-25-5930,PROPONENT,2025-03-12,Aeroparts AOG DWC LLC,USD,1,Draft,2025-03-12,7,108.0,NE,"CONTACT, PIN",E0170FA2200,50,2.16,2025-03-12,EA,EA,1,2.16
PO-25-5930,Purchase Order PO-25-5930,PROPONENT,2025-03-12,Aeroparts AOG DWC LLC,USD,1,Draft,2025-03-12,8,10.5,NE,MODULE ID LABEL,NSA937901E6,50,0.21,2025-03-12,EA,EA,1,0.21
PO-25-5930,Purchase Order PO-25-5930,PROPONENT,2025-03-12,Aeroparts AOG DWC LLC,USD,1,Draft,2025-03-12,9,73.0,NE,BACKSHELL,EN3545-007SCD,50,1.46,2025-03-12,EA,EA,1,1.46
PO-25-5931,Purchase Order PO-25-5931,BOEING FLEET,2025-03-12,Aeroparts AOG DWC LLC,USD,1,Draft,2025-03-12,1,14769.0,NE,FITTING,412A1230-87,9,1641,2025-03-12,EA,EA,1,1641
PO-25-5932,Purchase Order PO-25-5932,BOEING FLEET,2025-03-12,Aeroparts AOG DWC LLC,USD,1,Draft,2025-03-12,1,531.0,NE,HOSE,BOE2013-0515,1,531,2025-03-12,EA,EA,1,531
PO-25-5932,Purchase Order PO-25-5932,BOEING FLEET,2025-03-12,Aeroparts AOG DWC LLC,USD,1,Draft,2025-03-12,2,89.76,NE,HOSE,B0E2013-0304,2,44.88,2025-03-12,EA,EA,1,44.88
PO-25-5932,Purchase Order PO-25-5932,BOEING FLEET,2025-03-12,Aeroparts AOG DWC LLC,USD,1,Draft,2025-03-12,3,146.7,NE,HOSE,B0E2013-0335,2,73.35,2025-03-12,EA,EA,1,73.35
PO-25-5932,Purchase Order PO-25-5932,BOEING FLEET,2025-03-12,Aeroparts AOG DWC LLC,USD,1,Draft,2025-03-12,4,192.7,NE,HOSE,B0E2013-0310,2,96.35,2025-03-12,EA,EA,1,96.35
PO-25-5932,Purchase Order PO-25-5932,BOEING FLEET,2025-03-12,Aeroparts AOG DWC LLC,USD,1,Draft,2025-03-12,5,87.89,NE,HOSE AY,B0E2013-0356,1,87.89,2025-03-12,EA,EA,1,87.89
PO-25-5932,Purchase Order PO-25-5932,BOEING FLEET,2025-03-12,Aeroparts AOG DWC LLC,USD,1,Draft,2025-03-12,6,94.72,NE,HOSE,B0E2013-0468,1,94.72,2025-03-12,EA,EA,1,94.72
PO-25-5932,Purchase Order PO-25-5932,BOEING FLEET,2025-03-12,Aeroparts AOG DWC LLC,USD,1,Draft,2025-03-12,7,2190.0,NE,HOSE,BOE2013-0316,1,2190,2025-03-12,EA,EA,1,2190
PO-25-5932,Purchase Order PO-25-5932,BOEING FLEET,2025-03-12,Aeroparts AOG DWC LLC,USD,1,Draft,2025-03-12,8,392.58000000000004,NE,BUSHING,BACB28AZ11A049Z,6,65.43,2025-03-12,EA,EA,1,65.43
PO-25-5932,Purchase Order PO-25-5932,BOEING FLEET,2025-03-12,Aeroparts AOG DWC LLC,USD,1,Draft,2025-03-12,9,265.0,NE,RIVET,BACR15DR3AN2,500,0.53,2025-03-12,EA,EA,1,0.53
PO-25-5932,Purchase Order PO-25-5932,BOEING FLEET,2025-03-12,Aeroparts AOG DWC LLC,USD,1,Draft,2025-03-12,10,153.7,NE,HOSE,B0E2013-0406,2,76.85,2025-03-12,EA,EA,1,76.85
PO-25-5933,Purchase Order PO-25-5933,ROTAFILO,2025-03-12,Aeroparts AOG DWC LLC,USD,1,Draft,2025-03-12,1,534.0,NE,EXTRACTOR,HU85484,2,267,2025-03-12,EA,EA,1,267
PO-25-5934,Purchase Order PO-25-5934,SAFARI AVIATION SERVICES FZE,2025-03-13,Aeroparts AOG DWC LLC,USD,1,Draft,2025-03-13,1,35.33,NE,CUSTOMS PROCESSING FEE,CUSTOMS PROCESSING FEE,1,35.33,2025-03-13,EA,EA,1,35.33
PO-25-5934,Purchase Order PO-25-5934,SAFARI AVIATION SERVICES FZE,2025-03-13,Aeroparts AOG DWC LLC,USD,1,Draft,2025-03-13,2,13.59,NE,CERTIFICATE,HEALTH,1,13.59,2025-03-13,EA,EA,1,13.59
PO-25-5934,Purchase Order PO-25-5934,SAFARI AVIATION SERVICES FZE,2025-03-13,Aeroparts AOG DWC LLC,USD,1,Draft,2025-03-13,3,19.48,NE,VAT,VAT,1,19.48,2025-03-13,EA,EA,1,19.48
PO-25-5934,Purchase Order PO-25-5934,SAFARI AVIATION SERVICES FZE,2025-03-13,Aeroparts AOG DWC LLC,USD,1,Draft,2025-03-13,4,375.9,NE,AIRCRAFT CLEANER 25LT PAIL,ARDROX 6025A,1,375.9,2025-03-13,EA,EA,1,375.9
PO-25-5935,Purchase Order PO-25-5935,AERO TECHNIC ME FZCO,2025-03-13,Aeroparts AOG DWC LLC,USD,1,Draft,2025-03-13,1,1747.88,NE,WASHER SEAL,NSA5112-05,74,23.62,2025-03-13,EA,EA,1,23.62
PO-25-5935,Purchase Order PO-25-5935,AERO TECHNIC ME FZCO,2025-03-13,Aeroparts AOG DWC LLC,USD,1,Draft,2025-03-13,2,6650.76,NE,RING,F5725009020000,38,175.02,2025-03-13,EA,EA,1,175.02
PO-25-5935,Purchase Order PO-25-5935,AERO TECHNIC ME FZCO,2025-03-13,Aeroparts AOG DWC LLC,USD,1,Draft,2025-03-13,3,1663.44,NE,RING-SEALING,F5518181020000,12,138.62,2025-03-13,EA,EA,1,138.62
PO-25-5935,Purchase Order PO-25-5935,AERO TECHNIC ME FZCO,2025-03-13,Aeroparts AOG DWC LLC,USD,1,Draft,2025-03-13,4,5097.960000000001,NE,RING,D5725125720000,36,141.61,2025-03-13,EA,EA,1,141.61
PO-25-5935,Purchase Order PO-25-5935,AERO TECHNIC ME FZCO,2025-03-13,Aeroparts AOG DWC LLC,USD,1,Draft,2025-03-13,5,1912.8000000000002,NE,LOCK WASHER,NSA5532-819,6,318.8,2025-03-13,EA,EA,1,318.8
PO-25-5935,Purchase Order PO-25-5935,AERO TECHNIC ME FZCO,2025-03-13,Aeroparts AOG DWC LLC,USD,1,Draft,2025-03-13,6,2976.1200000000003,NE,WASHER SEAL,NSA5112-05,126,23.62,2025-03-13,EA,EA,1,23.62
PO-25-5935,Purchase Order PO-25-5935,AERO TECHNIC ME FZCO,2025-03-13,Aeroparts AOG DWC LLC,USD,1,Draft,2025-03-13,7,11005.0,NE,WASHER,NSA5112-04,500,22.01,2025-03-13,EA,EA,1,22.01
PO-25-5936,Purchase Order PO-25-5936,AEROTRON,2025-03-13,Aeroparts AOG DWC LLC,USD,1,Draft,2025-03-13,1,2000.0,NE,POWER SUPPLY UNIT,8ES005304-00,1,2000,2025-03-13,EA,EA,1,2000
PO-25-5937,Purchase Order PO-25-5937,BOEING DISTRIBUTION SERVICES,2025-03-13,Aeroparts AOG DWC LLC,USD,1,Draft,2025-03-13,1,1227.36,NE,"MOISTURE BARRIER FOIL, SELF ADHESIVE",ABS5093B485,1,1227.36,2025-03-13,EA,EA,1,1227.36
PO-25-5937,Purchase Order PO-25-5937,BOEING DISTRIBUTION SERVICES,2025-03-13,Aeroparts AOG DWC LLC,USD,1,Draft,2025-03-13,2,410.0,NE,WASHER,DAN365-01,1000,0.41,2025-03-13,EA,EA,1,0.41
PO-25-5938,Purchase Order PO-25-5938,SAFARI AVIATION SERVICES FZE,2025-03-13,Aeroparts AOG DWC LLC,USD,1,Draft,2025-03-13,1,35.33,NE,CUSTOMS PROCESSING FEE,CUSTOMS PROCESSING FEE,1,35.33,2025-03-13,EA,EA,1,35.33
PO-25-5938,Purchase Order PO-25-5938,SAFARI AVIATION SERVICES FZE,2025-03-13,Aeroparts AOG DWC LLC,USD,1,Draft,2025-03-13,2,40.76,NE,CERTIFICATE,HEALTH,1,40.76,2025-03-13,EA,EA,1,40.76
PO-25-5938,Purchase Order PO-25-5938,SAFARI AVIATION SERVICES FZE,2025-03-13,Aeroparts AOG DWC LLC,USD,1,Draft,2025-03-13,3,12.55,NE,VAT,VAT,1,12.55,2025-03-13,EA,EA,1,12.55
PO-25-5938,Purchase Order PO-25-5938,SAFARI AVIATION SERVICES FZE,2025-03-13,Aeroparts AOG DWC LLC,USD,1,Draft,2025-03-13,4,210.32999999999998,NE,NYCO 65 VASELINE 1 KG,NYCO-65-1KG,3,70.11,2025-03-13,EA,EA,1,70.11
PO-25-5939,Purchase Order PO-25-5939,"GA TELESIS, LLC",2025-03-13,Aeroparts AOG DWC LLC,USD,1,Draft,2025-03-13,1,38000.0,NE,FWC,LA2E20202930000,2,19000,2025-03-13,EA,EA,1,19000
PO-25-5940,Purchase Order PO-25-5940,Pacific Air Industries,2025-03-13,Aeroparts AOG DWC LLC,USD,1,Draft,2025-03-13,1,100.65,NE,PIN,DAN364-01,305,0.33,2025-03-13,EA,EA,1,0.33
PO-25-5941,Purchase Order PO-25-5941,UNICAL AVIATION,2025-03-13,Aeroparts AOG DWC LLC,USD,1,Draft,2025-03-13,1,201.0,NE,BONDING,E0091-41-240NN,3,67,2025-03-13,EA,EA,1,67
PO-25-5942,Purchase Order PO-25-5942,"GA TELESIS, LLC",2025-03-13,Aeroparts AOG DWC LLC,USD,1,Draft,2025-03-13,1,2400.0,NE,POWER SUPPLY,8ES455012-00,1,2400,2025-03-13,EA,EA,1,2400
PO-25-5943,Purchase Order PO-25-5943,BOEING FLEET,2025-03-13,Aeroparts AOG DWC LLC,USD,1,Draft,2025-03-13,1,616.0,NE,HOSE,B0E2013-0638,2,308,2025-03-12,EA,EA,1,308
PO-25-5944,Purchase Order PO-25-5944,AERO TECHNIC ME FZCO,2025-03-13,Aeroparts AOG DWC LLC,USD,1,Draft,2025-03-13,1,1848.0,NE,BUNDLE,F9000095017595,1,1848,2025-03-13,EA,EA,1,1848
PO-25-5944,Purchase Order PO-25-5944,AERO TECHNIC ME FZCO,2025-03-13,Aeroparts AOG DWC LLC,USD,1,Draft,2025-03-13,2,2244.0,NE,BUNDLE,F9000095228695,1,2244,2025-03-13,EA,EA,1,2244
PO-25-5944,Purchase Order PO-25-5944,AERO TECHNIC ME FZCO,2025-03-13,Aeroparts AOG DWC LLC,USD,1,Draft,2025-03-13,3,490.0,NE,BUNDLE,F9000095018495,1,490,2025-03-13,EA,EA,1,490
PO-25-5944,Purchase Order PO-25-5944,AERO TECHNIC ME FZCO,2025-03-13,Aeroparts AOG DWC LLC,USD,1,Draft,2025-03-13,4,1764.0,NE,BUNDLE,F9000095227395,1,1764,2025-03-13,EA,EA,1,1764
PO-25-5944,Purchase Order PO-25-5944,AERO TECHNIC ME FZCO,2025-03-13,Aeroparts AOG DWC LLC,USD,1,Draft,2025-03-13,5,7428.0,NE,BUNDLE,F9000095471895,1,7428,2025-03-13,EA,EA,1,7428
PO-25-5945,Purchase Order PO-25-5945,WENCOR,2025-03-13,Aeroparts AOG DWC LLC,USD,1,Draft,2025-03-13,1,170.0,NE,"TIE,CABLE",NSA935401-13,1000,0.17,2025-03-13,EA,EA,1,0.17
PO-25-5946,Purchase Order PO-25-5946,APL AVIATION,2025-03-13,Aeroparts AOG DWC LLC,USD,1,Draft,2025-03-13,1,25500.0,NE,MAIN WHEEL ASSEMBLY,5007897-3,3,8500,2025-03-13,EA,EA,1,8500
PO-25-5947,Purchase Order PO-25-5947,SPECIALIST AVIATION LTD,2025-03-13,Aeroparts AOG DWC LLC,USD,1,Draft,2025-03-13,1,2500.0,NE,RADIO MAGNETIC INDICATOR,2594661-803,1,2500,2025-03-13,EA,EA,1,2500
PO-25-5948,Purchase Order PO-25-5948,PROPONENT,2025-03-13,Aeroparts AOG DWC LLC,USD,1,Draft,2025-03-13,1,7823.0,NE,SHADE,122-30026-01841,100,78.23,2024-12-13,EA,EA,1,78.23
PO-25-5949,Purchase Order PO-25-5949,WENCOR,2025-03-13,Aeroparts AOG DWC LLC,USD,1,Draft,2025-03-13,1,248.5,NE,O-RING,AS3582-244,50,4.97,2025-03-13,EA,EA,1,4.97
PO-25-5949,Purchase Order PO-25-5949,WENCOR,2025-03-13,Aeroparts AOG DWC LLC,USD,1,Draft,2025-03-13,2,92.0,NE,PACKING,NAS1612-8,50,1.84,2025-03-13,EA,EA,1,1.84
PO-25-5949,Purchase Order PO-25-5949,WENCOR,2025-03-13,Aeroparts AOG DWC LLC,USD,1,Draft,2025-03-13,3,92.0,NE,RING,AS43013-116,50,1.84,2025-03-13,EA,EA,1,1.84
PO-25-5950,Purchase Order PO-25-5950,PROPONENT,2025-03-13,Aeroparts AOG DWC LLC,USD,1,Draft,2025-03-13,1,44.0,NE,WASHER,ASNA2397-10L,100,0.44,2025-03-13,EA,EA,1,0.44
PO-25-5950,Purchase Order PO-25-5950,PROPONENT,2025-03-13,Aeroparts AOG DWC LLC,USD,1,Draft,2025-03-13,2,250.98,NE,SEAL,ABS5800D080B,6,41.83,2025-03-13,EA,EA,1,41.83
PO-25-5951,Purchase Order PO-25-5951,JH AVIATION,2025-03-13,Aeroparts AOG DWC LLC,USD,1,Draft,2025-03-13,1,9250.0,NE,"COVER ASSY, UPPER",4329685,5,1850,2025-03-13,EA,EA,1,1850
PO-25-5952,Purchase Order PO-25-5952,PDQ AIRSPARES,2025-03-13,Aeroparts AOG DWC LLC,USD,1,Draft,2025-03-13,1,500.0,NE,LOCK WASHER,NSA5532-819,4,125,2025-03-13,EA,EA,1,125
PO-25-5952,Purchase Order PO-25-5952,PDQ AIRSPARES,2025-03-13,Aeroparts AOG DWC LLC,USD,1,Draft,2025-03-13,2,822.0,NE,SEAL,9108A0001-01,6,137,2025-03-13,EA,EA,1,137
PO-25-5953,Purchase Order PO-25-5953,interiorsDIRECT gmbh,2025-03-13,Aeroparts AOG DWC LLC,USD,1,Draft,2025-03-13,1,1930.0,NE,SILICON SECTION SEAT TRACK,DAN262CC,100,19.3,2025-03-13,EA,EA,1,19.3
PO-25-5954,Purchase Order PO-25-5954,Thameside Aero Spares Ltd,2025-03-13,Aeroparts AOG DWC LLC,USD,1,Draft,2025-03-13,1,224.0,NE,RING,A5735003820000,7,32,2025-03-13,EA,EA,1,32
PO-25-5955,Purchase Order PO-25-5955,ANSETT AIRCRAFT SPARES&SERVICES,2025-03-13,Aeroparts AOG DWC LLC,USD,1,Draft,2025-03-13,1,3750.0,NE,"Box, Electrical",D23119550,1,3750,2025-03-13,EA,EA,1,3750
PO-25-5956,Purchase Order PO-25-5956,SKYSPARES LTD,2025-03-13,Aeroparts AOG DWC LLC,USD,1,Draft,2025-03-13,1,175.0,NE,CONNECTOR,D61500-74,1,175,2025-03-13,EA,EA,1,175
PO-25-5957,Purchase Order PO-25-5957,PDQ AIRSPARES,2025-03-13,Aeroparts AOG DWC LLC,USD,1,Draft,2025-03-13,1,1950.0,NE,SEAL,1015597,10,195,2025-03-13,EA,EA,1,195
PO-25-5958,Purchase Order PO-25-5958,BOEING DISTRIBUTION SERVICES,2025-03-13,Aeroparts AOG DWC LLC,USD,1,Draft,2025-03-13,1,355.77,NE,BEARING SPHERICAL,NSA8134-05X,9,39.53,2025-03-13,EA,EA,1,39.53
PO-25-5958,Purchase Order PO-25-5958,BOEING DISTRIBUTION SERVICES,2025-03-13,Aeroparts AOG DWC LLC,USD,1,Draft,2025-03-13,2,709.04,NE,"DISCHARGER-STATIC,THERMOPLASTIC",E0399-01,8,88.63,2025-03-13,EA,EA,1,88.63
PO-25-5958,Purchase Order PO-25-5958,BOEING DISTRIBUTION SERVICES,2025-03-13,Aeroparts AOG DWC LLC,USD,1,Draft,2025-03-13,3,679.92,NE,STATIC DISCHARGER,E0400-01,8,84.99,2025-03-13,EA,EA,1,84.99
PO-25-5958,Purchase Order PO-25-5958,BOEING DISTRIBUTION SERVICES,2025-03-13,Aeroparts AOG DWC LLC,USD,1,Draft,2025-03-13,4,372.04999999999995,NE,BACKSHELL,E0080-02-14C,5,74.41,2025-03-13,EA,EA,1,74.41
PO-25-5959,Purchase Order PO-25-5959,PROPONENT,2025-03-13,Aeroparts AOG DWC LLC,USD,1,Draft,2025-03-13,1,51.900000000000006,NE,BONDING JUMPER,E0092-10-160NN,10,5.19,2025-03-13,EA,EA,1,5.19
PO-25-5959,Purchase Order PO-25-5959,PROPONENT,2025-03-13,Aeroparts AOG DWC LLC,USD,1,Draft,2025-03-13,2,66.44999999999999,NE,LEAD BONDING,E0092-10-200NN,15,4.43,2025-03-13,EA,EA,1,4.43
PO-25-5959,Purchase Order PO-25-5959,PROPONENT,2025-03-13,Aeroparts AOG DWC LLC,USD,1,Draft,2025-03-13,3,308.9,NE,"CONNECTOR, PLUG-BODY",E0052N8B3ASNF,10,30.89,2025-03-13,EA,EA,1,30.89
PO-25-5959,Purchase Order PO-25-5959,PROPONENT,2025-03-13,Aeroparts AOG DWC LLC,USD,1,Draft,2025-03-13,4,31.0,NE,SCREW,NAS1096-3-9,25,1.24,2025-03-13,EA,EA,1,1.24
PO-25-5960,Purchase Order PO-25-5960,UNICAL AVIATION,2025-03-14,Aeroparts AOG DWC LLC,USD,1,Draft,2025-03-14,1,1500.0,NE,HOSE ASSY,D57LCN400,2,750,2025-03-14,EA,EA,1,750
PO-25-5961,Purchase Order PO-25-5961,SKYSPARES LTD,2025-03-14,Aeroparts AOG DWC LLC,USD,1,Draft,2025-03-14,1,2100.0,NE,SPRING ROD ASSY,F5217057100200,2,1050,2025-03-14,EA,EA,1,1050
PO-25-5962,Purchase Order PO-25-5962,WENCOR,2025-03-14,Aeroparts AOG DWC LLC,USD,1,Draft,2025-03-14,1,122.50000000000001,NE,SCREW,NSA5030-3-7,50,2.45,2025-03-14,EA,EA,1,2.45
PO-25-5962,Purchase Order PO-25-5962,WENCOR,2025-03-14,Aeroparts AOG DWC LLC,USD,1,Draft,2025-03-14,2,2200.0,NE,CAP NEW,ASNA2879A040,200,11,2025-03-14,EA,EA,1,11
PO-25-5962,Purchase Order PO-25-5962,WENCOR,2025-03-14,Aeroparts AOG DWC LLC,USD,1,Draft,2025-03-14,3,152.3,NE,O-RING,NSA8208-259,10,15.23,2025-03-14,EA,EA,1,15.23
PO-25-5963,Purchase Order PO-25-5963,BOEING FLEET,2025-03-14,Aeroparts AOG DWC LLC,USD,1,Draft,2025-03-14,1,1636.0,NE,GASKET,143A8335-1,1,1636,2025-03-14,EA,EA,1,1636
PO-25-5964,Purchase Order PO-25-5964,NORDAIR USA INC,2025-03-14,Aeroparts AOG DWC LLC,USD,1,Draft,2025-03-14,1,4950.0,NE,BUSH,91B458-00,1,4950,2025-03-14,EA,EA,1,4950
PO-25-5965,Purchase Order PO-25-5965,MTI AVIATION,2025-03-14,Aeroparts AOG DWC LLC,USD,1,Draft,2025-03-14,1,3000.0,NE,ACTUATOR - ROTARY,6610-20567-01,1,3000,2025-03-14,EA,EA,1,3000
PO-25-5966,Purchase Order PO-25-5966,WENCOR,2025-03-14,Aeroparts AOG DWC LLC,USD,1,Draft,2025-03-14,1,99.5,NE,SCREW,ASNA2001T3-5,50,1.99,2025-03-14,EA,EA,1,1.99
PO-25-5966,Purchase Order PO-25-5966,WENCOR,2025-03-14,Aeroparts AOG DWC LLC,USD,1,Draft,2025-03-14,2,20.0,NE,WASHER,NAS1169C10,50,0.4,2025-03-14,EA,EA,1,0.4
PO-25-5966,Purchase Order PO-25-5966,WENCOR,2025-03-14,Aeroparts AOG DWC LLC,USD,1,Draft,2025-03-14,3,143.5,NE,BOLT,ASNA2001T3-6,50,2.87,2025-03-14,EA,EA,1,2.87
PO-25-5966,Purchase Order PO-25-5966,WENCOR,2025-03-14,Aeroparts AOG DWC LLC,USD,1,Draft,2025-03-14,4,76.0,NE,NUT PLATE,MS21059L3,100,0.76,2025-03-14,EA,EA,1,0.76
PO-25-5966,Purchase Order PO-25-5966,WENCOR,2025-03-14,Aeroparts AOG DWC LLC,USD,1,Draft,2025-03-14,5,60.0,NE,BOLT,NAS1790-3R5,100,0.6,2025-03-14,EA,EA,1,0.6
PO-25-5967,Purchase Order PO-25-5967,PROPONENT,2025-03-14,Aeroparts AOG DWC LLC,USD,1,Draft,2025-03-14,1,94.0,NE,NUT-PLATE,NAS1791A3-3,50,1.88,2025-03-14,EA,EA,1,1.88
PO-25-5967,Purchase Order PO-25-5967,PROPONENT,2025-03-14,Aeroparts AOG DWC LLC,USD,1,Draft,2025-03-14,2,176.45,NE,CONNECTOR,E0052R14B15SNF,5,35.29,2025-03-14,EA,EA,1,35.29
PO-25-5967,Purchase Order PO-25-5967,PROPONENT,2025-03-14,Aeroparts AOG DWC LLC,USD,1,Draft,2025-03-14,3,37.75,NE,GASKET,MS35769-10,25,1.51,2025-03-14,EA,EA,1,1.51
PO-25-5967,Purchase Order PO-25-5967,PROPONENT,2025-03-14,Aeroparts AOG DWC LLC,USD,1,Draft,2025-03-14,4,265.45000000000005,NE,CONNECTOR-PLUG,E0052R12B10SNE,5,53.09,2025-03-14,EA,EA,1,53.09
PO-25-5968,Purchase Order PO-25-5968,BOEING FLEET,2025-03-14,Aeroparts AOG DWC LLC,USD,1,Draft,2025-03-14,1,11011.0,NE,LAMINATE,401U3500-5937,11,1001,2025-03-14,EA,EA,1,1001
PO-25-5969,Purchase Order PO-25-5969,BOEING DISTRIBUTION SERVICES,2025-03-14,Aeroparts AOG DWC LLC,USD,1,Draft,2025-03-14,1,52.87,NE,BONDING LEAD,E0090-10-200,17,3.11,2025-03-14,EA,EA,1,3.11
PO-25-5969,Purchase Order PO-25-5969,BOEING DISTRIBUTION SERVICES,2025-03-14,Aeroparts AOG DWC LLC,USD,1,Draft,2025-03-14,2,1273.1999999999998,NE,GUARD SWITCH,E0419A5,3,424.4,2025-03-14,EA,EA,1,424.4
PO-25-5969,Purchase Order PO-25-5969,BOEING DISTRIBUTION SERVICES,2025-03-14,Aeroparts AOG DWC LLC,USD,1,Draft,2025-03-14,3,445.0,NE,BOLT,NAS1790C3R15P,100,4.45,2025-03-14,EA,EA,1,4.45
PO-25-5969,Purchase Order PO-25-5969,BOEING DISTRIBUTION SERVICES,2025-03-14,Aeroparts AOG DWC LLC,USD,1,Draft,2025-03-14,4,278.5,NE,BOLT,NAS7204A2,50,5.57,2025-03-14,EA,EA,1,5.57
PO-25-5970,Purchase Order PO-25-5970,Pacific Air Industries,2025-03-14,Aeroparts AOG DWC LLC,USD,1,Draft,2025-03-14,1,99.96,NE,END CAP,NSA936604CA0931,21,4.76,2025-03-14,EA,EA,1,4.76
PO-25-5971,Purchase Order PO-25-5971,WENCOR,2025-03-14,Aeroparts AOG DWC LLC,USD,1,Draft,2025-03-14,1,36.96,NE,BOLT,NAS1790-3R4,44,0.84,2025-03-14,EA,EA,1,0.84
PO-25-5972,Purchase Order PO-25-5972,WENCOR,2025-03-14,Aeroparts AOG DWC LLC,USD,1,Draft,2025-03-14,1,260.0,NE,Nut Clip,ABS0365-3-1B,200,1.3,2025-03-14,EA,EA,1,1.3
PO-25-5972,Purchase Order PO-25-5972,WENCOR,2025-03-14,Aeroparts AOG DWC LLC,USD,1,Draft,2025-03-14,2,10.0,NE,WASHER,NAS1149C0432R,100,0.1,2025-03-14,EA,EA,1,0.1
PO-25-5972,Purchase Order PO-25-5972,WENCOR,2025-03-14,Aeroparts AOG DWC LLC,USD,1,Draft,2025-03-14,3,133.5,NE,O-RING,NSA8202-6,50,2.67,2025-03-14,EA,EA,1,2.67
PO-25-5972,Purchase Order PO-25-5972,WENCOR,2025-03-14,Aeroparts AOG DWC LLC,USD,1,Draft,2025-03-14,4,2079.0,NE,PATCH,A1111013820500,100,20.79,2025-03-14,EA,EA,1,20.79
PO-25-5972,Purchase Order PO-25-5972,WENCOR,2025-03-14,Aeroparts AOG DWC LLC,USD,1,Draft,2025-03-14,5,96.0,NE,BOLT,NAS1790C3R5P,150,0.64,2025-03-14,EA,EA,1,0.64
PO-25-5972,Purchase Order PO-25-5972,WENCOR,2025-03-14,Aeroparts AOG DWC LLC,USD,1,Draft,2025-03-14,6,175.0,NE,BOLT,NAS7204A4,50,3.5,2025-03-14,EA,EA,1,3.5
PO-25-5972,Purchase Order PO-25-5972,WENCOR,2025-03-14,Aeroparts AOG DWC LLC,USD,1,Draft,2025-03-14,7,387.5,NE,SCREW,ASNA2001T3-23,50,7.75,2025-03-14,EA,EA,1,7.75
PO-25-5973,Purchase Order PO-25-5973,PROPONENT,2025-03-14,Aeroparts AOG DWC LLC,USD,1,Draft,2025-03-14,1,63.0,NE,BOLT,NAS1790-4R7,100,0.63,2025-03-14,EA,EA,1,0.63
PO-25-5973,Purchase Order PO-25-5973,PROPONENT,2025-03-14,Aeroparts AOG DWC LLC,USD,1,Draft,2025-03-14,2,86.5,NE,BOLT,NAS1790-5R13,50,1.73,2025-03-14,EA,EA,1,1.73
PO-25-5973,Purchase Order PO-25-5973,PROPONENT,2025-03-14,Aeroparts AOG DWC LLC,USD,1,Draft,2025-03-14,3,287.5,NE,BOLT,NAS1790C4R3P,250,1.15,2025-03-14,EA,EA,1,1.15
PO-25-5973,Purchase Order PO-25-5973,PROPONENT,2025-03-14,Aeroparts AOG DWC LLC,USD,1,Draft,2025-03-14,4,103.4,NE,O-RING,NSA8203-222,20,5.17,2025-03-14,EA,EA,1,5.17
PO-25-5973,Purchase Order PO-25-5973,PROPONENT,2025-03-14,Aeroparts AOG DWC LLC,USD,1,Draft,2025-03-14,5,203.35,NE,PACKING,NSA8203-226,35,5.81,2025-03-14,EA,EA,1,5.81
PO-25-5973,Purchase Order PO-25-5973,PROPONENT,2025-03-14,Aeroparts AOG DWC LLC,USD,1,Draft,2025-03-14,6,567.0,NE,BOLT,NAS7204U4,100,5.67,2025-03-14,EA,EA,1,5.67
PO-25-5973,Purchase Order PO-25-5973,PROPONENT,2025-03-14,Aeroparts AOG DWC LLC,USD,1,Draft,2025-03-14,7,94.0,NE,NUT,NSA5110-3-1,50,1.88,2025-03-14,EA,EA,1,1.88
PO-25-5973,Purchase Order PO-25-5973,PROPONENT,2025-03-14,Aeroparts AOG DWC LLC,USD,1,Draft,2025-03-14,8,87.0,NE,PACKING,NAS1611-317,50,1.74,2025-03-14,EA,EA,1,1.74
PO-25-5973,Purchase Order PO-25-5973,PROPONENT,2025-03-14,Aeroparts AOG DWC LLC,USD,1,Draft,2025-03-14,9,52.800000000000004,NE,O-RING,NSA8200-6,20,2.64,2025-03-14,EA,EA,1,2.64
PO-25-5973,Purchase Order PO-25-5973,PROPONENT,2025-03-14,Aeroparts AOG DWC LLC,USD,1,Draft,2025-03-14,10,275.7,NE,CONNECTOR,E0052N16B26SNF,5,55.14,2025-03-14,EA,EA,1,55.14
PO-25-5973,Purchase Order PO-25-5973,PROPONENT,2025-03-14,Aeroparts AOG DWC LLC,USD,1,Draft,2025-03-14,11,122.0,NE,NUT,NSA5474-3K7,200,0.61,2025-03-14,EA,EA,1,0.61
PO-25-5974,Purchase Order PO-25-5974,AERORENIX TECHNIC AVIATION LTD.,2025-03-14,Aeroparts AOG DWC LLC,USD,1,Draft,2025-03-14,1,18000.0,NE,ATC Transponder,822-1338-225,2,9000,2025-03-14,EA,EA,1,9000
PO-25-5975,Purchase Order PO-25-5975,DANAT ALKHALEEJ FOR SAFETY CONSULTANCY,2025-03-14,Aeroparts AOG DWC LLC,USD,1,Draft,2025-03-14,1,48.91,NE,VAT,VAT,1,48.91,2025-03-14,EA,EA,1,48.91
PO-25-5975,Purchase Order PO-25-5975,DANAT ALKHALEEJ FOR SAFETY CONSULTANCY,2025-03-14,Aeroparts AOG DWC LLC,USD,1,Draft,2025-03-14,2,271.74,NE,DELIVERY,DELIVERY CHARGES,1,271.74,2025-03-14,EA,EA,1,271.74
PO-25-5975,Purchase Order PO-25-5975,DANAT ALKHALEEJ FOR SAFETY CONSULTANCY,2025-03-14,Aeroparts AOG DWC LLC,USD,1,Draft,2025-03-14,3,407.61,NE,TEST WEIGHT,15 TONS,1,407.61,2025-03-14,EA,EA,1,407.61
PO-25-5975,Purchase Order PO-25-5975,DANAT ALKHALEEJ FOR SAFETY CONSULTANCY,2025-03-14,Aeroparts AOG DWC LLC,USD,1,Draft,2025-03-14,4,163.04,NE,INSPECTION & CERTIFICATION,GANTRY CRANE 15 TON,1,163.04,2025-03-14,EA,EA,1,163.04
PO-25-5975,Purchase Order PO-25-5975,DANAT ALKHALEEJ FOR SAFETY CONSULTANCY,2025-03-14,Aeroparts AOG DWC LLC,USD,1,Draft,2025-03-14,5,135.87,NE,INSPECTION & CERTIFICATION,GANTRY CRANE 10 TON,1,135.87,2025-03-14,EA,EA,1,135.87
PO-25-5976,Purchase Order PO-25-5976,BOEING FLEET,2025-03-14,Aeroparts AOG DWC LLC,USD,1,Draft,2025-03-14,1,24668.0,NE,PANEL,5912290-505,1,24668,2025-03-14,EA,EA,1,24668
PO-25-5977,Purchase Order PO-25-5977,AERORENIX TECHNIC AVIATION LTD.,2025-03-14,Aeroparts AOG DWC LLC,USD,1,Draft,2025-03-14,1,5000.0,NE,DME INTERROGATOR,066-50013-0202,1,5000,2025-03-14,EA,EA,1,5000
PO-25-5978,Purchase Order PO-25-5978,BOEING FLEET,2025-03-17,Aeroparts AOG DWC LLC,USD,1,Draft,2025-03-17,1,35277.0,NE,DUCT ASSY,417A8100-1,1,35277,2025-03-17,EA,EA,1,35277
PO-25-5979,Purchase Order PO-25-5979,WENCOR,2025-03-17,Aeroparts AOG DWC LLC,USD,1,Draft,2025-03-17,1,25.2,NE,SCREW-MACH FLAT HEAD,NAS1102E3-10,28,0.9,2025-03-17,EA,EA,1,0.9
PO-25-5980,Purchase Order PO-25-5980,SWEENEY,2025-03-17,Aeroparts AOG DWC LLC,USD,1,Draft,2025-03-17,1,3129.0,NE,LIFTING SLING FOR SWE8200,SWE81002,1,3129,2025-03-17,EA,EA,1,3129
PO-25-5980,Purchase Order PO-25-5980,SWEENEY,2025-03-17,Aeroparts AOG DWC LLC,USD,1,Draft,2025-03-17,2,6322.0,NE,PIGGYBACK TORQUE MULTIPLIER W/ RATCHET,SWE8202-290A,1,6322,2025-03-17,EA,EA,1,6322
PO-25-5980,Purchase Order PO-25-5980,SWEENEY,2025-03-17,Aeroparts AOG DWC LLC,USD,1,Draft,2025-03-17,3,10073.0,NE,TORQUE MULTIPLIER,SWE8200,1,10073,2025-03-17,EA,EA,1,10073
PO-25-5981,Purchase Order PO-25-5981,DUTEST,2025-03-17,Aeroparts AOG DWC LLC,USD,1,Draft,2025-03-17,1,1739.13,NE,AP DYNAMOMETER,30006-0043,1,1739.13,2025-03-17,EA,EA,1,1739.13
PO-25-5981,Purchase Order PO-25-5981,DUTEST,2025-03-17,Aeroparts AOG DWC LLC,USD,1,Draft,2025-03-17,2,86.96,NE,VAT,VAT,1,86.96,2025-03-17,EA,EA,1,86.96
PO-25-5982,Purchase Order PO-25-5982,AVIALL,2025-03-17,Aeroparts AOG DWC LLC,USD,1,Draft,2025-03-17,1,66.0,NE,WASHERFL,AN960-10L,100,0.66,2025-03-17,EA,EA,1,0.66
PO-25-5983,Purchase Order PO-25-5983,SALEH ISHAQ TRADING CO.LLC,2025-03-17,Aeroparts AOG DWC LLC,USD,1,Draft,2025-03-17,1,28.94,NE,VAT,VAT,1,28.94,2025-03-17,EA,EA,1,28.94
PO-25-5983,Purchase Order PO-25-5983,SALEH ISHAQ TRADING CO.LLC,2025-03-17,Aeroparts AOG DWC LLC,USD,1,Draft,2025-03-17,2,130.43,NE,DELIVERY,DELIVERY CHARGES,1,130.43,2025-03-17,EA,EA,1,130.43
PO-25-5983,Purchase Order PO-25-5983,SALEH ISHAQ TRADING CO.LLC,2025-03-17,Aeroparts AOG DWC LLC,USD,1,Draft,2025-03-17,3,448.37,NE,TORQUE MULTIPLIER,M3.31000T1,1,448.37,2025-03-17,EA,EA,1,448.37
PO-25-5984,Purchase Order PO-25-5984,WENCOR,2025-03-17,Aeroparts AOG DWC LLC,USD,1,Draft,2025-03-17,1,38.4,NE,BOLT,NAS1790-4R5,60,0.64,2025-03-17,EA,EA,1,0.64
PO-25-5984,Purchase Order PO-25-5984,WENCOR,2025-03-17,Aeroparts AOG DWC LLC,USD,1,Draft,2025-03-17,2,67.0,NE,SCREW,NAS1790-5R9,100,0.67,2025-03-17,EA,EA,1,0.67
PO-25-5984,Purchase Order PO-25-5984,WENCOR,2025-03-17,Aeroparts AOG DWC LLC,USD,1,Draft,2025-03-17,3,56.00000000000001,NE,BOLT,NAS1790-5R12,50,1.12,2025-03-17,EA,EA,1,1.12
PO-25-5984,Purchase Order PO-25-5984,WENCOR,2025-03-17,Aeroparts AOG DWC LLC,USD,1,Draft,2025-03-17,4,120.0,NE,PACKING,NSA8200-2,25,4.8,2025-03-17,EA,EA,1,4.8
PO-25-5985,Purchase Order PO-25-5985,SCANAEROTECH APS,2025-03-17,Aeroparts AOG DWC LLC,USD,1,Draft,2025-03-17,1,25.0,NE,INTERNATIONAL WIRE FEE,INTL WIRE FEE,1,25,2025-03-17,EA,EA,1,25
PO-25-5985,Purchase Order PO-25-5985,SCANAEROTECH APS,2025-03-17,Aeroparts AOG DWC LLC,USD,1,Draft,2025-03-17,2,530.0,NE,13 PC MEDIUM - DUTY GENERAL PURPOSE PULLER SET,CJ250,1,530,2025-03-17,EA,EA,1,530
PO-25-5985,Purchase Order PO-25-5985,SCANAEROTECH APS,2025-03-17,Aeroparts AOG DWC LLC,USD,1,Draft,2025-03-17,3,350.0,NE,2- 1/2 LB SLIDE HAMMER,CJ250HMRFR,1,350,2025-03-17,EA,EA,1,350
PO-25-5985,Purchase Order PO-25-5985,SCANAEROTECH APS,2025-03-17,Aeroparts AOG DWC LLC,USD,1,Draft,2025-03-17,4,350.0,NE,13 PC LIGHT DUTY GENERAL PURPOSE PULLER SET,CJ240,1,350,2025-03-17,EA,EA,1,350
PO-25-5985,Purchase Order PO-25-5985,SCANAEROTECH APS,2025-03-17,Aeroparts AOG DWC LLC,USD,1,Draft,2025-03-17,5,180.0,NE,2 LB SLIDE HAMMER,CJ240HMRFR,1,180,2025-03-17,EA,EA,1,180
PO-25-5986,Purchase Order PO-25-5986,APRAM Aerospace,2025-03-17,Aeroparts AOG DWC LLC,USD,1,Draft,2025-03-17,1,4200.0,NE,VALVE ASSY,14330-230,1,4200,2025-03-17,EA,EA,1,4200
PO-25-5987,Purchase Order PO-25-5987,"Fieldtech Avionics & Instruments, Inc.",2025-03-17,Aeroparts AOG DWC LLC,USD,1,Draft,2025-03-17,1,5950.0,NE,ADF ANTENNA,622-7383-001,1,5950,2025-03-17,EA,EA,1,5950
PO-25-5988,Purchase Order PO-25-5988,EDGAR HAUSMANN GMBH,2025-03-18,Aeroparts AOG DWC LLC,USD,1,Draft,2025-03-18,1,59.25,NE,TORQ - SET INSERT BITS,TS212-3/8A,15,3.95,2025-03-18,EA,EA,1,3.95
PO-25-5988,Purchase Order PO-25-5988,EDGAR HAUSMANN GMBH,2025-03-18,Aeroparts AOG DWC LLC,USD,1,Draft,2025-03-18,2,38.25,NE,"TORQ - SET INSERT BITS HEX SHANK 5/16""",TS212-5/16A,15,2.55,2025-03-18,EA,EA,1,2.55
PO-25-5988,Purchase Order PO-25-5988,EDGAR HAUSMANN GMBH,2025-03-18,Aeroparts AOG DWC LLC,USD,1,Draft,2025-03-18,3,58.5,NE,TORQ - SET INSERT BITS,TS212-1/4A,15,3.9,2025-03-18,EA,EA,1,3.9
PO-25-5988,Purchase Order PO-25-5988,EDGAR HAUSMANN GMBH,2025-03-18,Aeroparts AOG DWC LLC,USD,1,Draft,2025-03-18,4,61.49999999999999,NE,TORQ - SET INSERT BITS,TS212-8A,15,4.1,2025-03-18,EA,EA,1,4.1
PO-25-5988,Purchase Order PO-25-5988,EDGAR HAUSMANN GMBH,2025-03-18,Aeroparts AOG DWC LLC,USD,1,Draft,2025-03-18,5,38.25,NE,TORQ - SET INSERT BITS,TS212-1/4,15,2.55,2025-03-18,EA,EA,1,2.55
PO-25-5988,Purchase Order PO-25-5988,EDGAR HAUSMANN GMBH,2025-03-18,Aeroparts AOG DWC LLC,USD,1,Draft,2025-03-18,6,36.75,NE,TORQ - SET INSERT BITS,TS212-10,15,2.45,2025-03-18,EA,EA,1,2.45
PO-25-5988,Purchase Order PO-25-5988,EDGAR HAUSMANN GMBH,2025-03-18,Aeroparts AOG DWC LLC,USD,1,Draft,2025-03-18,7,36.75,NE,TORQ-SET INSERT BITS,TS212-8,15,2.45,2025-03-18,EA,EA,1,2.45
PO-25-5988,Purchase Order PO-25-5988,EDGAR HAUSMANN GMBH,2025-03-18,Aeroparts AOG DWC LLC,USD,1,Draft,2025-03-18,8,36.75,NE,TORQ-SET INSERT BITS,TS212-6,15,2.45,2025-03-18,EA,EA,1,2.45
PO-25-5988,Purchase Order PO-25-5988,EDGAR HAUSMANN GMBH,2025-03-18,Aeroparts AOG DWC LLC,USD,1,Draft,2025-03-18,9,36.75,NE,TORQ - SET INSERT BITS,TS212-5,15,2.45,2025-03-18,EA,EA,1,2.45
PO-25-5988,Purchase Order PO-25-5988,EDGAR HAUSMANN GMBH,2025-03-18,Aeroparts AOG DWC LLC,USD,1,Draft,2025-03-18,10,36.75,NE,TORQ - SET INSERT BITS,TS212-3,15,2.45,2025-03-18,EA,EA,1,2.45
PO-25-5988,Purchase Order PO-25-5988,EDGAR HAUSMANN GMBH,2025-03-18,Aeroparts AOG DWC LLC,USD,1,Draft,2025-03-18,11,36.75,NE,TORQ - SET INSERT BITS,TS212-1,15,2.45,2025-03-18,EA,EA,1,2.45
PO-25-5988,Purchase Order PO-25-5988,EDGAR HAUSMANN GMBH,2025-03-18,Aeroparts AOG DWC LLC,USD,1,Draft,2025-03-18,12,36.75,NE,TORQ - SET INSERT BITS,TS212-0,15,2.45,2025-03-18,EA,EA,1,2.45
PO-25-5989,Purchase Order PO-25-5989,TOP GSE,2025-03-18,Aeroparts AOG DWC LLC,USD,1,Draft,2025-03-18,1,150.0,NE,STUD ASSY,4002-17W,6,25,2025-03-18,EA,EA,1,25
PO-25-5990,Purchase Order PO-25-5990,BOEING FLEET,2025-03-18,Aeroparts AOG DWC LLC,USD,1,Draft,2025-03-18,1,1086.0,NE,CONNECTOR,BACC63BP22C39S6,1,1086,2025-03-18,EA,EA,1,1086
PO-25-5991,Purchase Order PO-25-5991,Peerless Aerospace,2025-03-19,Aeroparts AOG DWC LLC,USD,1,Draft,2025-03-19,1,705.0,NE,RIVETS,NAS1919M04S04AU,100,7.05,2025-03-19,EA,EA,1,7.05
PO-25-5991,Purchase Order PO-25-5991,Peerless Aerospace,2025-03-19,Aeroparts AOG DWC LLC,USD,1,Draft,2025-03-19,2,575.0,NE,RIVETS,NAS1921M04S03AU,100,5.75,2025-03-19,EA,EA,1,5.75
PO-25-5991,Purchase Order PO-25-5991,Peerless Aerospace,2025-03-19,Aeroparts AOG DWC LLC,USD,1,Draft,2025-03-19,3,2295.0,NE,RIVETS,NAS1921M04S05AU,100,22.95,2025-03-19,EA,EA,1,22.95
PO-25-5991,Purchase Order PO-25-5991,Peerless Aerospace,2025-03-19,Aeroparts AOG DWC LLC,USD,1,Draft,2025-03-19,4,645.0,NE,RIVET,NAS1921M06S05AU,100,6.45,2025-03-19,EA,EA,1,6.45
PO-25-5993,Purchase Order PO-25-5993,WENCOR,2025-03-20,Aeroparts AOG DWC LLC,USD,1,Draft,2025-03-20,1,0.0,NE,RECEPTACLE,ABS0337-01A,50,0,2025-03-20,EA,EA,1,0
PO-25-5993,Purchase Order PO-25-5993,WENCOR,2025-03-20,Aeroparts AOG DWC LLC,USD,1,Draft,2025-03-20,2,0.0,NE,RETAINER,ABS0341-2-01,10,0,2025-03-20,EA,EA,1,0
PO-25-5993,Purchase Order PO-25-5993,WENCOR,2025-03-20,Aeroparts AOG DWC LLC,USD,1,Draft,2025-03-20,3,0.0,NE,WASHER,ABS0692-01,100,0,2025-03-20,EA,EA,1,0
PO-25-5993,Purchase Order PO-25-5993,WENCOR,2025-03-20,Aeroparts AOG DWC LLC,USD,1,Draft,2025-03-20,4,0.0,NE,WASHER,NAS1169C10L,100,0,2025-03-20,EA,EA,1,0
PO-25-5993,Purchase Order PO-25-5993,WENCOR,2025-03-20,Aeroparts AOG DWC LLC,USD,1,Draft,2025-03-20,5,254.99999999999997,NE,RECEPTACLE,ABS0337-01A,50,5.1,2025-03-20,EA,EA,1,5.1
PO-25-5993,Purchase Order PO-25-5993,WENCOR,2025-03-20,Aeroparts AOG DWC LLC,USD,1,Draft,2025-03-20,6,111.5,NE,SCREW,NAS1790C4R7P,50,2.23,2025-03-20,EA,EA,1,2.23
PO-25-5993,Purchase Order PO-25-5993,WENCOR,2025-03-20,Aeroparts AOG DWC LLC,USD,1,Draft,2025-03-20,7,252.5,NE,RETAINER,ABS0341-2-01,10,25.25,2025-03-20,EA,EA,1,25.25
PO-25-5993,Purchase Order PO-25-5993,WENCOR,2025-03-20,Aeroparts AOG DWC LLC,USD,1,Draft,2025-03-20,8,230.70000000000002,NE,WASHER,AS12944,30,7.69,2025-03-20,EA,EA,1,7.69
PO-25-5993,Purchase Order PO-25-5993,WENCOR,2025-03-20,Aeroparts AOG DWC LLC,USD,1,Draft,2025-03-20,9,94.0,NE,PACKING,NAS1611-027,50,1.88,2025-03-20,EA,EA,1,1.88
PO-25-5993,Purchase Order PO-25-5993,WENCOR,2025-03-20,Aeroparts AOG DWC LLC,USD,1,Draft,2025-03-20,10,470.0,NE,SLEEVE,ABS0557-01,50,9.4,2025-03-20,EA,EA,1,9.4
PO-25-5993,Purchase Order PO-25-5993,WENCOR,2025-03-20,Aeroparts AOG DWC LLC,USD,1,Draft,2025-03-20,11,130.0,NE,STUD,ABS0551-050,25,5.2,2025-03-20,EA,EA,1,5.2
PO-25-5993,Purchase Order PO-25-5993,WENCOR,2025-03-20,Aeroparts AOG DWC LLC,USD,1,Draft,2025-03-20,12,299.0,NE,RING RETAINER,ABS0556-01,100,2.99,2025-03-20,EA,EA,1,2.99
PO-25-5993,Purchase Order PO-25-5993,WENCOR,2025-03-20,Aeroparts AOG DWC LLC,USD,1,Draft,2025-03-20,13,19.0,NE,BOLT,NAS1790-3R8,25,0.76,2025-03-20,EA,EA,1,0.76
PO-25-5993,Purchase Order PO-25-5993,WENCOR,2025-03-20,Aeroparts AOG DWC LLC,USD,1,Draft,2025-03-20,14,32.0,NE,BOLT,NAS1790-3R6,100,0.32,2025-03-20,EA,EA,1,0.32
PO-25-5993,Purchase Order PO-25-5993,WENCOR,2025-03-20,Aeroparts AOG DWC LLC,USD,1,Draft,2025-03-20,15,43.0,NE,WASHER,ABS0692-01,100,0.43,2025-03-20,EA,EA,1,0.43
PO-25-5993,Purchase Order PO-25-5993,WENCOR,2025-03-20,Aeroparts AOG DWC LLC,USD,1,Draft,2025-03-20,16,86.75,NE,STUD,ABS0691-010,25,3.47,2025-03-20,EA,EA,1,3.47
PO-25-5993,Purchase Order PO-25-5993,WENCOR,2025-03-20,Aeroparts AOG DWC LLC,USD,1,Draft,2025-03-20,17,1325.0,NE,CLAMP,AS62424,25,53,2025-03-20,EA,EA,1,53
PO-25-5993,Purchase Order PO-25-5993,WENCOR,2025-03-20,Aeroparts AOG DWC LLC,USD,1,Draft,2025-03-20,18,45.0,NE,"CONTACT, MALE FOR MODULE",EN3155-016M2222,100,0.45,2025-03-20,EA,EA,1,0.45
PO-25-5993,Purchase Order PO-25-5993,WENCOR,2025-03-20,Aeroparts AOG DWC LLC,USD,1,Draft,2025-03-20,19,92.0,NE,"PACKING,PREFMD",NAS1612-6,50,1.84,2025-03-20,EA,EA,1,1.84
PO-25-5993,Purchase Order PO-25-5993,WENCOR,2025-03-20,Aeroparts AOG DWC LLC,USD,1,Draft,2025-03-20,20,184.0,NE,PACKING,NAS1612-8,100,1.84,2025-03-20,EA,EA,1,1.84
PO-25-5993,Purchase Order PO-25-5993,WENCOR,2025-03-20,Aeroparts AOG DWC LLC,USD,1,Draft,2025-03-20,21,178.0,NE,NUT,MS21062-3,50,3.56,2025-03-20,EA,EA,1,3.56
PO-25-5993,Purchase Order PO-25-5993,WENCOR,2025-03-20,Aeroparts AOG DWC LLC,USD,1,Draft,2025-03-20,22,178.0,NE,"LOCK NUT,PLATE,TWO LUG",MS21060-3,100,1.78,2025-03-20,EA,EA,1,1.78
PO-25-5993,Purchase Order PO-25-5993,WENCOR,2025-03-20,Aeroparts AOG DWC LLC,USD,1,Draft,2025-03-20,23,66.0,NE,WASHER,NAS1169C10L,100,0.66,2025-03-20,EA,EA,1,0.66
PO-25-5994,Purchase Order PO-25-5994,BOEING DISTRIBUTION SERVICES,2025-03-20,Aeroparts AOG DWC LLC,USD,1,Draft,2025-03-20,1,761.6,NE,BACKSHELL,ABS0126-12-02,2,380.8,2025-03-20,EA,EA,1,380.8
PO-25-5995,Purchase Order PO-25-5995,BOEING FLEET,2025-03-21,Aeroparts AOG DWC LLC,USD,1,Draft,2025-03-21,1,15745.0,NE,GASKET,146A8335-2,5,3149,2025-03-21,EA,EA,1,3149
PO-25-5996,Purchase Order PO-25-5996,PROPONENT,2025-03-21,Aeroparts AOG DWC LLC,USD,1,Draft,2025-03-21,1,806.64,NE,"STUD, LATCHING",07650043-0501,3,268.88,2025-03-21,EA,EA,1,268.88
PO-25-5997,Purchase Order PO-25-5997,BOEING FLEET,2025-03-21,Aeroparts AOG DWC LLC,USD,1,Draft,2025-03-21,1,655.9,NE,CONNECTOR,BACC63BP22D55PN,2,327.95,2025-03-21,EA,EA,1,327.95
PO-25-5998,Purchase Order PO-25-5998,"Aerocore, LLC",2025-03-21,Aeroparts AOG DWC LLC,USD,1,Draft,2025-03-21,1,25.0,NE,Handling Fee,HANDLING FEE,1,25,2025-03-21,EA,EA,1,25
PO-25-5998,Purchase Order PO-25-5998,"Aerocore, LLC",2025-03-21,Aeroparts AOG DWC LLC,USD,1,Draft,2025-03-21,2,34.2,NE,CLAMP,3604,20,1.71,2025-03-21,EA,EA,1,1.71
PO-25-5999,Purchase Order PO-25-5999,PROPONENT,2025-03-21,Aeroparts AOG DWC LLC,USD,1,Draft,2025-03-21,1,924.72,NE,LOOP CLAMP,TA12C59WTH08HB,6,154.12,2025-03-21,EA,EA,1,154.12
PO-25-5999,Purchase Order PO-25-5999,PROPONENT,2025-03-21,Aeroparts AOG DWC LLC,USD,1,Draft,2025-03-21,2,42.94,NE,BOLT,NAS1790-4R7,113,0.38,2025-03-21,EA,EA,1,0.38
PO-25-5999,Purchase Order PO-25-5999,PROPONENT,2025-03-21,Aeroparts AOG DWC LLC,USD,1,Draft,2025-03-21,3,204.4,NE,PIN,DIN1481-5X50,10,20.44,2025-03-21,EA,EA,1,20.44
PO-25-5999,Purchase Order PO-25-5999,PROPONENT,2025-03-21,Aeroparts AOG DWC LLC,USD,1,Draft,2025-03-21,4,2733.38,NE,LOCKING ASSY,HA72-0230820,2,1366.69,2025-03-21,EA,EA,1,1366.69
PO-25-5999,Purchase Order PO-25-5999,PROPONENT,2025-03-21,Aeroparts AOG DWC LLC,USD,1,Draft,2025-03-21,5,246.5,NE,"RETAINER, VALVE",ABS0341-1-01,25,9.86,2025-03-21,EA,EA,1,9.86
PO-25-5999,Purchase Order PO-25-5999,PROPONENT,2025-03-21,Aeroparts AOG DWC LLC,USD,1,Draft,2025-03-21,6,231.99999999999997,NE,STUD,ABS0551-030,50,4.64,2025-03-21,EA,EA,1,4.64
PO-25-5999,Purchase Order PO-25-5999,PROPONENT,2025-03-21,Aeroparts AOG DWC LLC,USD,1,Draft,2025-03-21,7,697.6,NE,STUD,ABS0551-015,160,4.36,2025-03-21,EA,EA,1,4.36
PO-25-5999,Purchase Order PO-25-5999,PROPONENT,2025-03-21,Aeroparts AOG DWC LLC,USD,1,Draft,2025-03-21,8,163.25,NE,MODULE,NSA937901MA2202,5,32.65,2025-03-21,EA,EA,1,32.65
PO-25-5999,Purchase Order PO-25-5999,PROPONENT,2025-03-21,Aeroparts AOG DWC LLC,USD,1,Draft,2025-03-21,9,52.0,NE,SEAL,NAS1612-12,50,1.04,2025-03-21,EA,EA,1,1.04
PO-25-6000,Purchase Order PO-25-6000,BOEING FLEET,2025-03-21,Aeroparts AOG DWC LLC,USD,1,Draft,2025-03-21,1,7389.0,NE,GASKET,143A8335-2,3,2463,2025-03-21,EA,EA,1,2463
PO-25-6001,Purchase Order PO-25-6001,BOEING DISTRIBUTION SERVICES,2025-03-21,Aeroparts AOG DWC LLC,USD,1,Draft,2025-03-21,1,3108.0,NE,TERMINAL PLUG,50840,400,7.77,2025-03-21,EA,EA,1,7.77
PO-25-6002,Purchase Order PO-25-6002,PILOT JOHN INTERNATONAL,2025-03-21,Aeroparts AOG DWC LLC,USD,1,Draft,2025-03-21,1,1252.35,NE,JT8D SENSOR ADAPTER,69-100-0080,1,1252.35,2025-03-21,EA,EA,1,1252.35
PO-25-6002,Purchase Order PO-25-6002,PILOT JOHN INTERNATONAL,2025-03-21,Aeroparts AOG DWC LLC,USD,1,Draft,2025-03-21,2,405.9,NE,KIT ADAPTOR MOUNT SCREW,Z22-430-0097,2,202.95,2025-03-21,EA,EA,1,202.95
PO-25-6002,Purchase Order PO-25-6002,PILOT JOHN INTERNATONAL,2025-03-21,Aeroparts AOG DWC LLC,USD,1,Draft,2025-03-21,3,861.3,NE,JT8D SENSOR ADAPTER,10-320-0329,2,430.65,2025-03-21,EA,EA,1,430.65
PO-25-6003,Purchase Order PO-25-6003,PROPONENT,2025-03-21,Aeroparts AOG DWC LLC,USD,1,Draft,2025-03-21,1,153.7,NE,TELEPHONE JACK,XLR5-31,10,15.37,2025-03-21,EA,EA,1,15.37
PO-25-6004,Purchase Order PO-25-6004,PROPONENT,2025-03-21,Aeroparts AOG DWC LLC,USD,1,Draft,2025-03-21,1,0.0,NE,O-RING,7500454,2,0,2025-03-21,EA,EA,1,0
PO-25-6004,Purchase Order PO-25-6004,PROPONENT,2025-03-21,Aeroparts AOG DWC LLC,USD,1,Draft,2025-03-21,2,44.0,NE,PIN,MS24665-88,100,0.44,2025-03-21,EA,EA,1,0.44
PO-25-6004,Purchase Order PO-25-6004,PROPONENT,2025-03-21,Aeroparts AOG DWC LLC,USD,1,Draft,2025-03-21,3,44.0,NE,PIN,MS24665-355,100,0.44,2025-03-21,EA,EA,1,0.44
PO-25-6004,Purchase Order PO-25-6004,PROPONENT,2025-03-21,Aeroparts AOG DWC LLC,USD,1,Draft,2025-03-21,4,73.0,NE,PIN,MS24665-319,100,0.73,2025-03-21,EA,EA,1,0.73
PO-25-6004,Purchase Order PO-25-6004,PROPONENT,2025-03-21,Aeroparts AOG DWC LLC,USD,1,Draft,2025-03-21,5,43.2,NE,PIN,MS24665-178,270,0.16,2025-03-21,EA,EA,1,0.16
PO-25-6004,Purchase Order PO-25-6004,PROPONENT,2025-03-21,Aeroparts AOG DWC LLC,USD,1,Draft,2025-03-21,6,47.0,NE,CLIP,MS21256-2,100,0.47,2025-03-21,EA,EA,1,0.47
PO-25-6004,Purchase Order PO-25-6004,PROPONENT,2025-03-21,Aeroparts AOG DWC LLC,USD,1,Draft,2025-03-21,7,210.0,NE,WASHER,MS172291,20,10.5,2025-03-21,EA,EA,1,10.5
PO-25-6004,Purchase Order PO-25-6004,PROPONENT,2025-03-21,Aeroparts AOG DWC LLC,USD,1,Draft,2025-03-21,8,42.0,NE,O-RING,M83248-1-910,60,0.7,2025-03-21,EA,EA,1,0.7
PO-25-6004,Purchase Order PO-25-6004,PROPONENT,2025-03-21,Aeroparts AOG DWC LLC,USD,1,Draft,2025-03-21,9,40.2,NE,O-RING,M83248/1-908,60,0.67,2025-03-21,EA,EA,1,0.67
PO-25-6004,Purchase Order PO-25-6004,PROPONENT,2025-03-21,Aeroparts AOG DWC LLC,USD,1,Draft,2025-03-21,10,39.2,NE,O-RING,M83248/1-020,70,0.56,2025-03-21,EA,EA,1,0.56
PO-25-6004,Purchase Order PO-25-6004,PROPONENT,2025-03-21,Aeroparts AOG DWC LLC,USD,1,Draft,2025-03-21,11,154.5,NE,O-RING,M25988/2-218,50,3.09,2025-03-21,EA,EA,1,3.09
PO-25-6004,Purchase Order PO-25-6004,PROPONENT,2025-03-21,Aeroparts AOG DWC LLC,USD,1,Draft,2025-03-21,12,97.5,NE,O-RING,M25988/2-036,50,1.95,2025-03-21,EA,EA,1,1.95
PO-25-6004,Purchase Order PO-25-6004,PROPONENT,2025-03-21,Aeroparts AOG DWC LLC,USD,1,Draft,2025-03-21,13,55.00000000000001,NE,O-RING,M25988/1-911,50,1.1,2025-03-21,EA,EA,1,1.1
PO-25-6004,Purchase Order PO-25-6004,PROPONENT,2025-03-21,Aeroparts AOG DWC LLC,USD,1,Draft,2025-03-21,14,49.699999999999996,NE,PACKING,M25988/1-905,70,0.71,2025-03-21,EA,EA,1,0.71
PO-25-6004,Purchase Order PO-25-6004,PROPONENT,2025-03-21,Aeroparts AOG DWC LLC,USD,1,Draft,2025-03-21,15,361.0,NE,BOLT,EN6114K3X6,50,7.22,2025-03-21,EA,EA,1,7.22
PO-25-6004,Purchase Order PO-25-6004,PROPONENT,2025-03-21,Aeroparts AOG DWC LLC,USD,1,Draft,2025-03-21,16,967.68,NE,BOLT,EN6114K3X4,256,3.78,2025-03-21,EA,EA,1,3.78
PO-25-6004,Purchase Order PO-25-6004,PROPONENT,2025-03-21,Aeroparts AOG DWC LLC,USD,1,Draft,2025-03-21,17,61.0,NE,BOLT,EN6114K3-6,50,1.22,2025-03-21,EA,EA,1,1.22
PO-25-6004,Purchase Order PO-25-6004,PROPONENT,2025-03-21,Aeroparts AOG DWC LLC,USD,1,Draft,2025-03-21,18,143.5,NE,Hi-Lite Bolt,EN6114K3-5,50,2.87,2025-03-21,EA,EA,1,2.87
PO-25-6004,Purchase Order PO-25-6004,PROPONENT,2025-03-21,Aeroparts AOG DWC LLC,USD,1,Draft,2025-03-21,19,432.28000000000003,NE,Hi-Lite Bolt,EN6114K3-4,428,1.01,2025-03-21,EA,EA,1,1.01
PO-25-6004,Purchase Order PO-25-6004,PROPONENT,2025-03-21,Aeroparts AOG DWC LLC,USD,1,Draft,2025-03-21,20,69.0,NE,HI-LOK PIN,DAN6-6-5,50,1.38,2025-03-21,EA,EA,1,1.38
PO-25-6004,Purchase Order PO-25-6004,PROPONENT,2025-03-21,Aeroparts AOG DWC LLC,USD,1,Draft,2025-03-21,21,89.0,NE,HI-LOK PIN,DAN6-6-4,50,1.78,2025-03-21,EA,EA,1,1.78
PO-25-6004,Purchase Order PO-25-6004,PROPONENT,2025-03-21,Aeroparts AOG DWC LLC,USD,1,Draft,2025-03-21,22,1594.1,NE,LOCK PLATE,D64013,5,318.82,2025-03-21,EA,EA,1,318.82
PO-25-6004,Purchase Order PO-25-6004,PROPONENT,2025-03-21,Aeroparts AOG DWC LLC,USD,1,Draft,2025-03-21,23,1431.25,NE,SHIM,D62596,5,286.25,2025-03-21,EA,EA,1,286.25
PO-25-6004,Purchase Order PO-25-6004,PROPONENT,2025-03-21,Aeroparts AOG DWC LLC,USD,1,Draft,2025-03-21,24,814.8000000000001,NE,LOCK WASHERR,D61889,10,81.48,2025-03-21,EA,EA,1,81.48
PO-25-6004,Purchase Order PO-25-6004,PROPONENT,2025-03-21,Aeroparts AOG DWC LLC,USD,1,Draft,2025-03-21,25,2149.4,NE,SHIM,D61883,10,214.94,2025-03-21,EA,EA,1,214.94
PO-25-6004,Purchase Order PO-25-6004,PROPONENT,2025-03-21,Aeroparts AOG DWC LLC,USD,1,Draft,2025-03-21,26,1841.6,NE,SHIM,D61882,10,184.16,2025-03-21,EA,EA,1,184.16
PO-25-6004,Purchase Order PO-25-6004,PROPONENT,2025-03-21,Aeroparts AOG DWC LLC,USD,1,Draft,2025-03-21,27,1683.2,NE,E-SEAL,BE28990,8,210.4,2025-03-21,EA,EA,1,210.4
PO-25-6004,Purchase Order PO-25-6004,PROPONENT,2025-03-21,Aeroparts AOG DWC LLC,USD,1,Draft,2025-03-21,28,820.82,NE,NUT,ASNA2538-3,154,5.33,2025-03-21,EA,EA,1,5.33
PO-25-6004,Purchase Order PO-25-6004,PROPONENT,2025-03-21,Aeroparts AOG DWC LLC,USD,1,Draft,2025-03-21,29,90.16,NE,NUT,ASNA2529-6,46,1.96,2025-03-21,EA,EA,1,1.96
PO-25-6004,Purchase Order PO-25-6004,PROPONENT,2025-03-21,Aeroparts AOG DWC LLC,USD,1,Draft,2025-03-21,30,190.0,NE,WASHER,ASNA0113-32CA,250,0.76,2025-03-21,EA,EA,1,0.76
PO-25-6004,Purchase Order PO-25-6004,PROPONENT,2025-03-21,Aeroparts AOG DWC LLC,USD,1,Draft,2025-03-21,31,40.0,NE,O-RING,AS3208-05,80,0.5,2025-03-21,EA,EA,1,0.5
PO-25-6004,Purchase Order PO-25-6004,PROPONENT,2025-03-21,Aeroparts AOG DWC LLC,USD,1,Draft,2025-03-21,32,235.5,NE,NUT,AS20627,50,4.71,2025-03-21,EA,EA,1,4.71
PO-25-6004,Purchase Order PO-25-6004,PROPONENT,2025-03-21,Aeroparts AOG DWC LLC,USD,1,Draft,2025-03-21,33,8793.08,NE,ISOLATOR,95394-05,2,4396.54,2025-03-21,EA,EA,1,4396.54
PO-25-6004,Purchase Order PO-25-6004,PROPONENT,2025-03-21,Aeroparts AOG DWC LLC,USD,1,Draft,2025-03-21,34,100.0,NE,O-RING,7500454,2,50,2025-03-21,EA,EA,1,50
PO-25-6004,Purchase Order PO-25-6004,PROPONENT,2025-03-21,Aeroparts AOG DWC LLC,USD,1,Draft,2025-03-21,35,492.8,NE,O- RING,6355-0906,8,61.6,2025-03-21,EA,EA,1,61.6
PO-25-6004,Purchase Order PO-25-6004,PROPONENT,2025-03-21,Aeroparts AOG DWC LLC,USD,1,Draft,2025-03-21,36,2498.64,NE,SCREEN,53100269-1,8,312.33,2025-03-21,EA,EA,1,312.33
PO-25-6004,Purchase Order PO-25-6004,PROPONENT,2025-03-21,Aeroparts AOG DWC LLC,USD,1,Draft,2025-03-21,37,2643.64,NE,FILTER,398-21,4,660.91,2025-03-21,EA,EA,1,660.91
PO-25-6004,Purchase Order PO-25-6004,PROPONENT,2025-03-21,Aeroparts AOG DWC LLC,USD,1,Draft,2025-03-21,38,271.8,NE,AIR FILTER,2721-1,4,67.95,2025-03-21,EA,EA,1,67.95
PO-25-6004,Purchase Order PO-25-6004,PROPONENT,2025-03-21,Aeroparts AOG DWC LLC,USD,1,Draft,2025-03-21,39,1992.0,NE,HOSE,2201859-39,2,996,2025-03-21,EA,EA,1,996
PO-25-6004,Purchase Order PO-25-6004,PROPONENT,2025-03-21,Aeroparts AOG DWC LLC,USD,1,Draft,2025-03-21,40,67.5,NE,O-RING,MS29513-175,10,6.75,2025-03-21,EA,EA,1,6.75
PO-25-6004,Purchase Order PO-25-6004,PROPONENT,2025-03-21,Aeroparts AOG DWC LLC,USD,1,Draft,2025-03-21,41,844.8,NE,SEAL,203-811538,8,105.6,2025-03-21,EA,EA,1,105.6
PO-25-6004,Purchase Order PO-25-6004,PROPONENT,2025-03-21,Aeroparts AOG DWC LLC,USD,1,Draft,2025-03-21,42,1161.6,NE,SEAL,202-811538,8,145.2,2025-03-21,EA,EA,1,145.2
PO-25-6004,Purchase Order PO-25-6004,PROPONENT,2025-03-21,Aeroparts AOG DWC LLC,USD,1,Draft,2025-03-21,43,360.4,NE,SEAL,100-905-2454,40,9.01,2025-03-21,EA,EA,1,9.01
PO-25-6004,Purchase Order PO-25-6004,PROPONENT,2025-03-21,Aeroparts AOG DWC LLC,USD,1,Draft,2025-03-21,44,2790.0,NE,"RING, SEALING",0F25-021,20,139.5,2025-03-21,EA,EA,1,139.5
PO-25-6004,Purchase Order PO-25-6004,PROPONENT,2025-03-21,Aeroparts AOG DWC LLC,USD,1,Draft,2025-03-21,45,261.28,NE,WASHER,201275896,8,32.66,2025-03-21,EA,EA,1,32.66
PO-25-6004,Purchase Order PO-25-6004,PROPONENT,2025-03-21,Aeroparts AOG DWC LLC,USD,1,Draft,2025-03-21,46,435.22,NE,DRAIN FILTER,7600763,2,217.61,2025-03-21,EA,EA,1,217.61
PO-25-6006,Purchase Order PO-25-6006,WENCOR,2025-03-24,Aeroparts AOG DWC LLC,USD,1,Draft,2025-03-24,1,0.0,NE,O-RING 5/8 INCH ID 3,M83248-1-016,25,0,2025-03-24,EA,EA,1,0
PO-25-6006,Purchase Order PO-25-6006,WENCOR,2025-03-24,Aeroparts AOG DWC LLC,USD,1,Draft,2025-03-24,2,9.0,NE,COTTER PIN,MS24665-86,100,0.09,2025-03-24,EA,EA,1,0.09
PO-25-6006,Purchase Order PO-25-6006,WENCOR,2025-03-24,Aeroparts AOG DWC LLC,USD,1,Draft,2025-03-24,3,25.0,NE,PIN,MS24665-376,100,0.25,2025-03-24,EA,EA,1,0.25
PO-25-6006,Purchase Order PO-25-6006,WENCOR,2025-03-24,Aeroparts AOG DWC LLC,USD,1,Draft,2025-03-24,4,14.000000000000002,NE,PIN,MS24665-372,100,0.14,2025-03-24,EA,EA,1,0.14
PO-25-6006,Purchase Order PO-25-6006,WENCOR,2025-03-24,Aeroparts AOG DWC LLC,USD,1,Draft,2025-03-24,5,19.0,NE,PIN,MS24665-360,100,0.19,2025-03-24,EA,EA,1,0.19
PO-25-6006,Purchase Order PO-25-6006,WENCOR,2025-03-24,Aeroparts AOG DWC LLC,USD,1,Draft,2025-03-24,6,13.0,NE,PIN,MS24665-357,100,0.13,2025-03-24,EA,EA,1,0.13
PO-25-6006,Purchase Order PO-25-6006,WENCOR,2025-03-24,Aeroparts AOG DWC LLC,USD,1,Draft,2025-03-24,7,17.0,NE,PIN,MS24665-310,100,0.17,2025-03-24,EA,EA,1,0.17
PO-25-6006,Purchase Order PO-25-6006,WENCOR,2025-03-24,Aeroparts AOG DWC LLC,USD,1,Draft,2025-03-24,8,26.0,NE,PIN,MS24665-309,100,0.26,2025-03-24,EA,EA,1,0.26
PO-25-6006,Purchase Order PO-25-6006,WENCOR,2025-03-24,Aeroparts AOG DWC LLC,USD,1,Draft,2025-03-24,9,18.0,NE,PIN,MS24665-308,100,0.18,2025-03-24,EA,EA,1,0.18
PO-25-6006,Purchase Order PO-25-6006,WENCOR,2025-03-24,Aeroparts AOG DWC LLC,USD,1,Draft,2025-03-24,10,15.0,NE,PIN,MS24665-306,100,0.15,2025-03-24,EA,EA,1,0.15
PO-25-6006,Purchase Order PO-25-6006,WENCOR,2025-03-24,Aeroparts AOG DWC LLC,USD,1,Draft,2025-03-24,11,324.0,NE,RED WASHER,282101,30,10.8,2025-03-24,EA,EA,1,10.8
PO-25-6006,Purchase Order PO-25-6006,WENCOR,2025-03-24,Aeroparts AOG DWC LLC,USD,1,Draft,2025-03-24,12,33.0,NE,"PIN, COTTER",MS24665-304,100,0.33,2025-03-24,EA,EA,1,0.33
PO-25-6006,Purchase Order PO-25-6006,WENCOR,2025-03-24,Aeroparts AOG DWC LLC,USD,1,Draft,2025-03-24,13,18.0,NE,"PIN, COTTER",MS24665-302,100,0.18,2025-03-24,EA,EA,1,0.18
PO-25-6006,Purchase Order PO-25-6006,WENCOR,2025-03-24,Aeroparts AOG DWC LLC,USD,1,Draft,2025-03-24,14,14.000000000000002,NE,"PIN, COTTER",MS24665-300,100,0.14,2025-03-24,EA,EA,1,0.14
PO-25-6006,Purchase Order PO-25-6006,WENCOR,2025-03-24,Aeroparts AOG DWC LLC,USD,1,Draft,2025-03-24,15,9.0,NE,PIN-COTTER,MS24665-285,100,0.09,2025-03-24,EA,EA,1,0.09
PO-25-6006,Purchase Order PO-25-6006,WENCOR,2025-03-24,Aeroparts AOG DWC LLC,USD,1,Draft,2025-03-24,16,13.0,NE,STEEL,MS24665-283,100,0.13,2025-03-24,EA,EA,1,0.13
PO-25-6006,Purchase Order PO-25-6006,WENCOR,2025-03-24,Aeroparts AOG DWC LLC,USD,1,Draft,2025-03-24,17,11.0,NE,PIN,MS24665-231,100,0.11,2025-03-24,EA,EA,1,0.11
PO-25-6006,Purchase Order PO-25-6006,WENCOR,2025-03-24,Aeroparts AOG DWC LLC,USD,1,Draft,2025-03-24,18,14.000000000000002,NE,PIN,MS24665-174,100,0.14,2025-03-24,EA,EA,1,0.14
PO-25-6006,Purchase Order PO-25-6006,WENCOR,2025-03-24,Aeroparts AOG DWC LLC,USD,1,Draft,2025-03-24,19,31.0,NE,"PIN, COTTER",MS24665-172,100,0.31,2025-03-24,EA,EA,1,0.31
PO-25-6006,Purchase Order PO-25-6006,WENCOR,2025-03-24,Aeroparts AOG DWC LLC,USD,1,Draft,2025-03-24,20,25.0,NE,PIN,MS24665-162,100,0.25,2025-03-24,EA,EA,1,0.25
PO-25-6006,Purchase Order PO-25-6006,WENCOR,2025-03-24,Aeroparts AOG DWC LLC,USD,1,Draft,2025-03-24,21,13.0,NE,PIN,MS24665-155,100,0.13,2025-03-24,EA,EA,1,0.13
PO-25-6006,Purchase Order PO-25-6006,WENCOR,2025-03-24,Aeroparts AOG DWC LLC,USD,1,Draft,2025-03-24,22,33.0,NE,"PIN, COTTER",MS24665-153,150,0.22,2025-03-24,EA,EA,1,0.22
PO-25-6006,Purchase Order PO-25-6006,WENCOR,2025-03-24,Aeroparts AOG DWC LLC,USD,1,Draft,2025-03-24,23,11.0,NE,PIN,MS24665-151,100,0.11,2025-03-24,EA,EA,1,0.11
PO-25-6006,Purchase Order PO-25-6006,WENCOR,2025-03-24,Aeroparts AOG DWC LLC,USD,1,Draft,2025-03-24,24,9.0,NE,PIN,MS24665-134,100,0.09,2025-03-24,EA,EA,1,0.09
PO-25-6006,Purchase Order PO-25-6006,WENCOR,2025-03-24,Aeroparts AOG DWC LLC,USD,1,Draft,2025-03-24,25,9.0,NE,PIN,MS24665-132,100,0.09,2025-03-24,EA,EA,1,0.09
PO-25-6006,Purchase Order PO-25-6006,WENCOR,2025-03-24,Aeroparts AOG DWC LLC,USD,1,Draft,2025-03-24,26,23.75,NE,O-RING 5/8 INCH ID 3,M83248-1-016,25,0.95,2025-03-24,EA,EA,1,0.95
PO-25-6006,Purchase Order PO-25-6006,WENCOR,2025-03-24,Aeroparts AOG DWC LLC,USD,1,Draft,2025-03-24,27,18.400000000000002,NE,PACKING,M25988-1-018,10,1.84,2025-03-24,EA,EA,1,1.84
PO-25-6006,Purchase Order PO-25-6006,WENCOR,2025-03-24,Aeroparts AOG DWC LLC,USD,1,Draft,2025-03-24,28,112.00000000000001,NE,RING,AS43013-155,25,4.48,2025-03-24,EA,EA,1,4.48
PO-25-6006,Purchase Order PO-25-6006,WENCOR,2025-03-24,Aeroparts AOG DWC LLC,USD,1,Draft,2025-03-24,29,14.72,NE,PACKING,AS43003-908,8,1.84,2025-03-24,EA,EA,1,1.84
PO-25-6006,Purchase Order PO-25-6006,WENCOR,2025-03-24,Aeroparts AOG DWC LLC,USD,1,Draft,2025-03-24,30,713.88,NE,FUEL FILTER ELEMENT,3882496-1,2,356.94,2025-03-24,EA,EA,1,356.94
PO-25-6007,Purchase Order PO-25-6007,PDQ AIRSPARES,2025-03-24,Aeroparts AOG DWC LLC,USD,1,Draft,2025-03-24,1,300.0,NE,CLAMP BLOCK,F0003150100000,3,100,2025-03-24,EA,EA,1,100
PO-25-6008,Purchase Order PO-25-6008,Pacific Air Industries,2025-03-24,Aeroparts AOG DWC LLC,USD,1,Draft,2025-03-24,1,1462.5,NE,WASHER,A5461085450000,15,97.5,2025-03-24,EA,EA,1,97.5
PO-25-6008,Purchase Order PO-25-6008,Pacific Air Industries,2025-03-24,Aeroparts AOG DWC LLC,USD,1,Draft,2025-03-24,2,88.19999999999999,NE,TUBE,S8991A4H142M,6,14.7,2025-03-24,EA,EA,1,14.7
PO-25-6009,Purchase Order PO-25-6009,BOEING FLEET,2025-03-24,Aeroparts AOG DWC LLC,USD,1,Draft,2025-03-24,1,28.499999999999996,NE,SCREW,NAS1102E3-8,50,0.57,2025-03-24,EA,EA,1,0.57
PO-25-6010,Purchase Order PO-25-6010,BOEING DISTRIBUTION SERVICES,2025-03-24,Aeroparts AOG DWC LLC,USD,1,Draft,2025-03-24,1,50.0,NE,WASHER,AS12943,50,1,2025-03-24,EA,EA,1,1
PO-25-6010,Purchase Order PO-25-6010,BOEING DISTRIBUTION SERVICES,2025-03-24,Aeroparts AOG DWC LLC,USD,1,Draft,2025-03-24,2,636.0,NE,BOLT,AS54744,5,127.2,2025-03-24,EA,EA,1,127.2
PO-25-6010,Purchase Order PO-25-6010,BOEING DISTRIBUTION SERVICES,2025-03-24,Aeroparts AOG DWC LLC,USD,1,Draft,2025-03-24,3,50.0,NE,BOLT,NAS1790-3R4,50,1,2025-03-24,EA,EA,1,1
PO-25-6011,Purchase Order PO-25-6011,"Mitchell Aircraft, LLC",2025-03-24,Aeroparts AOG DWC LLC,USD,1,Draft,2025-03-24,1,35.0,NE,INTERNATIONAL WIRE FEE,INTL WIRE FEE,1,35,2025-03-24,EA,EA,1,35
PO-25-6011,Purchase Order PO-25-6011,"Mitchell Aircraft, LLC",2025-03-24,Aeroparts AOG DWC LLC,USD,1,Draft,2025-03-24,2,5250.0,NE,PUMP,974540,1,5250,2025-03-24,EA,EA,1,5250
PO-25-6012,Purchase Order PO-25-6012,GLOBAL AVIATION RESOURCES,2025-03-25,Aeroparts AOG DWC LLC,USD,1,Draft,2025-03-25,1,53000.0,NE,AIR DATA AND INERTIAL REF UNIT,465020-03030316,1,53000,2025-02-21,EA,EA,1,53000
PO-25-6013,Purchase Order PO-25-6013,BOEING DISTRIBUTION SERVICES,2025-03-25,Aeroparts AOG DWC LLC,USD,1,Draft,2025-03-25,1,1440.0,NE,RECEPTACLE,EN6092-01,250,5.76,2025-03-25,EA,EA,1,5.76
PO-25-6013,Purchase Order PO-25-6013,BOEING DISTRIBUTION SERVICES,2025-03-25,Aeroparts AOG DWC LLC,USD,1,Draft,2025-03-25,2,2400.0,NE,SCREW,NAS1102E3-12,240,10,2025-03-25,EA,EA,1,10
PO-25-6013,Purchase Order PO-25-6013,BOEING DISTRIBUTION SERVICES,2025-03-25,Aeroparts AOG DWC LLC,USD,1,Draft,2025-03-25,3,652.0,NE,SCREW,ASNA2001T3-10,100,6.52,2025-03-25,EA,EA,1,6.52
PO-25-6013,Purchase Order PO-25-6013,BOEING DISTRIBUTION SERVICES,2025-03-25,Aeroparts AOG DWC LLC,USD,1,Draft,2025-03-25,4,148.0,NE,SCREW,NAS1102E3-8,200,0.74,2025-03-25,EA,EA,1,0.74
PO-25-6013,Purchase Order PO-25-6013,BOEING DISTRIBUTION SERVICES,2025-03-25,Aeroparts AOG DWC LLC,USD,1,Draft,2025-03-25,5,48.0,NE,RIVET,DAN203B50,600,0.08,2025-03-25,EA,EA,1,0.08
PO-25-6014,Purchase Order PO-25-6014,PROPONENT,2025-03-25,Aeroparts AOG DWC LLC,USD,1,Draft,2025-03-25,1,60.0,NE,SCREW,NAS1096-2-10,200,0.3,2025-03-25,EA,EA,1,0.3
PO-25-6015,Purchase Order PO-25-6015,WENCOR,2025-03-25,Aeroparts AOG DWC LLC,USD,1,Draft,2025-03-25,1,18.0,NE,WASHER,NAS1149FN832P,200,0.09,2025-03-25,EA,EA,1,0.09
PO-25-6016,Purchase Order PO-25-6016,"GA TELESIS, LLC",2025-03-25,Aeroparts AOG DWC LLC,USD,1,Draft,2025-03-25,1,25750.0,NE,WINDSHIELD,141T4004-21,1,25750,2025-03-25,EA,EA,1,25750
PO-25-6017,Purchase Order PO-25-6017,BOEING FLEET,2025-03-26,Aeroparts AOG DWC LLC,USD,1,Draft,2025-03-26,1,5002.0,NE,PLATE,654A0004-169,2,2501,2025-03-26,EA,EA,1,2501
PO-25-6018,Purchase Order PO-25-6018,FEDERAL TECHNOLOGY LLC,2025-03-26,Aeroparts AOG DWC LLC,USD,1,Draft,2025-03-26,1,745.17,NE,VAT,VAT,1,745.17,2025-03-26,EA,EA,1,745.17
PO-25-6018,Purchase Order PO-25-6018,FEDERAL TECHNOLOGY LLC,2025-03-26,Aeroparts AOG DWC LLC,USD,1,Draft,2025-03-26,2,14903.46,NE,SUPPLY & INSTALLATION OF CCTV & ACCESS CONTROL SYS,INSTALLATION SERVICES,1,14903.46,2025-03-26,EA,EA,1,14903.46
PO-25-6019,Purchase Order PO-25-6019,Airbus,2025-03-26,Aeroparts AOG DWC LLC,USD,1,Draft,2025-03-26,1,93.60000000000001,NE,SPACER,NSA5653-21-0287,9,10.4,2025-03-26,EA,EA,1,10.4
PO-25-6019,Purchase Order PO-25-6019,Airbus,2025-03-26,Aeroparts AOG DWC LLC,USD,1,Draft,2025-03-26,2,3220.0,NE,COVER,F2527035801400,1,3220,2025-03-26,EA,EA,1,3220
PO-25-6019,Purchase Order PO-25-6019,Airbus,2025-03-26,Aeroparts AOG DWC LLC,USD,1,Draft,2025-03-26,3,155.6,NE,GASKET,F2151514020000,2,77.8,2025-03-26,EA,EA,1,77.8
PO-25-6019,Purchase Order PO-25-6019,Airbus,2025-03-26,Aeroparts AOG DWC LLC,USD,1,Draft,2025-03-26,4,15268.500000000002,NE,"HOLDER, ELAST.",F2128505020000,405,37.7,2025-03-26,EA,EA,1,37.7
PO-25-6019,Purchase Order PO-25-6019,Airbus,2025-03-26,Aeroparts AOG DWC LLC,USD,1,Draft,2025-03-26,5,1056.0,NE,SEAL,F5453043021000,2,528,2025-03-26,EA,EA,1,528
PO-25-6019,Purchase Order PO-25-6019,Airbus,2025-03-26,Aeroparts AOG DWC LLC,USD,1,Draft,2025-03-26,6,896.0,NE,SEAL,F5453043021200,4,224,2025-03-26,EA,EA,1,224
PO-25-6019,Purchase Order PO-25-6019,Airbus,2025-03-26,Aeroparts AOG DWC LLC,USD,1,Draft,2025-03-26,7,896.0,NE,SEAL,F5453043021300,4,224,2025-03-26,EA,EA,1,224
PO-25-6019,Purchase Order PO-25-6019,Airbus,2025-03-26,Aeroparts AOG DWC LLC,USD,1,Draft,2025-03-26,8,750.0,NE,SEAL,F5453043021100,3,250,2025-03-26,EA,EA,1,250
PO-25-6019,Purchase Order PO-25-6019,Airbus,2025-03-26,Aeroparts AOG DWC LLC,USD,1,Draft,2025-03-26,9,605.0,NE,SEAL,F5453043020600,1,605,2025-03-26,EA,EA,1,605
PO-25-6019,Purchase Order PO-25-6019,Airbus,2025-03-26,Aeroparts AOG DWC LLC,USD,1,Draft,2025-03-26,10,672.0,NE,SEAL,F5453043020800,3,224,2025-03-26,EA,EA,1,224
PO-25-6019,Purchase Order PO-25-6019,Airbus,2025-03-26,Aeroparts AOG DWC LLC,USD,1,Draft,2025-03-26,11,1776.0,NE,SEAL,F5453043020700,3,592,2025-03-26,EA,EA,1,592
PO-25-6019,Purchase Order PO-25-6019,Airbus,2025-03-26,Aeroparts AOG DWC LLC,USD,1,Draft,2025-03-26,12,672.0,NE,SEAL,F5453043020900,3,224,2025-03-26,EA,EA,1,224
PO-25-6019,Purchase Order PO-25-6019,Airbus,2025-03-26,Aeroparts AOG DWC LLC,USD,1,Draft,2025-03-26,13,705.0,NE,SEAL,F5453043021500,3,235,2025-03-26,EA,EA,1,235
PO-25-6019,Purchase Order PO-25-6019,Airbus,2025-03-26,Aeroparts AOG DWC LLC,USD,1,Draft,2025-03-26,14,348.0,NE,SEAL,F5453043021600,1,348,2025-03-26,EA,EA,1,348
PO-25-6019,Purchase Order PO-25-6019,Airbus,2025-03-26,Aeroparts AOG DWC LLC,USD,1,Draft,2025-03-26,15,224.0,NE,SEAL,F5453043020400,1,224,2025-03-26,EA,EA,1,224
PO-25-6019,Purchase Order PO-25-6019,Airbus,2025-03-26,Aeroparts AOG DWC LLC,USD,1,Draft,2025-03-26,16,502.0,NE,SEAL,F5453043020500,1,502,2025-03-26,EA,EA,1,502
PO-25-6019,Purchase Order PO-25-6019,Airbus,2025-03-26,Aeroparts AOG DWC LLC,USD,1,Draft,2025-03-26,17,140.0,NE,SEAL,F5453044020000,1,140,2025-03-26,EA,EA,1,140
PO-25-6019,Purchase Order PO-25-6019,Airbus,2025-03-26,Aeroparts AOG DWC LLC,USD,1,Draft,2025-03-26,18,100.0,NE,SEAL,F5453048820000,1,100,2025-03-26,EA,EA,1,100
PO-25-6019,Purchase Order PO-25-6019,Airbus,2025-03-26,Aeroparts AOG DWC LLC,USD,1,Draft,2025-03-26,19,161.0,NE,FLAG,F5237149120600,1,161,2025-03-26,EA,EA,1,161
PO-25-6019,Purchase Order PO-25-6019,Airbus,2025-03-26,Aeroparts AOG DWC LLC,USD,1,Draft,2025-03-26,20,106.6,NE,SPACER,F5757467720000,2,53.3,2025-03-26,EA,EA,1,53.3
PO-25-6019,Purchase Order PO-25-6019,Airbus,2025-03-26,Aeroparts AOG DWC LLC,USD,1,Draft,2025-03-26,21,148.0,NE,SEAL,F5453044320000,1,148,2025-03-26,EA,EA,1,148
PO-25-6020,Purchase Order PO-25-6020,BOEING FLEET,2025-03-26,Aeroparts AOG DWC LLC,USD,1,Draft,2025-03-26,1,3368.0,NE,PEEPHOLE ASSY,CDSP6200-5,2,1684,2025-03-26,EA,EA,1,1684
PO-25-6023,Purchase Order PO-25-6023,PROPONENT,2025-03-27,Aeroparts AOG DWC LLC,USD,1,Draft,2025-03-27,1,94.0,NE,NUT,NSA5110-3-1,50,1.88,2025-03-27,EA,EA,1,1.88
PO-25-6023,Purchase Order PO-25-6023,PROPONENT,2025-03-27,Aeroparts AOG DWC LLC,USD,1,Draft,2025-03-27,2,171.5,NE,COLLAR,NSA5076-6,50,3.43,2025-03-27,EA,EA,1,3.43
PO-25-6023,Purchase Order PO-25-6023,PROPONENT,2025-03-27,Aeroparts AOG DWC LLC,USD,1,Draft,2025-03-27,3,45.0,NE,O-RING,NAS617-6,100,0.45,2025-03-27,EA,EA,1,0.45
PO-25-6023,Purchase Order PO-25-6023,PROPONENT,2025-03-27,Aeroparts AOG DWC LLC,USD,1,Draft,2025-03-27,4,53.5,NE,PACKING,NAS1612-5,50,1.07,2025-03-27,EA,EA,1,1.07
PO-25-6023,Purchase Order PO-25-6023,PROPONENT,2025-03-27,Aeroparts AOG DWC LLC,USD,1,Draft,2025-03-27,5,48.0,NE,O-RING,NAS1612-4,50,0.96,2025-03-27,EA,EA,1,0.96
PO-25-6023,Purchase Order PO-25-6023,PROPONENT,2025-03-27,Aeroparts AOG DWC LLC,USD,1,Draft,2025-03-27,6,59.0,NE,PACKING,NAS1612-16A,50,1.18,2025-03-27,EA,EA,1,1.18
PO-25-6023,Purchase Order PO-25-6023,PROPONENT,2025-03-27,Aeroparts AOG DWC LLC,USD,1,Draft,2025-03-27,7,114.99999999999999,NE,PACKING,NAS1611-241,50,2.3,2025-03-27,EA,EA,1,2.3
PO-25-6023,Purchase Order PO-25-6023,PROPONENT,2025-03-27,Aeroparts AOG DWC LLC,USD,1,Draft,2025-03-27,8,162.0,NE,PACKING,NAS1611-209,100,1.62,2025-03-27,EA,EA,1,1.62
PO-25-6023,Purchase Order PO-25-6023,PROPONENT,2025-03-27,Aeroparts AOG DWC LLC,USD,1,Draft,2025-03-27,9,120.0,NE,O-RING,NAS1611-122,100,1.2,2025-03-27,EA,EA,1,1.2
PO-25-6023,Purchase Order PO-25-6023,PROPONENT,2025-03-27,Aeroparts AOG DWC LLC,USD,1,Draft,2025-03-27,10,92.0,NE,Packing,NAS1611-115,100,0.92,2025-03-27,EA,EA,1,0.92
PO-25-6023,Purchase Order PO-25-6023,PROPONENT,2025-03-27,Aeroparts AOG DWC LLC,USD,1,Draft,2025-03-27,11,148.0,NE,O-RING,NAS1611-029,100,1.48,2025-03-27,EA,EA,1,1.48
PO-25-6023,Purchase Order PO-25-6023,PROPONENT,2025-03-27,Aeroparts AOG DWC LLC,USD,1,Draft,2025-03-27,12,65.0,NE,O-RING,NAS1611-016A,100,0.65,2025-03-27,EA,EA,1,0.65
PO-25-6023,Purchase Order PO-25-6023,PROPONENT,2025-03-27,Aeroparts AOG DWC LLC,USD,1,Draft,2025-03-27,13,69.0,NE,O-RING,NAS1611-008,100,0.69,2025-03-27,EA,EA,1,0.69
PO-25-6023,Purchase Order PO-25-6023,PROPONENT,2025-03-27,Aeroparts AOG DWC LLC,USD,1,Draft,2025-03-27,14,153.0,NE,O-RING,MS29561-259,50,3.06,2025-03-27,EA,EA,1,3.06
PO-25-6023,Purchase Order PO-25-6023,PROPONENT,2025-03-27,Aeroparts AOG DWC LLC,USD,1,Draft,2025-03-27,15,59.0,NE,O-RING,MS29561-145,50,1.18,2025-03-27,EA,EA,1,1.18
PO-25-6023,Purchase Order PO-25-6023,PROPONENT,2025-03-27,Aeroparts AOG DWC LLC,USD,1,Draft,2025-03-27,16,49.0,NE,O-RING,MS29561-009,100,0.49,2025-03-27,EA,EA,1,0.49
PO-25-6023,Purchase Order PO-25-6023,PROPONENT,2025-03-27,Aeroparts AOG DWC LLC,USD,1,Draft,2025-03-27,17,511.68,NE,GASKET,MS27196-32,32,15.99,2025-03-27,EA,EA,1,15.99
PO-25-6024,Purchase Order PO-25-6024,GULF AIRCRAFT & ENGINEERING SERVICES,2025-03-27,Aeroparts AOG DWC LLC,USD,1,Draft,2025-03-27,1,50.0,NE,PROCESSING FEE,PROCESSING FEE,1,50,2025-03-27,EA,EA,1,50
PO-25-6024,Purchase Order PO-25-6024,GULF AIRCRAFT & ENGINEERING SERVICES,2025-03-27,Aeroparts AOG DWC LLC,USD,1,Draft,2025-03-27,2,250.0,NE,CUSTOMS PROCESSING FEE,CUSTOMS PROCESSING FEE,1,250,2025-03-27,EA,EA,1,250
PO-25-6024,Purchase Order PO-25-6024,GULF AIRCRAFT & ENGINEERING SERVICES,2025-03-27,Aeroparts AOG DWC LLC,USD,1,Draft,2025-03-27,3,2400.0,NE,RING,A5735003820200,12,200,2025-03-27,EA,EA,1,200
PO-25-6024,Purchase Order PO-25-6024,GULF AIRCRAFT & ENGINEERING SERVICES,2025-03-27,Aeroparts AOG DWC LLC,USD,1,Draft,2025-03-27,4,1440.0,NE,PACKING,D5713019420400,8,180,2025-03-27,EA,EA,1,180
PO-25-6024,Purchase Order PO-25-6024,GULF AIRCRAFT & ENGINEERING SERVICES,2025-03-27,Aeroparts AOG DWC LLC,USD,1,Draft,2025-03-27,5,4200.0,NE,SEAL,F5598003220000,10,420,2025-03-27,EA,EA,1,420
PO-25-6025,Purchase Order PO-25-6025,WENCOR,2025-03-27,Aeroparts AOG DWC LLC,USD,1,Draft,2025-03-27,1,35.5,NE,WASHER,NSA5355-4CA,50,0.71,2025-03-27,EA,EA,1,0.71
PO-25-6025,Purchase Order PO-25-6025,WENCOR,2025-03-27,Aeroparts AOG DWC LLC,USD,1,Draft,2025-03-27,2,65.0,NE,"NUT, SELF-LOCK, SHEAR TYPE",NAS1726-3E,50,1.3,2025-03-27,EA,EA,1,1.3
PO-25-6025,Purchase Order PO-25-6025,WENCOR,2025-03-27,Aeroparts AOG DWC LLC,USD,1,Draft,2025-03-27,3,112.00000000000001,NE,WASHER,NAS1149D0332K,400,0.28,2025-03-27,EA,EA,1,0.28
PO-25-6025,Purchase Order PO-25-6025,WENCOR,2025-03-27,Aeroparts AOG DWC LLC,USD,1,Draft,2025-03-27,4,15.0,NE,WASHER,NAS1149C0463R,100,0.15,2025-03-27,EA,EA,1,0.15
PO-25-6026,Purchase Order PO-25-6026,LGM AVIATION LTD,2025-03-27,Aeroparts AOG DWC LLC,USD,1,Draft,2025-03-27,1,550.0,NE,HAZMAT CHARGES,HAZMAT,1,550,2025-03-27,EA,EA,1,550
PO-25-6026,Purchase Order PO-25-6026,LGM AVIATION LTD,2025-03-27,Aeroparts AOG DWC LLC,USD,1,Draft,2025-03-27,2,7000.0,NE,OXY GENERATOR ASSY,117042-04,7,1000,2025-03-27,EA,EA,1,1000
PO-25-6027,Purchase Order PO-25-6027,ALLEN FREIGHT FZCO,2025-03-28,Aeroparts AOG DWC LLC,USD,1,Draft,2025-03-28,1,1160.2,NE,Air Freight Charge ( Courier ) ( SIN-DXB ),AIR FREIGHT CHARGE ( COURIER ) ( SIN-DXB,1,1160.2,2025-03-28,EA,EA,1,1160.2
PO-25-6028,Purchase Order PO-25-6028,ALLEN FREIGHT FZCO,2025-03-28,Aeroparts AOG DWC LLC,USD,1,Draft,2025-03-28,1,4874.21,NE,AIR FREIGHT CHARGES ( TURKEY-DXB ),AIR FREIGHT CHARGES ( TURKEY-DXB ),1,4874.21,2025-03-28,EA,EA,1,4874.21
PO-25-6029,Purchase Order PO-25-6029,ALLEN FREIGHT FZCO,2025-03-28,Aeroparts AOG DWC LLC,USD,1,Draft,2025-03-28,1,1077.04,NE,.,AIR FREIGHT CHARGES ( UK-DXB ),1,1077.04,2025-03-28,EA,EA,1,1077.04
PO-25-6030,Purchase Order PO-25-6030,ALLEN FREIGHT FZCO,2025-03-28,Aeroparts AOG DWC LLC,USD,1,Draft,2025-03-28,1,1793.4,NE,.,AIR FREIGHT CHARGES ( SIN-DXB ),1,1793.4,2025-03-28,EA,EA,1,1793.4
PO-25-6031,Purchase Order PO-25-6031,ALLEN FREIGHT FZCO,2025-03-28,Aeroparts AOG DWC LLC,USD,1,Draft,2025-03-28,1,1577.99,NE,.,AIR FREIGHT CHARGES ( GERMANY-DXB ),1,1577.99,2025-03-28,EA,EA,1,1577.99
PO-25-6032,Purchase Order PO-25-6032,ALLEN FREIGHT FZCO,2025-03-28,Aeroparts AOG DWC LLC,USD,1,Draft,2025-03-28,1,753.2,NE,.,AIR FREIGHT CHARGES ( USA-DXB ),1,753.2,2025-03-28,EA,EA,1,753.2
PO-25-6033,Purchase Order PO-25-6033,PROPONENT,2025-03-28,Aeroparts AOG DWC LLC,USD,1,Draft,2025-03-28,1,0.0,NE,PACKING,S9413-227,20,0,2025-03-28,EA,EA,1,0
PO-25-6033,Purchase Order PO-25-6033,PROPONENT,2025-03-28,Aeroparts AOG DWC LLC,USD,1,Draft,2025-03-28,2,98.5,NE,WASHER,SP108G,50,1.97,2025-03-28,EA,EA,1,1.97
PO-25-6033,Purchase Order PO-25-6033,PROPONENT,2025-03-28,Aeroparts AOG DWC LLC,USD,1,Draft,2025-03-28,3,67.75,NE,WASHER,SP107L,25,2.71,2025-03-28,EA,EA,1,2.71
PO-25-6033,Purchase Order PO-25-6033,PROPONENT,2025-03-28,Aeroparts AOG DWC LLC,USD,1,Draft,2025-03-28,4,72.2,NE,PACKING,S9413-227,20,3.61,2025-03-28,EA,EA,1,3.61
PO-25-6033,Purchase Order PO-25-6033,PROPONENT,2025-03-28,Aeroparts AOG DWC LLC,USD,1,Draft,2025-03-28,5,68.0,NE,PACKING,S9413-214,25,2.72,2025-03-28,EA,EA,1,2.72
PO-25-6033,Purchase Order PO-25-6033,PROPONENT,2025-03-28,Aeroparts AOG DWC LLC,USD,1,Draft,2025-03-28,6,67.25,NE,SEAL,S9413-114,25,2.69,2025-03-28,EA,EA,1,2.69
PO-25-6033,Purchase Order PO-25-6033,PROPONENT,2025-03-28,Aeroparts AOG DWC LLC,USD,1,Draft,2025-03-28,7,4320.0,NE,FILTER,430B100-3,16,270,2025-03-28,EA,EA,1,270
PO-25-6033,Purchase Order PO-25-6033,PROPONENT,2025-03-28,Aeroparts AOG DWC LLC,USD,1,Draft,2025-03-28,8,106.5,NE,RING FOR FLARED TUBE,NSA835070-5C,25,4.26,2025-03-28,EA,EA,1,4.26
PO-25-6033,Purchase Order PO-25-6033,PROPONENT,2025-03-28,Aeroparts AOG DWC LLC,USD,1,Draft,2025-03-28,9,127.0,NE,O-RING,NSA8205-114,50,2.54,2025-03-28,EA,EA,1,2.54
PO-25-6033,Purchase Order PO-25-6033,PROPONENT,2025-03-28,Aeroparts AOG DWC LLC,USD,1,Draft,2025-03-28,10,560.0,NE,O-RING,NSA8203-239,35,16,2025-03-28,EA,EA,1,16
PO-25-6033,Purchase Order PO-25-6033,PROPONENT,2025-03-28,Aeroparts AOG DWC LLC,USD,1,Draft,2025-03-28,11,344.5,NE,"O-RING, FLUOROSILICONE",NSA8203-238,25,13.78,2025-03-28,EA,EA,1,13.78
PO-25-6033,Purchase Order PO-25-6033,PROPONENT,2025-03-28,Aeroparts AOG DWC LLC,USD,1,Draft,2025-03-28,12,190.5,NE,O-RING,NSA8203-219,30,6.35,2025-03-28,EA,EA,1,6.35
PO-25-6033,Purchase Order PO-25-6033,PROPONENT,2025-03-28,Aeroparts AOG DWC LLC,USD,1,Draft,2025-03-28,13,123.50000000000001,NE,O-RING,NSA8202-5,50,2.47,2025-03-28,EA,EA,1,2.47
PO-25-6034,Purchase Order PO-25-6034,WENCOR,2025-03-28,Aeroparts AOG DWC LLC,USD,1,Draft,2025-03-28,1,44.3,NE,SEAL,S4165,10,4.43,2025-03-28,EA,EA,1,4.43
PO-25-6034,Purchase Order PO-25-6034,WENCOR,2025-03-28,Aeroparts AOG DWC LLC,USD,1,Draft,2025-03-28,2,45.0,NE,TIE-CABLE,NSA935401-05,100,0.45,2025-03-28,EA,EA,1,0.45
PO-25-6034,Purchase Order PO-25-6034,WENCOR,2025-03-28,Aeroparts AOG DWC LLC,USD,1,Draft,2025-03-28,3,60.92,NE,O-RING,NSA8208-259,4,15.23,2025-03-28,EA,EA,1,15.23
PO-25-6034,Purchase Order PO-25-6034,WENCOR,2025-03-28,Aeroparts AOG DWC LLC,USD,1,Draft,2025-03-28,4,94.72,NE,O-RING,NSA8202-6,32,2.96,2025-03-28,EA,EA,1,2.96
PO-25-6034,Purchase Order PO-25-6034,WENCOR,2025-03-28,Aeroparts AOG DWC LLC,USD,1,Draft,2025-03-28,5,240.0,NE,PACKING,NSA8200-2,50,4.8,2025-03-28,EA,EA,1,4.8
PO-25-6034,Purchase Order PO-25-6034,WENCOR,2025-03-28,Aeroparts AOG DWC LLC,USD,1,Draft,2025-03-28,6,107.5,NE,WASHER,NSA5355-7CA,50,2.15,2025-03-28,EA,EA,1,2.15
PO-25-6034,Purchase Order PO-25-6034,WENCOR,2025-03-28,Aeroparts AOG DWC LLC,USD,1,Draft,2025-03-28,7,65.0,NE,WASHER,NSA5355-5CA,50,1.3,2025-03-28,EA,EA,1,1.3
PO-25-6035,Purchase Order PO-25-6035,SAFARI AVIATION SERVICES FZE,2025-03-28,Aeroparts AOG DWC LLC,USD,1,Draft,2025-03-28,1,154.64,NE,NEVER SEEZ PURE NICKEL ANTI SEIZE 8 OZ 227.2 G CAN,NSBT-8N,2,77.32,2025-03-28,EA,EA,1,77.32
PO-25-6036,Purchase Order PO-25-6036,BOEING FLEET,2025-04-01,Aeroparts AOG DWC LLC,USD,1,Draft,2025-04-01,1,151.0,NE,BOLT,BACB30LH3-3,100,1.51,2025-03-18,EA,EA,1,1.51
PO-25-6036,Purchase Order PO-25-6036,BOEING FLEET,2025-04-01,Aeroparts AOG DWC LLC,USD,1,Draft,2025-04-01,2,13620.0,NE,UPPER COVER ASSY,251A3122-16,3,4540,2025-03-18,EA,EA,1,4540
PO-25-6036,Purchase Order PO-25-6036,BOEING FLEET,2025-04-01,Aeroparts AOG DWC LLC,USD,1,Draft,2025-04-01,3,13620.0,NE,UPPER COVER ASSY,251A3122-15,3,4540,2025-03-18,EA,EA,1,4540
PO-25-6037,Purchase Order PO-25-6037,BOEING FLEET,2025-04-01,Aeroparts AOG DWC LLC,USD,1,Draft,2025-04-01,1,18414.0,NE,PSU PANEL,002A0002-500,186,99,2025-03-18,EA,EA,1,99
PO-25-6037,Purchase Order PO-25-6037,BOEING FLEET,2025-04-01,Aeroparts AOG DWC LLC,USD,1,Draft,2025-04-01,2,11670.0,NE,TOP KIT,002A0072-2,3,3890,2025-03-18,EA,EA,1,3890
PO-25-6037,Purchase Order PO-25-6037,BOEING FLEET,2025-04-01,Aeroparts AOG DWC LLC,USD,1,Draft,2025-04-01,3,11670.0,NE,TOP KIT,002A0072-1,3,3890,2025-03-18,EA,EA,1,3890
PO-25-6038,Purchase Order PO-25-6038,WENCOR,2025-04-01,Aeroparts AOG DWC LLC,USD,1,Draft,2025-04-01,1,164.64,NE,CLAMP,ABS0901R040,21,7.84,2025-04-01,EA,EA,1,7.84
PO-25-6039,Purchase Order PO-25-6039,PDQ AIRSPARES,2025-04-02,Aeroparts AOG DWC LLC,USD,1,Draft,2025-04-02,1,750.0,NE,WASHER,R0SIML0C2600LW,6,125,2025-04-02,EA,EA,1,125
PO-25-6039,Purchase Order PO-25-6039,PDQ AIRSPARES,2025-04-02,Aeroparts AOG DWC LLC,USD,1,Draft,2025-04-02,2,300.0,NE,NUT,SIMASNA2056-02,4,75,2025-04-02,EA,EA,1,75
PO-25-6039,Purchase Order PO-25-6039,PDQ AIRSPARES,2025-04-02,Aeroparts AOG DWC LLC,USD,1,Draft,2025-04-02,3,175.0,NE,WASHER,K8831,100,1.75,2025-04-02,EA,EA,1,1.75
PO-25-6039,Purchase Order PO-25-6039,PDQ AIRSPARES,2025-04-02,Aeroparts AOG DWC LLC,USD,1,Draft,2025-04-02,4,1300.0,NE,"TEST KIT - MICROBIAL, FUEL",MICROBMONITOR 2,20,65,2025-04-02,KT,KT,1,65
PO-25-6040,Purchase Order PO-25-6040,BOEING FLEET,2025-04-02,Aeroparts AOG DWC LLC,USD,1,Draft,2025-04-02,1,569.9,NE,BUSHING,BACB28AK08-452,2,284.95,2025-04-02,EA,EA,1,284.95
PO-25-6041,Purchase Order PO-25-6041,WENCOR,2025-04-02,Aeroparts AOG DWC LLC,USD,1,Draft,2025-04-02,1,0.0,NE,RETAINER,ABS0341-2-01,40,0,2025-04-02,EA,EA,1,0
PO-25-6041,Purchase Order PO-25-6041,WENCOR,2025-04-02,Aeroparts AOG DWC LLC,USD,1,Draft,2025-04-02,2,0.0,NE,SCREW,DAN169E3-12,60,0,2025-04-02,EA,EA,1,0
PO-25-6041,Purchase Order PO-25-6041,WENCOR,2025-04-02,Aeroparts AOG DWC LLC,USD,1,Draft,2025-04-02,3,456.88,NE,WASHER,32595-1,8,57.11,2025-04-02,EA,EA,1,57.11
PO-25-6041,Purchase Order PO-25-6041,WENCOR,2025-04-02,Aeroparts AOG DWC LLC,USD,1,Draft,2025-04-02,4,764.68,NE,SCREW,20021-306,4,191.17,2025-04-02,EA,EA,1,191.17
PO-25-6041,Purchase Order PO-25-6041,WENCOR,2025-04-02,Aeroparts AOG DWC LLC,USD,1,Draft,2025-04-02,5,1359.16,NE,SCREW,20021-304,4,339.79,2025-04-02,EA,EA,1,339.79
PO-25-6041,Purchase Order PO-25-6041,WENCOR,2025-04-02,Aeroparts AOG DWC LLC,USD,1,Draft,2025-04-02,6,771.36,NE,CAP,32594-1,16,48.21,2025-04-02,EA,EA,1,48.21
PO-25-6041,Purchase Order PO-25-6041,WENCOR,2025-04-02,Aeroparts AOG DWC LLC,USD,1,Draft,2025-04-02,7,520.4,NE,SEAL,ABS5800D096B,4,130.1,2025-04-02,EA,EA,1,130.1
PO-25-6041,Purchase Order PO-25-6041,WENCOR,2025-04-02,Aeroparts AOG DWC LLC,USD,1,Draft,2025-04-02,8,770.0,NE,RETAINER,ABS0341-2-01,40,19.25,2025-04-02,EA,EA,1,19.25
PO-25-6041,Purchase Order PO-25-6041,WENCOR,2025-04-02,Aeroparts AOG DWC LLC,USD,1,Draft,2025-04-02,9,67.0,NE,PACKING,AS3582-140,25,2.68,2025-04-02,EA,EA,1,2.68
PO-25-6041,Purchase Order PO-25-6041,WENCOR,2025-04-02,Aeroparts AOG DWC LLC,USD,1,Draft,2025-04-02,10,36.9,NE,SCREW,NAS1102E3-16,30,1.23,2025-04-02,EA,EA,1,1.23
PO-25-6041,Purchase Order PO-25-6041,WENCOR,2025-04-02,Aeroparts AOG DWC LLC,USD,1,Draft,2025-04-02,11,165.0,NE,SCREW,DAN169E3-12,60,2.75,2025-04-02,EA,EA,1,2.75
PO-25-6041,Purchase Order PO-25-6041,WENCOR,2025-04-02,Aeroparts AOG DWC LLC,USD,1,Draft,2025-04-02,12,92.0,NE,"PACKING,PREFMD",NAS1612-6,50,1.84,2025-04-02,EA,EA,1,1.84
PO-25-6041,Purchase Order PO-25-6041,WENCOR,2025-04-02,Aeroparts AOG DWC LLC,USD,1,Draft,2025-04-02,13,87.5,NE,NUT,MS21075-3N,50,1.75,2025-04-02,EA,EA,1,1.75
PO-25-6042,Purchase Order PO-25-6042,LIFE LINK GENERAL TRANSPORT (L.L.C),2025-04-03,Aeroparts AOG DWC LLC,USD,1,Draft,2025-04-03,1,171.2,NE,.,"LOADING UNLOADING 
CUSTOMS CIRCUIT""",1,171.2,2025-04-03,EA,EA,1,171.2
PO-25-6043,Purchase Order PO-25-6043,OEM SERVICES,2025-04-03,Aeroparts AOG DWC LLC,USD,1,Draft,2025-04-03,1,34900.0,NE,"SSPC-SOLID STATE POWER CONTROLLER,PC",222CE06L15Y12,1,34900,2025-04-03,EA,EA,1,34900
PO-25-6044,Purchase Order PO-25-6044,PDQ AIRSPARES,2025-04-03,Aeroparts AOG DWC LLC,USD,1,Draft,2025-04-03,1,205.0,NE,BOLT,NAS1101-3H8,82,2.5,2025-04-03,EA,EA,1,2.5
PO-25-6045,Purchase Order PO-25-6045,WENCOR,2025-04-04,Aeroparts AOG DWC LLC,USD,1,Draft,2025-04-04,1,0.0,NE,WASHER,ABS0692-01,100,0,2025-04-04,EA,EA,1,0
PO-25-6045,Purchase Order PO-25-6045,WENCOR,2025-04-04,Aeroparts AOG DWC LLC,USD,1,Draft,2025-04-04,2,43.0,NE,WASHER,ABS0692-01,100,0.43,2025-04-04,EA,EA,1,0.43
PO-25-6045,Purchase Order PO-25-6045,WENCOR,2025-04-04,Aeroparts AOG DWC LLC,USD,1,Draft,2025-04-04,3,1524.9,NE,HANDLE SECTION,A2527576120400,10,152.49,2025-04-04,EA,EA,1,152.49
PO-25-6045,Purchase Order PO-25-6045,WENCOR,2025-04-04,Aeroparts AOG DWC LLC,USD,1,Draft,2025-04-04,4,13.0,NE,SCREW,NAS1102-06-4,50,0.26,2025-04-04,EA,EA,1,0.26
PO-25-6045,Purchase Order PO-25-6045,WENCOR,2025-04-04,Aeroparts AOG DWC LLC,USD,1,Draft,2025-04-04,5,900.24,NE,MOUNTING BLOCKS,72879-1,2,450.12,2025-04-04,EA,EA,1,450.12
PO-25-6046,Purchase Order PO-25-6046,PROPONENT,2025-04-04,Aeroparts AOG DWC LLC,USD,1,Draft,2025-04-04,1,50.0,NE,WASHER-FLAT,AN960C416,500,0.1,2025-04-04,EA,EA,1,0.1
PO-25-6046,Purchase Order PO-25-6046,PROPONENT,2025-04-04,Aeroparts AOG DWC LLC,USD,1,Draft,2025-04-04,2,99.5,NE,BONDING JUMPER,E0090-10-125,50,1.99,2025-04-04,EA,EA,1,1.99
PO-25-6046,Purchase Order PO-25-6046,PROPONENT,2025-04-04,Aeroparts AOG DWC LLC,USD,1,Draft,2025-04-04,3,39.900000000000006,NE,BONDING JUMPER,E0090-10-380,30,1.33,2025-04-04,EA,EA,1,1.33
PO-25-6046,Purchase Order PO-25-6046,PROPONENT,2025-04-04,Aeroparts AOG DWC LLC,USD,1,Draft,2025-04-04,4,91.5,NE,BONDING JUMPER,E0088-10-160,50,1.83,2025-04-04,EA,EA,1,1.83
PO-25-6046,Purchase Order PO-25-6046,PROPONENT,2025-04-04,Aeroparts AOG DWC LLC,USD,1,Draft,2025-04-04,5,104.5,NE,CONTACT,EN3155-016M2018,50,2.09,2025-04-04,EA,EA,1,2.09
PO-25-6046,Purchase Order PO-25-6046,PROPONENT,2025-04-04,Aeroparts AOG DWC LLC,USD,1,Draft,2025-04-04,6,258.0,NE,CLIP SPRING,DAN313-01A,100,2.58,2025-04-04,EA,EA,1,2.58
PO-25-6046,Purchase Order PO-25-6046,PROPONENT,2025-04-04,Aeroparts AOG DWC LLC,USD,1,Draft,2025-04-04,7,193.0,NE,STUD,ABS0718-07,100,1.93,2025-04-04,EA,EA,1,1.93
PO-25-6046,Purchase Order PO-25-6046,PROPONENT,2025-04-04,Aeroparts AOG DWC LLC,USD,1,Draft,2025-04-04,8,122.50000000000001,NE,STUD,ABS0718A06,50,2.45,2025-04-04,EA,EA,1,2.45
PO-25-6046,Purchase Order PO-25-6046,PROPONENT,2025-04-04,Aeroparts AOG DWC LLC,USD,1,Draft,2025-04-04,9,168.0,NE,STUD,ABS0718A05,100,1.68,2025-04-04,EA,EA,1,1.68
PO-25-6046,Purchase Order PO-25-6046,PROPONENT,2025-04-04,Aeroparts AOG DWC LLC,USD,1,Draft,2025-04-04,10,187.0,NE,STUD,ABS0718A03,100,1.87,2025-04-04,EA,EA,1,1.87
PO-25-6046,Purchase Order PO-25-6046,PROPONENT,2025-04-04,Aeroparts AOG DWC LLC,USD,1,Draft,2025-04-04,11,42.0,NE,SCREW,NAS1102-08-5,350,0.12,2025-04-04,EA,EA,1,0.12
PO-25-6046,Purchase Order PO-25-6046,PROPONENT,2025-04-04,Aeroparts AOG DWC LLC,USD,1,Draft,2025-04-04,12,84.7,NE,LOCKING,NAS1193E4-2,10,8.47,2025-04-04,EA,EA,1,8.47
PO-25-6046,Purchase Order PO-25-6046,PROPONENT,2025-04-04,Aeroparts AOG DWC LLC,USD,1,Draft,2025-04-04,13,69.4,NE,LOCKING,NAS1193E4-1,10,6.94,2025-04-04,EA,EA,1,6.94
PO-25-6046,Purchase Order PO-25-6046,PROPONENT,2025-04-04,Aeroparts AOG DWC LLC,USD,1,Draft,2025-04-04,14,218.29999999999998,NE,LOWER SHROUD,SB3-002-010-02,5,43.66,2025-04-04,EA,EA,1,43.66
PO-25-6046,Purchase Order PO-25-6046,PROPONENT,2025-04-04,Aeroparts AOG DWC LLC,USD,1,Draft,2025-04-04,15,1046.45,NE,SHROUD,SB3-002-010-01,5,209.29,2025-04-04,EA,EA,1,209.29
PO-25-6046,Purchase Order PO-25-6046,PROPONENT,2025-04-04,Aeroparts AOG DWC LLC,USD,1,Draft,2025-04-04,16,239.1,NE,MODULE,NSA934120-01,10,23.91,2025-04-04,EA,EA,1,23.91
PO-25-6046,Purchase Order PO-25-6046,PROPONENT,2025-04-04,Aeroparts AOG DWC LLC,USD,1,Draft,2025-04-04,17,36.0,NE,O-RING,AS3582-240,10,3.6,2025-04-04,EA,EA,1,3.6
PO-25-6046,Purchase Order PO-25-6046,PROPONENT,2025-04-04,Aeroparts AOG DWC LLC,USD,1,Draft,2025-04-04,18,54.800000000000004,NE,O-RING,AS3582-043,10,5.48,2025-04-04,EA,EA,1,5.48
PO-25-6046,Purchase Order PO-25-6046,PROPONENT,2025-04-04,Aeroparts AOG DWC LLC,USD,1,Draft,2025-04-04,19,102.0,NE,WASHER FLAT,SP127E,100,1.02,2025-04-04,EA,EA,1,1.02
PO-25-6046,Purchase Order PO-25-6046,PROPONENT,2025-04-04,Aeroparts AOG DWC LLC,USD,1,Draft,2025-04-04,20,69.0,NE,SCREW,NAS1102E3-32,50,1.38,2025-04-04,EA,EA,1,1.38
PO-25-6046,Purchase Order PO-25-6046,PROPONENT,2025-04-04,Aeroparts AOG DWC LLC,USD,1,Draft,2025-04-04,21,258.62,NE,BACKSHELL,ABS0638B14,2,129.31,2025-04-04,EA,EA,1,129.31
PO-25-6047,Purchase Order PO-25-6047,MSN429,2025-04-04,Aeroparts AOG DWC LLC,USD,1,Draft,2025-04-04,1,0.0,NE,MSN429,MSN429,1,0,2025-04-04,EA,EA,1,0
PO-25-6048,Purchase Order PO-25-6048,PROPONENT,2025-04-04,Aeroparts AOG DWC LLC,USD,1,Draft,2025-04-04,1,2588.24,NE,FILTER,S4563-9,4,647.06,2025-04-04,EA,EA,1,647.06
PO-25-6048,Purchase Order PO-25-6048,PROPONENT,2025-04-04,Aeroparts AOG DWC LLC,USD,1,Draft,2025-04-04,2,48.5,NE,PACKING,S602-4-2X1-9,25,1.94,2025-04-04,EA,EA,1,1.94
PO-25-6049,Purchase Order PO-25-6049,Thameside Aero Spares Ltd,2025-04-04,Aeroparts AOG DWC LLC,USD,1,Draft,2025-04-04,1,1400.0,NE,WASHER,F3221012820600,4,350,2025-04-04,EA,EA,1,350
PO-25-6049,Purchase Order PO-25-6049,Thameside Aero Spares Ltd,2025-04-04,Aeroparts AOG DWC LLC,USD,1,Draft,2025-04-04,2,1700.0,NE,WASHER,F3221012820400,4,425,2025-04-04,EA,EA,1,425
PO-25-6049,Purchase Order PO-25-6049,Thameside Aero Spares Ltd,2025-04-04,Aeroparts AOG DWC LLC,USD,1,Draft,2025-04-04,3,1540.0,NE,WASHER,F3221012820200,4,385,2025-04-04,EA,EA,1,385
PO-25-6049,Purchase Order PO-25-6049,Thameside Aero Spares Ltd,2025-04-04,Aeroparts AOG DWC LLC,USD,1,Draft,2025-04-04,4,500.0,NE,WASHER,F3221012820000,4,125,2025-04-04,EA,EA,1,125
PO-25-6049,Purchase Order PO-25-6049,Thameside Aero Spares Ltd,2025-04-04,Aeroparts AOG DWC LLC,USD,1,Draft,2025-04-04,5,1760.0,NE,Packing,68-1363,16,110,2025-04-04,EA,EA,1,110
PO-25-6050,Purchase Order PO-25-6050,BOEING DISTRIBUTION SERVICES,2025-04-07,Aeroparts AOG DWC LLC,USD,1,Draft,2025-04-07,1,385.92,NE,CORD,ASNA0243A08030,8,48.24,2025-04-07,EA,EA,1,48.24
PO-25-6051,Purchase Order PO-25-6051,UNICAL AVIATION,2025-04-07,Aeroparts AOG DWC LLC,USD,1,Draft,2025-04-07,1,350.0,NE,INSERT,170-274,70,5,2025-04-07,EA,EA,1,5
PO-25-6051,Purchase Order PO-25-6051,UNICAL AVIATION,2025-04-07,Aeroparts AOG DWC LLC,USD,1,Draft,2025-04-07,2,50.0,NE,RETAINER,RR185,10,5,2025-04-07,EA,EA,1,5
PO-25-6052,Purchase Order PO-25-6052,GULF AIRCRAFT & ENGINEERING SERVICES,2025-04-07,Aeroparts AOG DWC LLC,USD,1,Draft,2025-04-07,1,700.0,NE,RING-SEALING,F5518252320100,1,700,2025-04-07,EA,EA,1,700
PO-25-6052,Purchase Order PO-25-6052,GULF AIRCRAFT & ENGINEERING SERVICES,2025-04-07,Aeroparts AOG DWC LLC,USD,1,Draft,2025-04-07,2,680.0,NE,RING-SEALING,F5518252320000,1,680,2025-04-07,EA,EA,1,680
PO-25-6052,Purchase Order PO-25-6052,GULF AIRCRAFT & ENGINEERING SERVICES,2025-04-07,Aeroparts AOG DWC LLC,USD,1,Draft,2025-04-07,3,840.0,NE,RING-SEALING,F5518181220000,2,420,2025-04-07,EA,EA,1,420
PO-25-6052,Purchase Order PO-25-6052,GULF AIRCRAFT & ENGINEERING SERVICES,2025-04-07,Aeroparts AOG DWC LLC,USD,1,Draft,2025-04-07,4,840.0,NE,RING-SEALING,F5518181120000,2,420,2025-04-07,EA,EA,1,420
PO-25-6052,Purchase Order PO-25-6052,GULF AIRCRAFT & ENGINEERING SERVICES,2025-04-07,Aeroparts AOG DWC LLC,USD,1,Draft,2025-04-07,5,840.0,NE,RING-SEALING,F5518181020000,2,420,2025-04-07,EA,EA,1,420
PO-25-6052,Purchase Order PO-25-6052,GULF AIRCRAFT & ENGINEERING SERVICES,2025-04-07,Aeroparts AOG DWC LLC,USD,1,Draft,2025-04-07,6,840.0,NE,RING-SEALING,F5518180920000,2,420,2025-04-07,EA,EA,1,420
PO-25-6053,Purchase Order PO-25-6053,BOEING FLEET,2025-04-07,Aeroparts AOG DWC LLC,USD,1,Draft,2025-04-07,1,11804.0,NE,ROD ASSY,113A8700-1,2,5902,2025-04-07,EA,EA,1,5902
PO-25-6054,Purchase Order PO-25-6054,Aerospace Reliance,2025-04-07,Aeroparts AOG DWC LLC,USD,1,Draft,2025-04-07,1,1600.0,NE,PRIMELESS FIREWALL SEALANT,DAPCO-2200,10,160,2025-04-07,KT,KT,1,160
PO-25-6055,Purchase Order PO-25-6055,NewGen Aerospace,2025-04-08,Aeroparts AOG DWC LLC,USD,1,Draft,2025-04-08,1,32500.0,NE,OIL COOLER,341D8010-501,1,32500,2025-04-08,EA,EA,1,32500
PO-25-6056,Purchase Order PO-25-6056,WENCOR,2025-04-09,Aeroparts AOG DWC LLC,USD,1,Draft,2025-04-09,1,50.4,NE,NUT,NSA5474-5K7,60,0.84,2025-04-09,EA,EA,1,0.84
PO-25-6057,Purchase Order PO-25-6057,AERFIN,2025-04-09,Aeroparts AOG DWC LLC,USD,1,Draft,2025-04-09,1,2000.0,NE,CONTACTOR,755CA02F,1,2000,2025-04-09,EA,EA,1,2000
PO-25-6058,Purchase Order PO-25-6058,DSC TRADING LLC,2025-04-09,Aeroparts AOG DWC LLC,USD,1,Draft,2025-04-09,1,695.0,NE,STRAP,504529-408,1,695,2025-04-09,EA,EA,1,695
PO-25-6059,Purchase Order PO-25-6059,SKYLINE AERO,2025-04-09,Aeroparts AOG DWC LLC,USD,1,Draft,2025-04-09,1,47500.0,NE,SHUTOFF VALVE,979786-5,1,47500,2025-04-09,EA,EA,1,47500
PO-25-6061,Purchase Order PO-25-6061,BOEING FLEET,2025-04-09,Aeroparts AOG DWC LLC,USD,1,Draft,2025-04-09,1,5301.0,NE,ISOLATOR,144A9451Y4,9,589,2025-04-09,EA,EA,1,589
PO-25-6061,Purchase Order PO-25-6061,BOEING FLEET,2025-04-09,Aeroparts AOG DWC LLC,USD,1,Draft,2025-04-09,2,5793.0,NE,SOLENOID,22616-1,1,5793,2025-04-09,EA,EA,1,5793
PO-25-6061,Purchase Order PO-25-6061,BOEING FLEET,2025-04-09,Aeroparts AOG DWC LLC,USD,1,Draft,2025-04-09,3,2517.0,NE,SOLENOID,196299-001,1,2517,2025-04-09,EA,EA,1,2517
PO-25-6062,Purchase Order PO-25-6062,AERORENIX TECHNIC AVIATION LTD.,2025-04-10,Aeroparts AOG DWC LLC,USD,1,Draft,2025-04-10,1,9000.0,NE,CONDENSER,969A0000-02,2,4500,2025-03-26,EA,EA,1,4500
PO-25-6063,Purchase Order PO-25-6063,UNICAL AVIATION,2025-04-10,Aeroparts AOG DWC LLC,USD,1,Draft,2025-04-10,1,250.0,NE,CUP,C61558,1,250,2025-04-10,EA,EA,1,250
PO-25-6064,Purchase Order PO-25-6064,Airbus,2025-04-10,Aeroparts AOG DWC LLC,USD,1,Draft,2025-04-10,1,3055.0,NE,TRANSFER PACKAGE,TRANSFER PACKAGE,1,3055,2025-04-10,EA,EA,1,3055
PO-25-6065,Purchase Order PO-25-6065,BOEING FLEET,2025-04-10,Aeroparts AOG DWC LLC,USD,1,Draft,2025-04-10,1,762.25,NE,WASHER,69-73730-4,25,30.49,2025-04-10,EA,EA,1,30.49
PO-25-6066,Purchase Order PO-25-6066,JORAMCO,2025-04-10,Aeroparts AOG DWC LLC,USD,1,Draft,2025-04-10,1,9000.0,NE,GASKET,F5725408900200,20,450,2025-04-10,EA,EA,1,450
PO-25-6067,Purchase Order PO-25-6067,Temco Limited,2025-04-10,Aeroparts AOG DWC LLC,USD,1,Draft,2025-04-10,1,11250.0,NE,ANNULUS FILLER,FW52833,1,11250,2025-04-10,EA,EA,1,11250
PO-25-6068,Purchase Order PO-25-6068,BOEING FLEET,2025-04-11,Aeroparts AOG DWC LLC,USD,1,Draft,2025-04-11,1,581.0,NE,HOSE,B0E2013-0570,1,581,2025-04-11,EA,EA,1,581
PO-25-6069,Purchase Order PO-25-6069,BOEING FLEET,2025-04-11,Aeroparts AOG DWC LLC,USD,1,Draft,2025-04-11,1,581.0,NE,HOSE,B0E2013-0570,1,581,2025-04-11,EA,EA,1,581
PO-25-6070,Purchase Order PO-25-6070,G SQUARED AVIATION LIMITED,2025-04-11,Aeroparts AOG DWC LLC,USD,1,Draft,2025-04-11,1,40.0,NE,INTERNATIONAL WIRE FEE,INTL WIRE FEE,1,40,2025-04-11,EA,EA,1,40
PO-25-6070,Purchase Order PO-25-6070,G SQUARED AVIATION LIMITED,2025-04-11,Aeroparts AOG DWC LLC,USD,1,Draft,2025-04-11,2,160.0,NE,HAZMAT CHARGES,HAZMAT,1,160,2025-04-11,EA,EA,1,160
PO-25-6070,Purchase Order PO-25-6070,G SQUARED AVIATION LIMITED,2025-04-11,Aeroparts AOG DWC LLC,USD,1,Draft,2025-04-11,3,2470.0,NE,LAVATORY FIRE EXTINGUISHER,BA24320A-1,2,1235,2025-04-11,EA,EA,1,1235
PO-25-6071,Purchase Order PO-25-6071,Pacific Air Industries,2025-04-11,Aeroparts AOG DWC LLC,USD,1,Draft,2025-04-11,1,129.5,NE,CIRCLIP,848032-09,50,2.59,2025-04-11,EA,EA,1,2.59
PO-25-6073,Purchase Order PO-25-6073,"GA TELESIS, LLC",2025-04-11,Aeroparts AOG DWC LLC,USD,1,Draft,2025-04-11,1,200.0,NE,CLAMP,F5247321920000,4,50,2025-04-11,EA,EA,1,50
PO-25-6075,Purchase Order PO-25-6075,PROPONENT,2025-04-11,Aeroparts AOG DWC LLC,USD,1,Draft,2025-04-11,1,110.5,NE,BONDING JUMPER,E0091-41-160NN,25,4.42,2025-04-11,EA,EA,1,4.42
PO-25-6076,Purchase Order PO-25-6076,BOEING FLEET,2025-04-14,Aeroparts AOG DWC LLC,USD,1,Draft,2025-04-14,1,5960.0,NE,BEAM ASSY,654A0004-622,1,5960,2025-04-11,EA,EA,1,5960
PO-25-6077,Purchase Order PO-25-6077,BOEING FLEET,2025-04-14,Aeroparts AOG DWC LLC,USD,1,Draft,2025-04-14,1,4713.0,NE,BRACKET ASSY,212A1214-12,3,1571,2025-04-14,EA,EA,1,1571
PO-25-6077,Purchase Order PO-25-6077,BOEING FLEET,2025-04-14,Aeroparts AOG DWC LLC,USD,1,Draft,2025-04-14,2,6555.0,NE,BRACKET ASSY,212A1214-11,3,2185,2025-04-14,EA,EA,1,2185
PO-25-6077,Purchase Order PO-25-6077,BOEING FLEET,2025-04-14,Aeroparts AOG DWC LLC,USD,1,Draft,2025-04-14,3,4473.0,NE,BRACKET ASSY,212A1214-9,3,1491,2025-04-14,EA,EA,1,1491
PO-25-6078,Purchase Order PO-25-6078,BOEING FLEET,2025-04-14,Aeroparts AOG DWC LLC,USD,1,Draft,2025-04-14,1,800.0,NE,ROD AY,212A1125-19,2,400,2025-04-14,EA,EA,1,400
PO-25-6079,Purchase Order PO-25-6079,Component Control,2025-04-15,Aeroparts AOG DWC LLC,USD,1,Draft,2025-04-15,1,33907.0,NE,.,FP4B0BDBB1,1,33907,2025-04-15,EA,EA,1,33907
PO-25-6080,Purchase Order PO-25-6080,Component Control,2025-04-15,Aeroparts AOG DWC LLC,USD,1,Draft,2025-04-15,1,11000.0,NE,.,INVOICE#: FP44FC6E8F,1,11000,2025-04-15,EA,EA,1,11000
PO-25-6081,Purchase Order PO-25-6081,Component Control,2025-04-15,Aeroparts AOG DWC LLC,USD,1,Draft,2025-04-15,1,7000.0,NE,.,INVOICE#: FP32318B0C,1,7000,2025-04-15,EA,EA,1,7000
PO-25-6082,Purchase Order PO-25-6082,Component Control,2025-04-15,Aeroparts AOG DWC LLC,USD,1,Draft,2025-04-15,1,4550.0,NE,.,"FOR INVOICE 63659,",1,4550,2025-04-15,EA,EA,1,4550
PO-25-6083,Purchase Order PO-25-6083,BOEING FLEET,2025-04-16,Aeroparts AOG DWC LLC,USD,1,Draft,2025-04-16,1,0.0,NE,SHIELD,146A8127U1,1,0,2025-04-16,EA,EA,1,0
PO-25-6083,Purchase Order PO-25-6083,BOEING FLEET,2025-04-16,Aeroparts AOG DWC LLC,USD,1,Draft,2025-04-16,2,0.0,NE,BLANKET,411A4917-2011,1,0,2025-04-16,EA,EA,1,0
PO-25-6084,Purchase Order PO-25-6084,FIRST CLASS AIR REPAIR,2025-04-16,Aeroparts AOG DWC LLC,USD,1,Draft,2025-04-16,1,400.0,NE,CLAMP,NE102666-0934AS,1,400,2025-04-16,EA,EA,1,400
PO-25-6085,Purchase Order PO-25-6085,NORDAIR USA INC,2025-04-16,Aeroparts AOG DWC LLC,USD,1,Draft,2025-04-16,1,10328.57,NE,TORSION BAR,91E204-51,1,10328.57,2025-04-16,EA,EA,1,10328.57
PO-25-6085,Purchase Order PO-25-6085,NORDAIR USA INC,2025-04-16,Aeroparts AOG DWC LLC,USD,1,Draft,2025-04-16,2,1950.0,NE,BUSHING,91E075-00,1,1950,2025-04-16,EA,EA,1,1950
PO-25-6085,Purchase Order PO-25-6085,NORDAIR USA INC,2025-04-16,Aeroparts AOG DWC LLC,USD,1,Draft,2025-04-16,3,11550.0,NE,ROLLER,91E062-01,11,1050,2025-04-16,EA,EA,1,1050
PO-25-6085,Purchase Order PO-25-6085,NORDAIR USA INC,2025-04-16,Aeroparts AOG DWC LLC,USD,1,Draft,2025-04-16,4,10000.0,NE,SPACER,91E164-01,8,1250,2025-04-16,EA,EA,1,1250
PO-25-6085,Purchase Order PO-25-6085,NORDAIR USA INC,2025-04-16,Aeroparts AOG DWC LLC,USD,1,Draft,2025-04-16,5,1550.0,NE,ROLLER BEARING,91E913-01,1,1550,2025-04-16,EA,EA,1,1550
PO-25-6086,Purchase Order PO-25-6086,BOEING FLEET,2025-04-18,Aeroparts AOG DWC LLC,USD,1,Draft,2025-04-18,1,22636.0,NE,HOUSING ASSY,82000-48302,4,5659,2025-04-18,EA,EA,1,5659
PO-25-6087,Purchase Order PO-25-6087,BOEING FLEET,2025-04-19,Aeroparts AOG DWC LLC,USD,1,Draft,2025-04-19,1,3460.0,NE,BUSHING,115A6251-1,4,865,2025-04-19,EA,EA,1,865
PO-25-6088,Purchase Order PO-25-6088,ALLEN FREIGHT FZCO,2025-04-21,Aeroparts AOG DWC LLC,USD,1,Draft,2025-04-21,1,4440.42,NE,.,DXBAI7615 AIR FREIGHT CHARGE,1,4440.42,2025-04-21,EA,EA,1,4440.42
PO-25-6089,Purchase Order PO-25-6089,ALLEN FREIGHT FZCO,2025-04-21,Aeroparts AOG DWC LLC,USD,1,Draft,2025-04-21,1,9993.72,NE,.,DXBAI7666 AIR FREIGHT CHARGE,1,9993.72,2025-04-21,EA,EA,1,9993.72
PO-25-6090,Purchase Order PO-25-6090,ALLEN FREIGHT FZCO,2025-04-21,Aeroparts AOG DWC LLC,USD,1,Draft,2025-04-21,1,2771.77,NE,.,DXBAI7551 AIR FREIGHT CHARGES ( USA-DXB,1,2771.77,2025-04-21,EA,EA,1,2771.77
PO-25-6091,Purchase Order PO-25-6091,ALLEN FREIGHT FZCO,2025-04-21,Aeroparts AOG DWC LLC,USD,1,Draft,2025-04-21,1,3963.52,NE,.,DXBAI7471 AIR FREIGHT CHARGES ( UK-DXB ),1,3963.52,2025-04-21,EA,EA,1,3963.52
PO-25-6093,Purchase Order PO-25-6093,SKYSPARES LTD,2025-04-21,Aeroparts AOG DWC LLC,USD,1,Draft,2025-04-21,1,150.0,NE,HAZMAT CHARGES,HAZMAT,1,150,2025-04-21,EA,EA,1,150
PO-25-6093,Purchase Order PO-25-6093,SKYSPARES LTD,2025-04-21,Aeroparts AOG DWC LLC,USD,1,Draft,2025-04-21,2,725.0,NE,OXYGEN GENERATOR,E71740-00,1,725,2025-04-21,EA,EA,1,725
PO-25-6094,Purchase Order PO-25-6094,Airbus,2025-04-21,Aeroparts AOG DWC LLC,USD,1,Draft,2025-04-21,1,39.8,NE,CLAMP,ABS0902-100,5,7.96,2025-04-21,EA,EA,1,7.96
PO-25-6094,Purchase Order PO-25-6094,Airbus,2025-04-21,Aeroparts AOG DWC LLC,USD,1,Draft,2025-04-21,2,144.8,NE,CLAMP,F5247321920000,4,36.2,2025-04-21,EA,EA,1,36.2
PO-25-6094,Purchase Order PO-25-6094,Airbus,2025-04-21,Aeroparts AOG DWC LLC,USD,1,Draft,2025-04-21,3,350.46,NE,CONNECTOR,E0039R14T15SNF,6,58.41,2025-04-21,EA,EA,1,58.41
PO-25-6094,Purchase Order PO-25-6094,Airbus,2025-04-21,Aeroparts AOG DWC LLC,USD,1,Draft,2025-04-21,4,165.45,NE,CONNECTOR,E0052N8B3ASWF,15,11.03,2025-04-21,EA,EA,1,11.03
PO-25-6094,Purchase Order PO-25-6094,Airbus,2025-04-21,Aeroparts AOG DWC LLC,USD,1,Draft,2025-04-21,5,407.0,NE,CONNECTOR,D61500-74,1,407,2025-04-21,EA,EA,1,407
PO-25-6095,Purchase Order PO-25-6095,BOEING FLEET,2025-04-21,Aeroparts AOG DWC LLC,USD,1,Draft,2025-04-21,1,2141.0,NE,STANDBY MAGNETIC COMPASS,PGA0116W,1,2141,2025-04-21,EA,EA,1,2141
PO-25-6096,Purchase Order PO-25-6096,Airbus,2025-04-21,Aeroparts AOG DWC LLC,USD,1,Draft,2025-04-21,1,226.0,NE,SEAL,F5755004320000,1,226,2025-04-21,EA,EA,1,226
PO-25-6096,Purchase Order PO-25-6096,Airbus,2025-04-21,Aeroparts AOG DWC LLC,USD,1,Draft,2025-04-21,2,768.0,NE,SEAL,G5777103021400,2,384,2025-04-21,EA,EA,1,384
PO-25-6096,Purchase Order PO-25-6096,Airbus,2025-04-21,Aeroparts AOG DWC LLC,USD,1,Draft,2025-04-21,3,492.0,NE,SEAL,G5777103021600,2,246,2025-04-21,EA,EA,1,246
PO-25-6096,Purchase Order PO-25-6096,Airbus,2025-04-21,Aeroparts AOG DWC LLC,USD,1,Draft,2025-04-21,4,145.8,NE,PIN,MS20392-3C21,90,1.62,2025-04-21,EA,EA,1,1.62
PO-25-6096,Purchase Order PO-25-6096,Airbus,2025-04-21,Aeroparts AOG DWC LLC,USD,1,Draft,2025-04-21,5,36.0,NE,NUT-PLATE,MS21075L3N,100,0.36,2025-04-21,EA,EA,1,0.36
PO-25-6097,Purchase Order PO-25-6097,BOEING FLEET,2025-04-22,Aeroparts AOG DWC LLC,USD,1,Draft,2025-04-22,1,1891.79,NE,RETAINER,115A2752-18,1,1891.79,2025-04-29,EA,EA,1,1891.79
PO-25-6097,Purchase Order PO-25-6097,BOEING FLEET,2025-04-22,Aeroparts AOG DWC LLC,USD,1,Draft,2025-04-22,2,3539.0,NE,RETAINER,115A2752-5,1,3539,2025-04-29,EA,EA,1,3539
PO-25-6098,Purchase Order PO-25-6098,AERO TECHNIC ME FZCO,2025-04-22,Aeroparts AOG DWC LLC,USD,1,Draft,2025-04-22,1,6865.650000000001,NE,GENERATOR,E72220-10,5,1373.13,2025-04-22,EA,EA,1,1373.13
PO-25-6100,Purchase Order PO-25-6100,"GA TELESIS, LLC",2025-04-22,Aeroparts AOG DWC LLC,USD,1,Draft,2025-04-22,1,8000.0,NE,VALVE,C24960000-1,2,4000,2025-04-22,EA,EA,1,4000
PO-25-6101,Purchase Order PO-25-6101,AERFIN,2025-04-22,Aeroparts AOG DWC LLC,USD,1,Draft,2025-04-22,1,1600.0,NE,CONTACTOR-THREE POLE,705CA01,1,1600,2025-04-22,EA,EA,1,1600
PO-25-6102,Purchase Order PO-25-6102,BOEING FLEET,2025-04-22,Aeroparts AOG DWC LLC,USD,1,Draft,2025-04-22,1,1000.0,NE,TERMINAL,M81714/3-DB1,10,100,2025-04-22,EA,EA,1,100
PO-25-6103,Purchase Order PO-25-6103,AERC-PO-ap Materials,2025-04-23,Aeroparts AOG DWC LLC,USD,1,Draft,2025-04-23,1,3039988.0,NE,CFM56-5A,CFM56-5A,14,217142,2025-04-23,EA,EA,1,217142
PO-25-6103,Purchase Order PO-25-6103,AERC-PO-ap Materials,2025-04-23,Aeroparts AOG DWC LLC,USD,1,Draft,2025-04-23,2,2970012.0,NE,AIRBUS A319,A319,6,495002,2025-04-23,EA,EA,1,495002
PO-25-6103,Purchase Order PO-25-6103,AERC-PO-ap Materials,2025-04-23,Aeroparts AOG DWC LLC,USD,1,Draft,2025-04-23,3,990000.0,NE,AIRBUS A320,A320,2,495000,2025-04-23,EA,EA,1,495000
PO-25-6104,Purchase Order PO-25-6104,ALARIS AEROSPACE LLC,2025-04-23,Aeroparts AOG DWC LLC,USD,1,Draft,2025-04-23,1,4800.0,NE,VALVE-CHECK DOWNSTREAM,980B0000-02,1,4800,2025-04-23,EA,EA,1,4800
PO-25-6105,Purchase Order PO-25-6105,VIRGIN AUSTRALIA,2025-04-23,Aeroparts AOG DWC LLC,USD,1,Draft,2025-04-23,1,30000.0,NE,Freight,FREIGHT,1,30000,2025-04-23,EA,EA,1,30000
PO-25-6105,Purchase Order PO-25-6105,VIRGIN AUSTRALIA,2025-04-23,Aeroparts AOG DWC LLC,USD,1,Draft,2025-04-23,2,1000000.0,NE,V2500-A1 ENGINE ASSY,V2500-A1,2,500000,2025-04-23,EA,EA,1,500000
PO-25-6105,Purchase Order PO-25-6105,VIRGIN AUSTRALIA,2025-04-23,Aeroparts AOG DWC LLC,USD,1,Draft,2025-04-23,3,350000.0,NE,AIRBUS A320,A320,1,350000,2025-04-23,EA,EA,1,350000
PO-25-6105,Purchase Order PO-25-6105,VIRGIN AUSTRALIA,2025-04-23,Aeroparts AOG DWC LLC,USD,1,Draft,2025-04-23,4,350000.0,NE,V2500-A1 ENGINE ASSY,V2500-A1,2,175000,2025-04-23,EA,EA,1,175000
PO-25-6106,Purchase Order PO-25-6106,AERO TECHNIC ME FZCO,2025-04-23,Aeroparts AOG DWC LLC,USD,1,Draft,2025-04-23,1,34869.96,NE,OXYGEN GENERATOR,E72240-09,18,1937.22,2025-04-23,EA,EA,1,1937.22
PO-25-6106,Purchase Order PO-25-6106,AERO TECHNIC ME FZCO,2025-04-23,Aeroparts AOG DWC LLC,USD,1,Draft,2025-04-23,2,350.0,NE,HAZMAT,HAZMAT FEES,1,350,2025-04-23,EA,EA,1,350
PO-25-6107,Purchase Order PO-25-6107,JALARAM,2022-06-05,Aeroparts AOG DWC LLC,USD,1,Draft,2022-06-05,1,12000.0,NE,BORESCOPE INSPECTION,BSI,6,2000,2022-06-05,EA,EA,1,2000
PO-25-6107,Purchase Order PO-25-6107,JALARAM,2022-06-05,Aeroparts AOG DWC LLC,USD,1,Draft,2022-06-05,2,1929980.0,NE,V2500-A1 ENGINE ASSY,V2500-A1,26,74230,2022-06-05,EA,EA,1,74230
PO-25-6108,Purchase Order PO-25-6108,BOEING FLEET,2025-04-23,Aeroparts AOG DWC LLC,USD,1,Draft,2025-04-23,1,6030.0,NE,GASKET,65C33095-5,18,335,2025-04-23,EA,EA,1,335
PO-25-6109,Purchase Order PO-25-6109,AEROTRON,2025-04-24,Aeroparts AOG DWC LLC,USD,1,Draft,2025-04-24,1,5000.0,NE,VALVE,C24966000,1,5000,2025-04-24,EA,EA,1,5000
PO-25-6110,Purchase Order PO-25-6110,DASI LLC,2025-04-25,Aeroparts AOG DWC LLC,USD,1,Draft,2025-04-25,1,932.0,NE,LENS,9EL406445-40,1,932,2025-04-25,EA,EA,1,932
PO-25-6110,Purchase Order PO-25-6110,DASI LLC,2025-04-25,Aeroparts AOG DWC LLC,USD,1,Draft,2025-04-25,2,550.0,NE,NUT,ABS0083-06,500,1.1,2025-04-25,EA,EA,1,1.1
PO-25-6111,Purchase Order PO-25-6111,Airbus,2025-04-25,Aeroparts AOG DWC LLC,USD,1,Draft,2025-04-25,1,27.0,NE,STRAP,NSA935401-04,900,0.03,2025-04-25,EA,EA,1,0.03
PO-25-6111,Purchase Order PO-25-6111,Airbus,2025-04-25,Aeroparts AOG DWC LLC,USD,1,Draft,2025-04-25,2,90.0,NE,TIE CABLE,NSA935401-08,1000,0.09,2025-04-25,EA,EA,1,0.09
PO-25-6111,Purchase Order PO-25-6111,Airbus,2025-04-25,Aeroparts AOG DWC LLC,USD,1,Draft,2025-04-25,3,41.0,NE,MODULE,NSA937901E4,100,0.41,2025-04-25,EA,EA,1,0.41
PO-25-6111,Purchase Order PO-25-6111,Airbus,2025-04-25,Aeroparts AOG DWC LLC,USD,1,Draft,2025-04-25,4,44.4,NE,BOLT,EN6114V3-3,60,0.74,2025-04-25,EA,EA,1,0.74
PO-25-6111,Purchase Order PO-25-6111,Airbus,2025-04-25,Aeroparts AOG DWC LLC,USD,1,Draft,2025-04-25,5,111.35999999999999,NE,PIN,ABS0260V10-9-2,6,18.56,2025-04-25,EA,EA,1,18.56
PO-25-6111,Purchase Order PO-25-6111,Airbus,2025-04-25,Aeroparts AOG DWC LLC,USD,1,Draft,2025-04-25,6,48.0,NE,SCREW,NAS1102E3-12,240,0.2,2025-04-25,EA,EA,1,0.2
PO-25-6111,Purchase Order PO-25-6111,Airbus,2025-04-25,Aeroparts AOG DWC LLC,USD,1,Draft,2025-04-25,7,137.4,NE,NUT,NAS1473A3,60,2.29,2025-04-25,EA,EA,1,2.29
PO-25-6111,Purchase Order PO-25-6111,Airbus,2025-04-25,Aeroparts AOG DWC LLC,USD,1,Draft,2025-04-25,8,63.0,NE,SCREW,NAS1102-06-7,150,0.42,2025-04-25,EA,EA,1,0.42
PO-25-6111,Purchase Order PO-25-6111,Airbus,2025-04-25,Aeroparts AOG DWC LLC,USD,1,Draft,2025-04-25,9,2778.0,NE,WASHER,F5331435020000,60,46.3,2025-04-25,EA,EA,1,46.3
PO-25-6111,Purchase Order PO-25-6111,Airbus,2025-04-25,Aeroparts AOG DWC LLC,USD,1,Draft,2025-04-25,10,742.0500000000001,NE,SCREW,ASNA2001T3-17,255,2.91,2025-04-25,EA,EA,1,2.91
PO-25-6111,Purchase Order PO-25-6111,Airbus,2025-04-25,Aeroparts AOG DWC LLC,USD,1,Draft,2025-04-25,11,623.0,NE,WASHER,F5331560520000,70,8.9,2025-04-25,EA,EA,1,8.9
PO-25-6111,Purchase Order PO-25-6111,Airbus,2025-04-25,Aeroparts AOG DWC LLC,USD,1,Draft,2025-04-25,12,59.5,NE,NUT,NAS1791A4-2,50,1.19,2025-04-25,EA,EA,1,1.19
PO-25-6111,Purchase Order PO-25-6111,Airbus,2025-04-25,Aeroparts AOG DWC LLC,USD,1,Draft,2025-04-25,13,4550.0,NE,SLEEVE,F0003006500100,1,4550,2025-04-25,EA,EA,1,4550
PO-25-6111,Purchase Order PO-25-6111,Airbus,2025-04-25,Aeroparts AOG DWC LLC,USD,1,Draft,2025-04-25,14,317.0,NE,RING-SEALING,F5518252320100,1,317,2025-04-25,EA,EA,1,317
PO-25-6111,Purchase Order PO-25-6111,Airbus,2025-04-25,Aeroparts AOG DWC LLC,USD,1,Draft,2025-04-25,15,317.0,NE,RING-SEALING,F5518252320000,1,317,2025-04-25,EA,EA,1,317
PO-25-6111,Purchase Order PO-25-6111,Airbus,2025-04-25,Aeroparts AOG DWC LLC,USD,1,Draft,2025-04-25,16,576.0,NE,JOINT,F5518243020000,10,57.6,2025-04-25,EA,EA,1,57.6
PO-25-6111,Purchase Order PO-25-6111,Airbus,2025-04-25,Aeroparts AOG DWC LLC,USD,1,Draft,2025-04-25,17,774.0,NE,GASKET-VENT,F5518249420000,3,258,2025-04-25,EA,EA,1,258
PO-25-6111,Purchase Order PO-25-6111,Airbus,2025-04-25,Aeroparts AOG DWC LLC,USD,1,Draft,2025-04-25,18,318.0,NE,SEAL,F5755086420000,1,318,2025-04-25,EA,EA,1,318
PO-25-6111,Purchase Order PO-25-6111,Airbus,2025-04-25,Aeroparts AOG DWC LLC,USD,1,Draft,2025-04-25,19,314.52,NE,RELAY FIN,E0666D28A0,2,157.26,2025-04-25,EA,EA,1,157.26
PO-25-6112,Purchase Order PO-25-6112,AMP AERO SERVICES,2025-04-28,Aeroparts AOG DWC LLC,USD,1,Draft,2025-04-28,1,8400.0,NE,OXYGEN MASK,MF10-05-11,3,2800,2025-04-28,EA,EA,1,2800
PO-25-6114,Purchase Order PO-25-6114,"GA TELESIS, LLC",2025-04-29,Aeroparts AOG DWC LLC,USD,1,Draft,2025-04-29,1,3200.0,NE,GUIDE,A2577285000200,2,1600,2025-04-29,EA,EA,1,1600
PO-25-6115,Purchase Order PO-25-6115,PROPONENT,2025-04-29,Aeroparts AOG DWC LLC,USD,1,Draft,2025-04-29,1,145.39999999999998,NE,O RING,NSA8203-242,20,7.27,2025-04-29,EA,EA,1,7.27
PO-25-6116,Purchase Order PO-25-6116,VORTEX AVIATION IRELAND LTD,2018-07-11,Aeroparts AOG DWC LLC,USD,1,Draft,2018-07-11,1,49797.35,NE,Freight,FREIGHT,1,49797.35,2018-07-11,EA,EA,1,49797.35
PO-25-6116,Purchase Order PO-25-6116,VORTEX AVIATION IRELAND LTD,2018-07-11,Aeroparts AOG DWC LLC,USD,1,Draft,2018-07-11,2,3800.0,NE,Freight,FREIGHT,1,3800,2018-07-11,EA,EA,1,3800
PO-25-6116,Purchase Order PO-25-6116,VORTEX AVIATION IRELAND LTD,2018-07-11,Aeroparts AOG DWC LLC,USD,1,Draft,2018-07-11,3,110560.0,NE,CFM56-5A,CFM56-5A,1,110560,2018-07-11,EA,EA,1,110560
PO-25-6117,Purchase Order PO-25-6117,LOCKHEED MARTIN CANADA INC.,2019-04-25,Aeroparts AOG DWC LLC,USD,1,Draft,2019-04-25,1,22374.0,NE,TRANSPORTATION,TRANSPORTATION,1,22374,2019-04-25,EA,EA,1,22374
PO-25-6117,Purchase Order PO-25-6117,LOCKHEED MARTIN CANADA INC.,2019-04-25,Aeroparts AOG DWC LLC,USD,1,Draft,2019-04-25,2,558.0,NE,EXPENDABLES,EXPENDABLES,1,558,2019-04-25,EA,EA,1,558
PO-25-6117,Purchase Order PO-25-6117,LOCKHEED MARTIN CANADA INC.,2019-04-25,Aeroparts AOG DWC LLC,USD,1,Draft,2019-04-25,3,1852.42,NE,INSURANCE,INSURANCE POLICY,1,1852.42,2019-04-25,EA,EA,1,1852.42
PO-25-6117,Purchase Order PO-25-6117,LOCKHEED MARTIN CANADA INC.,2019-04-25,Aeroparts AOG DWC LLC,USD,1,Draft,2019-04-25,4,34197.69,NE,Freight,FREIGHT,1,34197.69,2019-04-25,EA,EA,1,34197.69
PO-25-6117,Purchase Order PO-25-6117,LOCKHEED MARTIN CANADA INC.,2019-04-25,Aeroparts AOG DWC LLC,USD,1,Draft,2019-04-25,5,34197.69,NE,Freight,FREIGHT,1,34197.69,2019-04-25,EA,EA,1,34197.69
PO-25-6117,Purchase Order PO-25-6117,LOCKHEED MARTIN CANADA INC.,2019-04-25,Aeroparts AOG DWC LLC,USD,1,Draft,2019-04-25,6,399861.5,NE,CFM56-5A,CFM56-5A,1,399861.5,2019-04-25,EA,EA,1,399861.5
PO-25-6118,Purchase Order PO-25-6118,EUROPAVIA,2025-04-30,Aeroparts AOG DWC LLC,USD,1,Draft,2025-04-30,1,100.0,NE,TUBING,E0718-02,10,10,2025-04-30,EA,EA,1,10
PO-25-6119,Purchase Order PO-25-6119,GECAS,2021-09-30,Aeroparts AOG DWC LLC,USD,1,Draft,2021-09-30,1,900000.0,NE,CFM56-5A,CFM56-5A,3,300000,2021-09-30,EA,EA,1,300000
PO-25-6120,Purchase Order PO-25-6120,Airbus,2025-04-30,Aeroparts AOG DWC LLC,USD,1,Draft,2025-04-30,1,90.30000000000001,NE,PLACARD SET,F9237000704200,3,30.1,2025-04-30,EA,EA,1,30.1
PO-25-6120,Purchase Order PO-25-6120,Airbus,2025-04-30,Aeroparts AOG DWC LLC,USD,1,Draft,2025-04-30,2,90.30000000000001,NE,PLACARD SET,F9237000704000,3,30.1,2025-04-30,EA,EA,1,30.1
PO-25-6120,Purchase Order PO-25-6120,Airbus,2025-04-30,Aeroparts AOG DWC LLC,USD,1,Draft,2025-04-30,3,91.80000000000001,NE,PLACARD SET,F9237000703600,3,30.6,2025-04-30,EA,EA,1,30.6
PO-25-6120,Purchase Order PO-25-6120,Airbus,2025-04-30,Aeroparts AOG DWC LLC,USD,1,Draft,2025-04-30,4,27.0,NE,CONTACT,E0397FY2000,300,0.09,2025-04-30,EA,EA,1,0.09
PO-25-6120,Purchase Order PO-25-6120,Airbus,2025-04-30,Aeroparts AOG DWC LLC,USD,1,Draft,2025-04-30,5,45.0,NE,PIN,EN3155-018M1616,100,0.45,2025-04-30,EA,EA,1,0.45
PO-25-6120,Purchase Order PO-25-6120,Airbus,2025-04-30,Aeroparts AOG DWC LLC,USD,1,Draft,2025-04-30,6,822.0,NE,EQUIPMENT,G9297006500800,3,274,2025-04-30,EA,EA,1,274
PO-25-6120,Purchase Order PO-25-6120,Airbus,2025-04-30,Aeroparts AOG DWC LLC,USD,1,Draft,2025-04-30,7,43.7,NE,SHUNT,NSA939526-03C,10,4.37,2025-04-30,EA,EA,1,4.37
PO-25-6120,Purchase Order PO-25-6120,Airbus,2025-04-30,Aeroparts AOG DWC LLC,USD,1,Draft,2025-04-30,8,47.43,NE,CIRCUIT BREAKER,NSA931320-030,3,15.81,2025-04-30,EA,EA,1,15.81
PO-25-6120,Purchase Order PO-25-6120,Airbus,2025-04-30,Aeroparts AOG DWC LLC,USD,1,Draft,2025-04-30,9,30.0,NE,CLIP-LOCKING,ABS0772A01A,30,1,2025-04-30,EA,EA,1,1
PO-25-6120,Purchase Order PO-25-6120,Airbus,2025-04-30,Aeroparts AOG DWC LLC,USD,1,Draft,2025-04-30,10,27.0,NE,WASHER,NAS1149CN616R,900,0.03,2025-04-30,EA,EA,1,0.03
PO-25-6120,Purchase Order PO-25-6120,Airbus,2025-04-30,Aeroparts AOG DWC LLC,USD,1,Draft,2025-04-30,11,42.00000000000001,NE,SCREW,NAS1100-06-10,300,0.14,2025-04-30,EA,EA,1,0.14
PO-25-6121,Purchase Order PO-25-6121,Airbus,2025-04-30,Aeroparts AOG DWC LLC,USD,1,Draft,2025-04-30,1,76.39999999999999,NE,CLAMP,ABS0901R100,20,3.82,2025-04-30,EA,EA,1,3.82
PO-25-6121,Purchase Order PO-25-6121,Airbus,2025-04-30,Aeroparts AOG DWC LLC,USD,1,Draft,2025-04-30,2,5220.0,NE,HARNESS,F0003056400000,1,5220,2025-04-30,EA,EA,1,5220
PO-25-6121,Purchase Order PO-25-6121,Airbus,2025-04-30,Aeroparts AOG DWC LLC,USD,1,Draft,2025-04-30,3,282.0,NE,SCREW,DAN169E3-10,300,0.94,2025-04-30,EA,EA,1,0.94
PO-25-6121,Purchase Order PO-25-6121,Airbus,2025-04-30,Aeroparts AOG DWC LLC,USD,1,Draft,2025-04-30,4,267.84000000000003,NE,BUSHING SHOULDERED,ASNA2128-06C10,12,22.32,2025-04-30,EA,EA,1,22.32
PO-25-6121,Purchase Order PO-25-6121,Airbus,2025-04-30,Aeroparts AOG DWC LLC,USD,1,Draft,2025-04-30,5,210.07,NE,BACKSHELL,ABS0126-12-02,1,210.07,2025-04-30,EA,EA,1,210.07
PO-25-6121,Purchase Order PO-25-6121,Airbus,2025-04-30,Aeroparts AOG DWC LLC,USD,1,Draft,2025-04-30,6,36.18,NE,BRAID,ABS1510E160NN,6,6.03,2025-04-30,EA,EA,1,6.03
PO-25-6121,Purchase Order PO-25-6121,Airbus,2025-04-30,Aeroparts AOG DWC LLC,USD,1,Draft,2025-04-30,7,203.1,NE,CONNECTOR,EN3646RS6083ABW,10,20.31,2025-04-30,EA,EA,1,20.31
PO-25-6121,Purchase Order PO-25-6121,Airbus,2025-04-30,Aeroparts AOG DWC LLC,USD,1,Draft,2025-04-30,8,12840.0,NE,Sensor,8-372-05,4,3210,2025-04-30,EA,EA,1,3210
PO-25-6121,Purchase Order PO-25-6121,Airbus,2025-04-30,Aeroparts AOG DWC LLC,USD,1,Draft,2025-04-30,9,1484.0,NE,PATCH,A1111013820500,70,21.2,2025-04-30,EA,EA,1,21.2
PO-25-6121,Purchase Order PO-25-6121,Airbus,2025-04-30,Aeroparts AOG DWC LLC,USD,1,Draft,2025-04-30,10,1722.0,NE,RIB,F5518370031101,3,574,2025-04-30,EA,EA,1,574
PO-25-6122,Purchase Order PO-25-6122,JET INTERNATIONAL COMPANY,2021-07-31,Aeroparts AOG DWC LLC,USD,1,Draft,2021-07-31,1,899999.0,NE,CFM56-5A,CFM56-5A,1,899999,2021-07-31,EA,EA,1,899999
PO-25-6123,Purchase Order PO-25-6123,JJA AVIATION INC,2025-05-01,Aeroparts AOG DWC LLC,USD,1,Draft,2025-05-01,1,2500.0,NE,ECAM CONTROL PANEL,LA2E90707HM0100,1,2500,2025-05-01,EA,EA,1,2500
PO-25-6124,Purchase Order PO-25-6124,"GA TELESIS, LLC",2025-05-01,Aeroparts AOG DWC LLC,USD,1,Draft,2025-05-01,1,30000.0,NE,ADIRU,HG2030AD10,1,30000,2025-05-01,EA,EA,1,30000
PO-25-6126,Purchase Order PO-25-6126,WENCOR,2025-05-01,Aeroparts AOG DWC LLC,USD,1,Draft,2025-05-01,1,0.42000000000000004,NE,WASHER,NAS1149CN832R,6,0.07,2025-05-01,EA,EA,1,0.07
PO-25-6126,Purchase Order PO-25-6126,WENCOR,2025-05-01,Aeroparts AOG DWC LLC,USD,1,Draft,2025-05-01,2,9.600000000000001,NE,NUT,NSA5067-3-1,6,1.6,2025-05-01,EA,EA,1,1.6
PO-25-6126,Purchase Order PO-25-6126,WENCOR,2025-05-01,Aeroparts AOG DWC LLC,USD,1,Draft,2025-05-01,3,67.5,NE,NUT,NAS1291C3M,54,1.25,2025-05-01,EA,EA,1,1.25
PO-25-6126,Purchase Order PO-25-6126,WENCOR,2025-05-01,Aeroparts AOG DWC LLC,USD,1,Draft,2025-05-01,4,10.5,NE,SPACER,NSA5527-03-08,21,0.5,2025-05-01,EA,EA,1,0.5
PO-25-6126,Purchase Order PO-25-6126,WENCOR,2025-05-01,Aeroparts AOG DWC LLC,USD,1,Draft,2025-05-01,5,26.099999999999998,NE,WASHER,NAS1149C0332R,90,0.29,2025-05-01,EA,EA,1,0.29
PO-25-6126,Purchase Order PO-25-6126,WENCOR,2025-05-01,Aeroparts AOG DWC LLC,USD,1,Draft,2025-05-01,6,24.0,NE,NUT,MS21042-04,30,0.8,2025-05-01,EA,EA,1,0.8
PO-25-6126,Purchase Order PO-25-6126,WENCOR,2025-05-01,Aeroparts AOG DWC LLC,USD,1,Draft,2025-05-01,7,2.6999999999999997,NE,WASHER,NAS1149CN432R,30,0.09,2025-05-01,EA,EA,1,0.09
PO-25-6126,Purchase Order PO-25-6126,WENCOR,2025-05-01,Aeroparts AOG DWC LLC,USD,1,Draft,2025-05-01,8,8.22,NE,BOLT,NAS6703-3,6,1.37,2025-05-01,EA,EA,1,1.37
PO-25-6126,Purchase Order PO-25-6126,WENCOR,2025-05-01,Aeroparts AOG DWC LLC,USD,1,Draft,2025-05-01,9,3.3600000000000003,NE,WASHER,NAS1149D0332K,12,0.28,2025-05-01,EA,EA,1,0.28
PO-25-6126,Purchase Order PO-25-6126,WENCOR,2025-05-01,Aeroparts AOG DWC LLC,USD,1,Draft,2025-05-01,10,8.22,NE,NUT,NSA5067-08-1,6,1.37,2025-05-01,EA,EA,1,1.37
PO-25-6126,Purchase Order PO-25-6126,WENCOR,2025-05-01,Aeroparts AOG DWC LLC,USD,1,Draft,2025-05-01,11,0.39,NE,WASHER,NAS1149C0363R,3,0.13,2025-05-01,EA,EA,1,0.13
PO-25-6126,Purchase Order PO-25-6126,WENCOR,2025-05-01,Aeroparts AOG DWC LLC,USD,1,Draft,2025-05-01,12,4.5,NE,NUT,MS21047L3,6,0.75,2025-05-01,EA,EA,1,0.75
PO-25-6127,Purchase Order PO-25-6127,PROPONENT,2025-05-01,Aeroparts AOG DWC LLC,USD,1,Draft,2025-05-01,1,182.16,NE,SCREW,NAS1801-3-9,36,5.06,2025-05-01,EA,EA,1,5.06
PO-25-6127,Purchase Order PO-25-6127,PROPONENT,2025-05-01,Aeroparts AOG DWC LLC,USD,1,Draft,2025-05-01,2,100.49999999999999,NE,CLIP - NUT,NSA5066-3-1,50,2.01,2025-05-01,EA,EA,1,2.01
PO-25-6127,Purchase Order PO-25-6127,PROPONENT,2025-05-01,Aeroparts AOG DWC LLC,USD,1,Draft,2025-05-01,3,68.22,NE,CAP,EN2997KE3C10,3,22.74,2025-05-01,EA,EA,1,22.74
PO-25-6127,Purchase Order PO-25-6127,PROPONENT,2025-05-01,Aeroparts AOG DWC LLC,USD,1,Draft,2025-05-01,4,40.0,NE,RIVET,EN6081D5-06,500,0.08,2025-05-01,EA,EA,1,0.08
PO-25-6128,Purchase Order PO-25-6128,BOEING DISTRIBUTION SERVICES,2025-05-01,Aeroparts AOG DWC LLC,USD,1,Draft,2025-05-01,1,70.2,NE,CLAMP,ABS0805-13M,18,3.9,2025-05-01,EA,EA,1,3.9
PO-25-6128,Purchase Order PO-25-6128,BOEING DISTRIBUTION SERVICES,2025-05-01,Aeroparts AOG DWC LLC,USD,1,Draft,2025-05-01,2,50.0,NE,TIE,NSA935401-03,625,0.08,2025-05-01,EA,EA,1,0.08
PO-25-6128,Purchase Order PO-25-6128,BOEING DISTRIBUTION SERVICES,2025-05-01,Aeroparts AOG DWC LLC,USD,1,Draft,2025-05-01,3,54.72,NE,CLAMP,AS21919WCH15,18,3.04,2025-05-01,EA,EA,1,3.04
PO-25-6128,Purchase Order PO-25-6128,BOEING DISTRIBUTION SERVICES,2025-05-01,Aeroparts AOG DWC LLC,USD,1,Draft,2025-05-01,4,50.099999999999994,NE,CLAMP,ABS0805-11,6,8.35,2025-05-01,EA,EA,1,8.35
PO-25-6128,Purchase Order PO-25-6128,BOEING DISTRIBUTION SERVICES,2025-05-01,Aeroparts AOG DWC LLC,USD,1,Draft,2025-05-01,5,587.3100000000001,NE,CONNECTOR,EN2997KE508,3,195.77,2025-05-01,EA,EA,1,195.77
PO-25-6128,Purchase Order PO-25-6128,BOEING DISTRIBUTION SERVICES,2025-05-01,Aeroparts AOG DWC LLC,USD,1,Draft,2025-05-01,6,430.26,NE,CONNECTOR,EN2997KE510,3,143.42,2025-05-01,EA,EA,1,143.42
PO-25-6129,Purchase Order PO-25-6129,SAFARI AVIATION SERVICES FZE,2025-05-01,Aeroparts AOG DWC LLC,USD,1,Draft,2025-05-01,1,35.33,NE,CUSTOMS PROCESSING FEE,CUSTOMS PROCESSING FEE,1,35.33,2025-05-01,EA,EA,1,35.33
PO-25-6129,Purchase Order PO-25-6129,SAFARI AVIATION SERVICES FZE,2025-05-01,Aeroparts AOG DWC LLC,USD,1,Draft,2025-05-01,2,42.8,NE,CERTIFICATE,HEALTH,1,42.8,2025-05-01,EA,EA,1,42.8
PO-25-6129,Purchase Order PO-25-6129,SAFARI AVIATION SERVICES FZE,2025-05-01,Aeroparts AOG DWC LLC,USD,1,Draft,2025-05-01,3,1073.89,NE,VAT,VAT,1,1073.89,2025-05-01,EA,EA,1,1073.89
PO-25-6129,Purchase Order PO-25-6129,SAFARI AVIATION SERVICES FZE,2025-05-01,Aeroparts AOG DWC LLC,USD,1,Draft,2025-05-01,4,651.3,NE,NYCOLUBE 11B,NYCOLUBE-11B,5,130.26,2025-05-01,CAN,CAN,1,130.26
PO-25-6129,Purchase Order PO-25-6129,SAFARI AVIATION SERVICES FZE,2025-05-01,Aeroparts AOG DWC LLC,USD,1,Draft,2025-05-01,5,20449.0,NE,ROYCO 481 CORROSION PREVENTIVE COMPOUND,ROYCO481,50,408.98,2025-05-01,EA,EA,1,408.98
PO-25-6129,Purchase Order PO-25-6129,SAFARI AVIATION SERVICES FZE,2025-05-01,Aeroparts AOG DWC LLC,USD,1,Draft,2025-05-01,6,108.0,NE,O-RING,M25988/1-911,20,5.4,2025-05-01,EA,EA,1,5.4
PO-25-6129,Purchase Order PO-25-6129,SAFARI AVIATION SERVICES FZE,2025-05-01,Aeroparts AOG DWC LLC,USD,1,Draft,2025-05-01,7,103.80000000000001,NE,PACKING,M25988-1-018,20,5.19,2025-05-01,EA,EA,1,5.19
PO-25-6129,Purchase Order PO-25-6129,SAFARI AVIATION SERVICES FZE,2025-05-01,Aeroparts AOG DWC LLC,USD,1,Draft,2025-05-01,8,165.79999999999998,NE,PACKING,M25988/1-906,20,8.29,2025-05-01,EA,EA,1,8.29
PO-25-6130,Purchase Order PO-25-6130,DASI LLC,2025-05-02,Aeroparts AOG DWC LLC,USD,1,Draft,2025-05-02,1,5800.0,NE,LATCH,H3743-7,1,5800,2025-05-02,EA,EA,1,5800
PO-25-6131,Purchase Order PO-25-6131,MGT GROUP,2025-05-02,Aeroparts AOG DWC LLC,USD,1,Draft,2025-05-02,1,50000.0,NE,BTMU - BRAKE TEMPERATURE MONITORING UNIT,LA2H60300HM0100,4,12500,2025-05-02,EA,EA,1,12500
PO-25-6132,Purchase Order PO-25-6132,THE GILL CORPORATION,2025-05-02,Aeroparts AOG DWC LLC,USD,1,Draft,2025-05-02,1,500.0,NE,PACKAGING,PACKAGING,1,500,2025-05-02,EA,EA,1,500
PO-25-6132,Purchase Order PO-25-6132,THE GILL CORPORATION,2025-05-02,Aeroparts AOG DWC LLC,USD,1,Draft,2025-05-02,2,495.0,NE,STORAGE,STORAGE,1,495,2025-05-02,EA,EA,1,495
PO-25-6132,Purchase Order PO-25-6132,THE GILL CORPORATION,2025-05-02,Aeroparts AOG DWC LLC,USD,1,Draft,2025-05-02,3,8850.0,NE,FLOOR PANEL,GILLFAB 4505,2,4425,2025-05-02,EA,EA,1,4425
PO-25-6132,Purchase Order PO-25-6132,THE GILL CORPORATION,2025-05-02,Aeroparts AOG DWC LLC,USD,1,Draft,2025-05-02,4,7500.0,NE,FLOOR PANEL,GILLFAB 4522,2,3750,2025-05-02,EA,EA,1,3750
PO-25-6132,Purchase Order PO-25-6132,THE GILL CORPORATION,2025-05-02,Aeroparts AOG DWC LLC,USD,1,Draft,2025-05-02,5,3910.0,NE,FLOOR PANEL,GILLFAB 4605,1,3910,2025-05-02,EA,EA,1,3910
PO-25-6133,Purchase Order PO-25-6133,Airbus,2025-05-02,Aeroparts AOG DWC LLC,USD,1,Draft,2025-05-02,1,16470.0,NE,ELECEQPT,F9297001400400,3,5490,2025-05-02,EA,EA,1,5490
PO-25-6133,Purchase Order PO-25-6133,Airbus,2025-05-02,Aeroparts AOG DWC LLC,USD,1,Draft,2025-05-02,2,600.0,NE,PLATE,F9249016920200,3,200,2025-05-02,EA,EA,1,200
PO-25-6133,Purchase Order PO-25-6133,Airbus,2025-05-02,Aeroparts AOG DWC LLC,USD,1,Draft,2025-05-02,3,612.0,NE,PLATE,F9249016920000,3,204,2025-05-02,EA,EA,1,204
PO-25-6133,Purchase Order PO-25-6133,Airbus,2025-05-02,Aeroparts AOG DWC LLC,USD,1,Draft,2025-05-02,4,5550.0,NE,HARNESS,F9297582000000,3,1850,2025-05-02,EA,EA,1,1850
PO-25-6133,Purchase Order PO-25-6133,Airbus,2025-05-02,Aeroparts AOG DWC LLC,USD,1,Draft,2025-05-02,5,38.0,NE,SCREW,NAS1101-04-7,200,0.19,2025-05-02,EA,EA,1,0.19
PO-25-6133,Purchase Order PO-25-6133,Airbus,2025-05-02,Aeroparts AOG DWC LLC,USD,1,Draft,2025-05-02,6,27.0,NE,SCREW,NAS1101-04-6,50,0.54,2025-05-02,EA,EA,1,0.54
PO-25-6133,Purchase Order PO-25-6133,Airbus,2025-05-02,Aeroparts AOG DWC LLC,USD,1,Draft,2025-05-02,7,1725.0,NE,BRACKET,F5398895426400,3,575,2025-05-02,EA,EA,1,575
PO-25-6133,Purchase Order PO-25-6133,Airbus,2025-05-02,Aeroparts AOG DWC LLC,USD,1,Draft,2025-05-02,8,27.0,NE,RIVET,EN6081AD4-08,900,0.03,2025-05-02,EA,EA,1,0.03
PO-25-6133,Purchase Order PO-25-6133,Airbus,2025-05-02,Aeroparts AOG DWC LLC,USD,1,Draft,2025-05-02,9,876.0,NE,BRACKET,D9249171620200,6,146,2025-05-02,EA,EA,1,146
PO-25-6133,Purchase Order PO-25-6133,Airbus,2025-05-02,Aeroparts AOG DWC LLC,USD,1,Draft,2025-05-02,10,27.0,NE,RIVET,EN6101AD3-03,900,0.03,2025-05-02,EA,EA,1,0.03
PO-25-6133,Purchase Order PO-25-6133,Airbus,2025-05-02,Aeroparts AOG DWC LLC,USD,1,Draft,2025-05-02,11,1323.0,NE,BRACKET,F5398895403200,3,441,2025-05-02,EA,EA,1,441
PO-25-6133,Purchase Order PO-25-6133,Airbus,2025-05-02,Aeroparts AOG DWC LLC,USD,1,Draft,2025-05-02,12,42.0,NE,RIVET,EN6081D5-07,1400,0.03,2025-05-02,EA,EA,1,0.03
PO-25-6133,Purchase Order PO-25-6133,Airbus,2025-05-02,Aeroparts AOG DWC LLC,USD,1,Draft,2025-05-02,13,408.0,NE,ANGLE,D5357068121400,3,136,2025-05-02,EA,EA,1,136
PO-25-6133,Purchase Order PO-25-6133,Airbus,2025-05-02,Aeroparts AOG DWC LLC,USD,1,Draft,2025-05-02,14,594.0,NE,BRACKET,F5398895426200,3,198,2025-05-02,EA,EA,1,198
PO-25-6133,Purchase Order PO-25-6133,Airbus,2025-05-02,Aeroparts AOG DWC LLC,USD,1,Draft,2025-05-02,15,525.0,NE,BRACKET,F5398895426000,3,175,2025-05-02,EA,EA,1,175
PO-25-6134,Purchase Order PO-25-6134,Airbus,2025-05-02,Aeroparts AOG DWC LLC,USD,1,Draft,2025-05-02,1,651.0,NE,RUB STRIP,F5757157921600,1,651,2025-05-02,EA,EA,1,651
PO-25-6134,Purchase Order PO-25-6134,Airbus,2025-05-02,Aeroparts AOG DWC LLC,USD,1,Draft,2025-05-02,2,1650.0,NE,QUANTITY LIMITER-REGREASING,98F20008247000,1,1650,2025-05-02,EA,EA,1,1650
PO-25-6134,Purchase Order PO-25-6134,Airbus,2025-05-02,Aeroparts AOG DWC LLC,USD,1,Draft,2025-05-02,3,15.72,NE,BACKSHELL,E0080-01-12C,3,5.24,2025-05-02,EA,EA,1,5.24
PO-25-6134,Purchase Order PO-25-6134,Airbus,2025-05-02,Aeroparts AOG DWC LLC,USD,1,Draft,2025-05-02,4,238.0,NE,RING-SEALING,F5518180920000,2,119,2025-05-02,EA,EA,1,119
PO-25-6134,Purchase Order PO-25-6134,Airbus,2025-05-02,Aeroparts AOG DWC LLC,USD,1,Draft,2025-05-02,5,272.0,NE,RING-SEALING,F5518181120000,2,136,2025-05-02,EA,EA,1,136
PO-25-6134,Purchase Order PO-25-6134,Airbus,2025-05-02,Aeroparts AOG DWC LLC,USD,1,Draft,2025-05-02,6,252.0,NE,RING-SEALING,F5518181220000,2,126,2025-05-02,EA,EA,1,126
PO-25-6134,Purchase Order PO-25-6134,Airbus,2025-05-02,Aeroparts AOG DWC LLC,USD,1,Draft,2025-05-02,7,97.2,NE,BOLT,NSA5031-4-20,30,3.24,2025-05-02,EA,EA,1,3.24
PO-25-6134,Purchase Order PO-25-6134,Airbus,2025-05-02,Aeroparts AOG DWC LLC,USD,1,Draft,2025-05-02,8,872.0000000000001,NE,NUT,NAS1474R4,200,4.36,2025-05-02,EA,EA,1,4.36
PO-25-6134,Purchase Order PO-25-6134,Airbus,2025-05-02,Aeroparts AOG DWC LLC,USD,1,Draft,2025-05-02,9,1588.0,NE,HOSE ASSY,D57LCN400,4,397,2025-05-02,EA,EA,1,397
PO-25-6134,Purchase Order PO-25-6134,Airbus,2025-05-02,Aeroparts AOG DWC LLC,USD,1,Draft,2025-05-02,10,2680.0,NE,SPRING ROD ASSY,F5217057100200,2,1340,2025-05-02,EA,EA,1,1340
PO-25-6134,Purchase Order PO-25-6134,Airbus,2025-05-02,Aeroparts AOG DWC LLC,USD,1,Draft,2025-05-02,11,108.2,NE,BEARING SPHERICAL,NSA8134-05X,5,21.64,2025-05-02,EA,EA,1,21.64
PO-25-6135,Purchase Order PO-25-6135,PROPONENT,2025-05-02,Aeroparts AOG DWC LLC,USD,1,Draft,2025-05-02,1,10738.0,NE,BLEED AIR DUCT SEAL,ABS1040-80,200,53.69,2025-03-26,EA,EA,1,53.69
PO-25-6136,Purchase Order PO-25-6136,Airbus,2025-05-02,Aeroparts AOG DWC LLC,USD,1,Draft,2025-05-02,1,42.00000000000001,NE,CAP,NSA936603CC0100,300,0.14,2025-05-02,EA,EA,1,0.14
PO-25-6136,Purchase Order PO-25-6136,Airbus,2025-05-02,Aeroparts AOG DWC LLC,USD,1,Draft,2025-05-02,2,27.400000000000002,NE,CLAMP,AS21919WCH12,10,2.74,2025-05-02,EA,EA,1,2.74
PO-25-6136,Purchase Order PO-25-6136,Airbus,2025-05-02,Aeroparts AOG DWC LLC,USD,1,Draft,2025-05-02,3,41.4,NE,CLAMP,AS21919WCH08,30,1.38,2025-05-02,EA,EA,1,1.38
PO-25-6136,Purchase Order PO-25-6136,Airbus,2025-05-02,Aeroparts AOG DWC LLC,USD,1,Draft,2025-05-02,4,47.7,NE,CLAMP,ABS0805-10,30,1.59,2025-05-02,EA,EA,1,1.59
PO-25-6136,Purchase Order PO-25-6136,Airbus,2025-05-02,Aeroparts AOG DWC LLC,USD,1,Draft,2025-05-02,5,42.0,NE,SCREW,NAS1801-08-21,200,0.21,2025-05-02,EA,EA,1,0.21
PO-25-6136,Purchase Order PO-25-6136,Airbus,2025-05-02,Aeroparts AOG DWC LLC,USD,1,Draft,2025-05-02,6,44.4,NE,SPACER,NSA5527-03-08D,60,0.74,2025-05-02,EA,EA,1,0.74
PO-25-6136,Purchase Order PO-25-6136,Airbus,2025-05-02,Aeroparts AOG DWC LLC,USD,1,Draft,2025-05-02,7,108.06,NE,CLAMP,ABS0805-12,6,18.01,2025-05-02,EA,EA,1,18.01
PO-25-6136,Purchase Order PO-25-6136,Airbus,2025-05-02,Aeroparts AOG DWC LLC,USD,1,Draft,2025-05-02,8,53.1,NE,CLAMP,AS21919WCH09,30,1.77,2025-05-02,EA,EA,1,1.77
PO-25-6136,Purchase Order PO-25-6136,Airbus,2025-05-02,Aeroparts AOG DWC LLC,USD,1,Draft,2025-05-02,9,134.0,NE,SCREW,NAS1801-3-21,100,1.34,2025-05-02,EA,EA,1,1.34
PO-25-6137,Purchase Order PO-25-6137,Airbus,2025-05-02,Aeroparts AOG DWC LLC,USD,1,Draft,2025-05-02,1,38580.0,NE,ELECEQPT,F9297001300700,3,12860,2025-05-02,EA,EA,1,12860
PO-25-6137,Purchase Order PO-25-6137,Airbus,2025-05-02,Aeroparts AOG DWC LLC,USD,1,Draft,2025-05-02,2,122.4,NE,WASHER,NSA935808C03,60,2.04,2025-05-02,EA,EA,1,2.04
PO-25-6137,Purchase Order PO-25-6137,Airbus,2025-05-02,Aeroparts AOG DWC LLC,USD,1,Draft,2025-05-02,3,40.199999999999996,NE,CLAMP,AS21919WCH07,20,2.01,2025-05-02,EA,EA,1,2.01
PO-25-6138,Purchase Order PO-25-6138,DUBI CHEM MARINE INTERNATIONAL Est,2025-05-02,Aeroparts AOG DWC LLC,USD,1,Draft,2025-05-02,1,23.44,NE,VAT,VAT,1,23.44,2025-05-02,EA,EA,1,23.44
PO-25-6138,Purchase Order PO-25-6138,DUBI CHEM MARINE INTERNATIONAL Est,2025-05-02,Aeroparts AOG DWC LLC,USD,1,Draft,2025-05-02,2,469.5,NE,Silica Gel White Desiccant 500 Gram,RXSOL-25-6014-500,150,3.13,2025-05-02,EA,EA,1,3.13
PO-25-6139,Purchase Order PO-25-6139,BOEING FLEET,2025-05-04,Aeroparts AOG DWC LLC,USD,1,Draft,2025-05-04,1,21200.0,NE,FAUCET,SC4L500301-5,5,4240,2025-05-04,EA,EA,1,4240
PO-25-6140,Purchase Order PO-25-6140,ALARIS AEROSPACE LLC,2025-05-05,Aeroparts AOG DWC LLC,USD,1,Draft,2025-05-05,1,3800.0,NE,ACTUATOR,975A0000-03,1,3800,2025-05-05,EA,EA,1,3800
PO-25-6141,Purchase Order PO-25-6141,WENCOR,2025-05-05,Aeroparts AOG DWC LLC,USD,1,Draft,2025-05-05,1,175.8,NE,SCREW,DAN169E3-11,60,2.93,2025-05-05,EA,EA,1,2.93
PO-25-6141,Purchase Order PO-25-6141,WENCOR,2025-05-05,Aeroparts AOG DWC LLC,USD,1,Draft,2025-05-05,2,243.6,NE,SCREW,DAN169E3-8,84,2.9,2025-05-05,EA,EA,1,2.9
PO-25-6141,Purchase Order PO-25-6141,WENCOR,2025-05-05,Aeroparts AOG DWC LLC,USD,1,Draft,2025-05-05,3,8231.25,NE,LIGHT STRIP,PL88-900LH00,15,548.75,2025-05-05,EA,EA,1,548.75
PO-25-6142,Purchase Order PO-25-6142,GULF AIRCRAFT & ENGINEERING SERVICES,2025-05-05,Aeroparts AOG DWC LLC,USD,1,Draft,2025-05-05,1,12000.0,NE,PANEL,GILLFAB4523,2,6000,2025-05-05,EA,EA,1,6000
PO-25-6143,Purchase Order PO-25-6143,JOB AIR TECHNIC,2025-05-05,Aeroparts AOG DWC LLC,USD,1,Draft,2025-05-05,1,3843.83,NE,FLOOR PANEL,GILLFAB 4605,1,3843.83,2025-05-05,EA,EA,1,3843.83
PO-25-6144,Purchase Order PO-25-6144,BOEING FLEET,2025-05-05,Aeroparts AOG DWC LLC,USD,1,Draft,2025-05-05,1,731.61,NE,SEAL,44066,33,22.17,2025-05-05,EA,EA,1,22.17
PO-25-6145,Purchase Order PO-25-6145,SKYONE,2025-05-07,Aeroparts AOG DWC LLC,USD,1,Draft,2025-05-07,1,150000.0,NE,AIRBUS A320,A320,1,150000,2025-05-07,EA,EA,1,150000
PO-25-6146,Purchase Order PO-25-6146,DASI LLC,2025-05-08,Aeroparts AOG DWC LLC,USD,1,Draft,2025-05-08,1,357.0,NE,CLAMP,ABS0805-08,17,21,2025-05-08,EA,EA,1,21
PO-25-6148,Purchase Order PO-25-6148,BOEING FLEET,2025-05-08,Aeroparts AOG DWC LLC,USD,1,Draft,2025-05-08,1,372.9,NE,BRACKET,411N1240-1,11,33.9,2025-05-08,EA,EA,1,33.9
PO-25-6149,Purchase Order PO-25-6149,AERO TECHNIC ME FZCO,2025-05-09,Aeroparts AOG DWC LLC,USD,1,Draft,2025-05-09,1,39499.99,NE,Emergency Evacuation Slide Assy,4A4011-7,1,39499.99,2025-05-08,EA,EA,1,39499.99
PO-25-6149,Purchase Order PO-25-6149,AERO TECHNIC ME FZCO,2025-05-09,Aeroparts AOG DWC LLC,USD,1,Draft,2025-05-09,2,200.0,NE,HAZMAT,HAZMAT FEES,1,200,2025-05-08,EA,EA,1,200
PO-25-6150,Purchase Order PO-25-6150,TAY AVIATION,2025-05-09,Aeroparts AOG DWC LLC,USD,1,Draft,2025-05-09,1,21500.0,NE,FMC,4052510-979,1,21500,2025-05-09,EA,EA,1,21500
PO-25-6151,Purchase Order PO-25-6151,RELIANCE AIRCRAFT INTERNATIONAL LLC,2025-05-09,Aeroparts AOG DWC LLC,USD,1,Draft,2025-05-09,1,2600.0,NE,COFFEE MAKER,64753,1,2600,2025-05-09,EA,EA,1,2600
PO-25-6152,Purchase Order PO-25-6152,ROTAFILO,2025-05-09,Aeroparts AOG DWC LLC,USD,1,Draft,2025-05-09,1,1450.0,NE,"FADEC-ENGINE PRESERVATION, FALSE METERING VALVE SI",856A1480G01,1,1450,2025-05-09,EA,EA,1,1450
PO-25-6153,Purchase Order PO-25-6153,Aviation Turbine Materials,2025-05-09,Aeroparts AOG DWC LLC,USD,1,Draft,2025-05-09,1,20000.0,NE,SHAFT-CPRSR ROTOR,1386M56P03,1,20000,2025-05-09,EA,EA,1,20000
PO-25-6154,Purchase Order PO-25-6154,PROPONENT,2025-05-12,Aeroparts AOG DWC LLC,USD,1,Draft,2025-05-12,1,1059.0,NE,VALVE - ASSEMBLY-DRAIN - FUSELAGE,140N2022-1,50,21.18,2025-05-12,EA,EA,1,21.18
PO-25-6155,Purchase Order PO-25-6155,BAE SYSTEMS,2025-05-13,Aeroparts AOG DWC LLC,USD,1,Draft,2025-05-13,1,3581.0,NE,BRACKET ASSY,115E4091G1,1,3581,2025-05-13,EA,EA,1,3581
PO-25-6156,Purchase Order PO-25-6156,TOUCHDOWN AVIATION,2025-05-13,Aeroparts AOG DWC LLC,USD,1,Draft,2025-05-13,1,18995.0,NE,FCPC,LA2K2B100DL0000,1,18995,2025-05-13,EA,EA,1,18995
PO-25-6157,Purchase Order PO-25-6157,CFM INTERNATIONAL,2025-05-14,Aeroparts AOG DWC LLC,USD,1,Draft,2025-05-14,1,195.0,NE,PACKING-PREFORMED O-RING,J221P126,50,3.9,2025-05-14,EA,EA,1,3.9
PO-25-6157,Purchase Order PO-25-6157,CFM INTERNATIONAL,2025-05-14,Aeroparts AOG DWC LLC,USD,1,Draft,2025-05-14,2,4160.0,NE,PLUG ASSY,9992M86G08,1,4160,2025-05-14,EA,EA,1,4160
PO-25-6157,Purchase Order PO-25-6157,CFM INTERNATIONAL,2025-05-14,Aeroparts AOG DWC LLC,USD,1,Draft,2025-05-14,3,137.5,NE,PACKING-PREFORMED O-RING,J221P910,25,5.5,2025-05-14,EA,EA,1,5.5
PO-25-6157,Purchase Order PO-25-6157,CFM INTERNATIONAL,2025-05-14,Aeroparts AOG DWC LLC,USD,1,Draft,2025-05-14,4,375.0,NE,"GASKET, METAL",9375M33P01,5,75,2025-05-14,EA,EA,1,75
PO-25-6157,Purchase Order PO-25-6157,CFM INTERNATIONAL,2025-05-14,Aeroparts AOG DWC LLC,USD,1,Draft,2025-05-14,5,461.75,NE,GASKET-SEAL,1324M88P02,1,461.75,2025-05-14,EA,EA,1,461.75
PO-25-6157,Purchase Order PO-25-6157,CFM INTERNATIONAL,2025-05-14,Aeroparts AOG DWC LLC,USD,1,Draft,2025-05-14,6,1766.0,NE,"GASKET, SEAL",9973M77P07,2,883,2025-05-14,EA,EA,1,883
PO-25-6157,Purchase Order PO-25-6157,CFM INTERNATIONAL,2025-05-14,Aeroparts AOG DWC LLC,USD,1,Draft,2025-05-14,7,350.0,NE,"GASKET, METAL",9375M33P02,5,70,2025-05-14,EA,EA,1,70
PO-25-6158,Purchase Order PO-25-6158,AVIALL SERVICES INC,2025-05-14,Aeroparts AOG DWC LLC,USD,1,Draft,2025-05-14,1,2610.0,NE,PACKING,68-1602,1000,2.61,2025-05-14,EA,EA,1,2.61
PO-25-6159,Purchase Order PO-25-6159,SPECIALIST AVIATION LTD,2025-05-14,Aeroparts AOG DWC LLC,USD,1,Draft,2025-05-14,1,10000.0,NE,BEACON,DK120-90,4,2500,2025-05-14,EA,EA,1,2500
PO-25-6161,Purchase Order PO-25-6161,DASI LLC,2025-05-14,Aeroparts AOG DWC LLC,USD,1,Draft,2025-05-14,1,140.0,NE,NUT,NAS1473R4,20,7,2025-05-14,EA,EA,1,7
PO-25-6162,Purchase Order PO-25-6162,AVIALL,2025-05-15,Aeroparts AOG DWC LLC,USD,1,Draft,2025-05-15,1,6.26,NE,O-RING,M83248/1-216,2,3.13,2025-05-15,EA,EA,1,3.13
PO-25-6162,Purchase Order PO-25-6162,AVIALL,2025-05-15,Aeroparts AOG DWC LLC,USD,1,Draft,2025-05-15,2,182.5,NE,GASKET,S700M0986,2,91.25,2025-05-15,EA,EA,1,91.25
PO-25-6162,Purchase Order PO-25-6162,AVIALL,2025-05-15,Aeroparts AOG DWC LLC,USD,1,Draft,2025-05-15,3,943.0,NE,"SEAL, RING",1538M29P10,1,943,2025-05-15,EA,EA,1,943
PO-25-6162,Purchase Order PO-25-6162,AVIALL,2025-05-15,Aeroparts AOG DWC LLC,USD,1,Draft,2025-05-15,4,518.0,NE,"GASKET, C-SEAL",1324M79P01,1,518,2025-05-15,EA,EA,1,518
PO-25-6163,Purchase Order PO-25-6163,SAFARI AVIATION SERVICES FZE,2025-05-15,Aeroparts AOG DWC LLC,USD,1,Draft,2025-05-15,1,35.33,NE,CUSTOMS PROCESSING FEE,CUSTOMS PROCESSING FEE,1,35.33,2025-05-15,EA,EA,1,35.33
PO-25-6163,Purchase Order PO-25-6163,SAFARI AVIATION SERVICES FZE,2025-05-15,Aeroparts AOG DWC LLC,USD,1,Draft,2025-05-15,2,14.57,NE,VAT,VAT,1,14.57,2025-05-15,EA,EA,1,14.57
PO-25-6163,Purchase Order PO-25-6163,SAFARI AVIATION SERVICES FZE,2025-05-15,Aeroparts AOG DWC LLC,USD,1,Draft,2025-05-15,3,291.44,NE,NUT,52Z2278-064,8,36.43,2025-05-15,EA,EA,1,36.43
PO-25-6164,Purchase Order PO-25-6164,Airbus,2025-05-15,Aeroparts AOG DWC LLC,USD,1,Draft,2025-05-15,1,172.0,NE,STUD,ABS0336-09,100,1.72,2025-05-15,EA,EA,1,1.72
PO-25-6164,Purchase Order PO-25-6164,Airbus,2025-05-15,Aeroparts AOG DWC LLC,USD,1,Draft,2025-05-15,2,145.0,NE,STUD,ABS0336-10,100,1.45,2025-05-15,EA,EA,1,1.45
PO-25-6164,Purchase Order PO-25-6164,Airbus,2025-05-15,Aeroparts AOG DWC LLC,USD,1,Draft,2025-05-15,3,184.0,NE,STUD,ABS0336-12,100,1.84,2025-05-15,EA,EA,1,1.84
PO-25-6164,Purchase Order PO-25-6164,Airbus,2025-05-15,Aeroparts AOG DWC LLC,USD,1,Draft,2025-05-15,4,160.0,NE,STUD,ABS0336-13,100,1.6,2025-05-15,EA,EA,1,1.6
PO-25-6164,Purchase Order PO-25-6164,Airbus,2025-05-15,Aeroparts AOG DWC LLC,USD,1,Draft,2025-05-15,5,28.000000000000004,NE,WASHER,SP127J,100,0.28,2025-05-15,EA,EA,1,0.28
PO-25-6164,Purchase Order PO-25-6164,Airbus,2025-05-15,Aeroparts AOG DWC LLC,USD,1,Draft,2025-05-15,6,2392.0,NE,CLAMP,A2901144800000,8,299,2025-05-15,EA,EA,1,299
PO-25-6164,Purchase Order PO-25-6164,Airbus,2025-05-15,Aeroparts AOG DWC LLC,USD,1,Draft,2025-05-15,7,181.0,NE,CLAMP,F0003157600000,1,181,2025-05-15,EA,EA,1,181
PO-25-6164,Purchase Order PO-25-6164,Airbus,2025-05-15,Aeroparts AOG DWC LLC,USD,1,Draft,2025-05-15,8,131.0,NE,CLAMP,F0003155000000,1,131,2025-05-15,EA,EA,1,131
PO-25-6164,Purchase Order PO-25-6164,Airbus,2025-05-15,Aeroparts AOG DWC LLC,USD,1,Draft,2025-05-15,9,112.0,NE,CLAMP,F0003154900000,1,112,2025-05-15,EA,EA,1,112
PO-25-6164,Purchase Order PO-25-6164,Airbus,2025-05-15,Aeroparts AOG DWC LLC,USD,1,Draft,2025-05-15,10,148.0,NE,CLAMP - BLOCK,F0003152800000,1,148,2025-05-15,EA,EA,1,148
PO-25-6164,Purchase Order PO-25-6164,Airbus,2025-05-15,Aeroparts AOG DWC LLC,USD,1,Draft,2025-05-15,11,193.0,NE,CLAMP,F0003159600000,1,193,2025-05-15,EA,EA,1,193
PO-25-6164,Purchase Order PO-25-6164,Airbus,2025-05-15,Aeroparts AOG DWC LLC,USD,1,Draft,2025-05-15,12,134.0,NE,CLAMP,F0003159300000,1,134,2025-05-15,EA,EA,1,134
PO-25-6164,Purchase Order PO-25-6164,Airbus,2025-05-15,Aeroparts AOG DWC LLC,USD,1,Draft,2025-05-15,13,168.6,NE,CLAMP,F0003152000000,2,84.3,2025-05-15,EA,EA,1,84.3
PO-25-6164,Purchase Order PO-25-6164,Airbus,2025-05-15,Aeroparts AOG DWC LLC,USD,1,Draft,2025-05-15,14,189.8,NE,CLAMP,F0003151900000,2,94.9,2025-05-15,EA,EA,1,94.9
PO-25-6164,Purchase Order PO-25-6164,Airbus,2025-05-15,Aeroparts AOG DWC LLC,USD,1,Draft,2025-05-15,15,385.0,NE,STIFFENER,F5453431420200,1,385,2025-05-15,EA,EA,1,385
PO-25-6164,Purchase Order PO-25-6164,Airbus,2025-05-15,Aeroparts AOG DWC LLC,USD,1,Draft,2025-05-15,16,1840.0,NE,PIN,F5453255120000,1,1840,2025-05-15,EA,EA,1,1840
PO-25-6164,Purchase Order PO-25-6164,Airbus,2025-05-15,Aeroparts AOG DWC LLC,USD,1,Draft,2025-05-15,17,39.900000000000006,NE,CLAMP,NSA5516-28ND,30,1.33,2025-05-15,EA,EA,1,1.33
PO-25-6164,Purchase Order PO-25-6164,Airbus,2025-05-15,Aeroparts AOG DWC LLC,USD,1,Draft,2025-05-15,18,241.94,NE,RELAY FIN,E0666D28A0,2,120.97,2025-05-15,EA,EA,1,120.97
PO-25-6164,Purchase Order PO-25-6164,Airbus,2025-05-15,Aeroparts AOG DWC LLC,USD,1,Draft,2025-05-15,19,215.0,NE,SEAL,F5761029220100,1,215,2025-05-15,EA,EA,1,215
PO-25-6165,Purchase Order PO-25-6165,STS COMPONENT SOLUTIONS,2025-05-15,Aeroparts AOG DWC LLC,USD,1,Draft,2025-05-15,1,12626.0,NE,STRUT ASSY,A2979-3,2,6313,2025-03-14,EA,EA,1,6313
PO-25-6167,Purchase Order PO-25-6167,Aircraft Parts Distribution,2025-05-16,Aeroparts AOG DWC LLC,USD,1,Draft,2025-05-16,1,7200.0,NE,TEMPSENSOR,102AH2AG,1,7200,2025-05-16,EA,EA,1,7200
PO-25-6168,Purchase Order PO-25-6168,BURWOOD AVIATION SUPPLIES LTD,2025-05-16,Aeroparts AOG DWC LLC,USD,1,Draft,2025-05-16,1,9500.0,NE,COMPUTER-TCAS,7517900-10020,1,9500,2025-05-16,EA,EA,1,9500
PO-25-6169,Purchase Order PO-25-6169,SAFARI AVIATION SERVICES FZE,2025-05-16,Aeroparts AOG DWC LLC,USD,1,Draft,2025-05-16,1,35.4,NE,CUSTOMS PROCESSING FEE,CUSTOMS PROCESSING FEE,1,35.4,2025-05-16,EA,EA,1,35.4
PO-25-6169,Purchase Order PO-25-6169,SAFARI AVIATION SERVICES FZE,2025-05-16,Aeroparts AOG DWC LLC,USD,1,Draft,2025-05-16,2,42.89,NE,CERTIFICATE,HEALTH,1,42.89,2025-05-16,EA,EA,1,42.89
PO-25-6169,Purchase Order PO-25-6169,SAFARI AVIATION SERVICES FZE,2025-05-16,Aeroparts AOG DWC LLC,USD,1,Draft,2025-05-16,3,76.5,NE,VAT,VAT,1,76.5,2025-05-16,EA,EA,1,76.5
PO-25-6169,Purchase Order PO-25-6169,SAFARI AVIATION SERVICES FZE,2025-05-16,Aeroparts AOG DWC LLC,USD,1,Draft,2025-05-16,4,209.58,NE,ACETONE329 FAST EVAPORATING CLEANER 1 GL,ARPOSOLVE-329,2,104.79,2025-05-16,EA,EA,1,104.79
PO-25-6169,Purchase Order PO-25-6169,SAFARI AVIATION SERVICES FZE,2025-05-16,Aeroparts AOG DWC LLC,USD,1,Draft,2025-05-16,5,1317.2,NE,MOLYKOTE D321R ANTI FRICTION COATING SPRAY,MOLYKOTE-D321R,20,65.86,2025-05-16,CAN,CAN,1,65.86
PO-25-6171,Purchase Order PO-25-6171,SKYSPARES LTD,2025-05-16,Aeroparts AOG DWC LLC,USD,1,Draft,2025-05-16,1,1.0,NE,MINIMUM ORDER VALUE,MOV,1,1,2025-05-16,EA,EA,1,1
PO-25-6171,Purchase Order PO-25-6171,SKYSPARES LTD,2025-05-16,Aeroparts AOG DWC LLC,USD,1,Draft,2025-05-16,2,14.000000000000002,NE,PIN,MS24665-437,200,0.07,2025-05-16,EA,EA,1,0.07
PO-25-6172,Purchase Order PO-25-6172,SEDA Aerospace Ltd,2025-05-19,Aeroparts AOG DWC LLC,USD,1,Draft,2025-05-19,1,1100.0,NE,CARTRIDGE ASSY- VALVE,62714,1,1100,2025-05-19,EA,EA,1,1100
PO-25-6173,Purchase Order PO-25-6173,BOEING FLEET,2025-05-19,Aeroparts AOG DWC LLC,USD,1,Draft,2025-05-19,1,7225.0,NE,FOIL ANTISKATING,21990-02,25,289,2025-05-19,EA,EA,1,289
PO-25-6174,Purchase Order PO-25-6174,NORDAIR USA INC,2025-05-20,Aeroparts AOG DWC LLC,USD,1,Draft,2025-05-20,1,3890.0,NE,FAIRING,91E688-51,1,3890,2025-05-20,EA,EA,1,3890
PO-25-6175,Purchase Order PO-25-6175,SATAIR,2025-05-20,Aeroparts AOG DWC LLC,USD,1,Draft,2025-05-20,1,19280.04,NE,LIFE VEST,63600-101,204,94.51,2025-05-20,EA,EA,1,94.51
PO-25-6177,Purchase Order PO-25-6177,SILMID,2025-05-20,Aeroparts AOG DWC LLC,USD,1,Draft,2025-05-20,1,27.0,NE,DELIVERY,DELIVERY CHARGES,1,27,2025-05-20,EA,EA,1,27
PO-25-6177,Purchase Order PO-25-6177,SILMID,2025-05-20,Aeroparts AOG DWC LLC,USD,1,Draft,2025-05-20,2,240.0,NE,ORANGE PERFORMANCE FLATBACK TAPE,3M-2525,8,30,2025-05-20,EA,EA,1,30
PO-25-6178,Purchase Order PO-25-6178,SATAIR,2025-05-20,Aeroparts AOG DWC LLC,USD,1,Draft,2025-05-20,1,1175.0,NE,HAZMAT CHARGES,HAZMAT,1,1175,2025-05-20,EA,EA,1,1175
PO-25-6178,Purchase Order PO-25-6178,SATAIR,2025-05-20,Aeroparts AOG DWC LLC,USD,1,Draft,2025-05-20,2,13233.22,NE,OXYGEN GENERATOR,117042-02,22,601.51,2025-05-20,EA,EA,1,601.51
PO-25-6178,Purchase Order PO-25-6178,SATAIR,2025-05-20,Aeroparts AOG DWC LLC,USD,1,Draft,2025-05-20,3,30569.76,NE,OXYGEN GENERATOR,117042-03,36,849.16,2025-05-20,EA,EA,1,849.16
PO-25-6179,Purchase Order PO-25-6179,SATAIR,2025-05-20,Aeroparts AOG DWC LLC,USD,1,Draft,2025-05-20,1,5017.5,NE,CLIP,FK26342,6,836.25,2025-05-20,EA,EA,1,836.25
PO-25-6180,Purchase Order PO-25-6180,TIPTOP,2025-05-21,Aeroparts AOG DWC LLC,USD,1,Draft,2025-05-21,1,14000.0,NE,GLOBAL POSITION,HG2021GP01,1,14000,2025-02-24,EA,EA,1,14000
PO-25-6184,Purchase Order PO-25-6184,BOEING FLEET,2025-05-22,Aeroparts AOG DWC LLC,USD,1,Draft,2025-05-22,1,3571.2000000000003,NE,LAMP,FO31/WW/BCAC,144,24.8,2025-03-25,EA,EA,1,24.8
PO-25-6185,Purchase Order PO-25-6185,BOEING FLEET,2025-05-22,Aeroparts AOG DWC LLC,USD,1,Draft,2025-05-22,1,6390.0,NE,LINK ASSY,114A1411-1,3,2130,2025-05-06,EA,EA,1,2130
PO-25-6185,Purchase Order PO-25-6185,BOEING FLEET,2025-05-22,Aeroparts AOG DWC LLC,USD,1,Draft,2025-05-22,2,11076.0,NE,LINK ASSY,114A1424-6,4,2769,2025-05-06,EA,EA,1,2769
PO-25-6185,Purchase Order PO-25-6185,BOEING FLEET,2025-05-22,Aeroparts AOG DWC LLC,USD,1,Draft,2025-05-22,3,11076.0,NE,LINK ASSY,114A1424-5,4,2769,2025-05-06,EA,EA,1,2769
PO-25-6186,Purchase Order PO-25-6186,SOUTHERN CROSS AVIATION,2025-05-22,Aeroparts AOG DWC LLC,USD,1,Draft,2025-05-22,1,120.0,NE,HAZMAT CHARGES,HAZMAT,1,120,2025-05-22,EA,EA,1,120
PO-25-6186,Purchase Order PO-25-6186,SOUTHERN CROSS AVIATION,2025-05-22,Aeroparts AOG DWC LLC,USD,1,Draft,2025-05-22,2,5264.34,NE,BRACKET,A0861,6,877.39,2025-05-22,EA,EA,1,877.39
PO-25-6186,Purchase Order PO-25-6186,SOUTHERN CROSS AVIATION,2025-05-22,Aeroparts AOG DWC LLC,USD,1,Draft,2025-05-22,3,23569.32,NE,ELT,500-12Y,6,3928.22,2025-05-22,EA,EA,1,3928.22
PO-25-6187,Purchase Order PO-25-6187,IFLYGSE,2025-05-23,Aeroparts AOG DWC LLC,USD,1,Draft,2025-05-23,1,660.0,NE,GUIDE TUBE,IAE2J12030,1,660,2025-05-23,EA,EA,1,660
PO-25-6187,Purchase Order PO-25-6187,IFLYGSE,2025-05-23,Aeroparts AOG DWC LLC,USD,1,Draft,2025-05-23,2,210.0,NE,"TUBE,BORESCOPE GUIDE",IAE2P16204,1,210,2025-05-23,EA,EA,1,210
PO-25-6188,Purchase Order PO-25-6188,DUBUDAT AEROSPACE,2025-05-23,Aeroparts AOG DWC LLC,USD,1,Draft,2025-05-23,1,722.0,NE,Guide Tube,856A1310P02,1,722,2025-05-23,EA,EA,1,722
PO-25-6190,Purchase Order PO-25-6190,PROPONENT,2025-05-23,Aeroparts AOG DWC LLC,USD,1,Draft,2025-05-23,1,188.0,NE,CLAMP,BACC10DK3,100,1.88,2025-05-23,EA,EA,1,1.88
PO-25-6191,Purchase Order PO-25-6191,PROPONENT,2025-05-23,Aeroparts AOG DWC LLC,USD,1,Draft,2025-05-23,1,50.0,NE,BULB - 28V .17A,1864,200,0.25,2025-05-23,EA,EA,1,0.25
PO-25-6191,Purchase Order PO-25-6191,PROPONENT,2025-05-23,Aeroparts AOG DWC LLC,USD,1,Draft,2025-05-23,2,3002.0,NE,LAMP,4557,100,30.02,2025-05-23,EA,EA,1,30.02
PO-25-6191,Purchase Order PO-25-6191,PROPONENT,2025-05-23,Aeroparts AOG DWC LLC,USD,1,Draft,2025-05-23,3,45.0,NE,WASHER,NAS1252-816L,500,0.09,2025-05-23,EA,EA,1,0.09
PO-25-6192,Purchase Order PO-25-6192,AVIALL,2025-05-23,Aeroparts AOG DWC LLC,USD,1,Draft,2025-05-23,1,2450.0,NE,WASHER-FLAT,AN960C516L,5000,0.49,2025-05-23,EA,EA,1,0.49
PO-25-6193,Purchase Order PO-25-6193,BOEING FLEET,2025-05-23,Aeroparts AOG DWC LLC,USD,1,Draft,2025-05-23,1,104.0,NE,LAMP,7839,160,0.65,2025-05-23,EA,EA,1,0.65
PO-25-6193,Purchase Order PO-25-6193,BOEING FLEET,2025-05-23,Aeroparts AOG DWC LLC,USD,1,Draft,2025-05-23,2,66.39999999999999,NE,FUSE,312001P,40,1.66,2025-05-23,EA,EA,1,1.66
PO-25-6193,Purchase Order PO-25-6193,BOEING FLEET,2025-05-23,Aeroparts AOG DWC LLC,USD,1,Draft,2025-05-23,3,115.5,NE,SCREW,NAS333CPA4-5,350,0.33,2025-05-23,EA,EA,1,0.33
PO-25-6194,Purchase Order PO-25-6194,FEZA AEROSPACE,2025-05-23,Aeroparts AOG DWC LLC,USD,1,Draft,2025-05-23,1,394.0,NE,PURGER - WATER DRAIN,98A28104000000,2,197,2025-05-23,EA,EA,1,197
PO-25-6195,Purchase Order PO-25-6195,Airbus,2025-05-26,Aeroparts AOG DWC LLC,USD,1,Draft,2025-05-26,1,7572.0,NE,OXYGEN GENERATOR,117042-02,12,631,2025-05-26,EA,EA,1,631
PO-25-6196,Purchase Order PO-25-6196,NORDAIR USA INC,2025-05-26,Aeroparts AOG DWC LLC,USD,1,Draft,2025-05-26,1,1300.0,NE,TAPE,DAN269A25,2,650,2025-05-26,EA,EA,1,650
PO-25-6197,Purchase Order PO-25-6197,Airbus,2025-05-26,Aeroparts AOG DWC LLC,USD,1,Draft,2025-05-26,1,45.0,NE,SCREW,NAS1102E3-8,90,0.5,2025-05-26,EA,EA,1,0.5
PO-25-6197,Purchase Order PO-25-6197,Airbus,2025-05-26,Aeroparts AOG DWC LLC,USD,1,Draft,2025-05-26,2,48.6,NE,SCREW,NAS7204U10,30,1.62,2025-05-26,EA,EA,1,1.62
PO-25-6197,Purchase Order PO-25-6197,Airbus,2025-05-26,Aeroparts AOG DWC LLC,USD,1,Draft,2025-05-26,3,355.0,NE,COUPLING,4132A880ZB,1,355,2025-05-26,EA,EA,1,355
PO-25-6197,Purchase Order PO-25-6197,Airbus,2025-05-26,Aeroparts AOG DWC LLC,USD,1,Draft,2025-05-26,4,43.6,NE,NUT,MS21062L4,20,2.18,2025-05-26,EA,EA,1,2.18
PO-25-6197,Purchase Order PO-25-6197,Airbus,2025-05-26,Aeroparts AOG DWC LLC,USD,1,Draft,2025-05-26,5,787.5,NE,TOOL MANUAL RELEASE,995000-00,15,52.5,2025-05-26,EA,EA,1,52.5
PO-25-6197,Purchase Order PO-25-6197,Airbus,2025-05-26,Aeroparts AOG DWC LLC,USD,1,Draft,2025-05-26,6,376.0,NE,CLEAT,F5755034820300,2,188,2025-05-26,EA,EA,1,188
PO-25-6198,Purchase Order PO-25-6198,DSC TRADING LLC,2025-05-26,Aeroparts AOG DWC LLC,USD,1,Draft,2025-05-26,1,54.0,NE,SCREW,NAS1153V8R,18,3,2025-05-26,EA,EA,1,3
PO-25-6199,Purchase Order PO-25-6199,PROPONENT,2025-05-26,Aeroparts AOG DWC LLC,USD,1,Draft,2025-05-26,1,148.68,NE,O-RING,NSA8203-219,36,4.13,2025-05-26,EA,EA,1,4.13
PO-25-6199,Purchase Order PO-25-6199,PROPONENT,2025-05-26,Aeroparts AOG DWC LLC,USD,1,Draft,2025-05-26,2,5260.5599999999995,NE,BALLAST,3250-81,3,1753.52,2025-05-26,EA,EA,1,1753.52
PO-25-6200,Purchase Order PO-25-6200,PDQ AIRSPARES,2025-05-27,Aeroparts AOG DWC LLC,USD,1,Draft,2025-05-27,1,5900.0,NE,LENZ,9EL406445-20,2,2950,2025-05-27,EA,EA,1,2950
PO-25-6201,Purchase Order PO-25-6201,"GA TELESIS, LLC",2025-05-28,Aeroparts AOG DWC LLC,USD,1,Draft,2025-05-28,1,788.0,NE,CF6 HPCB STG6,K615P04,1,788,2025-05-28,EA,EA,1,788
PO-25-6202,Purchase Order PO-25-6202,AEROCOR ENGINE GROUP,2025-05-28,Aeroparts AOG DWC LLC,USD,1,Draft,2025-05-28,1,15000.0,NE,TRANSCEIVER-RADIO ALTIMITER,066-50007-0212,1,15000,2025-05-28,EA,EA,1,15000
PO-25-6203,Purchase Order PO-25-6203,SAFARI AVIATION SERVICES FZE,2025-05-29,Aeroparts AOG DWC LLC,USD,1,Draft,2025-05-29,1,35.4,NE,CUSTOMS PROCESSING FEE,CUSTOMS PROCESSING FEE,1,35.4,2025-05-29,EA,EA,1,35.4
PO-25-6203,Purchase Order PO-25-6203,SAFARI AVIATION SERVICES FZE,2025-05-29,Aeroparts AOG DWC LLC,USD,1,Draft,2025-05-29,2,9.65,NE,VAT,VAT,1,9.65,2025-05-29,EA,EA,1,9.65
PO-25-6203,Purchase Order PO-25-6203,SAFARI AVIATION SERVICES FZE,2025-05-29,Aeroparts AOG DWC LLC,USD,1,Draft,2025-05-29,3,112.44,NE,SEAL,718115-08,2,56.22,2025-05-29,EA,EA,1,56.22
PO-25-6203,Purchase Order PO-25-6203,SAFARI AVIATION SERVICES FZE,2025-05-29,Aeroparts AOG DWC LLC,USD,1,Draft,2025-05-29,4,80.18,NE,GASKET,MS27196-24,2,40.09,2025-05-29,EA,EA,1,40.09
PO-25-6204,Purchase Order PO-25-6204,AVANTIAIR GMBH & CO. KG,2025-05-29,Aeroparts AOG DWC LLC,USD,1,Draft,2025-05-29,1,240.0,NE,BLOCK,A45250-037,2,120,2025-05-29,EA,EA,1,120
PO-25-6205,Purchase Order PO-25-6205,SAFARI AVIATION SERVICES FZE,2025-05-29,Aeroparts AOG DWC LLC,USD,1,Draft,2025-05-29,1,35.4,NE,CUSTOMS PROCESSING FEE,CUSTOMS PROCESSING FEE,1,35.4,2025-05-29,EA,EA,1,35.4
PO-25-6205,Purchase Order PO-25-6205,SAFARI AVIATION SERVICES FZE,2025-05-29,Aeroparts AOG DWC LLC,USD,1,Draft,2025-05-29,2,923.51,NE,VAT,VAT,1,923.51,2025-05-29,EA,EA,1,923.51
PO-25-6205,Purchase Order PO-25-6205,SAFARI AVIATION SERVICES FZE,2025-05-29,Aeroparts AOG DWC LLC,USD,1,Draft,2025-05-29,3,18432.0,NE,SEALANT,PS870B1-2,200,92.16,2025-05-29,EA,EA,1,92.16
PO-25-6206,Purchase Order PO-25-6206,Airbus,2025-05-29,Aeroparts AOG DWC LLC,USD,1,Draft,2025-05-29,1,2430.0,NE,SHAFT,A42414,1,2430,2025-05-29,EA,EA,1,2430
PO-25-6206,Purchase Order PO-25-6206,Airbus,2025-05-29,Aeroparts AOG DWC LLC,USD,1,Draft,2025-05-29,2,1238.4,NE,RETAINER,ABS0341-2-01,60,20.64,2025-05-29,EA,EA,1,20.64
PO-25-6206,Purchase Order PO-25-6206,Airbus,2025-05-29,Aeroparts AOG DWC LLC,USD,1,Draft,2025-05-29,3,54.0,NE,"RIVET,BLIND",NAS1919M04S05AU,10,5.4,2025-05-29,EA,EA,1,5.4
PO-25-6206,Purchase Order PO-25-6206,Airbus,2025-05-29,Aeroparts AOG DWC LLC,USD,1,Draft,2025-05-29,4,1198.5,NE,LAMP,AST7839BP2,510,2.35,2025-05-29,EA,EA,1,2.35
PO-25-6206,Purchase Order PO-25-6206,Airbus,2025-05-29,Aeroparts AOG DWC LLC,USD,1,Draft,2025-05-29,5,32.0,NE,LEAD,E0088-16-125,50,0.64,2025-05-29,EA,EA,1,0.64
PO-25-6206,Purchase Order PO-25-6206,Airbus,2025-05-29,Aeroparts AOG DWC LLC,USD,1,Draft,2025-05-29,6,1600.0,NE,PANEL,D2527750401200,8,200,2025-05-29,EA,EA,1,200
PO-25-6206,Purchase Order PO-25-6206,Airbus,2025-05-29,Aeroparts AOG DWC LLC,USD,1,Draft,2025-05-29,7,404.0,NE,PACKING,PK010-0905,8,50.5,2025-05-29,EA,EA,1,50.5
PO-25-6207,Purchase Order PO-25-6207,SAFARI AVIATION SERVICES FZE,2025-05-29,Aeroparts AOG DWC LLC,USD,1,Draft,2025-05-29,1,35.4,NE,CUSTOMS PROCESSING FEE,CUSTOMS PROCESSING FEE,1,35.4,2025-05-29,EA,EA,1,35.4
PO-25-6207,Purchase Order PO-25-6207,SAFARI AVIATION SERVICES FZE,2025-05-29,Aeroparts AOG DWC LLC,USD,1,Draft,2025-05-29,2,19.56,NE,CUSTOMS PROCESSING FEE,CUSTOMS PROCESSING FEE,1,19.56,2025-05-29,EA,EA,1,19.56
PO-25-6207,Purchase Order PO-25-6207,SAFARI AVIATION SERVICES FZE,2025-05-29,Aeroparts AOG DWC LLC,USD,1,Draft,2025-05-29,3,391.2,NE,HEADSET,64400-200,2,195.6,2025-05-29,EA,EA,1,195.6
PO-25-6208,Purchase Order PO-25-6208,ETIHAD AIRWAYS,2025-05-29,Aeroparts AOG DWC LLC,USD,1,Draft,2025-05-29,1,518.68,NE,"RING , RETAINING",201371613,2,259.34,2025-05-29,EA,EA,1,259.34
PO-25-6209,Purchase Order PO-25-6209,"Cypress Air, Inc",2025-05-29,Aeroparts AOG DWC LLC,USD,1,Draft,2025-05-29,1,3800.0,NE,PRESELECTOR,10088-0102,1,3800,2025-05-29,EA,EA,1,3800
PO-25-6210,Purchase Order PO-25-6210,"GA TELESIS, LLC",2025-05-29,Aeroparts AOG DWC LLC,USD,1,Draft,2025-05-29,1,2850.0,NE,OXYGEN MASK,MF10-05-11,1,2850,2025-05-29,EA,EA,1,2850
PO-25-6211,Purchase Order PO-25-6211,ATELIERS BIGATA,2025-05-29,Aeroparts AOG DWC LLC,USD,1,Draft,2025-05-29,1,7800.0,NE,OXYGEN MASK,MF10-05-11,3,2600,2025-05-28,EA,EA,1,2600
PO-25-6212,Purchase Order PO-25-6212,ETIHAD AIRWAYS,2025-05-30,Aeroparts AOG DWC LLC,USD,1,Draft,2025-05-30,1,442.62,NE,HEADSET,64400-200,2,221.31,2025-05-30,EA,EA,1,221.31
PO-25-6213,Purchase Order PO-25-6213,LEKI AVIATION,2025-05-30,Aeroparts AOG DWC LLC,USD,1,Draft,2025-05-30,1,225.0,NE,HAZMAT CHARGES,HAZMAT,1,225,2025-05-30,EA,EA,1,225
PO-25-6213,Purchase Order PO-25-6213,LEKI AVIATION,2025-05-30,Aeroparts AOG DWC LLC,USD,1,Draft,2025-05-30,2,1675.8,NE,BATTERY,98N9091,2,837.9,2025-05-30,EA,EA,1,837.9
PO-25-6214,Purchase Order PO-25-6214,PROPONENT HELICOPTER SERVICES,2025-05-30,Aeroparts AOG DWC LLC,USD,1,Draft,2025-05-30,1,64.92,NE,MINIMUM ORDER VALUE,MOV,1,64.92,2025-05-30,EA,EA,1,64.92
PO-25-6214,Purchase Order PO-25-6214,PROPONENT HELICOPTER SERVICES,2025-05-30,Aeroparts AOG DWC LLC,USD,1,Draft,2025-05-30,2,10.080000000000002,NE,GASKET,AN6290-3,36,0.28,2025-05-30,EA,EA,1,0.28
PO-25-6215,Purchase Order PO-25-6215,DASI LLC,2025-05-30,Aeroparts AOG DWC LLC,USD,1,Draft,2025-05-30,1,680.0,NE,FILTER,QA06101,2,340,2025-05-30,EA,EA,1,340
PO-25-6216,Purchase Order PO-25-6216,PROPONENT,2025-05-30,Aeroparts AOG DWC LLC,USD,1,Draft,2025-05-30,1,466.65,NE,PIN - SAFETY,D23156000,5,93.33,2025-05-30,EA,EA,1,93.33
PO-25-6217,Purchase Order PO-25-6217,"GA TELESIS, LLC",2025-05-30,Aeroparts AOG DWC LLC,USD,1,Draft,2025-05-30,1,32500.0,NE,HP VALVE,6773F010000,1,32500,2025-05-30,EA,EA,1,32500
PO-25-6218,Purchase Order PO-25-6218,GLOBAL AVIATION RESOURCES,2025-05-30,Aeroparts AOG DWC LLC,USD,1,Draft,2025-05-30,1,305000.0,NE,ADIRU,HG2060AD01,1,305000,2025-05-30,EA,EA,1,305000
PO-25-6219,Purchase Order PO-25-6219,EMIRATES AIRLINES,2025-06-02,Aeroparts AOG DWC LLC,USD,1,Draft,2025-06-02,1,1818.0,NE,PIN,HU55418-5DET48,2,909,2025-06-02,EA,EA,1,909
PO-25-6219,Purchase Order PO-25-6219,EMIRATES AIRLINES,2025-06-02,Aeroparts AOG DWC LLC,USD,1,Draft,2025-06-02,2,1818.0,NE,BODY/SCREW,HU55083-5DETL67,2,909,2025-06-02,EA,EA,1,909
PO-25-6219,Purchase Order PO-25-6219,EMIRATES AIRLINES,2025-06-02,Aeroparts AOG DWC LLC,USD,1,Draft,2025-06-02,3,909.0,NE,TRANSPORTATION TROLLEY,HU55347-3DTL10,1,909,2025-06-02,EA,EA,1,909
PO-25-6219,Purchase Order PO-25-6219,EMIRATES AIRLINES,2025-06-02,Aeroparts AOG DWC LLC,USD,1,Draft,2025-06-02,4,730.13,NE,SHOCK MOUNT RH FRNT,HU55280-2DETL2,1,730.13,2025-06-02,EA,EA,1,730.13
PO-25-6219,Purchase Order PO-25-6219,EMIRATES AIRLINES,2025-06-02,Aeroparts AOG DWC LLC,USD,1,Draft,2025-06-02,5,1088.0,NE,SHOCK MOUNT REAR,HU55280-2DETL4,4,272,2025-06-02,EA,EA,1,272
PO-25-6219,Purchase Order PO-25-6219,EMIRATES AIRLINES,2025-06-02,Aeroparts AOG DWC LLC,USD,1,Draft,2025-06-02,6,909.0899999999999,NE,TURNING TOOL,HU40324,3,303.03,2025-06-02,EA,EA,1,303.03
PO-25-6219,Purchase Order PO-25-6219,EMIRATES AIRLINES,2025-06-02,Aeroparts AOG DWC LLC,USD,1,Draft,2025-06-02,7,909.09,NE,BOX PROTECTOR,J78005-3,1,909.09,2025-06-02,EA,EA,1,909.09
PO-25-6219,Purchase Order PO-25-6219,EMIRATES AIRLINES,2025-06-02,Aeroparts AOG DWC LLC,USD,1,Draft,2025-06-02,8,909.1,NE,PIN-LOCATION,HU37545,2,454.55,2025-06-02,EA,EA,1,454.55
PO-25-6219,Purchase Order PO-25-6219,EMIRATES AIRLINES,2025-06-02,Aeroparts AOG DWC LLC,USD,1,Draft,2025-06-02,9,909.1,NE,COVER-MVP,HU55654,2,454.55,2025-06-02,EA,EA,1,454.55
PO-25-6219,Purchase Order PO-25-6219,EMIRATES AIRLINES,2025-06-02,Aeroparts AOG DWC LLC,USD,1,Draft,2025-06-02,10,909.09,NE,"PLATE-SUPPORT,LP &",HU37292-2,1,909.09,2025-06-02,EA,EA,1,909.09
PO-25-6219,Purchase Order PO-25-6219,EMIRATES AIRLINES,2025-06-02,Aeroparts AOG DWC LLC,USD,1,Draft,2025-06-02,11,909.1,NE,ADAPTOR,HU55436-2,2,454.55,2025-06-02,EA,EA,1,454.55
PO-25-6219,Purchase Order PO-25-6219,EMIRATES AIRLINES,2025-06-02,Aeroparts AOG DWC LLC,USD,1,Draft,2025-06-02,12,909.09,NE,DECOKING TOOL,HU80289,1,909.09,2025-06-02,EA,EA,1,909.09
PO-25-6219,Purchase Order PO-25-6219,EMIRATES AIRLINES,2025-06-02,Aeroparts AOG DWC LLC,USD,1,Draft,2025-06-02,13,909.09,NE,PLATE,HU41877,1,909.09,2025-06-02,EA,EA,1,909.09
PO-25-6219,Purchase Order PO-25-6219,EMIRATES AIRLINES,2025-06-02,Aeroparts AOG DWC LLC,USD,1,Draft,2025-06-02,14,909.09,NE,Key,HU41811,1,909.09,2025-06-02,EA,EA,1,909.09
PO-25-6219,Purchase Order PO-25-6219,EMIRATES AIRLINES,2025-06-02,Aeroparts AOG DWC LLC,USD,1,Draft,2025-06-02,15,909.09,NE,TOOL: ASSEMBLE DEDICATED,HU37694,1,909.09,2025-06-02,EA,EA,1,909.09
PO-25-6219,Purchase Order PO-25-6219,EMIRATES AIRLINES,2025-06-02,Aeroparts AOG DWC LLC,USD,1,Draft,2025-06-02,16,909.09,NE,"KIT,COLOR CHIP",315W5110-7,1,909.09,2025-06-02,KT,KT,1,909.09
PO-25-6219,Purchase Order PO-25-6219,EMIRATES AIRLINES,2025-06-02,Aeroparts AOG DWC LLC,USD,1,Draft,2025-06-02,17,909.09,NE,BOLT,RSE3450-4,9,101.01,2025-06-02,EA,EA,1,101.01
PO-25-6219,Purchase Order PO-25-6219,EMIRATES AIRLINES,2025-06-02,Aeroparts AOG DWC LLC,USD,1,Draft,2025-06-02,18,909.09,NE,"GUIDE,PIN",HU42369,1,909.09,2025-06-02,EA,EA,1,909.09
PO-25-6219,Purchase Order PO-25-6219,EMIRATES AIRLINES,2025-06-02,Aeroparts AOG DWC LLC,USD,1,Draft,2025-06-02,19,909.09,NE,GAUGE-SETTING,HU50288-1,1,909.09,2025-06-02,EA,EA,1,909.09
PO-25-6219,Purchase Order PO-25-6219,EMIRATES AIRLINES,2025-06-02,Aeroparts AOG DWC LLC,USD,1,Draft,2025-06-02,20,909.09,NE,TOOL KIT ULTRASONIC,HU81875,1,909.09,2025-06-02,KT,KT,1,909.09
PO-25-6219,Purchase Order PO-25-6219,EMIRATES AIRLINES,2025-06-02,Aeroparts AOG DWC LLC,USD,1,Draft,2025-06-02,21,909.09,NE,CONVEYOR UNIT,HU55423-5,1,909.09,2025-06-02,EA,EA,1,909.09
PO-25-6219,Purchase Order PO-25-6219,EMIRATES AIRLINES,2025-06-02,Aeroparts AOG DWC LLC,USD,1,Draft,2025-06-02,22,909.1,NE,"MISCELANEOUS TOOL,FIELD REPAIR",3MIT315W5201,2,454.55,2025-06-02,EA,EA,1,454.55
PO-25-6219,Purchase Order PO-25-6219,EMIRATES AIRLINES,2025-06-02,Aeroparts AOG DWC LLC,USD,1,Draft,2025-06-02,23,909.09,NE,COVER-MVP,HU55958,1,909.09,2025-06-02,EA,EA,1,909.09
PO-25-6219,Purchase Order PO-25-6219,EMIRATES AIRLINES,2025-06-02,Aeroparts AOG DWC LLC,USD,1,Draft,2025-06-02,24,909.09,NE,COVER-MVP,HU55957,1,909.09,2025-06-02,EA,EA,1,909.09
PO-25-6219,Purchase Order PO-25-6219,EMIRATES AIRLINES,2025-06-02,Aeroparts AOG DWC LLC,USD,1,Draft,2025-06-02,25,909.09,NE,TOOL: EXHAUST LIFTING TOOL,HU55877,1,909.09,2025-06-02,EA,EA,1,909.09
PO-25-6219,Purchase Order PO-25-6219,EMIRATES AIRLINES,2025-06-02,Aeroparts AOG DWC LLC,USD,1,Draft,2025-06-02,26,909.09,NE,TOOL: STAND-TRANSPORTATION,HU55771-1,1,909.09,2025-06-02,EA,EA,1,909.09
PO-25-6219,Purchase Order PO-25-6219,EMIRATES AIRLINES,2025-06-02,Aeroparts AOG DWC LLC,USD,1,Draft,2025-06-02,27,909.09,NE,TOOL: STAND-TRANSPORTATION,HU55770,1,909.09,2025-06-02,EA,EA,1,909.09
PO-25-6219,Purchase Order PO-25-6219,EMIRATES AIRLINES,2025-06-02,Aeroparts AOG DWC LLC,USD,1,Draft,2025-06-02,28,909.09,NE,ADAPTOR-STAND,HU55763,1,909.09,2025-06-02,EA,EA,1,909.09
PO-25-6219,Purchase Order PO-25-6219,EMIRATES AIRLINES,2025-06-02,Aeroparts AOG DWC LLC,USD,1,Draft,2025-06-02,29,909.09,NE,ADAPTOR-STAND,HU55732,1,909.09,2025-06-02,EA,EA,1,909.09
PO-25-6219,Purchase Order PO-25-6219,EMIRATES AIRLINES,2025-06-02,Aeroparts AOG DWC LLC,USD,1,Draft,2025-06-02,30,909.09,NE,TOOL,HU44279,1,909.09,2025-06-02,EA,EA,1,909.09
PO-25-6219,Purchase Order PO-25-6219,EMIRATES AIRLINES,2025-06-02,Aeroparts AOG DWC LLC,USD,1,Draft,2025-06-02,31,909.09,NE,ASSEMBLY TOOL,HU44276,1,909.09,2025-06-02,EA,EA,1,909.09
PO-25-6219,Purchase Order PO-25-6219,EMIRATES AIRLINES,2025-06-02,Aeroparts AOG DWC LLC,USD,1,Draft,2025-06-02,32,909.09,NE,TOOL,HU44275,1,909.09,2025-06-02,EA,EA,1,909.09
PO-25-6219,Purchase Order PO-25-6219,EMIRATES AIRLINES,2025-06-02,Aeroparts AOG DWC LLC,USD,1,Draft,2025-06-02,33,909.09,NE,TOOL,HU44274,1,909.09,2025-06-02,EA,EA,1,909.09
PO-25-6219,Purchase Order PO-25-6219,EMIRATES AIRLINES,2025-06-02,Aeroparts AOG DWC LLC,USD,1,Draft,2025-06-02,34,909.09,NE,TOOL: THRUST REVERSER LEAK,EK3337830001,1,909.09,2025-06-02,KT,KT,1,909.09
PO-25-6219,Purchase Order PO-25-6219,EMIRATES AIRLINES,2025-06-02,Aeroparts AOG DWC LLC,USD,1,Draft,2025-06-02,35,909.1,NE,MALE AIRLINE,A54P846,2,454.55,2025-06-02,EA,EA,1,454.55
PO-25-6219,Purchase Order PO-25-6219,EMIRATES AIRLINES,2025-06-02,Aeroparts AOG DWC LLC,USD,1,Draft,2025-06-02,36,909.1,NE,END LINK,A54M1000,2,454.55,2025-06-02,EA,EA,1,454.55
PO-25-6219,Purchase Order PO-25-6219,EMIRATES AIRLINES,2025-06-02,Aeroparts AOG DWC LLC,USD,1,Draft,2025-06-02,37,909.09,NE,MUFFLER AIRMOTOR,A54M1201,1,909.09,2025-06-02,EA,EA,1,909.09
PO-25-6219,Purchase Order PO-25-6219,EMIRATES AIRLINES,2025-06-02,Aeroparts AOG DWC LLC,USD,1,Draft,2025-06-02,38,909.09,NE,CONNECTOR ASSY,A54E848,1,909.09,2025-06-02,EA,EA,1,909.09
PO-25-6219,Purchase Order PO-25-6219,EMIRATES AIRLINES,2025-06-02,Aeroparts AOG DWC LLC,USD,1,Draft,2025-06-02,39,909.09,NE,AIRMOTOR MOUNTING,A54M910,1,909.09,2025-06-02,EA,EA,1,909.09
PO-25-6219,Purchase Order PO-25-6219,EMIRATES AIRLINES,2025-06-02,Aeroparts AOG DWC LLC,USD,1,Draft,2025-06-02,40,909.09,NE,INLET AIR ADAPTOR,A54P1015,1,909.09,2025-06-02,EA,EA,1,909.09
PO-25-6219,Purchase Order PO-25-6219,EMIRATES AIRLINES,2025-06-02,Aeroparts AOG DWC LLC,USD,1,Draft,2025-06-02,41,909.09,NE,CONNECTOR ASSY,A54E845,1,909.09,2025-06-02,EA,EA,1,909.09
PO-25-6219,Purchase Order PO-25-6219,EMIRATES AIRLINES,2025-06-02,Aeroparts AOG DWC LLC,USD,1,Draft,2025-06-02,42,909.12,NE,FEMALE AIRLINE,A54E847,8,113.64,2025-06-02,EA,EA,1,113.64
PO-25-6219,Purchase Order PO-25-6219,EMIRATES AIRLINES,2025-06-02,Aeroparts AOG DWC LLC,USD,1,Draft,2025-06-02,43,909.1,NE,"1/2"" METRO DRIVE",A54M907,2,454.55,2025-06-02,EA,EA,1,454.55
PO-25-6219,Purchase Order PO-25-6219,EMIRATES AIRLINES,2025-06-02,Aeroparts AOG DWC LLC,USD,1,Draft,2025-06-02,44,909.08,NE,SCREW-FHC,NFE27160M5X16,4,227.27,2025-06-02,EA,EA,1,227.27
PO-25-6219,Purchase Order PO-25-6219,EMIRATES AIRLINES,2025-06-02,Aeroparts AOG DWC LLC,USD,1,Draft,2025-06-02,45,909.09,NE,"GAUGE SET, IP",HU37524,1,909.09,2025-06-02,EA,EA,1,909.09
PO-25-6219,Purchase Order PO-25-6219,EMIRATES AIRLINES,2025-06-02,Aeroparts AOG DWC LLC,USD,1,Draft,2025-06-02,46,909.09,NE,BLANK-BREATHER,HU38665,1,909.09,2025-06-02,EA,EA,1,909.09
PO-25-6219,Purchase Order PO-25-6219,EMIRATES AIRLINES,2025-06-02,Aeroparts AOG DWC LLC,USD,1,Draft,2025-06-02,47,909.09,NE,AIRMOTOR MOUNTING,A54M914,1,909.09,2025-06-02,EA,EA,1,909.09
PO-25-6219,Purchase Order PO-25-6219,EMIRATES AIRLINES,2025-06-02,Aeroparts AOG DWC LLC,USD,1,Draft,2025-06-02,48,909.09,NE,PIN PIVOT,HU55368-3,1,909.09,2025-06-02,EA,EA,1,909.09
PO-25-6219,Purchase Order PO-25-6219,EMIRATES AIRLINES,2025-06-02,Aeroparts AOG DWC LLC,USD,1,Draft,2025-06-02,49,909.08,NE,"COVER, TRANSPORTATION ONLY",FK15508,4,227.27,2025-06-02,EA,EA,1,227.27
PO-25-6219,Purchase Order PO-25-6219,EMIRATES AIRLINES,2025-06-02,Aeroparts AOG DWC LLC,USD,1,Draft,2025-06-02,50,909.0,NE,ORING,A54P1000,50,18.18,2025-06-02,EA,EA,1,18.18
PO-25-6219,Purchase Order PO-25-6219,EMIRATES AIRLINES,2025-06-02,Aeroparts AOG DWC LLC,USD,1,Draft,2025-06-02,51,909.12,NE,DRIVE SHEAR KEY,A54M908,16,56.82,2025-06-02,EA,EA,1,56.82
PO-25-6219,Purchase Order PO-25-6219,EMIRATES AIRLINES,2025-06-02,Aeroparts AOG DWC LLC,USD,1,Draft,2025-06-02,52,909.1,NE,Location pin,HU37060,2,454.55,2025-06-02,EA,EA,1,454.55
PO-25-6219,Purchase Order PO-25-6219,EMIRATES AIRLINES,2025-06-02,Aeroparts AOG DWC LLC,USD,1,Draft,2025-06-02,53,909.08,NE,PIN PIVOT,HU55368-3,4,227.27,2025-06-02,EA,EA,1,227.27
PO-25-6219,Purchase Order PO-25-6219,EMIRATES AIRLINES,2025-06-02,Aeroparts AOG DWC LLC,USD,1,Draft,2025-06-02,54,909.1,NE,PIN - SPRING,HU55419-1,2,454.55,2025-06-02,EA,EA,1,454.55
PO-25-6219,Purchase Order PO-25-6219,EMIRATES AIRLINES,2025-06-02,Aeroparts AOG DWC LLC,USD,1,Draft,2025-06-02,55,909.1,NE,"ATTACH PIN 1/4""",J78017-28,2,454.55,2025-06-02,EA,EA,1,454.55
PO-25-6219,Purchase Order PO-25-6219,EMIRATES AIRLINES,2025-06-02,Aeroparts AOG DWC LLC,USD,1,Draft,2025-06-02,56,909.09,NE,"SOCKET, PNEUMATIC",HU34316,1,909.09,2025-06-02,EA,EA,1,909.09
PO-25-6219,Purchase Order PO-25-6219,EMIRATES AIRLINES,2025-06-02,Aeroparts AOG DWC LLC,USD,1,Draft,2025-06-02,57,909.09,NE,RING-SUPPORT,HU38477,1,909.09,2025-06-02,EA,EA,1,909.09
PO-25-6219,Purchase Order PO-25-6219,EMIRATES AIRLINES,2025-06-02,Aeroparts AOG DWC LLC,USD,1,Draft,2025-06-02,58,909.09,NE,SHOULDERED PIN,HU55324-5,1,909.09,2025-06-02,EA,EA,1,909.09
PO-25-6219,Purchase Order PO-25-6219,EMIRATES AIRLINES,2025-06-02,Aeroparts AOG DWC LLC,USD,1,Draft,2025-06-02,59,909.08,NE,PIN-GUIDE LP FAN,HU50466,4,227.27,2025-06-02,EA,EA,1,227.27
PO-25-6219,Purchase Order PO-25-6219,EMIRATES AIRLINES,2025-06-02,Aeroparts AOG DWC LLC,USD,1,Draft,2025-06-02,60,909.09,NE,LH T/R LATCH ASSY,J71033-29,1,909.09,2025-06-02,EA,EA,1,909.09
PO-25-6219,Purchase Order PO-25-6219,EMIRATES AIRLINES,2025-06-02,Aeroparts AOG DWC LLC,USD,1,Draft,2025-06-02,61,909.1,NE,BAR,HU37849,2,454.55,2025-06-02,EA,EA,1,454.55
PO-25-6219,Purchase Order PO-25-6219,EMIRATES AIRLINES,2025-06-02,Aeroparts AOG DWC LLC,USD,1,Draft,2025-06-02,62,909.09,NE,RING-SUPPORT,HU38551,1,909.09,2025-06-02,EA,EA,1,909.09
PO-25-6219,Purchase Order PO-25-6219,EMIRATES AIRLINES,2025-06-02,Aeroparts AOG DWC LLC,USD,1,Draft,2025-06-02,63,909.09,NE,ALIGNMENT/THREAD PROTECTOR,J71031-1,1,909.09,2025-06-02,EA,EA,1,909.09
PO-25-6219,Purchase Order PO-25-6219,EMIRATES AIRLINES,2025-06-02,Aeroparts AOG DWC LLC,USD,1,Draft,2025-06-02,64,909.1,NE,PIN SHOULDERED,HU55366-1,2,454.55,2025-06-02,EA,EA,1,454.55
PO-25-6219,Purchase Order PO-25-6219,EMIRATES AIRLINES,2025-06-02,Aeroparts AOG DWC LLC,USD,1,Draft,2025-06-02,65,909.09,NE,SUPPORT INNER -,HU50744,1,909.09,2025-06-02,EA,EA,1,909.09
PO-25-6219,Purchase Order PO-25-6219,EMIRATES AIRLINES,2025-06-02,Aeroparts AOG DWC LLC,USD,1,Draft,2025-06-02,66,909.09,NE,"EXTRACTOR, BUSH",HU85462,1,909.09,2025-06-02,EA,EA,1,909.09
PO-25-6219,Purchase Order PO-25-6219,EMIRATES AIRLINES,2025-06-02,Aeroparts AOG DWC LLC,USD,1,Draft,2025-06-02,67,909.09,NE,EXTRACTOR,HU85460,1,909.09,2025-06-02,EA,EA,1,909.09
PO-25-6219,Purchase Order PO-25-6219,EMIRATES AIRLINES,2025-06-02,Aeroparts AOG DWC LLC,USD,1,Draft,2025-06-02,68,909.09,NE,"EXTRACTOR, BUSH",HU85459,1,909.09,2025-06-02,EA,EA,1,909.09
PO-25-6219,Purchase Order PO-25-6219,EMIRATES AIRLINES,2025-06-02,Aeroparts AOG DWC LLC,USD,1,Draft,2025-06-02,69,909.09,NE,"EXTRACTOR, BUSH",HU85458,1,909.09,2025-06-02,EA,EA,1,909.09
PO-25-6219,Purchase Order PO-25-6219,EMIRATES AIRLINES,2025-06-02,Aeroparts AOG DWC LLC,USD,1,Draft,2025-06-02,70,909.09,NE,COVER-PROTECT V.S.C.,HU38864,1,909.09,2025-06-02,EA,EA,1,909.09
PO-25-6219,Purchase Order PO-25-6219,EMIRATES AIRLINES,2025-06-02,Aeroparts AOG DWC LLC,USD,1,Draft,2025-06-02,71,909.08,NE,SHOULDERED PIN,HU55324-5,4,227.27,2025-06-02,EA,EA,1,227.27
PO-25-6219,Purchase Order PO-25-6219,EMIRATES AIRLINES,2025-06-02,Aeroparts AOG DWC LLC,USD,1,Draft,2025-06-02,72,909.1,NE,SPANNER,HU50111-1,2,454.55,2025-06-02,EA,EA,1,454.55
PO-25-6219,Purchase Order PO-25-6219,EMIRATES AIRLINES,2025-06-02,Aeroparts AOG DWC LLC,USD,1,Draft,2025-06-02,73,909.09,NE,PRESS-LOCKNUT CUP,HU38390-3,1,909.09,2025-06-02,EA,EA,1,909.09
PO-25-6219,Purchase Order PO-25-6219,EMIRATES AIRLINES,2025-06-02,Aeroparts AOG DWC LLC,USD,1,Draft,2025-06-02,74,909.09,NE,PIN,HU38685,1,909.09,2025-06-02,EA,EA,1,909.09
PO-25-6219,Purchase Order PO-25-6219,EMIRATES AIRLINES,2025-06-02,Aeroparts AOG DWC LLC,USD,1,Draft,2025-06-02,75,909.09,NE,Locking tool,HU37807-2,1,909.09,2025-06-02,EA,EA,1,909.09
PO-25-6219,Purchase Order PO-25-6219,EMIRATES AIRLINES,2025-06-02,Aeroparts AOG DWC LLC,USD,1,Draft,2025-06-02,76,909.1,NE,BALL LOCK PIN,00464-134-000,2,454.55,2025-06-02,EA,EA,1,454.55
PO-25-6219,Purchase Order PO-25-6219,EMIRATES AIRLINES,2025-06-02,Aeroparts AOG DWC LLC,USD,1,Draft,2025-06-02,77,909.09,NE,LEVER,HU51409,1,909.09,2025-06-02,EA,EA,1,909.09
PO-25-6219,Purchase Order PO-25-6219,EMIRATES AIRLINES,2025-06-02,Aeroparts AOG DWC LLC,USD,1,Draft,2025-06-02,78,909.1,NE,CABLE ASSY,J71001-48,2,454.55,2025-06-02,EA,EA,1,454.55
PO-25-6219,Purchase Order PO-25-6219,EMIRATES AIRLINES,2025-06-02,Aeroparts AOG DWC LLC,USD,1,Draft,2025-06-02,79,909.0899999999999,NE,BAR,HU37848,3,303.03,2025-06-02,EA,EA,1,303.03
PO-25-6219,Purchase Order PO-25-6219,EMIRATES AIRLINES,2025-06-02,Aeroparts AOG DWC LLC,USD,1,Draft,2025-06-02,80,909.1200000000001,NE,BIT,MSE46B,48,18.94,2025-06-02,EA,EA,1,18.94
PO-25-6219,Purchase Order PO-25-6219,EMIRATES AIRLINES,2025-06-02,Aeroparts AOG DWC LLC,USD,1,Draft,2025-06-02,81,909.0899999999999,NE,ASSEMBLE OIL SLINGER,HU37693,3,303.03,2025-06-02,EA,EA,1,303.03
PO-25-6219,Purchase Order PO-25-6219,EMIRATES AIRLINES,2025-06-02,Aeroparts AOG DWC LLC,USD,1,Draft,2025-06-02,82,909.08,NE,SHOULDERED PIN,HU55324-5,4,227.27,2025-06-02,EA,EA,1,227.27
PO-25-6219,Purchase Order PO-25-6219,EMIRATES AIRLINES,2025-06-02,Aeroparts AOG DWC LLC,USD,1,Draft,2025-06-02,83,909.09,NE,DRIFT,HU85237-1,1,909.09,2025-06-02,EA,EA,1,909.09
PO-25-6219,Purchase Order PO-25-6219,EMIRATES AIRLINES,2025-06-02,Aeroparts AOG DWC LLC,USD,1,Draft,2025-06-02,84,909.09,NE,"PUSHER, BUSH",HU85455,1,909.09,2025-06-02,EA,EA,1,909.09
PO-25-6219,Purchase Order PO-25-6219,EMIRATES AIRLINES,2025-06-02,Aeroparts AOG DWC LLC,USD,1,Draft,2025-06-02,85,909.0899999999999,NE,PIN,APV7830-00-0G,3,303.03,2025-06-02,EA,EA,1,303.03
PO-25-6219,Purchase Order PO-25-6219,EMIRATES AIRLINES,2025-06-02,Aeroparts AOG DWC LLC,USD,1,Draft,2025-06-02,86,909.09,NE,SUPPORT,HU85418,1,909.09,2025-06-02,EA,EA,1,909.09
PO-25-6219,Purchase Order PO-25-6219,EMIRATES AIRLINES,2025-06-02,Aeroparts AOG DWC LLC,USD,1,Draft,2025-06-02,87,909.09,NE,WRENCH,HU85299,1,909.09,2025-06-02,EA,EA,1,909.09
PO-25-6219,Purchase Order PO-25-6219,EMIRATES AIRLINES,2025-06-02,Aeroparts AOG DWC LLC,USD,1,Draft,2025-06-02,88,909.09,NE,"PIN, LOCATING",HU85315,1,909.09,2025-06-02,EA,EA,1,909.09
PO-25-6219,Purchase Order PO-25-6219,EMIRATES AIRLINES,2025-06-02,Aeroparts AOG DWC LLC,USD,1,Draft,2025-06-02,89,909.09,NE,"SUPPORT, CENTERING",HU85158,1,909.09,2025-06-02,EA,EA,1,909.09
PO-25-6219,Purchase Order PO-25-6219,EMIRATES AIRLINES,2025-06-02,Aeroparts AOG DWC LLC,USD,1,Draft,2025-06-02,90,909.09,NE,SUPPORT,HU85036,1,909.09,2025-06-02,EA,EA,1,909.09
PO-25-6219,Purchase Order PO-25-6219,EMIRATES AIRLINES,2025-06-02,Aeroparts AOG DWC LLC,USD,1,Draft,2025-06-02,91,909.09,NE,"PUSHER, BUSH",HU85454,1,909.09,2025-06-02,EA,EA,1,909.09
PO-25-6219,Purchase Order PO-25-6219,EMIRATES AIRLINES,2025-06-02,Aeroparts AOG DWC LLC,USD,1,Draft,2025-06-02,92,909.09,NE,TOOL,HU85448,1,909.09,2025-06-02,EA,EA,1,909.09
PO-25-6219,Purchase Order PO-25-6219,EMIRATES AIRLINES,2025-06-02,Aeroparts AOG DWC LLC,USD,1,Draft,2025-06-02,93,909.09,NE,SEAL FITTING TOOL,HU85236,1,909.09,2025-06-02,EA,EA,1,909.09
PO-25-6219,Purchase Order PO-25-6219,EMIRATES AIRLINES,2025-06-02,Aeroparts AOG DWC LLC,USD,1,Draft,2025-06-02,94,909.09,NE,HAND TOOL,HU85058,1,909.09,2025-06-02,EA,EA,1,909.09
PO-25-6219,Purchase Order PO-25-6219,EMIRATES AIRLINES,2025-06-02,Aeroparts AOG DWC LLC,USD,1,Draft,2025-06-02,95,909.09,NE,"FITTING, LOWER ATTACH",J78017-6,1,909.09,2025-06-02,EA,EA,1,909.09
PO-25-6219,Purchase Order PO-25-6219,EMIRATES AIRLINES,2025-06-02,Aeroparts AOG DWC LLC,USD,1,Draft,2025-06-02,96,909.09,NE,RAM,HU85297,1,909.09,2025-06-02,EA,EA,1,909.09
PO-25-6219,Purchase Order PO-25-6219,EMIRATES AIRLINES,2025-06-02,Aeroparts AOG DWC LLC,USD,1,Draft,2025-06-02,97,909.09,NE,EXTRACTOR,HU85296,1,909.09,2025-06-02,EA,EA,1,909.09
PO-25-6219,Purchase Order PO-25-6219,EMIRATES AIRLINES,2025-06-02,Aeroparts AOG DWC LLC,USD,1,Draft,2025-06-02,98,909.1,NE,PIN - SPRING,HU55419-1,2,454.55,2025-06-02,EA,EA,1,454.55
PO-25-6219,Purchase Order PO-25-6219,EMIRATES AIRLINES,2025-06-02,Aeroparts AOG DWC LLC,USD,1,Draft,2025-06-02,99,909.09,NE,"PUSHER, BUSH",HU85457,1,909.09,2025-06-02,EA,EA,1,909.09
PO-25-6219,Purchase Order PO-25-6219,EMIRATES AIRLINES,2025-06-02,Aeroparts AOG DWC LLC,USD,1,Draft,2025-06-02,100,909.09,NE,"PUSHER, BUSH",HU85456,1,909.09,2025-06-02,EA,EA,1,909.09
PO-25-6219,Purchase Order PO-25-6219,EMIRATES AIRLINES,2025-06-02,Aeroparts AOG DWC LLC,USD,1,Draft,2025-06-02,101,909.09,NE,"FITTING TOOL, CONNECTOR",HU85241,1,909.09,2025-06-02,EA,EA,1,909.09
PO-25-6219,Purchase Order PO-25-6219,EMIRATES AIRLINES,2025-06-02,Aeroparts AOG DWC LLC,USD,1,Draft,2025-06-02,102,909.09,NE,FITTING TOOL,HU85240,1,909.09,2025-06-02,EA,EA,1,909.09
PO-25-6219,Purchase Order PO-25-6219,EMIRATES AIRLINES,2025-06-02,Aeroparts AOG DWC LLC,USD,1,Draft,2025-06-02,103,909.09,NE,SEAL FITTING TOOL,HU85228,1,909.09,2025-06-02,EA,EA,1,909.09
PO-25-6219,Purchase Order PO-25-6219,EMIRATES AIRLINES,2025-06-02,Aeroparts AOG DWC LLC,USD,1,Draft,2025-06-02,104,909.1,NE,PIN - SPRING,HU55419-1,2,454.55,2025-06-02,EA,EA,1,454.55
PO-25-6219,Purchase Order PO-25-6219,EMIRATES AIRLINES,2025-06-02,Aeroparts AOG DWC LLC,USD,1,Draft,2025-06-02,105,909.09,NE,SUPPORT,HU85132,1,909.09,2025-06-02,EA,EA,1,909.09
PO-25-6219,Purchase Order PO-25-6219,EMIRATES AIRLINES,2025-06-02,Aeroparts AOG DWC LLC,USD,1,Draft,2025-06-02,106,909.09,NE,HANDLE ASSY,HU55083-4,1,909.09,2025-06-02,EA,EA,1,909.09
PO-25-6219,Purchase Order PO-25-6219,EMIRATES AIRLINES,2025-06-02,Aeroparts AOG DWC LLC,USD,1,Draft,2025-06-02,107,909.1,NE,TOOL: GAS DETECTOR,6400022,2,454.55,2025-06-02,EA,EA,1,454.55
PO-25-6219,Purchase Order PO-25-6219,EMIRATES AIRLINES,2025-06-02,Aeroparts AOG DWC LLC,USD,1,Draft,2025-06-02,108,909.09,NE,EXTRACTOR,HU85074,1,909.09,2025-06-02,EA,EA,1,909.09
PO-25-6219,Purchase Order PO-25-6219,EMIRATES AIRLINES,2025-06-02,Aeroparts AOG DWC LLC,USD,1,Draft,2025-06-02,109,909.09,NE,EXTRACTOR,HU85083,1,909.09,2025-06-02,EA,EA,1,909.09
PO-25-6219,Purchase Order PO-25-6219,EMIRATES AIRLINES,2025-06-02,Aeroparts AOG DWC LLC,USD,1,Draft,2025-06-02,110,909.09,NE,IMPACT ADAPTOR,HU41095,1,909.09,2025-06-02,EA,EA,1,909.09
PO-25-6219,Purchase Order PO-25-6219,EMIRATES AIRLINES,2025-06-02,Aeroparts AOG DWC LLC,USD,1,Draft,2025-06-02,111,909.09,NE,TOOL,HU85546,1,909.09,2025-06-02,EA,EA,1,909.09
PO-25-6219,Purchase Order PO-25-6219,EMIRATES AIRLINES,2025-06-02,Aeroparts AOG DWC LLC,USD,1,Draft,2025-06-02,112,909.09,NE,ADJUSTER-VSV1,HU41303-2,1,909.09,2025-06-02,EA,EA,1,909.09
PO-25-6219,Purchase Order PO-25-6219,EMIRATES AIRLINES,2025-06-02,Aeroparts AOG DWC LLC,USD,1,Draft,2025-06-02,113,909.09,NE,EXTRACTOR,HU85069,1,909.09,2025-06-02,EA,EA,1,909.09
PO-25-6219,Purchase Order PO-25-6219,EMIRATES AIRLINES,2025-06-02,Aeroparts AOG DWC LLC,USD,1,Draft,2025-06-02,114,909.09,NE,SEAL FITTING TOOL,HU85213,1,909.09,2025-06-02,EA,EA,1,909.09
PO-25-6219,Purchase Order PO-25-6219,EMIRATES AIRLINES,2025-06-02,Aeroparts AOG DWC LLC,USD,1,Draft,2025-06-02,115,909.09,NE,TOOL,HU85547,1,909.09,2025-06-02,EA,EA,1,909.09
PO-25-6219,Purchase Order PO-25-6219,EMIRATES AIRLINES,2025-06-02,Aeroparts AOG DWC LLC,USD,1,Draft,2025-06-02,116,909.09,NE,PLATE-TORQUE,HU38817,1,909.09,2025-06-02,EA,EA,1,909.09
PO-25-6219,Purchase Order PO-25-6219,EMIRATES AIRLINES,2025-06-02,Aeroparts AOG DWC LLC,USD,1,Draft,2025-06-02,117,909.12,NE,BEARING,00468-325-000,8,113.64,2025-06-02,EA,EA,1,113.64
PO-25-6219,Purchase Order PO-25-6219,EMIRATES AIRLINES,2025-06-02,Aeroparts AOG DWC LLC,USD,1,Draft,2025-06-02,118,909.09,NE,SEAL FITTING TOOL,HU85212,1,909.09,2025-06-02,EA,EA,1,909.09
PO-25-6219,Purchase Order PO-25-6219,EMIRATES AIRLINES,2025-06-02,Aeroparts AOG DWC LLC,USD,1,Draft,2025-06-02,119,909.09,NE,TOOL,HU85488,1,909.09,2025-06-02,EA,EA,1,909.09
PO-25-6219,Purchase Order PO-25-6219,EMIRATES AIRLINES,2025-06-02,Aeroparts AOG DWC LLC,USD,1,Draft,2025-06-02,120,909.09,NE,SUPPORT,HU85293,1,909.09,2025-06-02,EA,EA,1,909.09
PO-25-6219,Purchase Order PO-25-6219,EMIRATES AIRLINES,2025-06-02,Aeroparts AOG DWC LLC,USD,1,Draft,2025-06-02,121,909.09,NE,PLUG DISCHARGER,WL29D93,1,909.09,2025-06-02,EA,EA,1,909.09
PO-25-6219,Purchase Order PO-25-6219,EMIRATES AIRLINES,2025-06-02,Aeroparts AOG DWC LLC,USD,1,Draft,2025-06-02,122,909.09,NE,SEAL FITTING TOOL,HU85226,1,909.09,2025-06-02,EA,EA,1,909.09
PO-25-6219,Purchase Order PO-25-6219,EMIRATES AIRLINES,2025-06-02,Aeroparts AOG DWC LLC,USD,1,Draft,2025-06-02,123,909.09,NE,EXTRACTOR,HU85059,1,909.09,2025-06-02,EA,EA,1,909.09
PO-25-6219,Purchase Order PO-25-6219,EMIRATES AIRLINES,2025-06-02,Aeroparts AOG DWC LLC,USD,1,Draft,2025-06-02,124,909.09,NE,KEEP RING-BEARING REMOVAL,HU41046,1,909.09,2025-06-02,EA,EA,1,909.09
PO-25-6219,Purchase Order PO-25-6219,EMIRATES AIRLINES,2025-06-02,Aeroparts AOG DWC LLC,USD,1,Draft,2025-06-02,125,909.09,NE,ADAPTOR,HU85256,1,909.09,2025-06-02,EA,EA,1,909.09
PO-25-6219,Purchase Order PO-25-6219,EMIRATES AIRLINES,2025-06-02,Aeroparts AOG DWC LLC,USD,1,Draft,2025-06-02,126,909.09,NE,EXTRACTOR,HU85071,1,909.09,2025-06-02,EA,EA,1,909.09
PO-25-6219,Purchase Order PO-25-6219,EMIRATES AIRLINES,2025-06-02,Aeroparts AOG DWC LLC,USD,1,Draft,2025-06-02,127,909.09,NE,DRIFT,HU85091,1,909.09,2025-06-02,EA,EA,1,909.09
PO-25-6219,Purchase Order PO-25-6219,EMIRATES AIRLINES,2025-06-02,Aeroparts AOG DWC LLC,USD,1,Draft,2025-06-02,128,909.09,NE,"SUPPORT, BEARING",HU85536-1,1,909.09,2025-06-02,EA,EA,1,909.09
PO-25-6219,Purchase Order PO-25-6219,EMIRATES AIRLINES,2025-06-02,Aeroparts AOG DWC LLC,USD,1,Draft,2025-06-02,129,909.09,NE,Loading tool,HU37631,1,909.09,2025-06-02,EA,EA,1,909.09
PO-25-6219,Purchase Order PO-25-6219,EMIRATES AIRLINES,2025-06-02,Aeroparts AOG DWC LLC,USD,1,Draft,2025-06-02,130,909.09,NE,PRESS,HU85131,1,909.09,2025-06-02,EA,EA,1,909.09
PO-25-6219,Purchase Order PO-25-6219,EMIRATES AIRLINES,2025-06-02,Aeroparts AOG DWC LLC,USD,1,Draft,2025-06-02,131,909.09,NE,"PUSHER, ROLLER",HU85072,1,909.09,2025-06-02,EA,EA,1,909.09
PO-25-6219,Purchase Order PO-25-6219,EMIRATES AIRLINES,2025-06-02,Aeroparts AOG DWC LLC,USD,1,Draft,2025-06-02,132,909.09,NE,PUSHER,HU85421,1,909.09,2025-06-02,EA,EA,1,909.09
PO-25-6219,Purchase Order PO-25-6219,EMIRATES AIRLINES,2025-06-02,Aeroparts AOG DWC LLC,USD,1,Draft,2025-06-02,133,909.09,NE,SUPPORT,HU85294,1,909.09,2025-06-02,EA,EA,1,909.09
PO-25-6219,Purchase Order PO-25-6219,EMIRATES AIRLINES,2025-06-02,Aeroparts AOG DWC LLC,USD,1,Draft,2025-06-02,134,909.1,NE,PIN - SPRING,HU55419-1,2,454.55,2025-06-02,EA,EA,1,454.55
PO-25-6219,Purchase Order PO-25-6219,EMIRATES AIRLINES,2025-06-02,Aeroparts AOG DWC LLC,USD,1,Draft,2025-06-02,135,909.0999999999999,NE,"BOLT-STOP,IP TURBINE",HU30071,5,181.82,2025-06-02,EA,EA,1,181.82
PO-25-6219,Purchase Order PO-25-6219,EMIRATES AIRLINES,2025-06-02,Aeroparts AOG DWC LLC,USD,1,Draft,2025-06-02,136,909.09,NE,SUPPORT,HU85150,1,909.09,2025-06-02,EA,EA,1,909.09
PO-25-6219,Purchase Order PO-25-6219,EMIRATES AIRLINES,2025-06-02,Aeroparts AOG DWC LLC,USD,1,Draft,2025-06-02,137,909.09,NE,ADJUSTING TOOL,HU41302-1,1,909.09,2025-06-02,EA,EA,1,909.09
PO-25-6219,Purchase Order PO-25-6219,EMIRATES AIRLINES,2025-06-02,Aeroparts AOG DWC LLC,USD,1,Draft,2025-06-02,138,909.09,NE,TOOL: SLING-LIFT,HU41424,1,909.09,2025-06-02,EA,EA,1,909.09
PO-25-6219,Purchase Order PO-25-6219,EMIRATES AIRLINES,2025-06-02,Aeroparts AOG DWC LLC,USD,1,Draft,2025-06-02,139,909.09,NE,EXTRACTOR,HU85214,1,909.09,2025-06-02,EA,EA,1,909.09
PO-25-6219,Purchase Order PO-25-6219,EMIRATES AIRLINES,2025-06-02,Aeroparts AOG DWC LLC,USD,1,Draft,2025-06-02,140,909.09,NE,SHAFT ( TOOL ),HU40025,1,909.09,2025-06-02,EA,EA,1,909.09
PO-25-6219,Purchase Order PO-25-6219,EMIRATES AIRLINES,2025-06-02,Aeroparts AOG DWC LLC,USD,1,Draft,2025-06-02,141,909.09,NE,HAND TOOL,HU85065,1,909.09,2025-06-02,EA,EA,1,909.09
PO-25-6219,Purchase Order PO-25-6219,EMIRATES AIRLINES,2025-06-02,Aeroparts AOG DWC LLC,USD,1,Draft,2025-06-02,142,909.09,NE,CONNECTOR,HU85447,1,909.09,2025-06-02,EA,EA,1,909.09
PO-25-6219,Purchase Order PO-25-6219,EMIRATES AIRLINES,2025-06-02,Aeroparts AOG DWC LLC,USD,1,Draft,2025-06-02,143,909.09,NE,CONNECTOR,HU85446,1,909.09,2025-06-02,EA,EA,1,909.09
PO-25-6219,Purchase Order PO-25-6219,EMIRATES AIRLINES,2025-06-02,Aeroparts AOG DWC LLC,USD,1,Draft,2025-06-02,144,909.09,NE,CONNECTOR,HU85445,1,909.09,2025-06-02,EA,EA,1,909.09
PO-25-6219,Purchase Order PO-25-6219,EMIRATES AIRLINES,2025-06-02,Aeroparts AOG DWC LLC,USD,1,Draft,2025-06-02,145,909.09,NE,PUSHER,HU85077,1,909.09,2025-06-02,EA,EA,1,909.09
PO-25-6219,Purchase Order PO-25-6219,EMIRATES AIRLINES,2025-06-02,Aeroparts AOG DWC LLC,USD,1,Draft,2025-06-02,146,909.09,NE,SUPPORT,HU85420,1,909.09,2025-06-02,EA,EA,1,909.09
PO-25-6219,Purchase Order PO-25-6219,EMIRATES AIRLINES,2025-06-02,Aeroparts AOG DWC LLC,USD,1,Draft,2025-06-02,147,909.09,NE,SUPPORT,HU85272,1,909.09,2025-06-02,EA,EA,1,909.09
PO-25-6219,Purchase Order PO-25-6219,EMIRATES AIRLINES,2025-06-02,Aeroparts AOG DWC LLC,USD,1,Draft,2025-06-02,148,909.09,NE,RAM,HU85295,1,909.09,2025-06-02,EA,EA,1,909.09
PO-25-6219,Purchase Order PO-25-6219,EMIRATES AIRLINES,2025-06-02,Aeroparts AOG DWC LLC,USD,1,Draft,2025-06-02,149,909.09,NE,EXTRACTOR-CENTRAL,HU38878,1,909.09,2025-06-02,EA,EA,1,909.09
PO-25-6219,Purchase Order PO-25-6219,EMIRATES AIRLINES,2025-06-02,Aeroparts AOG DWC LLC,USD,1,Draft,2025-06-02,150,909.09,NE,Engine cradle,HU55281-4,1,909.09,2025-06-02,EA,EA,1,909.09
PO-25-6219,Purchase Order PO-25-6219,EMIRATES AIRLINES,2025-06-02,Aeroparts AOG DWC LLC,USD,1,Draft,2025-06-02,151,909.09,NE,"PUSHER, INSTALLATION",HU85317,1,909.09,2025-06-02,EA,EA,1,909.09
PO-25-6219,Purchase Order PO-25-6219,EMIRATES AIRLINES,2025-06-02,Aeroparts AOG DWC LLC,USD,1,Draft,2025-06-02,152,909.09,NE,ROUND UP RING,HU41805,1,909.09,2025-06-02,EA,EA,1,909.09
PO-25-6219,Purchase Order PO-25-6219,EMIRATES AIRLINES,2025-06-02,Aeroparts AOG DWC LLC,USD,1,Draft,2025-06-02,153,909.09,NE,EXTRACTOR,HU85056,1,909.09,2025-06-02,EA,EA,1,909.09
PO-25-6219,Purchase Order PO-25-6219,EMIRATES AIRLINES,2025-06-02,Aeroparts AOG DWC LLC,USD,1,Draft,2025-06-02,154,909.09,NE,SUPPORT,HU85055,1,909.09,2025-06-02,EA,EA,1,909.09
PO-25-6219,Purchase Order PO-25-6219,EMIRATES AIRLINES,2025-06-02,Aeroparts AOG DWC LLC,USD,1,Draft,2025-06-02,155,909.09,NE,CENTERING SUPPORT,HU85070,1,909.09,2025-06-02,EA,EA,1,909.09
PO-25-6219,Purchase Order PO-25-6219,EMIRATES AIRLINES,2025-06-02,Aeroparts AOG DWC LLC,USD,1,Draft,2025-06-02,156,909.09,NE,Engine cradle,HU55281-4,1,909.09,2025-06-02,EA,EA,1,909.09
PO-25-6219,Purchase Order PO-25-6219,EMIRATES AIRLINES,2025-06-02,Aeroparts AOG DWC LLC,USD,1,Draft,2025-06-02,157,909.1,NE,CABLE LIQUID LIGHT GUIDE,1000535,2,454.55,2025-06-02,EA,EA,1,454.55
PO-25-6219,Purchase Order PO-25-6219,EMIRATES AIRLINES,2025-06-02,Aeroparts AOG DWC LLC,USD,1,Draft,2025-06-02,158,909.09,NE,CENTERING SUPPORT,HU85075,1,909.09,2025-06-02,EA,EA,1,909.09
PO-25-6219,Purchase Order PO-25-6219,EMIRATES AIRLINES,2025-06-02,Aeroparts AOG DWC LLC,USD,1,Draft,2025-06-02,159,909.1,NE,TOOL: ACCESS COVER DRIVE,HU85006,2,454.55,2025-06-02,EA,EA,1,454.55
PO-25-6219,Purchase Order PO-25-6219,EMIRATES AIRLINES,2025-06-02,Aeroparts AOG DWC LLC,USD,1,Draft,2025-06-02,160,909.1200000000001,NE,"PIN-GUIDE,HP SYSTEM",HU38865,6,151.52,2025-06-02,EA,EA,1,151.52
PO-25-6219,Purchase Order PO-25-6219,EMIRATES AIRLINES,2025-06-02,Aeroparts AOG DWC LLC,USD,1,Draft,2025-06-02,161,909.09,NE,EXTRACTOR,HU85276,1,909.09,2025-06-02,EA,EA,1,909.09
PO-25-6219,Purchase Order PO-25-6219,EMIRATES AIRLINES,2025-06-02,Aeroparts AOG DWC LLC,USD,1,Draft,2025-06-02,162,909.09,NE,SUPPORT,HU85057,1,909.09,2025-06-02,EA,EA,1,909.09
PO-25-6219,Purchase Order PO-25-6219,EMIRATES AIRLINES,2025-06-02,Aeroparts AOG DWC LLC,USD,1,Draft,2025-06-02,163,909.1,NE,GUIDE TUBE,HU44564,2,454.55,2025-06-02,EA,EA,1,454.55
PO-25-6219,Purchase Order PO-25-6219,EMIRATES AIRLINES,2025-06-02,Aeroparts AOG DWC LLC,USD,1,Draft,2025-06-02,164,909.09,NE,"SUPPORT, CENTERING",HU85020,1,909.09,2025-06-02,EA,EA,1,909.09
PO-25-6219,Purchase Order PO-25-6219,EMIRATES AIRLINES,2025-06-02,Aeroparts AOG DWC LLC,USD,1,Draft,2025-06-02,165,909.09,NE,FIXTURE,HU85155,1,909.09,2025-06-02,EA,EA,1,909.09
PO-25-6219,Purchase Order PO-25-6219,EMIRATES AIRLINES,2025-06-02,Aeroparts AOG DWC LLC,USD,1,Draft,2025-06-02,166,909.08,NE,PIN PIVOT,HU55368-3,4,227.27,2025-06-02,EA,EA,1,227.27
PO-25-6219,Purchase Order PO-25-6219,EMIRATES AIRLINES,2025-06-02,Aeroparts AOG DWC LLC,USD,1,Draft,2025-06-02,167,909.09,NE,BOBBIN,HU85239,1,909.09,2025-06-02,EA,EA,1,909.09
PO-25-6219,Purchase Order PO-25-6219,EMIRATES AIRLINES,2025-06-02,Aeroparts AOG DWC LLC,USD,1,Draft,2025-06-02,168,909.09,NE,BOBBIN,HU85238,1,909.09,2025-06-02,EA,EA,1,909.09
PO-25-6219,Purchase Order PO-25-6219,EMIRATES AIRLINES,2025-06-02,Aeroparts AOG DWC LLC,USD,1,Draft,2025-06-02,169,909.1,NE,DRIFT,HU85028,2,454.55,2025-06-02,EA,EA,1,454.55
PO-25-6219,Purchase Order PO-25-6219,EMIRATES AIRLINES,2025-06-02,Aeroparts AOG DWC LLC,USD,1,Draft,2025-06-02,170,909.09,NE,"SUPPORT, CENTERING",HU85519,1,909.09,2025-06-02,EA,EA,1,909.09
PO-25-6219,Purchase Order PO-25-6219,EMIRATES AIRLINES,2025-06-02,Aeroparts AOG DWC LLC,USD,1,Draft,2025-06-02,171,909.1,NE,EXTRACTOR,HU85484,2,454.55,2025-06-02,EA,EA,1,454.55
PO-25-6219,Purchase Order PO-25-6219,EMIRATES AIRLINES,2025-06-02,Aeroparts AOG DWC LLC,USD,1,Draft,2025-06-02,172,909.09,NE,WRENCH,HU85509,1,909.09,2025-06-02,EA,EA,1,909.09
PO-25-6219,Purchase Order PO-25-6219,EMIRATES AIRLINES,2025-06-02,Aeroparts AOG DWC LLC,USD,1,Draft,2025-06-02,173,909.09,NE,CENTERING SUPPORT,HU85067-1,1,909.09,2025-06-02,EA,EA,1,909.09
PO-25-6219,Purchase Order PO-25-6219,EMIRATES AIRLINES,2025-06-02,Aeroparts AOG DWC LLC,USD,1,Draft,2025-06-02,174,909.09,NE,EXTRACTOR,HU85060,1,909.09,2025-06-02,EA,EA,1,909.09
PO-25-6219,Purchase Order PO-25-6219,EMIRATES AIRLINES,2025-06-02,Aeroparts AOG DWC LLC,USD,1,Draft,2025-06-02,175,909.1,NE,TOOL: ALIGNMENT TORQUE,HU38555,2,454.55,2025-06-02,EA,EA,1,454.55
PO-25-6219,Purchase Order PO-25-6219,EMIRATES AIRLINES,2025-06-02,Aeroparts AOG DWC LLC,USD,1,Draft,2025-06-02,176,909.1,NE,SEAL FITTING TOOL,HU85227,2,454.55,2025-06-02,EA,EA,1,454.55
PO-25-6219,Purchase Order PO-25-6219,EMIRATES AIRLINES,2025-06-02,Aeroparts AOG DWC LLC,USD,1,Draft,2025-06-02,177,909.0899999999999,NE,TOOL: T/R COWL HOLD OPEN,J78006-1,3,303.03,2025-06-02,EA,EA,1,303.03
PO-25-6219,Purchase Order PO-25-6219,EMIRATES AIRLINES,2025-06-02,Aeroparts AOG DWC LLC,USD,1,Draft,2025-06-02,178,909.09,NE,ADPTOR PUSHER.,HU85023-1,1,909.09,2025-06-02,EA,EA,1,909.09
PO-25-6219,Purchase Order PO-25-6219,EMIRATES AIRLINES,2025-06-02,Aeroparts AOG DWC LLC,USD,1,Draft,2025-06-02,179,909.09,NE,PULLER,HU85024,1,909.09,2025-06-02,EA,EA,1,909.09
PO-25-6219,Purchase Order PO-25-6219,EMIRATES AIRLINES,2025-06-02,Aeroparts AOG DWC LLC,USD,1,Draft,2025-06-02,180,909.0999999999999,NE,PROTECTOR THREAD RR,J78005-5,10,90.91,2025-06-02,EA,EA,1,90.91
PO-25-6219,Purchase Order PO-25-6219,EMIRATES AIRLINES,2025-06-02,Aeroparts AOG DWC LLC,USD,1,Draft,2025-06-02,181,909.09,NE,HOIST SLING,HU56101,1,909.09,2025-06-02,EA,EA,1,909.09
PO-25-6219,Purchase Order PO-25-6219,EMIRATES AIRLINES,2025-06-02,Aeroparts AOG DWC LLC,USD,1,Draft,2025-06-02,182,909.09,NE,TOOL,HU85528,1,909.09,2025-06-02,EA,EA,1,909.09
PO-25-6219,Purchase Order PO-25-6219,EMIRATES AIRLINES,2025-06-02,Aeroparts AOG DWC LLC,USD,1,Draft,2025-06-02,183,909.09,NE,EXTRACTOR,HU85080,1,909.09,2025-06-02,EA,EA,1,909.09
PO-25-6219,Purchase Order PO-25-6219,EMIRATES AIRLINES,2025-06-02,Aeroparts AOG DWC LLC,USD,1,Draft,2025-06-02,184,909.09,NE,IMMOBILISER,HU85419,1,909.09,2025-06-02,EA,EA,1,909.09
PO-25-6219,Purchase Order PO-25-6219,EMIRATES AIRLINES,2025-06-02,Aeroparts AOG DWC LLC,USD,1,Draft,2025-06-02,185,909.09,NE,TOOL,HU85486,1,909.09,2025-06-02,EA,EA,1,909.09
PO-25-6219,Purchase Order PO-25-6219,EMIRATES AIRLINES,2025-06-02,Aeroparts AOG DWC LLC,USD,1,Draft,2025-06-02,186,909.1,NE,TOOL: ANTI ROTATION KEY,HU85302,2,454.55,2025-06-02,EA,EA,1,454.55
PO-25-6219,Purchase Order PO-25-6219,EMIRATES AIRLINES,2025-06-02,Aeroparts AOG DWC LLC,USD,1,Draft,2025-06-02,187,909.08,NE,"CLAMP-RING,SHOP",HU38235,4,227.27,2025-06-02,EA,EA,1,227.27
PO-25-6219,Purchase Order PO-25-6219,EMIRATES AIRLINES,2025-06-02,Aeroparts AOG DWC LLC,USD,1,Draft,2025-06-02,188,909.1,NE,TOOL: WASHER GEAR BOX,HU85307,2,454.55,2025-06-02,EA,EA,1,454.55
PO-25-6219,Purchase Order PO-25-6219,EMIRATES AIRLINES,2025-06-02,Aeroparts AOG DWC LLC,USD,1,Draft,2025-06-02,189,909.0899999999999,NE,SPACER-SUPPORT AND,HU38460,3,303.03,2025-06-02,EA,EA,1,303.03
PO-25-6219,Purchase Order PO-25-6219,EMIRATES AIRLINES,2025-06-02,Aeroparts AOG DWC LLC,USD,1,Draft,2025-06-02,190,909.09,NE,CUTTER,HU85316,1,909.09,2025-06-02,EA,EA,1,909.09
PO-25-6219,Purchase Order PO-25-6219,EMIRATES AIRLINES,2025-06-02,Aeroparts AOG DWC LLC,USD,1,Draft,2025-06-02,191,909.09,NE,SUPPORT,HU85092,1,909.09,2025-06-02,EA,EA,1,909.09
PO-25-6219,Purchase Order PO-25-6219,EMIRATES AIRLINES,2025-06-02,Aeroparts AOG DWC LLC,USD,1,Draft,2025-06-02,192,909.09,NE,Socket wrench adapter,HU31047-3,1,909.09,2025-06-02,EA,EA,1,909.09
PO-25-6219,Purchase Order PO-25-6219,EMIRATES AIRLINES,2025-06-02,Aeroparts AOG DWC LLC,USD,1,Draft,2025-06-02,193,909.09,NE,LOCATION BRACKET,HU39043,1,909.09,2025-06-02,EA,EA,1,909.09
PO-25-6219,Purchase Order PO-25-6219,EMIRATES AIRLINES,2025-06-02,Aeroparts AOG DWC LLC,USD,1,Draft,2025-06-02,194,909.08,NE,CLAMP,HU41620,4,227.27,2025-06-02,EA,EA,1,227.27
PO-25-6219,Purchase Order PO-25-6219,EMIRATES AIRLINES,2025-06-02,Aeroparts AOG DWC LLC,USD,1,Draft,2025-06-02,195,909.09,NE,SUPPORT,HU85424,1,909.09,2025-06-02,EA,EA,1,909.09
PO-25-6219,Purchase Order PO-25-6219,EMIRATES AIRLINES,2025-06-02,Aeroparts AOG DWC LLC,USD,1,Draft,2025-06-02,196,909.09,NE,WASHER,HU85138,1,909.09,2025-06-02,EA,EA,1,909.09
PO-25-6219,Purchase Order PO-25-6219,EMIRATES AIRLINES,2025-06-02,Aeroparts AOG DWC LLC,USD,1,Draft,2025-06-02,197,909.09,NE,SUPPORT,HU85076,1,909.09,2025-06-02,EA,EA,1,909.09
PO-25-6219,Purchase Order PO-25-6219,EMIRATES AIRLINES,2025-06-02,Aeroparts AOG DWC LLC,USD,1,Draft,2025-06-02,198,909.08,NE,Support tool,HU37561,4,227.27,2025-06-02,EA,EA,1,227.27
PO-25-6219,Purchase Order PO-25-6219,EMIRATES AIRLINES,2025-06-02,Aeroparts AOG DWC LLC,USD,1,Draft,2025-06-02,199,909.1,NE,PIN,HU55418-5,2,454.55,2025-06-02,EA,EA,1,454.55
PO-25-6219,Purchase Order PO-25-6219,EMIRATES AIRLINES,2025-06-02,Aeroparts AOG DWC LLC,USD,1,Draft,2025-06-02,200,909.1,NE,TOOL: LOWER NOSE COWL,HU55396,2,454.55,2025-06-02,EA,EA,1,454.55
PO-25-6219,Purchase Order PO-25-6219,EMIRATES AIRLINES,2025-06-02,Aeroparts AOG DWC LLC,USD,1,Draft,2025-06-02,201,909.09,NE,TOOL: TORQUE TESTER,S535A22,1,909.09,2025-06-02,EA,EA,1,909.09
PO-25-6219,Purchase Order PO-25-6219,EMIRATES AIRLINES,2025-06-02,Aeroparts AOG DWC LLC,USD,1,Draft,2025-06-02,202,909.09,NE,SUPPORT,HU85169,1,909.09,2025-06-02,EA,EA,1,909.09
PO-25-6219,Purchase Order PO-25-6219,EMIRATES AIRLINES,2025-06-02,Aeroparts AOG DWC LLC,USD,1,Draft,2025-06-02,203,909.09,NE,SPACER,HU85139,1,909.09,2025-06-02,EA,EA,1,909.09
PO-25-6219,Purchase Order PO-25-6219,EMIRATES AIRLINES,2025-06-02,Aeroparts AOG DWC LLC,USD,1,Draft,2025-06-02,204,909.1200000000001,NE,ALIGNMENT/THREAD PROTECTOR,J71031-18,6,151.52,2025-06-02,EA,EA,1,151.52
PO-25-6219,Purchase Order PO-25-6219,EMIRATES AIRLINES,2025-06-02,Aeroparts AOG DWC LLC,USD,1,Draft,2025-06-02,205,909.08,NE,PIN PIVOT,HU55368-3,4,227.27,2025-06-02,EA,EA,1,227.27
PO-25-6219,Purchase Order PO-25-6219,EMIRATES AIRLINES,2025-06-02,Aeroparts AOG DWC LLC,USD,1,Draft,2025-06-02,206,909.09,NE,CLAMP,HU85095,1,909.09,2025-06-02,EA,EA,1,909.09
PO-25-6219,Purchase Order PO-25-6219,EMIRATES AIRLINES,2025-06-02,Aeroparts AOG DWC LLC,USD,1,Draft,2025-06-02,207,909.0999999999999,NE,"PIN, SHOULDER",HU55418-3,5,181.82,2025-06-02,EA,EA,1,181.82
PO-25-6219,Purchase Order PO-25-6219,EMIRATES AIRLINES,2025-06-02,Aeroparts AOG DWC LLC,USD,1,Draft,2025-06-02,208,909.09,NE,SUPPORT,HU85415,1,909.09,2025-06-02,EA,EA,1,909.09
PO-25-6219,Purchase Order PO-25-6219,EMIRATES AIRLINES,2025-06-02,Aeroparts AOG DWC LLC,USD,1,Draft,2025-06-02,209,909.08,NE,BATTERY,1047868,4,227.27,2025-06-02,EA,EA,1,227.27
PO-25-6219,Purchase Order PO-25-6219,EMIRATES AIRLINES,2025-06-02,Aeroparts AOG DWC LLC,USD,1,Draft,2025-06-02,210,909.09,NE,TOOL: SUPPORT WEIGHT,HU37276,1,909.09,2025-06-02,EA,EA,1,909.09
PO-25-6219,Purchase Order PO-25-6219,EMIRATES AIRLINES,2025-06-02,Aeroparts AOG DWC LLC,USD,1,Draft,2025-06-02,211,909.09,NE,"TRUNNION SUPPORT, LP",HU37975-1,1,909.09,2025-06-02,EA,EA,1,909.09
PO-25-6219,Purchase Order PO-25-6219,EMIRATES AIRLINES,2025-06-02,Aeroparts AOG DWC LLC,USD,1,Draft,2025-06-02,212,909.09,NE,RING,HU42254,1,909.09,2025-06-02,EA,EA,1,909.09
PO-25-6219,Purchase Order PO-25-6219,EMIRATES AIRLINES,2025-06-02,Aeroparts AOG DWC LLC,USD,1,Draft,2025-06-02,213,909.0999999999999,NE,Stop Bolt,HU28653,5,181.82,2025-06-02,EA,EA,1,181.82
PO-25-6219,Purchase Order PO-25-6219,EMIRATES AIRLINES,2025-06-02,Aeroparts AOG DWC LLC,USD,1,Draft,2025-06-02,214,909.09,NE,TOOL: ADAPTOR SUPPORT,HU55330,1,909.09,2025-06-02,EA,EA,1,909.09
PO-25-6219,Purchase Order PO-25-6219,EMIRATES AIRLINES,2025-06-02,Aeroparts AOG DWC LLC,USD,1,Draft,2025-06-02,215,909.1,NE,PIN,HU55418-5,2,454.55,2025-06-02,EA,EA,1,454.55
PO-25-6219,Purchase Order PO-25-6219,EMIRATES AIRLINES,2025-06-02,Aeroparts AOG DWC LLC,USD,1,Draft,2025-06-02,216,909.09,NE,SPACER,HU85123,1,909.09,2025-06-02,EA,EA,1,909.09
PO-25-6219,Purchase Order PO-25-6219,EMIRATES AIRLINES,2025-06-02,Aeroparts AOG DWC LLC,USD,1,Draft,2025-06-02,217,909.1200000000001,NE,BLANK,MH14186,6,151.52,2025-06-02,EA,EA,1,151.52
PO-25-6219,Purchase Order PO-25-6219,EMIRATES AIRLINES,2025-06-02,Aeroparts AOG DWC LLC,USD,1,Draft,2025-06-02,218,909.09,NE,"PILOT-GUIDE, FAN",HU50404-1,1,909.09,2025-06-02,EA,EA,1,909.09
PO-25-6219,Purchase Order PO-25-6219,EMIRATES AIRLINES,2025-06-02,Aeroparts AOG DWC LLC,USD,1,Draft,2025-06-02,219,909.09,NE,TOOL: FIXTURE,HU80624-1,1,909.09,2025-06-02,EA,EA,1,909.09
PO-25-6219,Purchase Order PO-25-6219,EMIRATES AIRLINES,2025-06-02,Aeroparts AOG DWC LLC,USD,1,Draft,2025-06-02,220,909.1,NE,TOOL: TORQUE,J71008-8,2,454.55,2025-06-02,EA,EA,1,454.55
PO-25-6219,Purchase Order PO-25-6219,EMIRATES AIRLINES,2025-06-02,Aeroparts AOG DWC LLC,USD,1,Draft,2025-06-02,221,909.1,NE,TOOL: TROLLEY LP,HU51268,2,454.55,2025-06-02,EA,EA,1,454.55
PO-25-6219,Purchase Order PO-25-6219,EMIRATES AIRLINES,2025-06-02,Aeroparts AOG DWC LLC,USD,1,Draft,2025-06-02,222,909.09,NE,PLIER TORQUE TIGHTEN FAN,HU38629,1,909.09,2025-06-02,EA,EA,1,909.09
PO-25-6219,Purchase Order PO-25-6219,EMIRATES AIRLINES,2025-06-02,Aeroparts AOG DWC LLC,USD,1,Draft,2025-06-02,223,909.09,NE,RING-SUPPORTING,HU37507,1,909.09,2025-06-02,EA,EA,1,909.09
PO-25-6219,Purchase Order PO-25-6219,EMIRATES AIRLINES,2025-06-02,Aeroparts AOG DWC LLC,USD,1,Draft,2025-06-02,224,909.09,NE,SPACER,HU85126,1,909.09,2025-06-02,EA,EA,1,909.09
PO-25-6219,Purchase Order PO-25-6219,EMIRATES AIRLINES,2025-06-02,Aeroparts AOG DWC LLC,USD,1,Draft,2025-06-02,225,909.09,NE,TARGETING TOOL,HU85117-1,1,909.09,2025-06-02,EA,EA,1,909.09
PO-25-6219,Purchase Order PO-25-6219,EMIRATES AIRLINES,2025-06-02,Aeroparts AOG DWC LLC,USD,1,Draft,2025-06-02,226,909.09,NE,COVER-MVP,HU55950,1,909.09,2025-06-02,EA,EA,1,909.09
PO-25-6219,Purchase Order PO-25-6219,EMIRATES AIRLINES,2025-06-02,Aeroparts AOG DWC LLC,USD,1,Draft,2025-06-02,227,909.0899999999999,NE,IMMOBILISER,HU85453,3,303.03,2025-06-02,EA,EA,1,303.03
PO-25-6219,Purchase Order PO-25-6219,EMIRATES AIRLINES,2025-06-02,Aeroparts AOG DWC LLC,USD,1,Draft,2025-06-02,228,909.12,NE,SEAL,RX77794,8,113.64,2025-06-02,EA,EA,1,113.64
PO-25-6219,Purchase Order PO-25-6219,EMIRATES AIRLINES,2025-06-02,Aeroparts AOG DWC LLC,USD,1,Draft,2025-06-02,229,909.12,NE,SEAL,RX77793,8,113.64,2025-06-02,EA,EA,1,113.64
PO-25-6219,Purchase Order PO-25-6219,EMIRATES AIRLINES,2025-06-02,Aeroparts AOG DWC LLC,USD,1,Draft,2025-06-02,230,909.09,NE,TOOL: SLEEVE SETTING LP,HU37660-1,1,909.09,2025-06-02,EA,EA,1,909.09
PO-25-6219,Purchase Order PO-25-6219,EMIRATES AIRLINES,2025-06-02,Aeroparts AOG DWC LLC,USD,1,Draft,2025-06-02,231,909.08,NE,PIN,HU55418-5,4,227.27,2025-06-02,EA,EA,1,227.27
PO-25-6219,Purchase Order PO-25-6219,EMIRATES AIRLINES,2025-06-02,Aeroparts AOG DWC LLC,USD,1,Draft,2025-06-02,232,1818.0,NE,UPPER CTL BEAM,J71009-45,1,1818,2025-06-02,EA,EA,1,1818
PO-25-6219,Purchase Order PO-25-6219,EMIRATES AIRLINES,2025-06-02,Aeroparts AOG DWC LLC,USD,1,Draft,2025-06-02,233,909.09,NE,TOOL: PLATE-INDEXING FAN,HU38554-1,1,909.09,2025-06-02,EA,EA,1,909.09
PO-25-6219,Purchase Order PO-25-6219,EMIRATES AIRLINES,2025-06-02,Aeroparts AOG DWC LLC,USD,1,Draft,2025-06-02,234,909.09,NE,SPACER,HU85122,1,909.09,2025-06-02,EA,EA,1,909.09
PO-25-6219,Purchase Order PO-25-6219,EMIRATES AIRLINES,2025-06-02,Aeroparts AOG DWC LLC,USD,1,Draft,2025-06-02,235,909.09,NE,SPACER,HU85121,1,909.09,2025-06-02,EA,EA,1,909.09
PO-25-6219,Purchase Order PO-25-6219,EMIRATES AIRLINES,2025-06-02,Aeroparts AOG DWC LLC,USD,1,Draft,2025-06-02,236,909.08,NE,FLEXIBLE DRIVE BRUSH,HU80298,4,227.27,2025-06-02,EA,EA,1,227.27
PO-25-6219,Purchase Order PO-25-6219,EMIRATES AIRLINES,2025-06-02,Aeroparts AOG DWC LLC,USD,1,Draft,2025-06-02,237,909.09,NE,Extraction tool,HU41809,1,909.09,2025-06-02,EA,EA,1,909.09
PO-25-6219,Purchase Order PO-25-6219,EMIRATES AIRLINES,2025-06-02,Aeroparts AOG DWC LLC,USD,1,Draft,2025-06-02,238,909.1,NE,EXTRACTOR,HU85275,2,454.55,2025-06-02,EA,EA,1,454.55
PO-25-6219,Purchase Order PO-25-6219,EMIRATES AIRLINES,2025-06-02,Aeroparts AOG DWC LLC,USD,1,Draft,2025-06-02,239,909.1,NE,TOOL: ADJUSTER-SUPPORT,HU55683,2,454.55,2025-06-02,EA,EA,1,454.55
PO-25-6219,Purchase Order PO-25-6219,EMIRATES AIRLINES,2025-06-02,Aeroparts AOG DWC LLC,USD,1,Draft,2025-06-02,240,909.09,NE,SPACER,HU85125,1,909.09,2025-06-02,EA,EA,1,909.09
PO-25-6219,Purchase Order PO-25-6219,EMIRATES AIRLINES,2025-06-02,Aeroparts AOG DWC LLC,USD,1,Draft,2025-06-02,241,909.1200000000001,NE,COVER-MVP IP,HU55650,6,151.52,2025-06-02,EA,EA,1,151.52
PO-25-6219,Purchase Order PO-25-6219,EMIRATES AIRLINES,2025-06-02,Aeroparts AOG DWC LLC,USD,1,Draft,2025-06-02,242,909.0999999999999,NE,SEAL,RX77792,10,90.91,2025-06-02,EA,EA,1,90.91
PO-25-6219,Purchase Order PO-25-6219,EMIRATES AIRLINES,2025-06-02,Aeroparts AOG DWC LLC,USD,1,Draft,2025-06-02,243,909.09,NE,SHOCK MOUNT LH FRNT,HU55280-2DETL3,1,909.09,2025-06-02,EA,EA,1,909.09
PO-25-6219,Purchase Order PO-25-6219,EMIRATES AIRLINES,2025-06-02,Aeroparts AOG DWC LLC,USD,1,Draft,2025-06-02,244,909.09,NE,HOISTING DEVICE,HU55551-1,1,909.09,2025-06-02,EA,EA,1,909.09
PO-25-6219,Purchase Order PO-25-6219,EMIRATES AIRLINES,2025-06-02,Aeroparts AOG DWC LLC,USD,1,Draft,2025-06-02,245,909.09,NE,TOOL: CRADLE-INSTALL/REM,HU55074-2,1,909.09,2025-06-02,EA,EA,1,909.09
PO-25-6219,Purchase Order PO-25-6219,EMIRATES AIRLINES,2025-06-02,Aeroparts AOG DWC LLC,USD,1,Draft,2025-06-02,246,909.09,NE,SLING TURN OVER AGB,HU55081-1,1,909.09,2025-06-02,EA,EA,1,909.09
PO-25-6219,Purchase Order PO-25-6219,EMIRATES AIRLINES,2025-06-02,Aeroparts AOG DWC LLC,USD,1,Draft,2025-06-02,247,909.09,NE,TOOL: STAND PA,HU55336-1,1,909.09,2025-06-02,EA,EA,1,909.09
PO-25-6219,Purchase Order PO-25-6219,EMIRATES AIRLINES,2025-06-02,Aeroparts AOG DWC LLC,USD,1,Draft,2025-06-02,248,909.09,NE,EXTRACTION TOOL,HU41818-1,1,909.09,2025-06-02,EA,EA,1,909.09
PO-25-6219,Purchase Order PO-25-6219,EMIRATES AIRLINES,2025-06-02,Aeroparts AOG DWC LLC,USD,1,Draft,2025-06-02,249,909.09,NE,EXTRACTOR,HU85064,1,909.09,2025-06-02,EA,EA,1,909.09
PO-25-6219,Purchase Order PO-25-6219,EMIRATES AIRLINES,2025-06-02,Aeroparts AOG DWC LLC,USD,1,Draft,2025-06-02,250,909.09,NE,HOISTING DEVICE,HU55550-1,1,909.09,2025-06-02,EA,EA,1,909.09
PO-25-6219,Purchase Order PO-25-6219,EMIRATES AIRLINES,2025-06-02,Aeroparts AOG DWC LLC,USD,1,Draft,2025-06-02,251,909.09,NE,ALIGNMENT TOOL,HU43468,9,101.01,2025-06-02,EA,EA,1,101.01
PO-25-6219,Purchase Order PO-25-6219,EMIRATES AIRLINES,2025-06-02,Aeroparts AOG DWC LLC,USD,1,Draft,2025-06-02,252,909.09,NE,TOOL: SLING LIFT HP,HU20242-10,1,909.09,2025-06-02,EA,EA,1,909.09
PO-25-6219,Purchase Order PO-25-6219,EMIRATES AIRLINES,2025-06-02,Aeroparts AOG DWC LLC,USD,1,Draft,2025-06-02,253,909.09,NE,SPANNER-LPT NUT,HU41278-1,1,909.09,2025-06-02,EA,EA,1,909.09
PO-25-6219,Purchase Order PO-25-6219,EMIRATES AIRLINES,2025-06-02,Aeroparts AOG DWC LLC,USD,1,Draft,2025-06-02,254,909.09,NE,PIN,HU55418-5,9,101.01,2025-06-02,EA,EA,1,101.01
PO-25-6219,Purchase Order PO-25-6219,EMIRATES AIRLINES,2025-06-02,Aeroparts AOG DWC LLC,USD,1,Draft,2025-06-02,255,909.08,NE,ADAPTOR LIFTING,HU55324-6,4,227.27,2025-06-02,EA,EA,1,227.27
PO-25-6219,Purchase Order PO-25-6219,EMIRATES AIRLINES,2025-06-02,Aeroparts AOG DWC LLC,USD,1,Draft,2025-06-02,256,909.09,NE,TOOL: SLING,HU55355-3,1,909.09,2025-06-02,EA,EA,1,909.09
PO-25-6219,Purchase Order PO-25-6219,EMIRATES AIRLINES,2025-06-02,Aeroparts AOG DWC LLC,USD,1,Draft,2025-06-02,257,909.09,NE,"BEAM - HANDLING,EXT. GEARBOX",HU85005-2,1,909.09,2025-06-02,EA,EA,1,909.09
PO-25-6219,Purchase Order PO-25-6219,EMIRATES AIRLINES,2025-06-02,Aeroparts AOG DWC LLC,USD,1,Draft,2025-06-02,258,909.09,NE,TOOL: SLING REMOVAL/,HU55108,1,909.09,2025-06-02,EA,EA,1,909.09
PO-25-6219,Purchase Order PO-25-6219,EMIRATES AIRLINES,2025-06-02,Aeroparts AOG DWC LLC,USD,1,Draft,2025-06-02,259,909.0899999999999,NE,Supporting device,HU50304-6,3,303.03,2025-06-02,EA,EA,1,303.03
PO-25-6219,Purchase Order PO-25-6219,EMIRATES AIRLINES,2025-06-02,Aeroparts AOG DWC LLC,USD,1,Draft,2025-06-02,260,909.09,NE,"BEAN - HANDLING,EXT. GEARBOX",HU85005-1,1,909.09,2025-06-02,EA,EA,1,909.09
PO-25-6219,Purchase Order PO-25-6219,EMIRATES AIRLINES,2025-06-02,Aeroparts AOG DWC LLC,USD,1,Draft,2025-06-02,261,909.09,NE,TOOL: DISC SLAVE HP,HU29216-2,1,909.09,2025-06-02,EA,EA,1,909.09
PO-25-6219,Purchase Order PO-25-6219,EMIRATES AIRLINES,2025-06-02,Aeroparts AOG DWC LLC,USD,1,Draft,2025-06-02,262,909.09,NE,TOOL: STAND PARK/SHOP,HU55347-1,1,909.09,2025-06-02,EA,EA,1,909.09
PO-25-6219,Purchase Order PO-25-6219,EMIRATES AIRLINES,2025-06-02,Aeroparts AOG DWC LLC,USD,1,Draft,2025-06-02,263,909.09,NE,PIN PIVOT,HU55368-3,1,909.09,2025-06-02,EA,EA,1,909.09
PO-25-6219,Purchase Order PO-25-6219,EMIRATES AIRLINES,2025-06-02,Aeroparts AOG DWC LLC,USD,1,Draft,2025-06-02,264,909.09,NE,TOOL: NOSE COWL STAND,HU55391-1,1,909.09,2025-06-02,EA,EA,1,909.09
PO-25-6219,Purchase Order PO-25-6219,EMIRATES AIRLINES,2025-06-02,Aeroparts AOG DWC LLC,USD,1,Draft,2025-06-02,265,909.09,NE,TOOL: NOSE COWL STAND,HU55391,1,909.09,2025-06-02,EA,EA,1,909.09
PO-25-6219,Purchase Order PO-25-6219,EMIRATES AIRLINES,2025-06-02,Aeroparts AOG DWC LLC,USD,1,Draft,2025-06-02,266,909.09,NE,DOLLY-FAN COWL,EP48200,1,909.09,2025-06-02,EA,EA,1,909.09
PO-25-6219,Purchase Order PO-25-6219,EMIRATES AIRLINES,2025-06-02,Aeroparts AOG DWC LLC,USD,1,Draft,2025-06-02,267,909.09,NE,TRANSPORTATION CONTAINER,HU55380-2,1,909.09,2025-06-02,EA,EA,1,909.09
PO-25-6219,Purchase Order PO-25-6219,EMIRATES AIRLINES,2025-06-02,Aeroparts AOG DWC LLC,USD,1,Draft,2025-06-02,268,909.12,NE,TOOL: PUMP-THRUST RESERVER,HU55148,8,113.64,2025-06-02,EA,EA,1,113.64
PO-25-6219,Purchase Order PO-25-6219,EMIRATES AIRLINES,2025-06-02,Aeroparts AOG DWC LLC,USD,1,Draft,2025-06-02,269,909.0899999999999,NE,Container,HU55104-1,3,303.03,2025-06-02,EA,EA,1,303.03
PO-25-6219,Purchase Order PO-25-6219,EMIRATES AIRLINES,2025-06-02,Aeroparts AOG DWC LLC,USD,1,Draft,2025-06-02,270,909.09,NE,CONVEYOR UNIT,HU55423-5,1,909.09,2025-06-02,EA,EA,1,909.09
PO-25-6219,Purchase Order PO-25-6219,EMIRATES AIRLINES,2025-06-02,Aeroparts AOG DWC LLC,USD,1,Draft,2025-06-02,271,909.08,NE,TOOL: STAND-TRANSPORTATION,HU55381,4,227.27,2025-06-02,EA,EA,1,227.27
PO-25-6219,Purchase Order PO-25-6219,EMIRATES AIRLINES,2025-06-02,Aeroparts AOG DWC LLC,USD,1,Draft,2025-06-02,272,909.09,NE,Supporting device,HU55062-3,1,909.09,2025-06-02,EA,EA,1,909.09
PO-25-6219,Purchase Order PO-25-6219,EMIRATES AIRLINES,2025-06-02,Aeroparts AOG DWC LLC,USD,1,Draft,2025-06-02,273,909.0899999999999,NE,TOOL: SLING,HU87133,3,303.03,2025-06-02,EA,EA,1,303.03
PO-25-6219,Purchase Order PO-25-6219,EMIRATES AIRLINES,2025-06-02,Aeroparts AOG DWC LLC,USD,1,Draft,2025-06-02,274,909.0899999999999,NE,Container,HU85303,3,303.03,2025-06-02,EA,EA,1,303.03
PO-25-6220,Purchase Order PO-25-6220,BOEING FLEET,2025-06-02,Aeroparts AOG DWC LLC,USD,1,Draft,2025-06-02,1,1344.8999999999999,NE,GENERATOR,141A3812-1,30,44.83,2025-06-02,EA,EA,1,44.83
PO-25-6221,Purchase Order PO-25-6221,NORDIC AIRCRAFT SYS,2025-06-03,Aeroparts AOG DWC LLC,USD,1,Draft,2025-06-03,1,1500.0,NE,BALL UNIT,3250-31,2,750,2025-06-03,EA,EA,1,750
PO-25-6222,Purchase Order PO-25-6222,ZCHEM SPECIALITIES PVT LTD,2025-01-13,Aeroparts AOG DWC LLC,USD,1,Draft,2025-01-13,1,49000.0,NE,ZC-450 MPI Bench Equipment,ZC-450 MPI,1,49000,2025-06-30,EA,EA,1,49000
PO-25-6222,Purchase Order PO-25-6222,ZCHEM SPECIALITIES PVT LTD,2025-01-13,Aeroparts AOG DWC LLC,USD,1,Draft,2025-01-13,2,100000.0,NE,FPI DIP TANK SYSTEM,ZC-FP-900 - FPI,1,100000,2025-06-30,EA,EA,1,100000
PO-25-6223,Purchase Order PO-25-6223,C&L AEROSPACE,2025-06-04,Aeroparts AOG DWC LLC,USD,1,Draft,2025-06-04,1,39900.0,NE,PBE,MR-10022NEMB,28,1425,2025-06-04,EA,EA,1,1425
PO-25-6224,Purchase Order PO-25-6224,DASI LLC,2025-06-04,Aeroparts AOG DWC LLC,USD,1,Draft,2025-06-04,1,400.0,NE,HOUSING EMER LIGHT EXIT SIGN,F1101380-03,2,200,2025-06-04,EA,EA,1,200
PO-25-6224,Purchase Order PO-25-6224,DASI LLC,2025-06-04,Aeroparts AOG DWC LLC,USD,1,Draft,2025-06-04,2,402.29999999999995,NE,PACKING,S3225-216,6,67.05,2025-06-04,EA,EA,1,67.05
PO-25-6225,Purchase Order PO-25-6225,SAFARI AVIATION SERVICES FZE,2025-06-04,Aeroparts AOG DWC LLC,USD,1,Draft,2025-06-04,1,386.65,NE,ARPOSOLVE IPA 735A,16131784,5,77.33,2025-06-04,GA,GA,1,77.33
PO-25-6226,Purchase Order PO-25-6226,ROTAFILO,2025-06-09,Aeroparts AOG DWC LLC,USD,1,Draft,2025-06-09,1,2250.0,NE,Freight,FREIGHT,1,2250,2025-06-09,EA,EA,1,2250
PO-25-6226,Purchase Order PO-25-6226,ROTAFILO,2025-06-09,Aeroparts AOG DWC LLC,USD,1,Draft,2025-06-09,2,79500.0,NE,CFM56-5 ENGINE STAND,RFENGSTDIAECFM2,3,26500,2025-06-09,EA,EA,1,26500
PO-25-6227,Purchase Order PO-25-6227,Airbus,2025-06-09,Aeroparts AOG DWC LLC,USD,1,Draft,2025-06-09,1,21750.0,NE,SEALING,8009431,150,145,2025-06-09,EA,EA,1,145
PO-25-6227,Purchase Order PO-25-6227,Airbus,2025-06-09,Aeroparts AOG DWC LLC,USD,1,Draft,2025-06-09,2,775.0,NE,PIN,F5725777120200,1,775,2025-06-09,EA,EA,1,775
PO-25-6227,Purchase Order PO-25-6227,Airbus,2025-06-09,Aeroparts AOG DWC LLC,USD,1,Draft,2025-06-09,3,1028.0,NE,STRIP JOINING CARPET,F2527669947600,2,514,2025-06-09,EA,EA,1,514
PO-25-6227,Purchase Order PO-25-6227,Airbus,2025-06-09,Aeroparts AOG DWC LLC,USD,1,Draft,2025-06-09,4,354.0,NE,CLEAT,F5755034820200,2,177,2025-06-09,EA,EA,1,177
PO-25-6228,Purchase Order PO-25-6228,Airbus,2025-06-09,Aeroparts AOG DWC LLC,USD,1,Draft,2025-06-09,1,29100.0,NE,ELSD DEVICE,MA5115,1,29100,2025-06-09,EA,EA,1,29100
PO-25-6229,Purchase Order PO-25-6229,Aerospace Reliance,2025-06-10,Aeroparts AOG DWC LLC,USD,1,Draft,2025-06-10,1,540.0,NE,PACIFIC BLUE SILICONE SEALANT,FLOORSIL2-8.8 (310-ML-CARTRIDGE),12,45,2025-06-10,EA,EA,1,45
PO-25-6230,Purchase Order PO-25-6230,Airbus,2025-06-12,Aeroparts AOG DWC LLC,USD,1,Draft,2025-06-12,1,12.1,NE,SCREW,431-0662-006,1,12.1,2025-06-12,EA,EA,1,12.1
PO-25-6230,Purchase Order PO-25-6230,Airbus,2025-06-12,Aeroparts AOG DWC LLC,USD,1,Draft,2025-06-12,2,169.0,NE,PLACARD,F1131045420000,1,169,2025-06-12,EA,EA,1,169
PO-25-6230,Purchase Order PO-25-6230,Airbus,2025-06-12,Aeroparts AOG DWC LLC,USD,1,Draft,2025-06-12,3,142.0,NE,PAD,F5331586120000,1,142,2025-06-12,EA,EA,1,142
PO-25-6230,Purchase Order PO-25-6230,Airbus,2025-06-12,Aeroparts AOG DWC LLC,USD,1,Draft,2025-06-12,4,43.36,NE,BACKSHLL,ABS0638B16,4,10.84,2025-06-12,EA,EA,1,10.84
PO-25-6230,Purchase Order PO-25-6230,Airbus,2025-06-12,Aeroparts AOG DWC LLC,USD,1,Draft,2025-06-12,5,32.5,NE,EDGING,F2127922320000,1,32.5,2025-06-12,EA,EA,1,32.5
PO-25-6230,Purchase Order PO-25-6230,Airbus,2025-06-12,Aeroparts AOG DWC LLC,USD,1,Draft,2025-06-12,6,1740.0,NE,ROD,F0003011800000,1,1740,2025-06-12,EA,EA,1,1740
PO-25-6230,Purchase Order PO-25-6230,Airbus,2025-06-12,Aeroparts AOG DWC LLC,USD,1,Draft,2025-06-12,7,159.0,NE,HOSE,F0003073101200,1,159,2025-06-12,EA,EA,1,159
PO-25-6230,Purchase Order PO-25-6230,Airbus,2025-06-12,Aeroparts AOG DWC LLC,USD,1,Draft,2025-06-12,8,768.0,NE,SEAL,A5461036120000,4,192,2025-06-12,EA,EA,1,192
PO-25-6230,Purchase Order PO-25-6230,Airbus,2025-06-12,Aeroparts AOG DWC LLC,USD,1,Draft,2025-06-12,9,414.0,NE,SEAL,F5453043022000,2,207,2025-06-12,EA,EA,1,207
PO-25-6230,Purchase Order PO-25-6230,Airbus,2025-06-12,Aeroparts AOG DWC LLC,USD,1,Draft,2025-06-12,10,238.0,NE,SEAL,F5453043020100,2,119,2025-06-12,EA,EA,1,119
PO-25-6231,Purchase Order PO-25-6231,AEROSPACE SUPPORT ASSOCIATES LTD,2025-06-13,Aeroparts AOG DWC LLC,USD,1,Draft,2025-06-13,1,80.0,NE,MODULE,NSA937901MA2206,4,20,2025-06-13,EA,EA,1,20
PO-25-6232,Purchase Order PO-25-6232,AERO PACIFIC INDUSTRIES LTD,2025-06-13,Aeroparts AOG DWC LLC,USD,1,Draft,2025-06-13,1,600.0,NE,SWITCH -FUEL PRESSURE,21SN04-333,1,600,2025-06-13,EA,EA,1,600
PO-25-6233,Purchase Order PO-25-6233,"Falcon Dynamics, Inc",2025-06-13,Aeroparts AOG DWC LLC,USD,1,Draft,2025-06-13,1,2850.0,NE,PIVOT,1011402-131,10,285,2025-05-07,EA,EA,1,285
PO-25-6234,Purchase Order PO-25-6234,Matty Aviation,2025-06-16,Aeroparts AOG DWC LLC,USD,1,Draft,2025-06-16,1,120000.0,NE,tes pn,TEST,1,120000,2025-06-16,EA,EA,1,120000
PO-25-6235,Purchase Order PO-25-6235,Airbus,2025-06-17,Aeroparts AOG DWC LLC,USD,1,Draft,2025-06-17,1,1160.0,NE,FITTING,F5537111620800,1,1160,2025-06-17,EA,EA,1,1160
PO-25-6235,Purchase Order PO-25-6235,Airbus,2025-06-17,Aeroparts AOG DWC LLC,USD,1,Draft,2025-06-17,2,34.1,NE,BACKSHELL - CONNECTOR,E0080-01-10C,5,6.82,2025-06-17,EA,EA,1,6.82
PO-25-6235,Purchase Order PO-25-6235,Airbus,2025-06-17,Aeroparts AOG DWC LLC,USD,1,Draft,2025-06-17,3,59.3,NE,CONNECTOR PLUG,EN3646A61006DN,1,59.3,2025-06-17,EA,EA,1,59.3
PO-25-6235,Purchase Order PO-25-6235,Airbus,2025-06-17,Aeroparts AOG DWC LLC,USD,1,Draft,2025-06-17,4,27.18,NE,BACKSHELL,E0080-02-12C,2,13.59,2025-06-17,EA,EA,1,13.59
PO-25-6235,Purchase Order PO-25-6235,Airbus,2025-06-17,Aeroparts AOG DWC LLC,USD,1,Draft,2025-06-17,5,71.3,NE,BACKSHELL CONNECTOR,ABS0638B10,10,7.13,2025-06-17,EA,EA,1,7.13
PO-25-6235,Purchase Order PO-25-6235,Airbus,2025-06-17,Aeroparts AOG DWC LLC,USD,1,Draft,2025-06-17,6,54.300000000000004,NE,CONNECTOR - PLUG,EN3646A61006BN,3,18.1,2025-06-17,EA,EA,1,18.1
PO-25-6235,Purchase Order PO-25-6235,Airbus,2025-06-17,Aeroparts AOG DWC LLC,USD,1,Draft,2025-06-17,7,33.050000000000004,NE,BACKSHELL - CONNECTOR,ABS0638A12,5,6.61,2025-06-17,EA,EA,1,6.61
PO-25-6235,Purchase Order PO-25-6235,Airbus,2025-06-17,Aeroparts AOG DWC LLC,USD,1,Draft,2025-06-17,8,3210.0,NE,Sensor,8-372-05,1,3210,2025-06-17,EA,EA,1,3210
PO-25-6235,Purchase Order PO-25-6235,Airbus,2025-06-17,Aeroparts AOG DWC LLC,USD,1,Draft,2025-06-17,9,936.0,NE,BELLOWS,D37LUQ400,1,936,2025-06-17,EA,EA,1,936
PO-25-6235,Purchase Order PO-25-6235,Airbus,2025-06-17,Aeroparts AOG DWC LLC,USD,1,Draft,2025-06-17,10,447.0,NE,BUSHING,F5247162420400,1,447,2025-06-17,EA,EA,1,447
PO-25-6235,Purchase Order PO-25-6235,Airbus,2025-06-17,Aeroparts AOG DWC LLC,USD,1,Draft,2025-06-17,11,492.0,NE,DOOR SEAL,F5358972120600,2,246,2025-06-17,EA,EA,1,246
PO-25-6235,Purchase Order PO-25-6235,Airbus,2025-06-17,Aeroparts AOG DWC LLC,USD,1,Draft,2025-06-17,12,42.51,NE,CONNECTOR PLUG,EN3646A6083ABN,3,14.17,2025-06-17,EA,EA,1,14.17
PO-25-6235,Purchase Order PO-25-6235,Airbus,2025-06-17,Aeroparts AOG DWC LLC,USD,1,Draft,2025-06-17,13,94.5,NE,SCREW,NAS1102E3-6,90,1.05,2025-06-17,EA,EA,1,1.05
PO-25-6235,Purchase Order PO-25-6235,Airbus,2025-06-17,Aeroparts AOG DWC LLC,USD,1,Draft,2025-06-17,14,40.599999999999994,NE,WASHER,NSA5619-01,70,0.58,2025-06-17,EA,EA,1,0.58
PO-25-6235,Purchase Order PO-25-6235,Airbus,2025-06-17,Aeroparts AOG DWC LLC,USD,1,Draft,2025-06-17,15,38.4,NE,BONDING LEAD,E0088-41-100,60,0.64,2025-06-17,EA,EA,1,0.64
PO-25-6235,Purchase Order PO-25-6235,Airbus,2025-06-17,Aeroparts AOG DWC LLC,USD,1,Draft,2025-06-17,16,40.92,NE,FASTNER,ASNA2337-01,4,10.23,2025-06-17,EA,EA,1,10.23
PO-25-6236,Purchase Order PO-25-6236,PDQ AIRSPARES,2025-06-17,Aeroparts AOG DWC LLC,USD,1,Draft,2025-06-17,1,85.0,NE,BOLT,NAS7204-5,17,5,2025-06-17,EA,EA,1,5
PO-25-6236,Purchase Order PO-25-6236,PDQ AIRSPARES,2025-06-17,Aeroparts AOG DWC LLC,USD,1,Draft,2025-06-17,2,160.0,NE,CONNECTOR-RECEPTACLE,ABS0364A26S,2,80,2025-06-17,EA,EA,1,80
PO-25-6236,Purchase Order PO-25-6236,PDQ AIRSPARES,2025-06-17,Aeroparts AOG DWC LLC,USD,1,Draft,2025-06-17,3,10.0,NE,BONDING JUMPER,E0088-06-160,10,1,2025-06-17,EA,EA,1,1
PO-25-6237,Purchase Order PO-25-6237,UNICAL AVIATION,2025-06-17,Aeroparts AOG DWC LLC,USD,1,Draft,2025-06-17,1,2830.0,NE,PIN FAIL SAFE,F5725306120000,1,2830,2025-06-17,EA,EA,1,2830
PO-25-6238,Purchase Order PO-25-6238,JET INTERNATIONAL COMPANY,2025-06-17,Aeroparts AOG DWC LLC,USD,1,Draft,2025-06-17,1,150.0,NE,CONNECTOR,ABS0364B26P,1,150,2025-06-17,EA,EA,1,150
PO-25-6239,Purchase Order PO-25-6239,WENCOR,2025-06-17,Aeroparts AOG DWC LLC,USD,1,Draft,2025-06-17,1,7.0,NE,SCREW,NAS1100-06-8,10,0.7,2025-06-17,EA,EA,1,0.7
PO-25-6239,Purchase Order PO-25-6239,WENCOR,2025-06-17,Aeroparts AOG DWC LLC,USD,1,Draft,2025-06-17,2,18.42,NE,BACKSHELL,MS27291-3,1,18.42,2025-06-17,EA,EA,1,18.42
PO-25-6239,Purchase Order PO-25-6239,WENCOR,2025-06-17,Aeroparts AOG DWC LLC,USD,1,Draft,2025-06-17,3,27.500000000000004,NE,PACKING,AS3582-029,25,1.1,2025-06-17,EA,EA,1,1.1
PO-25-6239,Purchase Order PO-25-6239,WENCOR,2025-06-17,Aeroparts AOG DWC LLC,USD,1,Draft,2025-06-17,4,2.31,NE,BONDING JUMPER,E0088-16-200,1,2.31,2025-06-17,EA,EA,1,2.31
PO-25-6239,Purchase Order PO-25-6239,WENCOR,2025-06-17,Aeroparts AOG DWC LLC,USD,1,Draft,2025-06-17,5,46.0,NE,PACKING,NAS1611-116,25,1.84,2025-06-17,EA,EA,1,1.84
PO-25-6240,Purchase Order PO-25-6240,AVIALL,2025-06-17,Aeroparts AOG DWC LLC,USD,1,Draft,2025-06-17,1,109.39999999999999,NE,LMAP,ABS1238-26-30B,20,5.47,2025-06-17,EA,EA,1,5.47
PO-25-6240,Purchase Order PO-25-6240,AVIALL,2025-06-17,Aeroparts AOG DWC LLC,USD,1,Draft,2025-06-17,2,100.65,NE,LAMP,ABS1238-26-15B,15,6.71,2025-06-17,EA,EA,1,6.71
PO-25-6241,Purchase Order PO-25-6241,WENCOR,2025-06-17,Aeroparts AOG DWC LLC,USD,1,Draft,2025-06-17,1,0.91,NE,PIN,MS20392-3C19,1,0.91,2025-06-17,EA,EA,1,0.91
PO-25-6241,Purchase Order PO-25-6241,WENCOR,2025-06-17,Aeroparts AOG DWC LLC,USD,1,Draft,2025-06-17,2,27.500000000000004,NE,WASHER,NAS1149DN832K,50,0.55,2025-06-17,EA,EA,1,0.55
PO-25-6241,Purchase Order PO-25-6241,WENCOR,2025-06-17,Aeroparts AOG DWC LLC,USD,1,Draft,2025-06-17,3,17.5,NE,SCREW,NAS1096-2-7,50,0.35,2025-06-17,EA,EA,1,0.35
PO-25-6241,Purchase Order PO-25-6241,WENCOR,2025-06-17,Aeroparts AOG DWC LLC,USD,1,Draft,2025-06-17,4,45.5,NE,WASHER,DAN125-4,50,0.91,2025-06-17,EA,EA,1,0.91
PO-25-6241,Purchase Order PO-25-6241,WENCOR,2025-06-17,Aeroparts AOG DWC LLC,USD,1,Draft,2025-06-17,5,13.0,NE,SCREW,NAS1102-08-8,50,0.26,2025-06-17,EA,EA,1,0.26
PO-25-6241,Purchase Order PO-25-6241,WENCOR,2025-06-17,Aeroparts AOG DWC LLC,USD,1,Draft,2025-06-17,6,46.4,NE,STUD,ABS0718-03,16,2.9,2025-06-17,EA,EA,1,2.9
PO-25-6241,Purchase Order PO-25-6241,WENCOR,2025-06-17,Aeroparts AOG DWC LLC,USD,1,Draft,2025-06-17,7,237.68,NE,COTTER-PIN,20001-204,2,118.84,2025-06-17,EA,EA,1,118.84
PO-25-6241,Purchase Order PO-25-6241,WENCOR,2025-06-17,Aeroparts AOG DWC LLC,USD,1,Draft,2025-06-17,8,275.0,NE,SCREW,DAN169E3-12,100,2.75,2025-06-17,EA,EA,1,2.75
PO-25-6242,Purchase Order PO-25-6242,SATAIR,2025-06-17,Aeroparts AOG DWC LLC,USD,1,Draft,2025-06-17,1,7922.460000000001,NE,FILTER,QA07695,6,1320.41,2025-06-17,EA,EA,1,1320.41
PO-25-6243,Purchase Order PO-25-6243,DUBUDAT AEROSPACE,2025-06-18,Aeroparts AOG DWC LLC,USD,1,Draft,2025-06-18,1,18880.0,NE,HANDLING TROLLEY,98F32104003000,1,18880,2025-07-18,EA,EA,1,18880
PO-25-6244,Purchase Order PO-25-6244,PROPONENT,2025-06-18,Aeroparts AOG DWC LLC,USD,1,Draft,2025-06-18,1,88.1,NE,PACKING,624912,2,44.05,2025-06-18,EA,EA,1,44.05
PO-25-6244,Purchase Order PO-25-6244,PROPONENT,2025-06-18,Aeroparts AOG DWC LLC,USD,1,Draft,2025-06-18,2,38.12,NE,RETAINING RING,343463,2,19.06,2025-06-18,EA,EA,1,19.06
PO-25-6244,Purchase Order PO-25-6244,PROPONENT,2025-06-18,Aeroparts AOG DWC LLC,USD,1,Draft,2025-06-18,3,34.43,NE,O-RING,NAS1611-119,11,3.13,2025-06-18,EA,EA,1,3.13
PO-25-6244,Purchase Order PO-25-6244,PROPONENT,2025-06-18,Aeroparts AOG DWC LLC,USD,1,Draft,2025-06-18,4,1065.15,NE,"SHAFT, CPLG",346937,1,1065.15,2025-06-18,EA,EA,1,1065.15
PO-25-6245,Purchase Order PO-25-6245,DASI LLC,2025-06-18,Aeroparts AOG DWC LLC,USD,1,Draft,2025-06-18,1,5200.0,NE,LAMP,8GS406708-28,400,13,2025-06-18,EA,EA,1,13
PO-25-6245,Purchase Order PO-25-6245,DASI LLC,2025-06-18,Aeroparts AOG DWC LLC,USD,1,Draft,2025-06-18,2,4800.0,NE,LAMP,8GS406707-28,400,12,2025-06-18,EA,EA,1,12
PO-25-6246,Purchase Order PO-25-6246,Airbus,2025-06-18,Aeroparts AOG DWC LLC,USD,1,Draft,2025-06-18,1,1390.0,NE,STRIP PTFE,F5331440121000,2,695,2025-06-18,EA,EA,1,695
PO-25-6246,Purchase Order PO-25-6246,Airbus,2025-06-18,Aeroparts AOG DWC LLC,USD,1,Draft,2025-06-18,2,1640.0,NE,STRIP PTFE,F5331440820800,10,164,2025-06-18,EA,EA,1,164
PO-25-6246,Purchase Order PO-25-6246,Airbus,2025-06-18,Aeroparts AOG DWC LLC,USD,1,Draft,2025-06-18,3,254.0,NE,STRIP PTFE,F5331440820200,2,127,2025-06-18,EA,EA,1,127
PO-25-6246,Purchase Order PO-25-6246,Airbus,2025-06-18,Aeroparts AOG DWC LLC,USD,1,Draft,2025-06-18,4,31.8,NE,SCREW,NAS1153V9R,20,1.59,2025-06-18,EA,EA,1,1.59
PO-25-6246,Purchase Order PO-25-6246,Airbus,2025-06-18,Aeroparts AOG DWC LLC,USD,1,Draft,2025-06-18,5,41.5,NE,"NUT, CLIP",NSA5084-3,50,0.83,2025-06-18,EA,EA,1,0.83
PO-25-6246,Purchase Order PO-25-6246,Airbus,2025-06-18,Aeroparts AOG DWC LLC,USD,1,Draft,2025-06-18,6,126.0,NE,SCREW,ASNA2001T4-23,40,3.15,2025-06-18,EA,EA,1,3.15
PO-25-6246,Purchase Order PO-25-6246,Airbus,2025-06-18,Aeroparts AOG DWC LLC,USD,1,Draft,2025-06-18,7,369.75,NE,RECEPTACLE,EN6092-01,75,4.93,2025-06-18,EA,EA,1,4.93
PO-25-6246,Purchase Order PO-25-6246,Airbus,2025-06-18,Aeroparts AOG DWC LLC,USD,1,Draft,2025-06-18,8,41.699999999999996,NE,SCREW,ASNA2001V3-10,30,1.39,2025-06-18,EA,EA,1,1.39
PO-25-6246,Purchase Order PO-25-6246,Airbus,2025-06-18,Aeroparts AOG DWC LLC,USD,1,Draft,2025-06-18,9,34.6,NE,COLLAR,ABS0258-10A,20,1.73,2025-06-18,EA,EA,1,1.73
PO-25-6246,Purchase Order PO-25-6246,Airbus,2025-06-18,Aeroparts AOG DWC LLC,USD,1,Draft,2025-06-18,10,29.65,NE,BOLT,NSA5031-4-19,5,5.93,2025-06-18,EA,EA,1,5.93
PO-25-6246,Purchase Order PO-25-6246,Airbus,2025-06-18,Aeroparts AOG DWC LLC,USD,1,Draft,2025-06-18,11,195.0,NE,HOLDER,F5391505620000,1,195,2025-06-18,EA,EA,1,195
PO-25-6246,Purchase Order PO-25-6246,Airbus,2025-06-18,Aeroparts AOG DWC LLC,USD,1,Draft,2025-06-18,12,59.46,NE,ATTACHMENT-RETENTION,ASNA2412B150,1,59.46,2025-06-18,EA,EA,1,59.46
PO-25-6246,Purchase Order PO-25-6246,Airbus,2025-06-18,Aeroparts AOG DWC LLC,USD,1,Draft,2025-06-18,13,193.20000000000002,NE,FITTING,ABS0581V08-06P,6,32.2,2025-06-18,EA,EA,1,32.2
PO-25-6246,Purchase Order PO-25-6246,Airbus,2025-06-18,Aeroparts AOG DWC LLC,USD,1,Draft,2025-06-18,14,79.96,NE,CONNECTOR,EN3646RS61006BN,4,19.99,2025-06-18,EA,EA,1,19.99
PO-25-6246,Purchase Order PO-25-6246,Airbus,2025-06-18,Aeroparts AOG DWC LLC,USD,1,Draft,2025-06-18,15,36.2,NE,BACKSHELL-CONNECTOR,ABS0638B08,10,3.62,2025-06-18,EA,EA,1,3.62
PO-25-6246,Purchase Order PO-25-6246,Airbus,2025-06-18,Aeroparts AOG DWC LLC,USD,1,Draft,2025-06-18,16,71.3,NE,BACKSHELL CONNECTOR,ABS0638B10,10,7.13,2025-06-18,EA,EA,1,7.13
PO-25-6247,Purchase Order PO-25-6247,OMS,2025-06-18,Aeroparts AOG DWC LLC,USD,1,Draft,2025-06-18,1,2000.0,NE,ACTUATOR TWIN MOTOR,FRH010041,1,2000,2025-06-18,EA,EA,1,2000
PO-25-6248,Purchase Order PO-25-6248,PROPONENT,2025-06-18,Aeroparts AOG DWC LLC,USD,1,Draft,2025-06-18,1,100.16,NE,CONNECTOR,EN3646A61203BN,2,50.08,2025-06-18,EA,EA,1,50.08
PO-25-6248,Purchase Order PO-25-6248,PROPONENT,2025-06-18,Aeroparts AOG DWC LLC,USD,1,Draft,2025-06-18,2,13.6,NE,WASHER,NSA5379-6C,2,6.8,2025-06-18,EA,EA,1,6.8
PO-25-6248,Purchase Order PO-25-6248,PROPONENT,2025-06-18,Aeroparts AOG DWC LLC,USD,1,Draft,2025-06-18,3,11.7,NE,BOLT,NAS1790-4R6,5,2.34,2025-06-18,EA,EA,1,2.34
PO-25-6248,Purchase Order PO-25-6248,PROPONENT,2025-06-18,Aeroparts AOG DWC LLC,USD,1,Draft,2025-06-18,4,13.559999999999999,NE,CONTACT,EN3155-019F2018,6,2.26,2025-06-18,EA,EA,1,2.26
PO-25-6248,Purchase Order PO-25-6248,PROPONENT,2025-06-18,Aeroparts AOG DWC LLC,USD,1,Draft,2025-06-18,5,10.22,NE,LEAD,E0092-40-250NN,2,5.11,2025-06-18,EA,EA,1,5.11
PO-25-6249,Purchase Order PO-25-6249,LIFT AEROSPACE,2025-06-18,Aeroparts AOG DWC LLC,USD,1,Draft,2025-06-18,1,900.0,NE,PRESSURE TRANSDUCER,ZAW382-01,1,900,2025-06-18,EA,EA,1,900
PO-25-6250,Purchase Order PO-25-6250,Airbus,2025-06-19,Aeroparts AOG DWC LLC,USD,1,Draft,2025-06-19,1,34.8,NE,RIVET,CR2248-4-2,120,0.29,2025-06-19,EA,EA,1,0.29
PO-25-6250,Purchase Order PO-25-6250,Airbus,2025-06-19,Aeroparts AOG DWC LLC,USD,1,Draft,2025-06-19,2,128.35000000000002,NE,BOLT,MS21250-06010,5,25.67,2025-06-19,EA,EA,1,25.67
PO-25-6250,Purchase Order PO-25-6250,Airbus,2025-06-19,Aeroparts AOG DWC LLC,USD,1,Draft,2025-06-19,3,57.3,NE,NUT,NSA5050-6C,30,1.91,2025-06-19,EA,EA,1,1.91
PO-25-6250,Purchase Order PO-25-6250,Airbus,2025-06-19,Aeroparts AOG DWC LLC,USD,1,Draft,2025-06-19,4,141.2,NE,TAB - LOCK,A3611506320000,2,70.6,2025-06-19,EA,EA,1,70.6
PO-25-6250,Purchase Order PO-25-6250,Airbus,2025-06-19,Aeroparts AOG DWC LLC,USD,1,Draft,2025-06-19,5,177.85,NE,CONNECTOR,EN3646RS61006DN,5,35.57,2025-06-19,EA,EA,1,35.57
PO-25-6250,Purchase Order PO-25-6250,Airbus,2025-06-19,Aeroparts AOG DWC LLC,USD,1,Draft,2025-06-19,6,252.70000000000002,NE,CONNECTOR,E0052N8B3ASNE,7,36.1,2025-06-19,EA,EA,1,36.1
PO-25-6250,Purchase Order PO-25-6250,Airbus,2025-06-19,Aeroparts AOG DWC LLC,USD,1,Draft,2025-06-19,7,6160.0,NE,TEMPERATURE SENSOR,466-8,2,3080,2025-06-19,EA,EA,1,3080
PO-25-6250,Purchase Order PO-25-6250,Airbus,2025-06-19,Aeroparts AOG DWC LLC,USD,1,Draft,2025-06-19,8,31.5,NE,RING,DAN191C20,50,0.63,2025-06-19,EA,EA,1,0.63
PO-25-6250,Purchase Order PO-25-6250,Airbus,2025-06-19,Aeroparts AOG DWC LLC,USD,1,Draft,2025-06-19,9,31.92,NE,ATTACHMENT,NSA5732-150,4,7.98,2025-06-19,EA,EA,1,7.98
PO-25-6250,Purchase Order PO-25-6250,Airbus,2025-06-19,Aeroparts AOG DWC LLC,USD,1,Draft,2025-06-19,10,4310.0,NE,SEAL,F5358972020400,1,4310,2025-06-19,EA,EA,1,4310
PO-25-6250,Purchase Order PO-25-6250,Airbus,2025-06-19,Aeroparts AOG DWC LLC,USD,1,Draft,2025-06-19,11,41.65,NE,BACKSHELL,E0080-02-08C,5,8.33,2025-06-19,EA,EA,1,8.33
PO-25-6250,Purchase Order PO-25-6250,Airbus,2025-06-19,Aeroparts AOG DWC LLC,USD,1,Draft,2025-06-19,12,37.86,NE,CONNECTOR,EN3646A6083ADN,1,37.86,2025-06-19,EA,EA,1,37.86
PO-25-6251,Purchase Order PO-25-6251,FINE FIT TRADING & UNIFORMS TAILORING,2025-06-19,Aeroparts AOG DWC LLC,USD,1,Draft,2025-06-19,1,12.5,NE,VAT,VAT,1,12.5,2025-06-19,EA,EA,1,12.5
PO-25-6251,Purchase Order PO-25-6251,FINE FIT TRADING & UNIFORMS TAILORING,2025-06-19,Aeroparts AOG DWC LLC,USD,1,Draft,2025-06-19,2,163.04,NE,UNIFORM,UNIFORM,8,20.38,2025-06-19,EA,EA,1,20.38
PO-25-6251,Purchase Order PO-25-6251,FINE FIT TRADING & UNIFORMS TAILORING,2025-06-19,Aeroparts AOG DWC LLC,USD,1,Draft,2025-06-19,3,320.0,NE,UNIFORM,UNIFORM,8,40,2025-06-19,EA,EA,1,40
PO-25-6253,Purchase Order PO-25-6253,"MRO Support, Inc",2025-06-20,Aeroparts AOG DWC LLC,USD,1,Draft,2025-06-20,1,1750.0,NE,"TOOL KIT, HP TURBINE",856A1310G01,1,1750,2025-06-20,EA,EA,1,1750
PO-25-6253,Purchase Order PO-25-6253,"MRO Support, Inc",2025-06-20,Aeroparts AOG DWC LLC,USD,1,Draft,2025-06-20,2,1100.0,NE,"GUIDE TUBE, BORESCOPE HP TURBINE SHROUD",856A1351P01,1,1100,2025-06-20,EA,EA,1,1100
PO-25-6255,Purchase Order PO-25-6255,TUFUL WORLD TRADING,2025-06-20,Aeroparts AOG DWC LLC,USD,1,Draft,2025-06-20,1,332.62,NE,SEAT COVER BOTTOM,TAAI2-308120-01,1,332.62,2025-06-20,EA,EA,1,332.62
PO-25-6256,Purchase Order PO-25-6256,AEROMAT,2025-06-23,Aeroparts AOG DWC LLC,USD,1,Draft,2025-06-23,1,127770.0,NE,"SPOOL,BOOSTER",336-014-808-0,1,127770,2025-06-23,EA,EA,1,127770
PO-25-6257,Purchase Order PO-25-6257,Pacific Air Industries,2025-06-24,Aeroparts AOG DWC LLC,USD,1,Draft,2025-06-24,1,6.4,NE,SCREW,MS24693C307,2,3.2,2025-06-24,EA,EA,1,3.2
PO-25-6257,Purchase Order PO-25-6257,Pacific Air Industries,2025-06-24,Aeroparts AOG DWC LLC,USD,1,Draft,2025-06-24,2,20.7,NE,BLIND RIVET,NAS1739B4-6,15,1.38,2025-06-24,EA,EA,1,1.38
PO-25-6257,Purchase Order PO-25-6257,Pacific Air Industries,2025-06-24,Aeroparts AOG DWC LLC,USD,1,Draft,2025-06-24,3,12.0,NE,BLIND RIVET,NAS1739B5-5,15,0.8,2025-06-24,EA,EA,1,0.8
PO-25-6257,Purchase Order PO-25-6257,Pacific Air Industries,2025-06-24,Aeroparts AOG DWC LLC,USD,1,Draft,2025-06-24,4,30.0,NE,BLIND RIVET,CR2248-4-4,15,2,2025-06-24,EA,EA,1,2
PO-25-6257,Purchase Order PO-25-6257,Pacific Air Industries,2025-06-24,Aeroparts AOG DWC LLC,USD,1,Draft,2025-06-24,5,15.0,NE,BLIND RIVET,NAS1739B5-3,15,1,2025-06-24,EA,EA,1,1
PO-25-6257,Purchase Order PO-25-6257,Pacific Air Industries,2025-06-24,Aeroparts AOG DWC LLC,USD,1,Draft,2025-06-24,6,75.27,NE,HI-LITE,HST12WF6-4,13,5.79,2025-06-24,EA,EA,1,5.79
PO-25-6257,Purchase Order PO-25-6257,Pacific Air Industries,2025-06-24,Aeroparts AOG DWC LLC,USD,1,Draft,2025-06-24,7,22.400000000000002,NE,CLAMP,3604,10,2.24,2025-06-24,EA,EA,1,2.24
PO-25-6258,Purchase Order PO-25-6258,BOEING DISTRIBUTION SERVICES,2025-06-25,Aeroparts AOG DWC LLC,USD,1,Draft,2025-06-25,1,89.0,NE,BLIND RIVET,CR2248-5-6,100,0.89,2025-06-25,EA,EA,1,0.89
PO-25-6258,Purchase Order PO-25-6258,BOEING DISTRIBUTION SERVICES,2025-06-25,Aeroparts AOG DWC LLC,USD,1,Draft,2025-06-25,2,62.16,NE,QUICK RELEASE PIN,MS17987C412,2,31.08,2025-06-25,EA,EA,1,31.08
PO-25-6258,Purchase Order PO-25-6258,BOEING DISTRIBUTION SERVICES,2025-06-25,Aeroparts AOG DWC LLC,USD,1,Draft,2025-06-25,3,50.220000000000006,NE,BOLT,NAS7204-4,31,1.62,2025-06-25,EA,EA,1,1.62
PO-25-6259,Purchase Order PO-25-6259,"GA TELESIS, LLC",2025-06-25,Aeroparts AOG DWC LLC,USD,1,Draft,2025-06-25,1,5100.0,NE,SLAT AND FLAP CONTROL COMPUTER,065-50000-0509,1,5100,2025-06-25,EA,EA,1,5100
PO-25-6260,Purchase Order PO-25-6260,AEROBAY,2025-06-26,Aeroparts AOG DWC LLC,USD,1,Draft,2025-06-26,1,946.0,NE,FLEXIBLE DRIVE BRUSH,HU80298,1,946,2025-06-26,EA,EA,1,946
PO-25-6261,Purchase Order PO-25-6261,WOLFE AERO,2025-06-26,Aeroparts AOG DWC LLC,USD,1,Draft,2025-06-26,1,39090.5,NE,HOIST-MINILIFT,91-536,1,39090.5,2025-06-25,EA,EA,1,39090.5
PO-25-6262,Purchase Order PO-25-6262,Airbus,2025-06-26,Aeroparts AOG DWC LLC,USD,1,Draft,2025-06-26,1,542.0,NE,PIN,F3231527220000,2,271,2025-06-26,EA,EA,1,271
PO-25-6263,Purchase Order PO-25-6263,Airbus,2025-06-30,Aeroparts AOG DWC LLC,USD,1,Draft,2025-06-30,1,10730.0,NE,STRUT-FOLDING,F0003067300000,1,10730,2025-06-30,EA,EA,1,10730
PO-25-6264,Purchase Order PO-25-6264,WENCOR,2025-06-30,Aeroparts AOG DWC LLC,USD,1,Draft,2025-06-30,1,58.980000000000004,NE,SCREW,NSA5088V5-23,6,9.83,2025-06-30,EA,EA,1,9.83
PO-25-6264,Purchase Order PO-25-6264,WENCOR,2025-06-30,Aeroparts AOG DWC LLC,USD,1,Draft,2025-06-30,2,8.2,NE,RETAINING-RING,MS16624-1025,20,0.41,2025-06-30,EA,EA,1,0.41
PO-25-6264,Purchase Order PO-25-6264,WENCOR,2025-06-30,Aeroparts AOG DWC LLC,USD,1,Draft,2025-06-30,3,2.2,NE,WASHER,NAS1149D0416H,20,0.11,2025-06-30,EA,EA,1,0.11
PO-25-6264,Purchase Order PO-25-6264,WENCOR,2025-06-30,Aeroparts AOG DWC LLC,USD,1,Draft,2025-06-30,4,0.7000000000000001,NE,SCREW,NAS514P832-5,5,0.14,2025-06-30,EA,EA,1,0.14
PO-25-6264,Purchase Order PO-25-6264,WENCOR,2025-06-30,Aeroparts AOG DWC LLC,USD,1,Draft,2025-06-30,5,35.6,NE,NUT,MS21062-3,10,3.56,2025-06-30,EA,EA,1,3.56
PO-25-6265,Purchase Order PO-25-6265,Airbus,2025-07-01,Aeroparts AOG DWC LLC,USD,1,Draft,2025-07-01,1,28.799999999999997,NE,NUT,ASNA2528-6,10,2.88,2025-07-01,EA,EA,1,2.88
PO-25-6265,Purchase Order PO-25-6265,Airbus,2025-07-01,Aeroparts AOG DWC LLC,USD,1,Draft,2025-07-01,2,46.0,NE,BOLT,EN6115V3X4,10,4.6,2025-07-01,EA,EA,1,4.6
PO-25-6265,Purchase Order PO-25-6265,Airbus,2025-07-01,Aeroparts AOG DWC LLC,USD,1,Draft,2025-07-01,3,50.4,NE,RIVET,ASNA2050DXJ4820,60,0.84,2025-07-01,EA,EA,1,0.84
PO-25-6265,Purchase Order PO-25-6265,Airbus,2025-07-01,Aeroparts AOG DWC LLC,USD,1,Draft,2025-07-01,4,42.0,NE,RIVET,ASNA2050DXJ4020,60,0.7,2025-07-01,EA,EA,1,0.7
PO-25-6265,Purchase Order PO-25-6265,Airbus,2025-07-01,Aeroparts AOG DWC LLC,USD,1,Draft,2025-07-01,5,48.0,NE,WASHER,NAS1169T10L,200,0.24,2025-07-01,EA,EA,1,0.24
PO-25-6265,Purchase Order PO-25-6265,Airbus,2025-07-01,Aeroparts AOG DWC LLC,USD,1,Draft,2025-07-01,6,75.0,NE,SCREW,NAS1153V3,60,1.25,2025-07-01,EA,EA,1,1.25
PO-25-6265,Purchase Order PO-25-6265,Airbus,2025-07-01,Aeroparts AOG DWC LLC,USD,1,Draft,2025-07-01,7,61.5,NE,SCREW,NAS1153V4,50,1.23,2025-07-01,EA,EA,1,1.23
PO-25-6265,Purchase Order PO-25-6265,Airbus,2025-07-01,Aeroparts AOG DWC LLC,USD,1,Draft,2025-07-01,8,38.4,NE,SCREW,NAS1153V5,60,0.64,2025-07-01,EA,EA,1,0.64
PO-25-6265,Purchase Order PO-25-6265,Airbus,2025-07-01,Aeroparts AOG DWC LLC,USD,1,Draft,2025-07-01,9,0.0,NE,WASHER,A9232132520000,20,0,2025-07-01,EA,EA,1,0
PO-25-6265,Purchase Order PO-25-6265,Airbus,2025-07-01,Aeroparts AOG DWC LLC,USD,1,Draft,2025-07-01,10,94.92,NE,SCREW,NSA5088V5-35,4,23.73,2025-07-01,EA,EA,1,23.73
PO-25-6265,Purchase Order PO-25-6265,Airbus,2025-07-01,Aeroparts AOG DWC LLC,USD,1,Draft,2025-07-01,11,105.96,NE,CONNECTOR,EN3646RS61419DN,1,105.96,2025-07-01,EA,EA,1,105.96
PO-25-6265,Purchase Order PO-25-6265,Airbus,2025-07-01,Aeroparts AOG DWC LLC,USD,1,Draft,2025-07-01,12,814.0,NE,CONNECTOR,D61500-74,2,407,2025-07-01,EA,EA,1,407
PO-25-6265,Purchase Order PO-25-6265,Airbus,2025-07-01,Aeroparts AOG DWC LLC,USD,1,Draft,2025-07-01,13,253.4,NE,SCREW,NAS1154V11,20,12.67,2025-07-01,EA,EA,1,12.67
PO-25-6265,Purchase Order PO-25-6265,Airbus,2025-07-01,Aeroparts AOG DWC LLC,USD,1,Draft,2025-07-01,14,53.7,NE,BRACKET,ABS0785B05A,5,10.74,2025-07-01,EA,EA,1,10.74
PO-25-6265,Purchase Order PO-25-6265,Airbus,2025-07-01,Aeroparts AOG DWC LLC,USD,1,Draft,2025-07-01,15,139.8,NE,HINGE ARM,4744003-4,2,69.9,2025-07-01,EA,EA,1,69.9
PO-25-6265,Purchase Order PO-25-6265,Airbus,2025-07-01,Aeroparts AOG DWC LLC,USD,1,Draft,2025-07-01,16,87.0,NE,PIN,4744033-1,1,87,2025-07-01,EA,EA,1,87
PO-25-6265,Purchase Order PO-25-6265,Airbus,2025-07-01,Aeroparts AOG DWC LLC,USD,1,Draft,2025-07-01,17,44.0,NE,SCREW-MACH FLAT HEAD,NAS1102E3-10,100,0.44,2025-07-01,EA,EA,1,0.44
PO-25-6265,Purchase Order PO-25-6265,Airbus,2025-07-01,Aeroparts AOG DWC LLC,USD,1,Draft,2025-07-01,18,3070.0,NE,GASKET,F5725408900000,10,307,2025-07-01,EA,EA,1,307
PO-25-6265,Purchase Order PO-25-6265,Airbus,2025-07-01,Aeroparts AOG DWC LLC,USD,1,Draft,2025-07-01,19,9022.0,NE,GASKET,F5725408900200,26,347,2025-07-01,EA,EA,1,347
PO-25-6266,Purchase Order PO-25-6266,BOEING FLEET,2025-07-01,Aeroparts AOG DWC LLC,USD,1,Draft,2025-07-01,1,1094.0,NE,NUT PLATE ASSY,141A4841-106,1,1094,2025-05-16,EA,EA,1,1094
PO-25-6266,Purchase Order PO-25-6266,BOEING FLEET,2025-07-01,Aeroparts AOG DWC LLC,USD,1,Draft,2025-07-01,2,1180.0,NE,NUTPLATE STRIP ASSY,141A4841-118,1,1180,2025-05-16,EA,EA,1,1180
PO-25-6266,Purchase Order PO-25-6266,BOEING FLEET,2025-07-01,Aeroparts AOG DWC LLC,USD,1,Draft,2025-07-01,3,1364.0,NE,NUTPLATE STRIP ASSY,141A4841-108,2,682,2025-05-16,EA,EA,1,682
PO-25-6266,Purchase Order PO-25-6266,BOEING FLEET,2025-07-01,Aeroparts AOG DWC LLC,USD,1,Draft,2025-07-01,4,1005.0,NE,GASKET,65C33095-5,3,335,2025-05-16,EA,EA,1,335
PO-25-6266,Purchase Order PO-25-6266,BOEING FLEET,2025-07-01,Aeroparts AOG DWC LLC,USD,1,Draft,2025-07-01,5,774.0,NE,SLEEVE,69B01706-13,2,387,2025-05-16,EA,EA,1,387
PO-25-6267,Purchase Order PO-25-6267,AERO PACIFIC INDUSTRIES LTD,2025-07-02,Aeroparts AOG DWC LLC,USD,1,Draft,2025-07-02,1,1200.0,NE,LINK,FK19265,1,1200,2025-07-02,EA,EA,1,1200
PO-25-6268,Purchase Order PO-25-6268,PROPONENT,2025-07-02,Aeroparts AOG DWC LLC,USD,1,Draft,2025-07-02,1,64.65,NE,LENZ,9EL406847-00,1,64.65,2025-07-02,EA,EA,1,64.65
PO-25-6268,Purchase Order PO-25-6268,PROPONENT,2025-07-02,Aeroparts AOG DWC LLC,USD,1,Draft,2025-07-02,2,41.85,NE,SCREW,NAS1154V10,15,2.79,2025-07-02,EA,EA,1,2.79
PO-25-6268,Purchase Order PO-25-6268,PROPONENT,2025-07-02,Aeroparts AOG DWC LLC,USD,1,Draft,2025-07-02,3,45.25,NE,SCREW,NAS1153V9,25,1.81,2025-07-02,EA,EA,1,1.81
PO-25-6268,Purchase Order PO-25-6268,PROPONENT,2025-07-02,Aeroparts AOG DWC LLC,USD,1,Draft,2025-07-02,4,21.5,NE,BOLT,EN6115V3X5,5,4.3,2025-07-02,EA,EA,1,4.3
PO-25-6268,Purchase Order PO-25-6268,PROPONENT,2025-07-02,Aeroparts AOG DWC LLC,USD,1,Draft,2025-07-02,5,53.6,NE,SCREW,NAS1102E3-24,40,1.34,2025-07-02,EA,EA,1,1.34
PO-25-6268,Purchase Order PO-25-6268,PROPONENT,2025-07-02,Aeroparts AOG DWC LLC,USD,1,Draft,2025-07-02,6,41.4,NE,SCREW,NAS1102E3-32,30,1.38,2025-07-02,EA,EA,1,1.38
PO-25-6269,Purchase Order PO-25-6269,BOEING FLEET,2025-07-03,Aeroparts AOG DWC LLC,USD,1,Draft,2025-07-03,1,11610.0,NE,SEAL,9331M55P02,5,2322,2025-07-03,EA,EA,1,2322
PO-25-6270,Purchase Order PO-25-6270,"GA TELESIS, LLC",2025-07-04,Aeroparts AOG DWC LLC,USD,1,Draft,2025-07-04,1,3000.0,NE,TRIM AIR VALVE,1320A0000-02,1,3000,2025-07-04,EA,EA,1,3000
PO-25-6271,Purchase Order PO-25-6271,BOEING FLEET,2025-07-07,Aeroparts AOG DWC LLC,USD,1,Draft,2025-07-07,1,4634.4,NE,HOLDER LAMP,31-7741-1,3,1544.8,2025-07-03,EA,EA,1,1544.8
PO-25-6272,Purchase Order PO-25-6272,TOUCHDOWN AVIATION,2025-07-07,Aeroparts AOG DWC LLC,USD,1,Draft,2025-07-07,1,28000.0,NE,FCPC,LA2K2B100DL0000,1,28000,2025-07-07,EA,EA,1,28000
PO-25-6272,Purchase Order PO-25-6272,TOUCHDOWN AVIATION,2025-07-07,Aeroparts AOG DWC LLC,USD,1,Draft,2025-07-07,2,140000.0,NE,FCPC,LA2K2B100DL0000,5,28000,2025-07-07,EA,EA,1,28000
PO-25-6273,Purchase Order PO-25-6273,J1AERO,2025-07-07,Aeroparts AOG DWC LLC,USD,1,Draft,2025-07-07,1,49000.0,NE,Emergency Evacuation Slide Assy,4A4011-7,1,49000,2025-05-08,EA,EA,1,49000
PO-25-6274,Purchase Order PO-25-6274,SPECIALIST AVIATION LTD,2025-07-08,Aeroparts AOG DWC LLC,USD,1,Draft,2025-07-08,1,2750.0,NE,SEAL,FK16589,1,2750,2025-07-08,EA,EA,1,2750
PO-25-6275,Purchase Order PO-25-6275,"NELSON PARTS, LLC",2025-07-08,Aeroparts AOG DWC LLC,USD,1,Draft,2025-07-08,1,890.0,NE,VHF ANTENNA,2403-89,1,890,2025-07-08,EA,EA,1,890
PO-25-6276,Purchase Order PO-25-6276,BOEING FLEET,2025-07-08,Aeroparts AOG DWC LLC,USD,1,Draft,2025-07-08,1,1190.0,NE,SWITCH,38HM98,1,1190,2025-07-13,EA,EA,1,1190
PO-25-6277,Purchase Order PO-25-6277,SATAIR,2025-07-09,Aeroparts AOG DWC LLC,USD,1,Draft,2025-07-09,1,1602.5,NE,SEAL,FK21248,1,1602.5,2025-07-09,EA,EA,1,1602.5
PO-25-6278,Purchase Order PO-25-6278,SEDA Aerospace Ltd,2025-07-09,Aeroparts AOG DWC LLC,USD,1,Draft,2025-07-09,1,100.0,NE,SPRING TENSION,2914114-3,10,10,2025-07-09,EA,EA,1,10
PO-25-6279,Purchase Order PO-25-6279,BOEING FLEET,2025-07-10,Aeroparts AOG DWC LLC,USD,1,Draft,2025-07-10,1,502.40000000000003,NE,HOSE,AS1503-37D0050,5,100.48,2025-07-10,EA,EA,1,100.48
PO-25-6280,Purchase Order PO-25-6280,Airbus,2025-07-10,Aeroparts AOG DWC LLC,USD,1,Draft,2025-07-10,1,330.0,NE,FILTER,D2557243520000,30,11,2025-07-10,EA,EA,1,11
PO-25-6280,Purchase Order PO-25-6280,Airbus,2025-07-10,Aeroparts AOG DWC LLC,USD,1,Draft,2025-07-10,2,87.0,NE,BRACKET,D2557243220000,10,8.7,2025-07-10,EA,EA,1,8.7
PO-25-6280,Purchase Order PO-25-6280,Airbus,2025-07-10,Aeroparts AOG DWC LLC,USD,1,Draft,2025-07-10,3,214.4,NE,CONNECTOR,D9249107300400,4,53.6,2025-07-10,EA,EA,1,53.6
PO-25-6280,Purchase Order PO-25-6280,Airbus,2025-07-10,Aeroparts AOG DWC LLC,USD,1,Draft,2025-07-10,4,1930.0,NE,LEVER ASSY-LWR,F5218061600000,1,1930,2025-07-10,EA,EA,1,1930
PO-25-6280,Purchase Order PO-25-6280,Airbus,2025-07-10,Aeroparts AOG DWC LLC,USD,1,Draft,2025-07-10,5,192.0,NE,CLMPBLCK,F0003157700000,1,192,2025-07-10,EA,EA,1,192
PO-25-6280,Purchase Order PO-25-6280,Airbus,2025-07-10,Aeroparts AOG DWC LLC,USD,1,Draft,2025-07-10,6,242.0,NE,CLMPBLCK,F0003157500000,2,121,2025-07-10,EA,EA,1,121
PO-25-6280,Purchase Order PO-25-6280,Airbus,2025-07-10,Aeroparts AOG DWC LLC,USD,1,Draft,2025-07-10,7,1680.0,NE,PLATE,F5451138520000,12,140,2025-07-10,EA,EA,1,140
PO-25-6280,Purchase Order PO-25-6280,Airbus,2025-07-10,Aeroparts AOG DWC LLC,USD,1,Draft,2025-07-10,8,166.0,NE,SPRING,F5747002020200,10,16.6,2025-07-10,EA,EA,1,16.6
PO-25-6280,Purchase Order PO-25-6280,Airbus,2025-07-10,Aeroparts AOG DWC LLC,USD,1,Draft,2025-07-10,9,1187.56,NE,STUD,ABS0696X2-3-32,22,53.98,2025-07-10,EA,EA,1,53.98
PO-25-6280,Purchase Order PO-25-6280,Airbus,2025-07-10,Aeroparts AOG DWC LLC,USD,1,Draft,2025-07-10,10,28.499999999999996,NE,NUT,NAS1726-4E,50,0.57,2025-07-10,EA,EA,1,0.57
PO-25-6280,Purchase Order PO-25-6280,Airbus,2025-07-10,Aeroparts AOG DWC LLC,USD,1,Draft,2025-07-10,11,37.8,NE,BOLT,NSA5031-4-5,20,1.89,2025-07-10,EA,EA,1,1.89
PO-25-6280,Purchase Order PO-25-6280,Airbus,2025-07-10,Aeroparts AOG DWC LLC,USD,1,Draft,2025-07-10,12,54.0,NE,BOLT,NSA5031-4-7,30,1.8,2025-07-10,EA,EA,1,1.8
PO-25-6280,Purchase Order PO-25-6280,Airbus,2025-07-10,Aeroparts AOG DWC LLC,USD,1,Draft,2025-07-10,13,30.0,NE,RIVET,EN6069AD5-12,500,0.06,2025-07-10,EA,EA,1,0.06
PO-25-6280,Purchase Order PO-25-6280,Airbus,2025-07-10,Aeroparts AOG DWC LLC,USD,1,Draft,2025-07-10,14,46.4,NE,BOLT,EN6122C05-03H,40,1.16,2025-07-10,EA,EA,1,1.16
PO-25-6281,Purchase Order PO-25-6281,Koolhaas Alphen BV,2025-07-11,Aeroparts AOG DWC LLC,USD,1,Draft,2025-07-11,1,6900.0,NE,"ACTUATOR, SECONDARY LOCK",1159SCP408-1,1,6900,2025-07-11,EA,EA,1,6900
PO-25-6282,Purchase Order PO-25-6282,"Cypress Air, Inc",2025-07-11,Aeroparts AOG DWC LLC,USD,1,Draft,2025-07-11,1,2500.0,NE,RETAINER-CENTER,A5361006320300,1,2500,2025-07-11,EA,EA,1,2500
PO-25-6283,Purchase Order PO-25-6283,AVIATION PARTS SERVICE,2025-07-11,Aeroparts AOG DWC LLC,USD,1,Draft,2025-07-11,1,500.0,NE,BUSH,A16051-007,4,125,2025-07-11,EA,EA,1,125
PO-25-6284,Purchase Order PO-25-6284,DASI LLC,2025-07-11,Aeroparts AOG DWC LLC,USD,1,Draft,2025-07-11,1,22.189999999999998,NE,RIVET,NAS1921C04-02,7,3.17,2025-07-11,EA,EA,1,3.17
PO-25-6284,Purchase Order PO-25-6284,DASI LLC,2025-07-11,Aeroparts AOG DWC LLC,USD,1,Draft,2025-07-11,2,131.8,NE,RIVET,NAS1921C05-06,20,6.59,2025-07-11,EA,EA,1,6.59
PO-25-6284,Purchase Order PO-25-6284,DASI LLC,2025-07-11,Aeroparts AOG DWC LLC,USD,1,Draft,2025-07-11,3,60.0,NE,RIVET,NAS1921C05-05,20,3,2025-07-11,EA,EA,1,3
PO-25-6284,Purchase Order PO-25-6284,DASI LLC,2025-07-11,Aeroparts AOG DWC LLC,USD,1,Draft,2025-07-11,4,165.0,NE,RIVET,NAS1921C05-04,20,8.25,2025-07-11,EA,EA,1,8.25
PO-25-6284,Purchase Order PO-25-6284,DASI LLC,2025-07-11,Aeroparts AOG DWC LLC,USD,1,Draft,2025-07-11,5,41.25,NE,RIVET,NAS1921C05-03,5,8.25,2025-07-11,EA,EA,1,8.25
PO-25-6284,Purchase Order PO-25-6284,DASI LLC,2025-07-11,Aeroparts AOG DWC LLC,USD,1,Draft,2025-07-11,6,20.0,NE,BOLT,ASNA2529-4,25,0.8,2025-07-11,EA,EA,1,0.8
PO-25-6284,Purchase Order PO-25-6284,DASI LLC,2025-07-11,Aeroparts AOG DWC LLC,USD,1,Draft,2025-07-11,7,20.14,NE,"NUT, SELF LOCKING",ASNA2529-3,19,1.06,2025-07-11,EA,EA,1,1.06
PO-25-6285,Purchase Order PO-25-6285,SKY GLOBAL SUPPORT,2025-07-11,Aeroparts AOG DWC LLC,USD,1,Draft,2025-07-11,1,2850.0,NE,"FRAME - SUPPORT, THS AC-TUATOR",98F27407513000,1,2850,2025-07-11,EA,EA,1,2850
PO-25-6286,Purchase Order PO-25-6286,AVIALL SERVICES INC,2025-07-11,Aeroparts AOG DWC LLC,USD,1,Draft,2025-07-11,1,266.09999999999997,NE,PACKING,325241-10,15,17.74,2025-07-11,EA,EA,1,17.74
PO-25-6287,Purchase Order PO-25-6287,LIBERTY AERO SERVICES,2025-07-11,Aeroparts AOG DWC LLC,USD,1,Draft,2025-07-11,1,38000.0,NE,CONTROL UNIT ASSY-FLAPS,D27510043001AF,1,38000,2025-07-11,EA,EA,1,38000
PO-25-6288,Purchase Order PO-25-6288,NFF AVIATION,2025-07-11,Aeroparts AOG DWC LLC,USD,1,Draft,2025-07-11,1,2000.0,NE,SWITCH,ABS0951B3LM002,4,500,2025-07-11,EA,EA,1,500
PO-25-6289,Purchase Order PO-25-6289,BOEING FLEET,2025-07-14,Aeroparts AOG DWC LLC,USD,1,Draft,2025-07-14,1,10431.0,NE,FILTER,KIT2040025-305,1,10431,2025-07-14,EA,EA,1,10431
PO-25-6290,Purchase Order PO-25-6290,WENCOR,2025-07-16,Aeroparts AOG DWC LLC,USD,1,Draft,2025-07-16,1,430.5,NE,BOLT,ASNA2001T3-6,150,2.87,2025-07-16,EA,EA,1,2.87
PO-25-6290,Purchase Order PO-25-6290,WENCOR,2025-07-16,Aeroparts AOG DWC LLC,USD,1,Draft,2025-07-16,2,7.5,NE,SELF LOCKING NUT,MS21043-3,6,1.25,2025-07-16,EA,EA,1,1.25
PO-25-6290,Purchase Order PO-25-6290,WENCOR,2025-07-16,Aeroparts AOG DWC LLC,USD,1,Draft,2025-07-16,3,2.0,NE,PIN,MS24665-162,8,0.25,2025-07-16,EA,EA,1,0.25
PO-25-6291,Purchase Order PO-25-6291,PROPONENT,2025-07-17,Aeroparts AOG DWC LLC,USD,1,Draft,2025-07-17,1,14.54,NE,NUT,NSA5060-6,2,7.27,2025-07-17,EA,EA,1,7.27
PO-25-6291,Purchase Order PO-25-6291,PROPONENT,2025-07-17,Aeroparts AOG DWC LLC,USD,1,Draft,2025-07-17,2,210.6,NE,HIN/ALOK PIN,HL10VF8-5,60,3.51,2025-07-17,EA,EA,1,3.51
PO-25-6291,Purchase Order PO-25-6291,PROPONENT,2025-07-17,Aeroparts AOG DWC LLC,USD,1,Draft,2025-07-17,3,283.0,NE,HL PIN,DAN5-8-4,100,2.83,2025-07-17,EA,EA,1,2.83
PO-25-6291,Purchase Order PO-25-6291,PROPONENT,2025-07-17,Aeroparts AOG DWC LLC,USD,1,Draft,2025-07-17,4,38.88,NE,HI-LOK PIN,DAN5-5-3,36,1.08,2025-07-17,EA,EA,1,1.08
PO-25-6291,Purchase Order PO-25-6291,PROPONENT,2025-07-17,Aeroparts AOG DWC LLC,USD,1,Draft,2025-07-17,5,49.75,NE,RIVET,DIN65399-4020CF,25,1.99,2025-07-17,EA,EA,1,1.99
PO-25-6292,Purchase Order PO-25-6292,GLENDALE INTERNATIONAL,2025-07-17,Aeroparts AOG DWC LLC,USD,1,Draft,2025-07-17,1,10320.0,NE,EMERGENCY LIGHT BATTERY,ABS-61-2274-1,50,206.4,2025-07-17,EA,EA,1,206.4
PO-25-6293,Purchase Order PO-25-6293,ROLLS ROYCE,2025-07-21,Aeroparts AOG DWC LLC,USD,1,Draft,2025-07-21,1,9488.0,NE,BRACKET,FK10129,2,4744,2025-07-21,EA,EA,1,4744
PO-25-6294,Purchase Order PO-25-6294,AERO TECHNIC ME FZCO,2025-07-21,Aeroparts AOG DWC LLC,USD,1,Draft,2025-07-21,1,51119.880000000005,NE,GENERATOR,E72230-09,28,1825.71,2025-07-21,EA,EA,1,1825.71
PO-25-6295,Purchase Order PO-25-6295,PTD AEROTECHNIC,2025-07-21,Aeroparts AOG DWC LLC,USD,1,Draft,2025-07-21,1,2750.0,NE,DOOR-NACA DUCT,F5725600420100,1,2750,2025-07-21,EA,EA,1,2750
PO-25-6296,Purchase Order PO-25-6296,Airbus,2025-07-22,Aeroparts AOG DWC LLC,USD,1,Draft,2025-07-22,1,69.0,NE,PIN,HL110VF6-3,20,3.45,2025-07-22,EA,EA,1,3.45
PO-25-6296,Purchase Order PO-25-6296,Airbus,2025-07-22,Aeroparts AOG DWC LLC,USD,1,Draft,2025-07-22,2,33.0,NE,PIN,DAN6-5-3,50,0.66,2025-07-22,EA,EA,1,0.66
PO-25-6296,Purchase Order PO-25-6296,Airbus,2025-07-22,Aeroparts AOG DWC LLC,USD,1,Draft,2025-07-22,3,50.0,NE,COLLAR,NSA5075-5,200,0.25,2025-07-22,EA,EA,1,0.25
PO-25-6296,Purchase Order PO-25-6296,Airbus,2025-07-22,Aeroparts AOG DWC LLC,USD,1,Draft,2025-07-22,4,122.48,NE,BEARING,MS14103-10P,2,61.24,2025-07-22,EA,EA,1,61.24
PO-25-6296,Purchase Order PO-25-6296,Airbus,2025-07-22,Aeroparts AOG DWC LLC,USD,1,Draft,2025-07-22,5,157.5,NE,SCREW,ASNA2001T4-23,50,3.15,2025-07-22,EA,EA,1,3.15
PO-25-6296,Purchase Order PO-25-6296,Airbus,2025-07-22,Aeroparts AOG DWC LLC,USD,1,Draft,2025-07-22,6,88.2,NE,SCREW,ASNA2001T4-26,30,2.94,2025-07-22,EA,EA,1,2.94
PO-25-6296,Purchase Order PO-25-6296,Airbus,2025-07-22,Aeroparts AOG DWC LLC,USD,1,Draft,2025-07-22,7,30.72,NE,MUFF,ABS0473-22,1,30.72,2025-07-22,EA,EA,1,30.72
PO-25-6296,Purchase Order PO-25-6296,Airbus,2025-07-22,Aeroparts AOG DWC LLC,USD,1,Draft,2025-07-22,8,47.25,NE,BOLT,NAS7203U12,45,1.05,2025-07-22,EA,EA,1,1.05
PO-25-6296,Purchase Order PO-25-6296,Airbus,2025-07-22,Aeroparts AOG DWC LLC,USD,1,Draft,2025-07-22,9,64.0,NE,SCREW,ABS0376-3-35,100,0.64,2025-07-22,EA,EA,1,0.64
PO-25-6296,Purchase Order PO-25-6296,Airbus,2025-07-22,Aeroparts AOG DWC LLC,USD,1,Draft,2025-07-22,10,33.6,NE,BOLT,EN6115V3-5,40,0.84,2025-07-22,EA,EA,1,0.84
PO-25-6296,Purchase Order PO-25-6296,Airbus,2025-07-22,Aeroparts AOG DWC LLC,USD,1,Draft,2025-07-22,11,5460.0,NE,DOOR,F5725600420000,1,5460,2025-07-22,EA,EA,1,5460
PO-25-6297,Purchase Order PO-25-6297,Air Station Aviation,2025-07-22,Aeroparts AOG DWC LLC,USD,1,Draft,2025-07-22,1,1200.0,NE,PLANAR ARRAY,2041446-0401,1,1200,2025-07-22,EA,EA,1,1200
PO-25-6298,Purchase Order PO-25-6298,SATAIR,2025-07-23,Aeroparts AOG DWC LLC,USD,1,Draft,2025-07-23,1,6862.66,NE,SEAL ASSY,FK16590,2,3431.33,2025-07-23,EA,EA,1,3431.33
PO-25-6298,Purchase Order PO-25-6298,SATAIR,2025-07-23,Aeroparts AOG DWC LLC,USD,1,Draft,2025-07-23,2,15968.18,NE,SEAL ASSY,FK16588,2,7984.09,2025-07-23,EA,EA,1,7984.09
PO-25-6299,Purchase Order PO-25-6299,WENCOR,2025-07-23,Aeroparts AOG DWC LLC,USD,1,Draft,2025-07-23,1,663.9,NE,PLUG,MS9902-05,30,22.13,2025-05-12,EA,EA,1,22.13
PO-25-6300,Purchase Order PO-25-6300,AVIALL SERVICES INC,2025-07-23,Aeroparts AOG DWC LLC,USD,1,Draft,2025-07-23,1,36145.200000000004,NE,TUBE ADJUSTER,45-231-1,280,129.09,2025-05-12,EA,EA,1,129.09
PO-25-6301,Purchase Order PO-25-6301,DASI LLC,2025-07-23,Aeroparts AOG DWC LLC,USD,1,Draft,2025-07-23,1,35.0,NE,PIN,697505685,2,17.5,2025-07-23,EA,EA,1,17.5
PO-25-6301,Purchase Order PO-25-6301,DASI LLC,2025-07-23,Aeroparts AOG DWC LLC,USD,1,Draft,2025-07-23,2,20.46,NE,BLIND RIVET,NAS1739B5-2,31,0.66,2025-07-23,EA,EA,1,0.66
PO-25-6301,Purchase Order PO-25-6301,DASI LLC,2025-07-23,Aeroparts AOG DWC LLC,USD,1,Draft,2025-07-23,3,20.25,NE,BLIND RIVET,NAS1739B5-4,75,0.27,2025-07-23,EA,EA,1,0.27
PO-25-6301,Purchase Order PO-25-6301,DASI LLC,2025-07-23,Aeroparts AOG DWC LLC,USD,1,Draft,2025-07-23,4,120.39999999999999,NE,PIN,HST12WF6-3,70,1.72,2025-07-23,EA,EA,1,1.72
PO-25-6302,Purchase Order PO-25-6302,LONSEAL INC.,2025-07-24,Aeroparts AOG DWC LLC,USD,1,Draft,2025-07-24,1,12688.28,NE,LONCOIN II FW #9895M96 NAVY BLUE,C2F9895M96,4,3172.07,2025-07-24,RL,RL,1,3172.07
PO-25-6303,Purchase Order PO-25-6303,PROPONENT,2025-07-24,Aeroparts AOG DWC LLC,USD,1,Draft,2025-07-24,1,11783.52,NE,GASKET,229455,8,1472.94,2025-07-24,EA,EA,1,1472.94
PO-25-6304,Purchase Order PO-25-6304,J&M PRODUCTS,2025-07-25,Aeroparts AOG DWC LLC,USD,1,Draft,2025-07-25,1,500.04,NE,CLAMP,AS21919WCH15,18,27.78,2025-07-25,EA,EA,1,27.78
PO-25-6305,Purchase Order PO-25-6305,HORIZON AIRCRAFT PARTS,2025-07-25,Aeroparts AOG DWC LLC,USD,1,Draft,2025-07-25,1,3300.0,NE,PANEL PRESSURE SELECTOR,130590-2,1,3300,2025-07-25,EA,EA,1,3300
PO-25-6306,Purchase Order PO-25-6306,MINGO AEROSPACE,2025-07-25,Aeroparts AOG DWC LLC,USD,1,Draft,2025-07-25,1,2200.0,NE,ROLLER ASSEMBLY,123327-1,10,220,2025-07-25,EA,EA,1,220
PO-25-6306,Purchase Order PO-25-6306,MINGO AEROSPACE,2025-07-25,Aeroparts AOG DWC LLC,USD,1,Draft,2025-07-25,2,9500.0,NE,ROLLER ASSY,2955810-3,10,950,2025-07-25,EA,EA,1,950
PO-25-6307,Purchase Order PO-25-6307,DUBUDAT AEROSPACE,2025-07-25,Aeroparts AOG DWC LLC,USD,1,Draft,2025-07-25,1,6450.0,NE,TOOL R I-SPIGOT BALL JOINT,98A54403011000,1,6450,2025-07-25,EA,EA,1,6450
PO-25-6308,Purchase Order PO-25-6308,"STELLAR AIR SERVICES, LLC",2025-07-25,Aeroparts AOG DWC LLC,USD,1,Draft,2025-07-25,1,3156.23,NE,PUMP,MISC-50346,7,450.89,2025-07-25,EA,EA,1,450.89
PO-25-6309,Purchase Order PO-25-6309,Peerless Aerospace,2025-07-25,Aeroparts AOG DWC LLC,USD,1,Draft,2025-07-25,1,718.5,NE,BLIND BOLT,PLT5115-06-10,10,71.85,2025-07-25,EA,EA,1,71.85
PO-25-6309,Purchase Order PO-25-6309,Peerless Aerospace,2025-07-25,Aeroparts AOG DWC LLC,USD,1,Draft,2025-07-25,2,3295.5,NE,BLIND BOLT,PLT5115-06-09,50,65.91,2025-07-25,EA,EA,1,65.91
PO-25-6309,Purchase Order PO-25-6309,Peerless Aerospace,2025-07-25,Aeroparts AOG DWC LLC,USD,1,Draft,2025-07-25,3,255.6,NE,BLIND BOLT,PLT5115-06-08,10,25.56,2025-07-25,EA,EA,1,25.56
PO-25-6310,Purchase Order PO-25-6310,SAFARI AVIATION SERVICES FZE,2025-07-28,Aeroparts AOG DWC LLC,USD,1,Draft,2025-07-28,1,307.49,NE,VAT,VAT,1,307.49,2025-07-28,EA,EA,1,307.49
PO-25-6310,Purchase Order PO-25-6310,SAFARI AVIATION SERVICES FZE,2025-07-28,Aeroparts AOG DWC LLC,USD,1,Draft,2025-07-28,2,578.45,NE,VAT,VAT,1,578.45,2025-07-28,EA,EA,1,578.45
PO-25-6310,Purchase Order PO-25-6310,SAFARI AVIATION SERVICES FZE,2025-07-28,Aeroparts AOG DWC LLC,USD,1,Draft,2025-07-28,3,321.18,NE,Sealant 654 Semkit 6Oz,PS870A2-6OZ,2,160.59,2025-07-28,EA,EA,1,160.59
PO-25-6310,Purchase Order PO-25-6310,SAFARI AVIATION SERVICES FZE,2025-07-28,Aeroparts AOG DWC LLC,USD,1,Draft,2025-07-28,4,300.96,NE,GREEN PRESSURE SENSITIVE TAPE,FLASHBREAKER 1R,2,150.48,2025-07-28,EA,EA,1,150.48
PO-25-6310,Purchase Order PO-25-6310,SAFARI AVIATION SERVICES FZE,2025-07-28,Aeroparts AOG DWC LLC,USD,1,Draft,2025-07-28,5,6375.0,NE,SEALANT 654 SEMKIT 6OZ,PR1440A1-2,75,85,2025-07-28,EA,EA,1,85
PO-25-6310,Purchase Order PO-25-6310,SAFARI AVIATION SERVICES FZE,2025-07-28,Aeroparts AOG DWC LLC,USD,1,Draft,2025-07-28,6,5194.099999999999,NE,Loctite EA934NA A/B QT KT,EA934NA-AB,10,519.41,2025-07-28,EA,EA,1,519.41
PO-25-6310,Purchase Order PO-25-6310,SAFARI AVIATION SERVICES FZE,2025-07-28,Aeroparts AOG DWC LLC,USD,1,Draft,2025-07-28,7,5829.0,NE,SEALANT,PR1440B1-2-6OZ,75,77.72,2025-07-28,EA,EA,1,77.72
PO-25-6311,Purchase Order PO-25-6311,SKYSPARES LTD,2025-07-28,Aeroparts AOG DWC LLC,USD,1,Draft,2025-07-28,1,9.0,NE,BOLT,ASNA2027V3-8,5,1.8,2025-07-28,EA,EA,1,1.8
PO-25-6311,Purchase Order PO-25-6311,SKYSPARES LTD,2025-07-28,Aeroparts AOG DWC LLC,USD,1,Draft,2025-07-28,2,20.0,NE,BOLT,ASNA2027V3-8,10,2,2025-07-28,EA,EA,1,2
PO-25-6312,Purchase Order PO-25-6312,DSC TRADING LLC,2025-07-28,Aeroparts AOG DWC LLC,USD,1,Draft,2025-07-28,1,40.0,NE,ROLLER,A5361100220200,1,40,2025-07-28,EA,EA,1,40
PO-25-6312,Purchase Order PO-25-6312,DSC TRADING LLC,2025-07-28,Aeroparts AOG DWC LLC,USD,1,Draft,2025-07-28,2,300.0,NE,RUBBER SEAL,FK22981,1,300,2025-07-28,EA,EA,1,300
PO-25-6312,Purchase Order PO-25-6312,DSC TRADING LLC,2025-07-28,Aeroparts AOG DWC LLC,USD,1,Draft,2025-07-28,3,3.75,NE,NUT,ASNA2532-3,5,0.75,2025-07-28,EA,EA,1,0.75
PO-25-6312,Purchase Order PO-25-6312,DSC TRADING LLC,2025-07-28,Aeroparts AOG DWC LLC,USD,1,Draft,2025-07-28,4,5.0,NE,RIVET,NAS1921C04-03,5,1,2025-07-28,EA,EA,1,1
PO-25-6313,Purchase Order PO-25-6313,SATAIR,2025-07-28,Aeroparts AOG DWC LLC,USD,1,Draft,2025-07-28,1,46462.5,NE,SEAL,FK21251,30,1548.75,2025-07-28,EA,EA,1,1548.75
PO-25-6314,Purchase Order PO-25-6314,BOEING FLEET,2025-07-28,Aeroparts AOG DWC LLC,USD,1,Draft,2025-07-28,1,18414.0,NE,SPRING CLIP,002A0002-502,186,99,2025-07-28,EA,EA,1,99
PO-25-6315,Purchase Order PO-25-6315,Airbus,2025-07-28,Aeroparts AOG DWC LLC,USD,1,Draft,2025-07-28,1,670.0,NE,BEAM LONGITUDINAL SEAT TRACK,F5347821620200,1,670,2025-07-28,EA,EA,1,670
PO-25-6315,Purchase Order PO-25-6315,Airbus,2025-07-28,Aeroparts AOG DWC LLC,USD,1,Draft,2025-07-28,2,1140.0,NE,CLAMP BLOCK,F0003155400000,2,570,2025-07-28,EA,EA,1,570
PO-25-6315,Purchase Order PO-25-6315,Airbus,2025-07-28,Aeroparts AOG DWC LLC,USD,1,Draft,2025-07-28,3,452.0,NE,CLAMP - BLOCK,F0003150400000,2,226,2025-07-28,EA,EA,1,226
PO-25-6315,Purchase Order PO-25-6315,Airbus,2025-07-28,Aeroparts AOG DWC LLC,USD,1,Draft,2025-07-28,4,296.0,NE,CLAMP - BLOCK,F0003157100000,2,148,2025-07-28,EA,EA,1,148
PO-25-6315,Purchase Order PO-25-6315,Airbus,2025-07-28,Aeroparts AOG DWC LLC,USD,1,Draft,2025-07-28,5,148.0,NE,CLAMP - BLOCK,F0003152800000,1,148,2025-07-28,EA,EA,1,148
PO-25-6315,Purchase Order PO-25-6315,Airbus,2025-07-28,Aeroparts AOG DWC LLC,USD,1,Draft,2025-07-28,6,1188.0,NE,BOLT,F5746232820200,3,396,2025-07-28,EA,EA,1,396
PO-25-6315,Purchase Order PO-25-6315,Airbus,2025-07-28,Aeroparts AOG DWC LLC,USD,1,Draft,2025-07-28,7,4550.0,NE,SLEEVE,F0003006500100,1,4550,2025-07-28,EA,EA,1,4550
PO-25-6315,Purchase Order PO-25-6315,Airbus,2025-07-28,Aeroparts AOG DWC LLC,USD,1,Draft,2025-07-28,8,29.7,NE,COLLAR,DAN11-8X,30,0.99,2025-07-28,EA,EA,1,0.99
PO-25-6315,Purchase Order PO-25-6315,Airbus,2025-07-28,Aeroparts AOG DWC LLC,USD,1,Draft,2025-07-28,9,68.0,NE,COLLAR,HL70-8,100,0.68,2025-07-28,EA,EA,1,0.68
PO-25-6315,Purchase Order PO-25-6315,Airbus,2025-07-28,Aeroparts AOG DWC LLC,USD,1,Draft,2025-07-28,10,58.8,NE,PIN,DAN5-8-4X,20,2.94,2025-07-28,EA,EA,1,2.94
PO-25-6315,Purchase Order PO-25-6315,Airbus,2025-07-28,Aeroparts AOG DWC LLC,USD,1,Draft,2025-07-28,11,146.4,NE,PIN,HL110VF8-3,30,4.88,2025-07-28,EA,EA,1,4.88
PO-25-6315,Purchase Order PO-25-6315,Airbus,2025-07-28,Aeroparts AOG DWC LLC,USD,1,Draft,2025-07-28,12,174.2,NE,WASHER,F5757477320000,2,87.1,2025-07-28,EA,EA,1,87.1
PO-25-6315,Purchase Order PO-25-6315,Airbus,2025-07-28,Aeroparts AOG DWC LLC,USD,1,Draft,2025-07-28,13,2300.0,NE,STRUT,F5755033400200,2,1150,2025-07-28,EA,EA,1,1150
PO-25-6316,Purchase Order PO-25-6316,PROPONENT,2025-07-29,Aeroparts AOG DWC LLC,USD,1,Draft,2025-07-29,1,19.39,NE,HI-LOK PIN,DAN5-6-3,7,2.77,2025-07-29,EA,EA,1,2.77
PO-25-6316,Purchase Order PO-25-6316,PROPONENT,2025-07-29,Aeroparts AOG DWC LLC,USD,1,Draft,2025-07-29,2,39.6,NE,HI-LOK PIN,DAN6-5-4,30,1.32,2025-07-29,EA,EA,1,1.32
PO-25-6316,Purchase Order PO-25-6316,PROPONENT,2025-07-29,Aeroparts AOG DWC LLC,USD,1,Draft,2025-07-29,3,307.1,NE,"CORD, COILED",30-75-00011,1,307.1,2025-07-29,EA,EA,1,307.1
PO-25-6316,Purchase Order PO-25-6316,PROPONENT,2025-07-29,Aeroparts AOG DWC LLC,USD,1,Draft,2025-07-29,4,46.65,NE,NUT,ASNA2529-5,15,3.11,2025-07-29,EA,EA,1,3.11
PO-25-6316,Purchase Order PO-25-6316,PROPONENT,2025-07-29,Aeroparts AOG DWC LLC,USD,1,Draft,2025-07-29,5,20.1,NE,BOLT,EN6115V4-9,6,3.35,2025-07-29,EA,EA,1,3.35
PO-25-6316,Purchase Order PO-25-6316,PROPONENT,2025-07-29,Aeroparts AOG DWC LLC,USD,1,Draft,2025-07-29,6,42.5,NE,BOLT,EN6115V3-3,34,1.25,2025-07-29,EA,EA,1,1.25
PO-25-6317,Purchase Order PO-25-6317,BOEING DISTRIBUTION SERVICES,2025-07-30,Aeroparts AOG DWC LLC,USD,1,Draft,2025-07-30,1,456.75,NE,BLIND RIVET,NAS1921C05-02,25,18.27,2025-07-30,EA,EA,1,18.27
PO-25-6317,Purchase Order PO-25-6317,BOEING DISTRIBUTION SERVICES,2025-07-30,Aeroparts AOG DWC LLC,USD,1,Draft,2025-07-30,2,59.94,NE,CLAMP,AS21919WCH15,18,3.33,2025-07-30,EA,EA,1,3.33
PO-25-6317,Purchase Order PO-25-6317,BOEING DISTRIBUTION SERVICES,2025-07-30,Aeroparts AOG DWC LLC,USD,1,Draft,2025-07-30,3,70.2,NE,CLAMP,ABS0805-13M,18,3.9,2025-07-30,EA,EA,1,3.9
PO-25-6317,Purchase Order PO-25-6317,BOEING DISTRIBUTION SERVICES,2025-07-30,Aeroparts AOG DWC LLC,USD,1,Draft,2025-07-30,4,640.38,NE,CONNECTOR,EN2997KE508,3,213.46,2025-07-30,EA,EA,1,213.46
PO-25-6317,Purchase Order PO-25-6317,BOEING DISTRIBUTION SERVICES,2025-07-30,Aeroparts AOG DWC LLC,USD,1,Draft,2025-07-30,5,430.26,NE,CONNECTOR,EN2997KE510,3,143.42,2025-07-30,EA,EA,1,143.42
PO-25-6317,Purchase Order PO-25-6317,BOEING DISTRIBUTION SERVICES,2025-07-30,Aeroparts AOG DWC LLC,USD,1,Draft,2025-07-30,6,25.049999999999997,NE,CLAMP,ABS0805-11,3,8.35,2025-07-30,EA,EA,1,8.35
PO-25-6318,Purchase Order PO-25-6318,CFM INTERNATIONAL,2025-07-30,Aeroparts AOG DWC LLC,USD,1,Draft,2025-07-30,1,88190.0,NE,SHROUD-HPT STATOR,2080M28P10,10,8819,2025-07-30,EA,EA,1,8819
PO-25-6319,Purchase Order PO-25-6319,WENCOR,2025-07-30,Aeroparts AOG DWC LLC,USD,1,Draft,2025-07-30,1,14.56,NE,"NUT, SELF LOCKING",ASNA2529-3,16,0.91,2025-07-30,EA,EA,1,0.91
PO-25-6319,Purchase Order PO-25-6319,WENCOR,2025-07-30,Aeroparts AOG DWC LLC,USD,1,Draft,2025-07-30,2,2.5,NE,WASHER,ASNA0113-48ADL,10,0.25,2025-07-30,EA,EA,1,0.25
PO-25-6319,Purchase Order PO-25-6319,WENCOR,2025-07-30,Aeroparts AOG DWC LLC,USD,1,Draft,2025-07-30,3,152.5,NE,SCREW,NAS1102E3-36,50,3.05,2025-07-30,EA,EA,1,3.05
PO-25-6319,Purchase Order PO-25-6319,WENCOR,2025-07-30,Aeroparts AOG DWC LLC,USD,1,Draft,2025-07-30,4,175.8,NE,SCREW,DAN169E3-11,60,2.93,2025-07-30,EA,EA,1,2.93
PO-25-6319,Purchase Order PO-25-6319,WENCOR,2025-07-30,Aeroparts AOG DWC LLC,USD,1,Draft,2025-07-30,5,243.6,NE,SCREW,DAN169E3-8,84,2.9,2025-07-30,EA,EA,1,2.9
PO-25-6319,Purchase Order PO-25-6319,WENCOR,2025-07-30,Aeroparts AOG DWC LLC,USD,1,Draft,2025-07-30,6,1291.5,NE,BOLT,ASNA2001T3-6,450,2.87,2025-07-30,EA,EA,1,2.87
PO-25-6319,Purchase Order PO-25-6319,WENCOR,2025-07-30,Aeroparts AOG DWC LLC,USD,1,Draft,2025-07-30,7,18.42,NE,BACKSHELL,MS27291-3,1,18.42,2025-07-30,EA,EA,1,18.42
PO-25-6319,Purchase Order PO-25-6319,WENCOR,2025-07-30,Aeroparts AOG DWC LLC,USD,1,Draft,2025-07-30,8,333.00000000000006,NE,BOLT,ABS0376-3-25,300,1.11,2025-07-30,EA,EA,1,1.11
PO-25-6319,Purchase Order PO-25-6319,WENCOR,2025-07-30,Aeroparts AOG DWC LLC,USD,1,Draft,2025-07-30,9,350.0,NE,NUT,EN6131-3C2,100,3.5,2025-07-30,EA,EA,1,3.5
PO-25-6319,Purchase Order PO-25-6319,WENCOR,2025-07-30,Aeroparts AOG DWC LLC,USD,1,Draft,2025-07-30,10,875.0,NE,NUT CLIP,EN6131-3C1,350,2.5,2025-07-30,EA,EA,1,2.5
PO-25-6319,Purchase Order PO-25-6319,WENCOR,2025-07-30,Aeroparts AOG DWC LLC,USD,1,Draft,2025-07-30,11,38.0,NE,BOLT,EN6115V3-4,20,1.9,2025-07-30,EA,EA,1,1.9
PO-25-6319,Purchase Order PO-25-6319,WENCOR,2025-07-30,Aeroparts AOG DWC LLC,USD,1,Draft,2025-07-30,12,740.4000000000001,NE,LAMP,Q4631,24,30.85,2025-07-30,EA,EA,1,30.85
PO-25-6319,Purchase Order PO-25-6319,WENCOR,2025-07-30,Aeroparts AOG DWC LLC,USD,1,Draft,2025-07-30,13,106.0,NE,NUT,NSA5472-7K7,20,5.3,2025-07-30,EA,EA,1,5.3
PO-25-6319,Purchase Order PO-25-6319,WENCOR,2025-07-30,Aeroparts AOG DWC LLC,USD,1,Draft,2025-07-30,14,2.8000000000000003,NE,SCREW,NAS1096-3-8,10,0.28,2025-07-30,EA,EA,1,0.28
PO-25-6320,Purchase Order PO-25-6320,ITS TESTING SERVICES,2025-07-31,Aeroparts AOG DWC LLC,USD,1,Draft,2025-07-31,1,61.27,NE,VAT,VAT,1,61.27,2025-07-31,EA,EA,1,61.27
PO-25-6320,Purchase Order PO-25-6320,ITS TESTING SERVICES,2025-07-31,Aeroparts AOG DWC LLC,USD,1,Draft,2025-07-31,2,408.44,NE,HYDRAULIC ANALYSIS,HYDRAULIC ANALYSIS,2,204.22,2025-07-31,EA,EA,1,204.22
PO-25-6320,Purchase Order PO-25-6320,ITS TESTING SERVICES,2025-07-31,Aeroparts AOG DWC LLC,USD,1,Draft,2025-07-31,3,408.44,NE,HYDRAULIC ANALYSIS,HYDRAULIC ANALYSIS,2,204.22,2025-07-31,EA,EA,1,204.22
PO-25-6320,Purchase Order PO-25-6320,ITS TESTING SERVICES,2025-07-31,Aeroparts AOG DWC LLC,USD,1,Draft,2025-07-31,4,408.44,NE,HYDRAULIC ANALYSIS,HYDRAULIC ANALYSIS,2,204.22,2025-07-31,EA,EA,1,204.22
PO-25-6321,Purchase Order PO-25-6321,"GA TELESIS, LLC",2025-07-31,Aeroparts AOG DWC LLC,USD,1,Draft,2025-07-31,1,2600.0,NE,BALLAST,3250-81,4,650,2025-07-31,EA,EA,1,650
PO-25-6322,Purchase Order PO-25-6322,SEDA Aerospace Ltd,2025-08-01,Aeroparts AOG DWC LLC,USD,1,Draft,2025-08-01,1,63.9,NE,MINIMUM ORDER VALUE,MOV,1,63.9,2025-08-01,EA,EA,1,63.9
PO-25-6322,Purchase Order PO-25-6322,SEDA Aerospace Ltd,2025-08-01,Aeroparts AOG DWC LLC,USD,1,Draft,2025-08-01,2,36.1,NE,HI-LOK,HL70-6,19,1.9,2025-08-01,EA,EA,1,1.9
PO-25-6323,Purchase Order PO-25-6323,WENCOR,2025-08-01,Aeroparts AOG DWC LLC,USD,1,Draft,2025-08-01,1,1113.75,NE,COVER,768681,5,222.75,2025-08-01,EA,EA,1,222.75
PO-25-6324,Purchase Order PO-25-6324,Peerless Aerospace,2025-08-01,Aeroparts AOG DWC LLC,USD,1,Draft,2025-08-01,1,2837.7999999999997,NE,BLIND BOLT,PLT5115-06-12,20,141.89,2025-08-01,EA,EA,1,141.89
PO-25-6325,Purchase Order PO-25-6325,AERO TECHNIC ME FZCO,2025-08-04,Aeroparts AOG DWC LLC,USD,1,Draft,2025-08-04,1,994.14,NE,CONNECTOR,BACC63BV22B19PN,1,994.14,2025-01-17,EA,EA,1,994.14
PO-25-6326,Purchase Order PO-25-6326,AL HANA OIL FIELD EQUIPMENT TRADING,2025-08-04,Aeroparts AOG DWC LLC,USD,1,Draft,2025-08-04,1,46.29,NE,VAT,VAT,1,46.29,2025-08-04,EA,EA,1,46.29
PO-25-6326,Purchase Order PO-25-6326,AL HANA OIL FIELD EQUIPMENT TRADING,2025-08-04,Aeroparts AOG DWC LLC,USD,1,Draft,2025-08-04,2,925.8,NE,FLEECE FLITER,P15-350S,1,925.8,2025-08-04,RL,RL,1,925.8
PO-25-6327,Purchase Order PO-25-6327,SKYSPARES LTD,2025-08-05,Aeroparts AOG DWC LLC,USD,1,Draft,2025-08-05,1,2.7600000000000002,NE,PIN,AN415-5,3,0.92,2025-08-05,EA,EA,1,0.92
PO-25-6327,Purchase Order PO-25-6327,SKYSPARES LTD,2025-08-05,Aeroparts AOG DWC LLC,USD,1,Draft,2025-08-05,2,130.0,NE,NUT,NSA5472-9K7,20,6.5,2025-08-05,EA,EA,1,6.5
PO-25-6327,Purchase Order PO-25-6327,SKYSPARES LTD,2025-08-05,Aeroparts AOG DWC LLC,USD,1,Draft,2025-08-05,3,1350.0,NE,REAR SEAT FITTING,5.0586E+12,12,112.5,2025-08-05,EA,EA,1,112.5
PO-25-6328,Purchase Order PO-25-6328,Wyatt Aerospace,2025-08-05,Aeroparts AOG DWC LLC,USD,1,Draft,2025-08-05,1,11000.0,NE,VALVE,7012-18088-03,1,11000,2025-08-05,EA,EA,1,11000
PO-25-6329,Purchase Order PO-25-6329,ALARIS AEROSPACE LLC,2025-08-05,Aeroparts AOG DWC LLC,USD,1,Draft,2025-08-05,1,12000.0,NE,VALVE,7012-18088-03,1,12000,2025-08-05,EA,EA,1,12000
PO-25-6330,Purchase Order PO-25-6330,ALESO GLOBAL,2025-08-05,Aeroparts AOG DWC LLC,USD,1,Draft,2025-08-05,1,5600.0,NE,HEAT EXCHANGER,966A0000-02,1,5600,2025-08-05,EA,EA,1,5600
PO-25-6331,Purchase Order PO-25-6331,DASI LLC,2025-08-06,Aeroparts AOG DWC LLC,USD,1,Draft,2025-08-06,1,50.0,NE,BOLT,NAS6405-23D,1,50,2025-08-06,EA,EA,1,50
PO-25-6331,Purchase Order PO-25-6331,DASI LLC,2025-08-06,Aeroparts AOG DWC LLC,USD,1,Draft,2025-08-06,2,86.4,NE,SPACER,A5361100320000,1,86.4,2025-08-06,EA,EA,1,86.4
PO-25-6331,Purchase Order PO-25-6331,DASI LLC,2025-08-06,Aeroparts AOG DWC LLC,USD,1,Draft,2025-08-06,3,53.68,NE,NUT,ASNA2536-3,61,0.88,2025-08-06,EA,EA,1,0.88
PO-25-6331,Purchase Order PO-25-6331,DASI LLC,2025-08-06,Aeroparts AOG DWC LLC,USD,1,Draft,2025-08-06,4,155.7,NE,PLATE SHEAR,F5348609520800,1,155.7,2025-08-06,EA,EA,1,155.7
PO-25-6331,Purchase Order PO-25-6331,DASI LLC,2025-08-06,Aeroparts AOG DWC LLC,USD,1,Draft,2025-08-06,5,86.8,NE,HI-LOCK,HL11VF10-7,10,8.68,2025-08-06,EA,EA,1,8.68
PO-25-6331,Purchase Order PO-25-6331,DASI LLC,2025-08-06,Aeroparts AOG DWC LLC,USD,1,Draft,2025-08-06,6,75.14,NE,WASHER,ASNA2397KD10L,34,2.21,2025-08-06,EA,EA,1,2.21
PO-25-6332,Purchase Order PO-25-6332,PROPONENT BATTERY,2025-08-06,Aeroparts AOG DWC LLC,USD,1,Draft,2025-08-06,1,4818.0,NE,BATTERY,3214-31,6,803,2025-08-06,EA,EA,1,803
PO-25-6333,Purchase Order PO-25-6333,"GA TELESIS, LLC",2025-08-07,Aeroparts AOG DWC LLC,USD,1,Draft,2025-08-07,1,2700.0,NE,"BREAKER, REMOTE CONT",84354350,1,2700,2025-08-07,EA,EA,1,2700
PO-25-6334,Purchase Order PO-25-6334,BOEING FLEET,2025-08-08,Aeroparts AOG DWC LLC,USD,1,Draft,2025-08-08,1,149.0,NE,BOLT,BACB30MY5K5,100,1.49,2025-08-08,EA,EA,1,1.49
PO-25-6335,Purchase Order PO-25-6335,Pacific Air Industries,2025-08-08,Aeroparts AOG DWC LLC,USD,1,Draft,2025-08-08,1,133.34,NE,CLIP,TA1670-02WD0401,1,133.34,2025-08-08,EA,EA,1,133.34
PO-25-6335,Purchase Order PO-25-6335,Pacific Air Industries,2025-08-08,Aeroparts AOG DWC LLC,USD,1,Draft,2025-08-08,2,674.2,NE,STRUT,F5755033400000,1,674.2,2025-08-08,EA,EA,1,674.2
PO-25-6335,Purchase Order PO-25-6335,Pacific Air Industries,2025-08-08,Aeroparts AOG DWC LLC,USD,1,Draft,2025-08-08,3,200.0,NE,SPACER,F5331637720000,1,200,2025-08-08,EA,EA,1,200
PO-25-6335,Purchase Order PO-25-6335,Pacific Air Industries,2025-08-08,Aeroparts AOG DWC LLC,USD,1,Draft,2025-08-08,4,1.32,NE,RIVET,DAN254A4X7X9D,4,0.33,2025-08-08,EA,EA,1,0.33
PO-25-6335,Purchase Order PO-25-6335,Pacific Air Industries,2025-08-08,Aeroparts AOG DWC LLC,USD,1,Draft,2025-08-08,5,123.50000000000001,NE,NUT,NSA5472-8K7,50,2.47,2025-08-08,EA,EA,1,2.47
PO-25-6335,Purchase Order PO-25-6335,Pacific Air Industries,2025-08-08,Aeroparts AOG DWC LLC,USD,1,Draft,2025-08-08,6,45.82,NE,CLAMP,NSA5516CA28NJ,2,22.91,2025-08-08,EA,EA,1,22.91
PO-25-6336,Purchase Order PO-25-6336,AVIALL,2025-08-11,Aeroparts AOG DWC LLC,USD,1,Draft,2025-08-11,1,922.04,NE,SHADE,170-15647-990,1,922.04,2025-07-21,EA,EA,1,922.04
PO-25-6337,Purchase Order PO-25-6337,ROLLS ROYCE,2025-08-12,Aeroparts AOG DWC LLC,USD,1,Draft,2025-08-12,1,704.0,NE,SEAL,FK21249,2,352,2025-08-12,EA,EA,1,352
PO-25-6337,Purchase Order PO-25-6337,ROLLS ROYCE,2025-08-12,Aeroparts AOG DWC LLC,USD,1,Draft,2025-08-12,2,180.0,NE,CLIP,TA1670-02WD0401,1,180,2025-08-12,EA,EA,1,180
PO-25-6338,Purchase Order PO-25-6338,PROPONENT,2025-08-13,Aeroparts AOG DWC LLC,USD,1,Draft,2025-08-13,1,702.0,NE,"PROFILE, SILICONE4.5ME LENGTH",ABS0304A2-11H,5400,0.13,2025-08-13,CM,CM,1,0.13
PO-25-6338,Purchase Order PO-25-6338,PROPONENT,2025-08-13,Aeroparts AOG DWC LLC,USD,1,Draft,2025-08-13,2,75.25,NE,SCREW,NAS1102E08-8,35,2.15,2025-08-13,EA,EA,1,2.15
PO-25-6338,Purchase Order PO-25-6338,PROPONENT,2025-08-13,Aeroparts AOG DWC LLC,USD,1,Draft,2025-08-13,3,41.81,NE,"WASHER, LOCK RETAINING",NSA55144-003,113,0.37,2025-08-13,EA,EA,1,0.37
PO-25-6338,Purchase Order PO-25-6338,PROPONENT,2025-08-13,Aeroparts AOG DWC LLC,USD,1,Draft,2025-08-13,4,52.17,NE,STUD,ASNA2056-01DB,3,17.39,2025-08-13,EA,EA,1,17.39
PO-25-6338,Purchase Order PO-25-6338,PROPONENT,2025-08-13,Aeroparts AOG DWC LLC,USD,1,Draft,2025-08-13,5,135.12,NE,MASK,F2527060120400,4,33.78,2025-08-13,EA,EA,1,33.78
PO-25-6338,Purchase Order PO-25-6338,PROPONENT,2025-08-13,Aeroparts AOG DWC LLC,USD,1,Draft,2025-08-13,6,40.0,NE,COVER,NSA939511-04,32,1.25,2025-08-13,EA,EA,1,1.25
PO-25-6338,Purchase Order PO-25-6338,PROPONENT,2025-08-13,Aeroparts AOG DWC LLC,USD,1,Draft,2025-08-13,7,18.32,NE,SCREW,NSA5039-3-5,2,9.16,2025-08-13,EA,EA,1,9.16
PO-25-6338,Purchase Order PO-25-6338,PROPONENT,2025-08-13,Aeroparts AOG DWC LLC,USD,1,Draft,2025-08-13,8,41.4,NE,SCREW,NSA5030-3-3,45,0.92,2025-08-13,EA,EA,1,0.92
PO-25-6338,Purchase Order PO-25-6338,PROPONENT,2025-08-13,Aeroparts AOG DWC LLC,USD,1,Draft,2025-08-13,9,150.0,NE,STUD,ABS0336-06,50,3,2025-08-13,EA,EA,1,3
PO-25-6338,Purchase Order PO-25-6338,PROPONENT,2025-08-13,Aeroparts AOG DWC LLC,USD,1,Draft,2025-08-13,10,712.17,NE,DISCHARGER-STATIC,740001-1,9,79.13,2025-08-13,EA,EA,1,79.13
PO-25-6338,Purchase Order PO-25-6338,PROPONENT,2025-08-13,Aeroparts AOG DWC LLC,USD,1,Draft,2025-08-13,11,61.3,NE,STUD,ABS0551-040,10,6.13,2025-08-13,EA,EA,1,6.13
PO-25-6338,Purchase Order PO-25-6338,PROPONENT,2025-08-13,Aeroparts AOG DWC LLC,USD,1,Draft,2025-08-13,12,365.5,NE,WASHER - LOCK,5L0039100115000,10,36.55,2025-08-13,EA,EA,1,36.55
PO-25-6338,Purchase Order PO-25-6338,PROPONENT,2025-08-13,Aeroparts AOG DWC LLC,USD,1,Draft,2025-08-13,13,72.45,NE,BOLT,LN1434-06X16,5,14.49,2025-08-13,EA,EA,1,14.49
PO-25-6338,Purchase Order PO-25-6338,PROPONENT,2025-08-13,Aeroparts AOG DWC LLC,USD,1,Draft,2025-08-13,14,5.23,NE,O-RING,MS29513-266,1,5.23,2025-08-13,EA,EA,1,5.23
PO-25-6338,Purchase Order PO-25-6338,PROPONENT,2025-08-13,Aeroparts AOG DWC LLC,USD,1,Draft,2025-08-13,15,7.07,NE,BONDING JUMPER,E0091-40-460NN,1,7.07,2025-08-13,EA,EA,1,7.07
PO-25-6338,Purchase Order PO-25-6338,PROPONENT,2025-08-13,Aeroparts AOG DWC LLC,USD,1,Draft,2025-08-13,16,38.95,NE,O-RING,NSA8206-273,1,38.95,2025-08-13,EA,EA,1,38.95
PO-25-6338,Purchase Order PO-25-6338,PROPONENT,2025-08-13,Aeroparts AOG DWC LLC,USD,1,Draft,2025-08-13,17,207.20000000000002,NE,RIVET,NAS1919M04S03U,56,3.7,2025-08-13,EA,EA,1,3.7
PO-25-6339,Purchase Order PO-25-6339,AERO TECHNIC ME FZCO,2025-08-13,Aeroparts AOG DWC LLC,USD,1,Draft,2025-08-13,1,8505.56,NE,MOLDED ASSY,00-12976-01,2,4252.78,2025-08-13,EA,EA,1,4252.78
PO-25-6340,Purchase Order PO-25-6340,WENCOR,2025-08-13,Aeroparts AOG DWC LLC,USD,1,Draft,2025-08-13,1,25.5,NE,O-RING,NAS1611-012,25,1.02,2025-08-13,EA,EA,1,1.02
PO-25-6340,Purchase Order PO-25-6340,WENCOR,2025-08-13,Aeroparts AOG DWC LLC,USD,1,Draft,2025-08-13,2,99.0,NE,STUD,ABS0691-140,15,6.6,2025-08-13,EA,EA,1,6.6
PO-25-6340,Purchase Order PO-25-6340,WENCOR,2025-08-13,Aeroparts AOG DWC LLC,USD,1,Draft,2025-08-13,3,8.22,NE,NUT,NSA5067-08-1,6,1.37,2025-08-13,EA,EA,1,1.37
PO-25-6340,Purchase Order PO-25-6340,WENCOR,2025-08-13,Aeroparts AOG DWC LLC,USD,1,Draft,2025-08-13,4,28.699999999999996,NE,STUD,NSA55132-103,7,4.1,2025-08-13,EA,EA,1,4.1
PO-25-6340,Purchase Order PO-25-6340,WENCOR,2025-08-13,Aeroparts AOG DWC LLC,USD,1,Draft,2025-08-13,5,200.0,NE,STUD,ABS0336-07,100,2,2025-08-13,EA,EA,1,2
PO-25-6340,Purchase Order PO-25-6340,WENCOR,2025-08-13,Aeroparts AOG DWC LLC,USD,1,Draft,2025-08-13,6,125.0,NE,STUD,ABS0336-11,50,2.5,2025-08-13,EA,EA,1,2.5
PO-25-6341,Purchase Order PO-25-6341,RAMARAJAN ELECTROMECHANICAL EQUIPMENT INSTALLATION,2025-08-13,Aeroparts AOG DWC LLC,USD,1,Draft,2025-08-13,1,878.15,NE,VAT,VAT,1,878.15,2025-08-13,EA,EA,1,878.15
PO-25-6341,Purchase Order PO-25-6341,RAMARAJAN ELECTROMECHANICAL EQUIPMENT INSTALLATION,2025-08-13,Aeroparts AOG DWC LLC,USD,1,Draft,2025-08-13,2,-555.48,NE,DISCOUNT,DISC,1,-555.48,2025-08-13,EA,EA,1,-555.48
PO-25-6341,Purchase Order PO-25-6341,RAMARAJAN ELECTROMECHANICAL EQUIPMENT INSTALLATION,2025-08-13,Aeroparts AOG DWC LLC,USD,1,Draft,2025-08-13,3,231.45,NE,LABOR,LABOR,1,231.45,2025-08-13,EA,EA,1,231.45
PO-25-6341,Purchase Order PO-25-6341,RAMARAJAN ELECTROMECHANICAL EQUIPMENT INSTALLATION,2025-08-13,Aeroparts AOG DWC LLC,USD,1,Draft,2025-08-13,4,408.44,NE,LABOR,LABOR,1,408.44,2025-08-13,EA,EA,1,408.44
PO-25-6341,Purchase Order PO-25-6341,RAMARAJAN ELECTROMECHANICAL EQUIPMENT INSTALLATION,2025-08-13,Aeroparts AOG DWC LLC,USD,1,Draft,2025-08-13,5,1361.47,NE,LABOR,LABOR,1,1361.47,2025-08-13,EA,EA,1,1361.47
PO-25-6341,Purchase Order PO-25-6341,RAMARAJAN ELECTROMECHANICAL EQUIPMENT INSTALLATION,2025-08-13,Aeroparts AOG DWC LLC,USD,1,Draft,2025-08-13,6,408.44,NE,LABOR,LABOR,1,408.44,2025-08-13,EA,EA,1,408.44
PO-25-6341,Purchase Order PO-25-6341,RAMARAJAN ELECTROMECHANICAL EQUIPMENT INSTALLATION,2025-08-13,Aeroparts AOG DWC LLC,USD,1,Draft,2025-08-13,7,272.29,NE,LABOR,LABOR,1,272.29,2025-08-13,EA,EA,1,272.29
PO-25-6341,Purchase Order PO-25-6341,RAMARAJAN ELECTROMECHANICAL EQUIPMENT INSTALLATION,2025-08-13,Aeroparts AOG DWC LLC,USD,1,Draft,2025-08-13,8,721.58,NE,LABOR,LABOR,1,721.58,2025-08-13,EA,EA,1,721.58
PO-25-6341,Purchase Order PO-25-6341,RAMARAJAN ELECTROMECHANICAL EQUIPMENT INSTALLATION,2025-08-13,Aeroparts AOG DWC LLC,USD,1,Draft,2025-08-13,9,721.58,NE,LABOR,LABOR,1,721.58,2025-08-13,EA,EA,1,721.58
PO-25-6341,Purchase Order PO-25-6341,RAMARAJAN ELECTROMECHANICAL EQUIPMENT INSTALLATION,2025-08-13,Aeroparts AOG DWC LLC,USD,1,Draft,2025-08-13,10,776.04,NE,LABOR,LABOR,1,776.04,2025-08-13,EA,EA,1,776.04
PO-25-6341,Purchase Order PO-25-6341,RAMARAJAN ELECTROMECHANICAL EQUIPMENT INSTALLATION,2025-08-13,Aeroparts AOG DWC LLC,USD,1,Draft,2025-08-13,11,776.04,NE,LABOR,LABOR,1,776.04,2025-08-13,EA,EA,1,776.04
PO-25-6341,Purchase Order PO-25-6341,RAMARAJAN ELECTROMECHANICAL EQUIPMENT INSTALLATION,2025-08-13,Aeroparts AOG DWC LLC,USD,1,Draft,2025-08-13,12,776.04,NE,LABOR,LABOR,1,776.04,2025-08-13,EA,EA,1,776.04
PO-25-6341,Purchase Order PO-25-6341,RAMARAJAN ELECTROMECHANICAL EQUIPMENT INSTALLATION,2025-08-13,Aeroparts AOG DWC LLC,USD,1,Draft,2025-08-13,13,2314.5,NE,LABOR,LABOR,1,2314.5,2025-08-13,EA,EA,1,2314.5
PO-25-6341,Purchase Order PO-25-6341,RAMARAJAN ELECTROMECHANICAL EQUIPMENT INSTALLATION,2025-08-13,Aeroparts AOG DWC LLC,USD,1,Draft,2025-08-13,14,939.41,NE,LABOR,LABOR,1,939.41,2025-08-13,EA,EA,1,939.41
PO-25-6341,Purchase Order PO-25-6341,RAMARAJAN ELECTROMECHANICAL EQUIPMENT INSTALLATION,2025-08-13,Aeroparts AOG DWC LLC,USD,1,Draft,2025-08-13,15,776.04,NE,LABOR,LABOR,1,776.04,2025-08-13,EA,EA,1,776.04
PO-25-6341,Purchase Order PO-25-6341,RAMARAJAN ELECTROMECHANICAL EQUIPMENT INSTALLATION,2025-08-13,Aeroparts AOG DWC LLC,USD,1,Draft,2025-08-13,16,776.04,NE,LABOR,LABOR,1,776.04,2025-08-13,EA,EA,1,776.04
PO-25-6341,Purchase Order PO-25-6341,RAMARAJAN ELECTROMECHANICAL EQUIPMENT INSTALLATION,2025-08-13,Aeroparts AOG DWC LLC,USD,1,Draft,2025-08-13,17,2314.5,NE,LABOR,LABOR,1,2314.5,2025-08-13,EA,EA,1,2314.5
PO-25-6341,Purchase Order PO-25-6341,RAMARAJAN ELECTROMECHANICAL EQUIPMENT INSTALLATION,2025-08-13,Aeroparts AOG DWC LLC,USD,1,Draft,2025-08-13,18,939.41,NE,LABOR,LABOR,1,939.41,2025-08-13,EA,EA,1,939.41
PO-25-6341,Purchase Order PO-25-6341,RAMARAJAN ELECTROMECHANICAL EQUIPMENT INSTALLATION,2025-08-13,Aeroparts AOG DWC LLC,USD,1,Draft,2025-08-13,19,1157.25,NE,LABOR,LABOR,1,1157.25,2025-08-13,EA,EA,1,1157.25
PO-25-6341,Purchase Order PO-25-6341,RAMARAJAN ELECTROMECHANICAL EQUIPMENT INSTALLATION,2025-08-13,Aeroparts AOG DWC LLC,USD,1,Draft,2025-08-13,20,1209.0,NE,LABOR,LABOR,3,403,2025-08-13,EA,EA,1,403
PO-25-6341,Purchase Order PO-25-6341,RAMARAJAN ELECTROMECHANICAL EQUIPMENT INSTALLATION,2025-08-13,Aeroparts AOG DWC LLC,USD,1,Draft,2025-08-13,21,231.45,NE,LABOR,LABOR,1,231.45,2025-08-13,EA,EA,1,231.45
PO-25-6341,Purchase Order PO-25-6341,RAMARAJAN ELECTROMECHANICAL EQUIPMENT INSTALLATION,2025-08-13,Aeroparts AOG DWC LLC,USD,1,Draft,2025-08-13,22,1007.48,NE,LABOR,LABOR,2,503.74,2025-08-13,EA,EA,1,503.74
PO-25-6342,Purchase Order PO-25-6342,DASI LLC,2025-08-14,Aeroparts AOG DWC LLC,USD,1,Draft,2025-08-14,1,140.0,NE,SCREW,PSC738-6U13,10,14,2025-08-14,EA,EA,1,14
PO-25-6342,Purchase Order PO-25-6342,DASI LLC,2025-08-14,Aeroparts AOG DWC LLC,USD,1,Draft,2025-08-14,2,30.0,NE,CONNECTOR,E0053R8B3APNE,2,15,2025-08-14,EA,EA,1,15
PO-25-6342,Purchase Order PO-25-6342,DASI LLC,2025-08-14,Aeroparts AOG DWC LLC,USD,1,Draft,2025-08-14,3,3000.0,NE,PANEL ASSY,F5725002400000,1,3000,2025-08-14,EA,EA,1,3000
PO-25-6342,Purchase Order PO-25-6342,DASI LLC,2025-08-14,Aeroparts AOG DWC LLC,USD,1,Draft,2025-08-14,4,20.150000000000002,NE,BLIND RIVET,CR2248-4-3,31,0.65,2025-08-14,EA,EA,1,0.65
PO-25-6342,Purchase Order PO-25-6342,DASI LLC,2025-08-14,Aeroparts AOG DWC LLC,USD,1,Draft,2025-08-14,5,21.7,NE,WASHER,AS12946,7,3.1,2025-08-14,EA,EA,1,3.1
PO-25-6342,Purchase Order PO-25-6342,DASI LLC,2025-08-14,Aeroparts AOG DWC LLC,USD,1,Draft,2025-08-14,6,20.35,NE,RIVET,DAN254A4X7X7D,55,0.37,2025-08-14,EA,EA,1,0.37
PO-25-6342,Purchase Order PO-25-6342,DASI LLC,2025-08-14,Aeroparts AOG DWC LLC,USD,1,Draft,2025-08-14,7,48.72,NE,BOLT,AS60422,3,16.24,2025-08-14,EA,EA,1,16.24
PO-25-6342,Purchase Order PO-25-6342,DASI LLC,2025-08-14,Aeroparts AOG DWC LLC,USD,1,Draft,2025-08-14,8,95.87,NE,PLATE,F5508054020801,1,95.87,2025-08-14,EA,EA,1,95.87
PO-25-6342,Purchase Order PO-25-6342,DASI LLC,2025-08-14,Aeroparts AOG DWC LLC,USD,1,Draft,2025-08-14,9,137.0,NE,CLAMPBLOCK,F0003150000000,1,137,2025-08-14,EA,EA,1,137
PO-25-6342,Purchase Order PO-25-6342,DASI LLC,2025-08-14,Aeroparts AOG DWC LLC,USD,1,Draft,2025-08-14,10,3544.0,NE,PLATE ASSY - SHEET METAL,F5218122000600,1,3544,2025-08-14,EA,EA,1,3544
PO-25-6342,Purchase Order PO-25-6342,DASI LLC,2025-08-14,Aeroparts AOG DWC LLC,USD,1,Draft,2025-08-14,11,139.3,NE,MUFF,ABS0473-14,2,69.65,2025-08-14,EA,EA,1,69.65
PO-25-6343,Purchase Order PO-25-6343,AERO TECHNIC ME FZCO,2025-08-14,Aeroparts AOG DWC LLC,USD,1,Draft,2025-08-14,1,730.0,NE,RIVET,CR3524-6-05,200,3.65,2025-08-14,EA,EA,1,3.65
PO-25-6344,Purchase Order PO-25-6344,BOEING DISTRIBUTION SERVICES,2025-08-15,Aeroparts AOG DWC LLC,USD,1,Draft,2025-08-15,1,41.2,NE,BOLT,HST11AG8-6,20,2.06,2025-08-15,EA,EA,1,2.06
PO-25-6345,Purchase Order PO-25-6345,AVIALL SERVICES INC,2025-08-15,Aeroparts AOG DWC LLC,USD,1,Draft,2025-08-15,1,111.36,NE,SEALANT,RTV157-2-80Z,2,55.68,2025-08-15,EA,EA,1,55.68
PO-25-6346,Purchase Order PO-25-6346,AVIALL SERVICES INC,2025-08-18,Aeroparts AOG DWC LLC,USD,1,Draft,2025-08-18,1,4634.4,NE,HOLDER LAMP,31-7741-1,3,1544.8,2025-07-03,EA,EA,1,1544.8
PO-25-6347,Purchase Order PO-25-6347,Aerospace Technical Services,2025-08-18,Aeroparts AOG DWC LLC,USD,1,Draft,2025-08-18,1,980.0,NE,REDUCER PRESSURE,D41428,1,980,2025-08-18,EA,EA,1,980
PO-25-6348,Purchase Order PO-25-6348,BOEING FLEET,2025-08-18,Aeroparts AOG DWC LLC,USD,1,Draft,2025-08-18,1,5850.0,NE,CLIP,147W2672-5,15,390,2025-08-18,EA,EA,1,390
PO-25-6350,Purchase Order PO-25-6350,SAFARI AVIATION SERVICES FZE,2025-08-18,Aeroparts AOG DWC LLC,USD,1,Draft,2025-08-18,1,1724.37,NE,ADHESIVE TAPE - INSULATION BLANKET,KB73,3,574.79,2025-08-18,EA,EA,1,574.79
PO-25-6350,Purchase Order PO-25-6350,SAFARI AVIATION SERVICES FZE,2025-08-18,Aeroparts AOG DWC LLC,USD,1,Draft,2025-08-18,2,204.36,NE,SEALANT TAPE,GS-213,4,51.09,2025-08-18,EA,EA,1,51.09
PO-25-6350,Purchase Order PO-25-6350,SAFARI AVIATION SERVICES FZE,2025-08-18,Aeroparts AOG DWC LLC,USD,1,Draft,2025-08-18,3,1700.38,NE,LOCTITE EA 9396 AERO EXPOXY PASTE ADHESIVE A/B,EA9396AB,2,850.19,2025-08-18,EA,EA,1,850.19
PO-25-6350,Purchase Order PO-25-6350,SAFARI AVIATION SERVICES FZE,2025-08-18,Aeroparts AOG DWC LLC,USD,1,Draft,2025-08-18,4,622.31,NE,LOCTITE EA 9394 AERO,EA9394,1,622.31,2025-08-18,EA,EA,1,622.31
PO-25-6350,Purchase Order PO-25-6350,SAFARI AVIATION SERVICES FZE,2025-08-18,Aeroparts AOG DWC LLC,USD,1,Draft,2025-08-18,5,8750.0,NE,SEMI-FLUID GREASE,AEROSPEC 100,14,625,2025-08-18,EA,EA,1,625
PO-25-6350,Purchase Order PO-25-6350,SAFARI AVIATION SERVICES FZE,2025-08-18,Aeroparts AOG DWC LLC,USD,1,Draft,2025-08-18,6,114.16,NE,CHT PRIMER NO6 SILICONE PRIMER,MSRR1064,1,114.16,2025-08-18,EA,EA,1,114.16
PO-25-6350,Purchase Order PO-25-6350,SAFARI AVIATION SERVICES FZE,2025-08-18,Aeroparts AOG DWC LLC,USD,1,Draft,2025-08-18,7,295.03,NE,DOWSIL PR 1204 CLEAR SILICON PRIMER,PR-1204,1,295.03,2025-08-18,EA,EA,1,295.03
PO-25-6350,Purchase Order PO-25-6350,SAFARI AVIATION SERVICES FZE,2025-08-18,Aeroparts AOG DWC LLC,USD,1,Draft,2025-08-18,8,360.18,NE,DOWSIL 3145 RTV CLEAR SILICON ADHESIVE SEALANT,RTV3145,3,120.06,2025-08-18,EA,EA,1,120.06
PO-25-6351,Purchase Order PO-25-6351,Aircraft Parts Distribution,2025-08-19,Aeroparts AOG DWC LLC,USD,1,Draft,2025-08-19,1,902.8,NE,COLLAR,HST97DU6,20,45.14,2025-08-19,EA,EA,1,45.14
PO-25-6352,Purchase Order PO-25-6352,WENCOR,2025-08-19,Aeroparts AOG DWC LLC,USD,1,Draft,2025-08-19,1,281.0,NE,O-RING,MS28775-341,100,2.81,2025-08-19,EA,EA,1,2.81
PO-25-6353,Purchase Order PO-25-6353,SOUTHERN CROSS AVIATION,2025-08-19,Aeroparts AOG DWC LLC,USD,1,Draft,2025-08-19,1,12200.0,NE,EMERGENCY BATTERY,2013-1A,4,3050,2025-08-19,EA,EA,1,3050
PO-25-6354,Purchase Order PO-25-6354,AVIANOR INC,2025-08-20,Aeroparts AOG DWC LLC,USD,1,Draft,2025-08-20,1,210.0,NE,BOLT,BLT5562,6,35,2025-08-20,EA,EA,1,35
PO-25-6354,Purchase Order PO-25-6354,AVIANOR INC,2025-08-20,Aeroparts AOG DWC LLC,USD,1,Draft,2025-08-20,2,1350.0,NE,SEAL,FW20462,1,1350,2025-08-20,EA,EA,1,1350
PO-25-6355,Purchase Order PO-25-6355,Airbus,2025-08-20,Aeroparts AOG DWC LLC,USD,1,Draft,2025-08-20,1,6970.0,NE,DUCT,F2121588400000,1,6970,2025-08-20,EA,EA,1,6970
PO-25-6355,Purchase Order PO-25-6355,Airbus,2025-08-20,Aeroparts AOG DWC LLC,USD,1,Draft,2025-08-20,2,584.0,NE,RING,A5735003820200,8,73,2025-08-20,EA,EA,1,73
PO-25-6355,Purchase Order PO-25-6355,Airbus,2025-08-20,Aeroparts AOG DWC LLC,USD,1,Draft,2025-08-20,3,280.0,NE,PLATE,F5508054020801,2,140,2025-08-20,EA,EA,1,140
PO-25-6355,Purchase Order PO-25-6355,Airbus,2025-08-20,Aeroparts AOG DWC LLC,USD,1,Draft,2025-08-20,4,519.0,NE,PLATE,F5508054020901,3,173,2025-08-20,EA,EA,1,173
PO-25-6355,Purchase Order PO-25-6355,Airbus,2025-08-20,Aeroparts AOG DWC LLC,USD,1,Draft,2025-08-20,5,716.0,NE,PLUG,F5725397000000,4,179,2025-08-20,EA,EA,1,179
PO-25-6355,Purchase Order PO-25-6355,Airbus,2025-08-20,Aeroparts AOG DWC LLC,USD,1,Draft,2025-08-20,6,593.0,NE,HOSE,DTF55AV360,1,593,2025-08-20,EA,EA,1,593
PO-25-6355,Purchase Order PO-25-6355,Airbus,2025-08-20,Aeroparts AOG DWC LLC,USD,1,Draft,2025-08-20,7,77.25,NE,RIVET,NAS1919M04S04U,75,1.03,2025-08-20,EA,EA,1,1.03
PO-25-6355,Purchase Order PO-25-6355,Airbus,2025-08-20,Aeroparts AOG DWC LLC,USD,1,Draft,2025-08-20,8,746.0,NE,BLANKET,F2581072000000,1,746,2025-08-20,EA,EA,1,746
PO-25-6355,Purchase Order PO-25-6355,Airbus,2025-08-20,Aeroparts AOG DWC LLC,USD,1,Draft,2025-08-20,9,37.7,NE,BOLT,EN6114K6-8,10,3.77,2025-08-20,EA,EA,1,3.77
PO-25-6355,Purchase Order PO-25-6355,Airbus,2025-08-20,Aeroparts AOG DWC LLC,USD,1,Draft,2025-08-20,10,2500.0,NE,RAIL,F5311681520000,1,2500,2025-08-20,EA,EA,1,2500
PO-25-6355,Purchase Order PO-25-6355,Airbus,2025-08-20,Aeroparts AOG DWC LLC,USD,1,Draft,2025-08-20,11,258.0,NE,FILTER,F2557795420000,20,12.9,2025-08-20,EA,EA,1,12.9
PO-25-6355,Purchase Order PO-25-6355,Airbus,2025-08-20,Aeroparts AOG DWC LLC,USD,1,Draft,2025-08-20,12,45.0,NE,RIVET,LN9198-4820CF,90,0.5,2025-08-20,EA,EA,1,0.5
PO-25-6355,Purchase Order PO-25-6355,Airbus,2025-08-20,Aeroparts AOG DWC LLC,USD,1,Draft,2025-08-20,13,204.0,NE,BRACKET,F5391622620101,1,204,2025-08-20,EA,EA,1,204
PO-25-6355,Purchase Order PO-25-6355,Airbus,2025-08-20,Aeroparts AOG DWC LLC,USD,1,Draft,2025-08-20,14,204.0,NE,BRACKET,F5391622620001,1,204,2025-08-20,EA,EA,1,204
PO-25-6355,Purchase Order PO-25-6355,Airbus,2025-08-20,Aeroparts AOG DWC LLC,USD,1,Draft,2025-08-20,15,620.0,NE,PACKING,S628-21-95X1-78,100,6.2,2025-08-20,EA,EA,1,6.2
PO-25-6355,Purchase Order PO-25-6355,Airbus,2025-08-20,Aeroparts AOG DWC LLC,USD,1,Draft,2025-08-20,16,1126.0,NE,HOSE,2201859-39,2,563,2025-08-20,EA,EA,1,563
PO-25-6355,Purchase Order PO-25-6355,Airbus,2025-08-20,Aeroparts AOG DWC LLC,USD,1,Draft,2025-08-20,17,1080.0,NE,STRUT,F5755033400000,1,1080,2025-08-20,EA,EA,1,1080
PO-25-6355,Purchase Order PO-25-6355,Airbus,2025-08-20,Aeroparts AOG DWC LLC,USD,1,Draft,2025-08-20,18,71.14,NE,CONNECTOR,EN3646RS61006DN,2,35.57,2025-08-20,EA,EA,1,35.57
PO-25-6355,Purchase Order PO-25-6355,Airbus,2025-08-20,Aeroparts AOG DWC LLC,USD,1,Draft,2025-08-20,19,111.0,NE,PLATE,D9251122801100,1,111,2025-08-20,EA,EA,1,111
PO-25-6355,Purchase Order PO-25-6355,Airbus,2025-08-20,Aeroparts AOG DWC LLC,USD,1,Draft,2025-08-20,20,273.0,NE,SPACER,F5331637720000,1,273,2025-08-20,EA,EA,1,273
PO-25-6356,Purchase Order PO-25-6356,AVFLEX,2025-08-20,Aeroparts AOG DWC LLC,USD,1,Draft,2025-08-20,1,2150.0,NE,POWER SUPPLY UNIT,8ES005045-00,1,2150,2025-08-20,EA,EA,1,2150
PO-25-6358,Purchase Order PO-25-6358,AVIATION CONCEPTS,2025-08-22,Aeroparts AOG DWC LLC,USD,1,Draft,2025-08-22,1,300.0,NE,SPACER,A5211070420000,1,300,2025-08-22,EA,EA,1,300
PO-25-6359,Purchase Order PO-25-6359,PROPONENT,2025-08-26,Aeroparts AOG DWC LLC,USD,1,Draft,2025-08-26,1,568.8000000000001,NE,STUD,ABS0718A05,360,1.58,2025-08-26,EA,EA,1,1.58
PO-25-6359,Purchase Order PO-25-6359,PROPONENT,2025-08-26,Aeroparts AOG DWC LLC,USD,1,Draft,2025-08-26,2,3494.67,NE,BLEED AIR DUCT SEAL,ABS1040-80,57,61.31,2025-08-26,EA,EA,1,61.31
PO-25-6359,Purchase Order PO-25-6359,PROPONENT,2025-08-26,Aeroparts AOG DWC LLC,USD,1,Draft,2025-08-26,3,70.19999999999999,NE,COLLAR,HL94-8,15,4.68,2025-08-26,EA,EA,1,4.68
PO-25-6359,Purchase Order PO-25-6359,PROPONENT,2025-08-26,Aeroparts AOG DWC LLC,USD,1,Draft,2025-08-26,4,40.800000000000004,NE,NUT,NSA5050-4,30,1.36,2025-08-26,EA,EA,1,1.36
PO-25-6359,Purchase Order PO-25-6359,PROPONENT,2025-08-26,Aeroparts AOG DWC LLC,USD,1,Draft,2025-08-26,5,20.1,NE,BOLT,EN6115V4-9,6,3.35,2025-08-26,EA,EA,1,3.35
PO-25-6359,Purchase Order PO-25-6359,PROPONENT,2025-08-26,Aeroparts AOG DWC LLC,USD,1,Draft,2025-08-26,6,56.12,NE,PACKING,NSA8203-237,2,28.06,2025-08-26,EA,EA,1,28.06
PO-25-6359,Purchase Order PO-25-6359,PROPONENT,2025-08-26,Aeroparts AOG DWC LLC,USD,1,Draft,2025-08-26,7,1123.62,NE,CLAMP,TA025169-08,2,561.81,2025-08-26,EA,EA,1,561.81
PO-25-6359,Purchase Order PO-25-6359,PROPONENT,2025-08-26,Aeroparts AOG DWC LLC,USD,1,Draft,2025-08-26,8,686.0,NE,STUD,ABS0718-07,350,1.96,2025-08-26,EA,EA,1,1.96
PO-25-6359,Purchase Order PO-25-6359,PROPONENT,2025-08-26,Aeroparts AOG DWC LLC,USD,1,Draft,2025-08-26,9,656.25,NE,STUD,ABS0718A06,375,1.75,2025-08-26,EA,EA,1,1.75
PO-25-6359,Purchase Order PO-25-6359,PROPONENT,2025-08-26,Aeroparts AOG DWC LLC,USD,1,Draft,2025-08-26,10,423.54,NE,STUD,ABS0718A03,234,1.81,2025-08-26,EA,EA,1,1.81
PO-25-6359,Purchase Order PO-25-6359,PROPONENT,2025-08-26,Aeroparts AOG DWC LLC,USD,1,Draft,2025-08-26,11,129.35,NE,RIVET,DIN65399-4020CF,65,1.99,2025-08-26,EA,EA,1,1.99
PO-25-6360,Purchase Order PO-25-6360,WENCOR,2025-08-27,Aeroparts AOG DWC LLC,USD,1,Draft,2025-08-27,1,46.0,NE,RING,M25988-4-011,25,1.84,2025-08-27,EA,EA,1,1.84
PO-25-6360,Purchase Order PO-25-6360,WENCOR,2025-08-27,Aeroparts AOG DWC LLC,USD,1,Draft,2025-08-27,2,155.0,NE,O-RING,M25988-4-240,25,6.2,2025-08-27,EA,EA,1,6.2
PO-25-6360,Purchase Order PO-25-6360,WENCOR,2025-08-27,Aeroparts AOG DWC LLC,USD,1,Draft,2025-08-27,3,4557.0,NE,PATCH,A1111013820500,294,15.5,2025-08-27,EA,EA,1,15.5
PO-25-6360,Purchase Order PO-25-6360,WENCOR,2025-08-27,Aeroparts AOG DWC LLC,USD,1,Draft,2025-08-27,4,42.0,NE,CLAMP,ABS0901R130,6,7,2025-08-27,EA,EA,1,7
PO-25-6360,Purchase Order PO-25-6360,WENCOR,2025-08-27,Aeroparts AOG DWC LLC,USD,1,Draft,2025-08-27,5,1564.5,NE,SECTION,ABS0305KA2-11,210,7.45,2025-08-27,MTR,MTR,1,7.45
PO-25-6360,Purchase Order PO-25-6360,WENCOR,2025-08-27,Aeroparts AOG DWC LLC,USD,1,Draft,2025-08-27,6,5.250000000000001,NE,WASHER,NAS1149CN816R,75,0.07,2025-08-27,EA,EA,1,0.07
PO-25-6361,Purchase Order PO-25-6361,"ED AVIATION, PROJECT MANAGEMENT & ENGINEERING SL",2025-08-28,Aeroparts AOG DWC LLC,USD,1,Draft,2025-08-28,1,775.0,NE,COVER,G5757123020000,50,15.5,2025-08-28,EA,EA,1,15.5
PO-25-6362,Purchase Order PO-25-6362,AVSTOCK AERO ASSETS TRADING LLC,2025-08-28,Aeroparts AOG DWC LLC,USD,1,Draft,2025-08-28,1,43000.0,NE,PRECOOLER EXCHANGER,11-811538-1,1,43000,2025-08-28,EA,EA,1,43000
PO-25-6363,Purchase Order PO-25-6363,FARSOUND,2025-08-28,Aeroparts AOG DWC LLC,USD,1,Draft,2025-08-28,1,900.0,NE,SEAL,ARM986,4,225,2025-08-28,EA,EA,1,225
PO-25-6364,Purchase Order PO-25-6364,DASI LLC,2025-08-28,Aeroparts AOG DWC LLC,USD,1,Draft,2025-08-28,1,1800.0,NE,RE KIT,R5307008820600,1,1800,2025-08-28,EA,EA,1,1800
PO-25-6364,Purchase Order PO-25-6364,DASI LLC,2025-08-28,Aeroparts AOG DWC LLC,USD,1,Draft,2025-08-28,2,52.5,NE,SCREW,U756213,7,7.5,2025-08-28,EA,EA,1,7.5
PO-25-6364,Purchase Order PO-25-6364,DASI LLC,2025-08-28,Aeroparts AOG DWC LLC,USD,1,Draft,2025-08-28,3,61.5,NE,BOLT,BLT5562,3,20.5,2025-08-28,EA,EA,1,20.5
PO-25-6364,Purchase Order PO-25-6364,DASI LLC,2025-08-28,Aeroparts AOG DWC LLC,USD,1,Draft,2025-08-28,4,34.76,NE,SLEEVE,ASNA2634-224,1,34.76,2025-08-28,EA,EA,1,34.76
PO-25-6364,Purchase Order PO-25-6364,DASI LLC,2025-08-28,Aeroparts AOG DWC LLC,USD,1,Draft,2025-08-28,5,1190.0,NE,STUD,ABS0718-04,350,3.4,2025-08-28,EA,EA,1,3.4
PO-25-6364,Purchase Order PO-25-6364,DASI LLC,2025-08-28,Aeroparts AOG DWC LLC,USD,1,Draft,2025-08-28,6,236.29999999999998,NE,PIN,ABS0741-6C79,10,23.63,2025-08-28,EA,EA,1,23.63
PO-25-6364,Purchase Order PO-25-6364,DASI LLC,2025-08-28,Aeroparts AOG DWC LLC,USD,1,Draft,2025-08-28,7,40.8,NE,GASKET,A5237808920200,4,10.2,2025-08-28,EA,EA,1,10.2
PO-25-6364,Purchase Order PO-25-6364,DASI LLC,2025-08-28,Aeroparts AOG DWC LLC,USD,1,Draft,2025-08-28,8,730.0,NE,HINGE ASSY,DCIN112-08,2,365,2025-08-28,EA,EA,1,365
PO-25-6364,Purchase Order PO-25-6364,DASI LLC,2025-08-28,Aeroparts AOG DWC LLC,USD,1,Draft,2025-08-28,9,56.85,NE,SLIDE PROTECT STRIP,A5217533322700,1,56.85,2025-08-28,EA,EA,1,56.85
PO-25-6364,Purchase Order PO-25-6364,DASI LLC,2025-08-28,Aeroparts AOG DWC LLC,USD,1,Draft,2025-08-28,10,92.0,NE,SLIDE PROTECT STRIP,A5217533322600,2,46,2025-08-28,EA,EA,1,46
PO-25-6364,Purchase Order PO-25-6364,DASI LLC,2025-08-28,Aeroparts AOG DWC LLC,USD,1,Draft,2025-08-28,11,3900.0,NE,PLATE ASSYSHEET METAL,F5218122000700,1,3900,2025-08-28,EA,EA,1,3900
PO-25-6365,Purchase Order PO-25-6365,PROPONENT,2025-08-28,Aeroparts AOG DWC LLC,USD,1,Draft,2025-08-28,1,78.0,NE,ORING,MS25988/1-904,100,0.78,2025-08-18,EA,EA,1,0.78
PO-25-6366,Purchase Order PO-25-6366,BOEING DISTRIBUTION SERVICES,2025-08-29,Aeroparts AOG DWC LLC,USD,1,Draft,2025-08-29,1,25.85,NE,HI-COLLAR,HL82-10A,11,2.35,2025-08-29,EA,EA,1,2.35
PO-25-6366,Purchase Order PO-25-6366,BOEING DISTRIBUTION SERVICES,2025-08-29,Aeroparts AOG DWC LLC,USD,1,Draft,2025-08-29,2,51.849999999999994,NE,BOLT,EN6114K6-9,5,10.37,2025-08-29,EA,EA,1,10.37
PO-25-6366,Purchase Order PO-25-6366,BOEING DISTRIBUTION SERVICES,2025-08-29,Aeroparts AOG DWC LLC,USD,1,Draft,2025-08-29,3,32.35,NE,BOLT,EN6114K6-7,5,6.47,2025-08-29,EA,EA,1,6.47
PO-25-6366,Purchase Order PO-25-6366,BOEING DISTRIBUTION SERVICES,2025-08-29,Aeroparts AOG DWC LLC,USD,1,Draft,2025-08-29,4,380.8,NE,BACKSHELL,ABS0126-12-02,1,380.8,2025-08-29,EA,EA,1,380.8
PO-25-6367,Purchase Order PO-25-6367,AOG-247 LIMITED,2025-08-29,Aeroparts AOG DWC LLC,USD,1,Draft,2025-08-29,1,4000.0,NE,HYD. FILTER ASSY,QA07693,1,4000,2025-08-29,EA,EA,1,4000
PO-25-6368,Purchase Order PO-25-6368,ATLANTA AIR EXCHANGE,2025-08-29,Aeroparts AOG DWC LLC,USD,1,Draft,2025-08-29,1,980.0,NE,REDUCER PRESSURE,D41428,1,980,2025-08-29,EA,EA,1,980
PO-25-6369,Purchase Order PO-25-6369,HESTON MATERIALS,2025-08-29,Aeroparts AOG DWC LLC,USD,1,Draft,2025-08-29,1,4500.0,NE,DME INTERROGATOR,066-50013-0202,1,4500,2025-08-29,EA,EA,1,4500
PO-25-6370,Purchase Order PO-25-6370,SKYSPARES LTD,2025-09-01,Aeroparts AOG DWC LLC,USD,1,Draft,2025-09-01,1,3.0,NE,BLIND RIVET,CR2248-4-5,10,0.3,2025-09-01,EA,EA,1,0.3
PO-25-6370,Purchase Order PO-25-6370,SKYSPARES LTD,2025-09-01,Aeroparts AOG DWC LLC,USD,1,Draft,2025-09-01,2,70.0,NE,CLEVIS ROD-END,MS21242S05K,1,70,2025-09-01,EA,EA,1,70
PO-25-6371,Purchase Order PO-25-6371,AERO TECHNIC ME FZCO,2025-09-01,Aeroparts AOG DWC LLC,USD,1,Draft,2025-09-01,1,9450.0,NE,ACCUMULATOR,D2907018301400,1,9450,2025-09-01,EA,EA,1,9450
PO-25-6372,Purchase Order PO-25-6372,WENCOR,2025-09-02,Aeroparts AOG DWC LLC,USD,1,Draft,2025-09-02,1,0.46,NE,"WASHER, LOCK",MS35338-137,2,0.23,2025-09-02,EA,EA,1,0.23
PO-25-6372,Purchase Order PO-25-6372,WENCOR,2025-09-02,Aeroparts AOG DWC LLC,USD,1,Draft,2025-09-02,2,49.14,NE,COVER,NSA939511-10,13,3.78,2025-09-02,EA,EA,1,3.78
PO-25-6372,Purchase Order PO-25-6372,WENCOR,2025-09-02,Aeroparts AOG DWC LLC,USD,1,Draft,2025-09-02,3,3202.29,NE,HANDLE SECTION,A2527576120400,21,152.49,2025-09-02,EA,EA,1,152.49
PO-25-6372,Purchase Order PO-25-6372,WENCOR,2025-09-02,Aeroparts AOG DWC LLC,USD,1,Draft,2025-09-02,4,79.0,NE,DAMPER,9855DV,2,39.5,2025-09-02,EA,EA,1,39.5
PO-25-6373,Purchase Order PO-25-6373,"GA TELESIS, LLC",2025-09-03,Aeroparts AOG DWC LLC,USD,1,Draft,2025-09-03,1,2500.0,NE,VALVE,A25317-1,1,2500,2025-09-03,EA,EA,1,2500
PO-25-6373,Purchase Order PO-25-6373,"GA TELESIS, LLC",2025-09-03,Aeroparts AOG DWC LLC,USD,1,Draft,2025-09-03,2,1050.0,NE,Engine Pump Fire Valve,E03A00,1,1050,2025-09-03,EA,EA,1,1050
PO-25-6374,Purchase Order PO-25-6374,Pacific Air Industries,2025-09-03,Aeroparts AOG DWC LLC,USD,1,Draft,2025-09-03,1,399.0,NE,RELAY,E0667A28A0,1,399,2025-09-03,EA,EA,1,399
PO-25-6374,Purchase Order PO-25-6374,Pacific Air Industries,2025-09-03,Aeroparts AOG DWC LLC,USD,1,Draft,2025-09-03,2,600.6,NE,SCREW,NAS1100-08-16,44,13.65,2025-09-03,EA,EA,1,13.65
PO-25-6374,Purchase Order PO-25-6374,Pacific Air Industries,2025-09-03,Aeroparts AOG DWC LLC,USD,1,Draft,2025-09-03,3,3.0,NE,SCREW,MS51861-12C,15,0.2,2025-09-03,EA,EA,1,0.2
PO-25-6374,Purchase Order PO-25-6374,Pacific Air Industries,2025-09-03,Aeroparts AOG DWC LLC,USD,1,Draft,2025-09-03,4,9.88,NE,BEARING,NSA8147-05-10,2,4.94,2025-09-03,EA,EA,1,4.94
PO-25-6374,Purchase Order PO-25-6374,Pacific Air Industries,2025-09-03,Aeroparts AOG DWC LLC,USD,1,Draft,2025-09-03,5,57.26,NE,BOLT,BLT5562,1,57.26,2025-09-03,EA,EA,1,57.26
PO-25-6374,Purchase Order PO-25-6374,Pacific Air Industries,2025-09-03,Aeroparts AOG DWC LLC,USD,1,Draft,2025-09-03,6,71.0,NE,STUD,ABS0691-150,5,14.2,2025-09-03,EA,EA,1,14.2
PO-25-6374,Purchase Order PO-25-6374,Pacific Air Industries,2025-09-03,Aeroparts AOG DWC LLC,USD,1,Draft,2025-09-03,7,62.1,NE,COLLAR,HL94-6,10,6.21,2025-09-03,EA,EA,1,6.21
PO-25-6375,Purchase Order PO-25-6375,NORDAM,2025-09-04,Aeroparts AOG DWC LLC,USD,1,Draft,2025-09-04,1,1000.0,NE,BUSHING,91E079-00,4,250,2025-09-04,EA,EA,1,250
PO-25-6375,Purchase Order PO-25-6375,NORDAM,2025-09-04,Aeroparts AOG DWC LLC,USD,1,Draft,2025-09-04,2,1200.0,NE,BUSHING,91E075-00,4,300,2025-09-04,EA,EA,1,300
PO-25-6376,Purchase Order PO-25-6376,OMS,2025-09-05,Aeroparts AOG DWC LLC,USD,1,Draft,2025-09-05,1,5000.0,NE,ATC Transponder,822-1338-225,1,5000,2025-09-05,EA,EA,1,5000
PO-25-6377,Purchase Order PO-25-6377,"GA TELESIS, LLC",2025-09-05,Aeroparts AOG DWC LLC,USD,1,Draft,2025-09-05,1,8400.0,NE,ATC Transponder,822-1338-225,1,8400,2025-09-05,EA,EA,1,8400
PO-25-6378,Purchase Order PO-25-6378,Pacific Air Industries,2025-09-05,Aeroparts AOG DWC LLC,USD,1,Draft,2025-09-05,1,6.39,NE,BOLT,NSA5042-08-165,1,6.39,2025-09-05,EA,EA,1,6.39
PO-25-6378,Purchase Order PO-25-6378,Pacific Air Industries,2025-09-05,Aeroparts AOG DWC LLC,USD,1,Draft,2025-09-05,2,150.0,NE,SEAL,A3611504720000,2,75,2025-09-05,EA,EA,1,75
PO-INTIAL STOCK,Purchase Order PO-INTIAL STOCK,Aeroparts AOG Migration,2024-08-29,Aeroparts AOG DWC LLC,USD,1,Draft,2024-08-29,1,0.0,NE,AIR CYCLE MACHINE,769105A,1,0,2024-08-29,EA,EA,1,0
PO-INTIAL STOCK,Purchase Order PO-INTIAL STOCK,Aeroparts AOG Migration,2024-08-29,Aeroparts AOG DWC LLC,USD,1,Draft,2024-08-29,2,0.0,NE,"BEARING, ROLLER NO 5",337-108-401-0,1,0,2024-08-29,EA,EA,1,0
PO-INTIAL STOCK,Purchase Order PO-INTIAL STOCK,Aeroparts AOG Migration,2024-08-29,Aeroparts AOG DWC LLC,USD,1,Draft,2024-08-29,3,0.0,NE,DEFLECTOR,2083M88P01,1,0,2024-08-29,EA,EA,1,0
PO-INTIAL STOCK,Purchase Order PO-INTIAL STOCK,Aeroparts AOG Migration,2024-08-29,Aeroparts AOG DWC LLC,USD,1,Draft,2024-08-29,4,0.0,NE,DME INTERROGATE,622-4540-020,1,0,2024-08-29,EA,EA,1,0
PO-INTIAL STOCK,Purchase Order PO-INTIAL STOCK,Aeroparts AOG Migration,2024-08-29,Aeroparts AOG DWC LLC,USD,1,Draft,2024-08-29,5,0.0,NE,PLUG IDENTI -5A3 W O PMUX,390-300-241-0,1,0,2024-08-29,EA,EA,1,0
PO-INTIAL STOCK,Purchase Order PO-INTIAL STOCK,Aeroparts AOG Migration,2024-08-29,Aeroparts AOG DWC LLC,USD,1,Draft,2024-08-29,6,0.0,NE,LAMP,8GH004554-28,2,0,2024-08-29,EA,EA,1,0
PO-INTIAL STOCK,Purchase Order PO-INTIAL STOCK,Aeroparts AOG Migration,2024-08-29,Aeroparts AOG DWC LLC,USD,1,Draft,2024-08-29,7,0.0,NE,HONEYCOMB,CN20250020,20,0,2024-08-29,EA,EA,1,0
PO-2,Purchase Order PO-2,ABASCO TOOLS TRADING LLC,2025-07-03,Aeroparts AOG DWC LLC,USD,1,Draft,2025-07-03,1,317.0,NE,DIGITAL MICROMETER,293-332-30,1,317,2025-07-03,EA,EA,1,317
PO-3,Purchase Order PO-3,EMIRATES CALIBRATION SERVICES,2025-07-07,Aeroparts AOG DWC LLC,USD,1,Draft,2025-07-07,1,250.0,NE,TORQUE MULTIPLIER,TORQUE MULTIPLIER,1,250,2025-07-07,EA,EA,1,250
PO-3,Purchase Order PO-3,EMIRATES CALIBRATION SERVICES,2025-07-07,Aeroparts AOG DWC LLC,USD,1,Draft,2025-07-07,2,250.0,NE,DYNAMOMETER,DYNAMOMETER,1,250,2025-07-07,EA,EA,1,250
PO-3,Purchase Order PO-3,EMIRATES CALIBRATION SERVICES,2025-07-07,Aeroparts AOG DWC LLC,USD,1,Draft,2025-07-07,3,250.0,NE,OKM KIT LEND KNOB,EPOCH 650,1,250,2025-07-07,EA,EA,1,250
PO-3,Purchase Order PO-3,EMIRATES CALIBRATION SERVICES,2025-07-07,Aeroparts AOG DWC LLC,USD,1,Draft,2025-07-07,4,250.0,NE,GAUGE-DIAL PUSH PULL,LG-050,1,250,2025-07-07,EA,EA,1,250
PO-3,Purchase Order PO-3,EMIRATES CALIBRATION SERVICES,2025-07-07,Aeroparts AOG DWC LLC,USD,1,Draft,2025-07-07,5,250.0,NE,DIGITAL LUX METER,WT81,1,250,2025-07-07,EA,EA,1,250
PO-3,Purchase Order PO-3,EMIRATES CALIBRATION SERVICES,2025-07-07,Aeroparts AOG DWC LLC,USD,1,Draft,2025-07-07,6,250.0,NE,TORQUE WRENCH,KDTW2020T,1,250,2025-07-07,EA,EA,1,250
PO-3,Purchase Order PO-3,EMIRATES CALIBRATION SERVICES,2025-07-07,Aeroparts AOG DWC LLC,USD,1,Draft,2025-07-07,7,250.0,NE,TORQUE WRENCH,KDTW2010T,1,250,2025-07-07,EA,EA,1,250
PO-3,Purchase Order PO-3,EMIRATES CALIBRATION SERVICES,2025-07-07,Aeroparts AOG DWC LLC,USD,1,Draft,2025-07-07,8,250.0,NE,TORQUE WRENCH,KDMW30060,1,250,2025-07-07,EA,EA,1,250
PO-3,Purchase Order PO-3,EMIRATES CALIBRATION SERVICES,2025-07-07,Aeroparts AOG DWC LLC,USD,1,Draft,2025-07-07,9,250.0,NE,TORQUE WRENCH,QD4N550,1,250,2025-07-07,EA,EA,1,250
PO-3,Purchase Order PO-3,EMIRATES CALIBRATION SERVICES,2025-07-07,Aeroparts AOG DWC LLC,USD,1,Draft,2025-07-07,10,250.0,NE,TORQUE WRENCH,4934220,1,250,2025-07-07,EA,EA,1,250
PO-3,Purchase Order PO-3,EMIRATES CALIBRATION SERVICES,2025-07-07,Aeroparts AOG DWC LLC,USD,1,Draft,2025-07-07,11,250.0,NE,TORQUE WRENCH,64-452A,1,250,2025-07-07,EA,EA,1,250
PO-3,Purchase Order PO-3,EMIRATES CALIBRATION SERVICES,2025-07-07,Aeroparts AOG DWC LLC,USD,1,Draft,2025-07-07,12,250.0,NE,TORQUE WRENCH,64-452A,1,250,2025-07-07,EA,EA,1,250
PO-3,Purchase Order PO-3,EMIRATES CALIBRATION SERVICES,2025-07-07,Aeroparts AOG DWC LLC,USD,1,Draft,2025-07-07,13,250.0,NE,DIGITAL CALIPER,1108-150,1,250,2025-07-07,EA,EA,1,250
PO-3,Purchase Order PO-3,EMIRATES CALIBRATION SERVICES,2025-07-07,Aeroparts AOG DWC LLC,USD,1,Draft,2025-07-07,14,250.0,NE,DIGITAL CALIPER,1108-200,1,250,2025-07-07,EA,EA,1,250
PO-3,Purchase Order PO-3,EMIRATES CALIBRATION SERVICES,2025-07-07,Aeroparts AOG DWC LLC,USD,1,Draft,2025-07-07,15,250.0,NE,DIGITAL CALIPER,1108-300,1,250,2025-07-07,EA,EA,1,250
PO-3,Purchase Order PO-3,EMIRATES CALIBRATION SERVICES,2025-07-07,Aeroparts AOG DWC LLC,USD,1,Draft,2025-07-07,16,250.0,NE,DIGITAL CALIPER,571-212-30,1,250,2025-07-07,EA,EA,1,250
PO-3,Purchase Order PO-3,EMIRATES CALIBRATION SERVICES,2025-07-07,Aeroparts AOG DWC LLC,USD,1,Draft,2025-07-07,17,250.0,NE,DEPTH GAUGE,571-211-30,1,250,2025-07-07,EA,EA,1,250
PO-3,Purchase Order PO-3,EMIRATES CALIBRATION SERVICES,2025-07-07,Aeroparts AOG DWC LLC,USD,1,Draft,2025-07-07,18,250.0,NE,DIGITAL MICROMETER,293-351-30,1,250,2025-07-07,EA,EA,1,250
PO-3,Purchase Order PO-3,EMIRATES CALIBRATION SERVICES,2025-07-07,Aeroparts AOG DWC LLC,USD,1,Draft,2025-07-07,19,250.0,NE,DIGITAL MICROMETER,293-350-10,1,250,2025-07-07,EA,EA,1,250
PO-3,Purchase Order PO-3,EMIRATES CALIBRATION SERVICES,2025-07-07,Aeroparts AOG DWC LLC,USD,1,Draft,2025-07-07,20,250.0,NE,DIGITAL MICROMETER,293-343-30,1,250,2025-07-07,EA,EA,1,250
PO-3,Purchase Order PO-3,EMIRATES CALIBRATION SERVICES,2025-07-07,Aeroparts AOG DWC LLC,USD,1,Draft,2025-07-07,21,250.0,NE,DIGITAL MICROMETER,293-341-30,1,250,2025-07-07,EA,EA,1,250
PO-3,Purchase Order PO-3,EMIRATES CALIBRATION SERVICES,2025-07-07,Aeroparts AOG DWC LLC,USD,1,Draft,2025-07-07,22,250.0,NE,DIGITAL MICROMETER,293-340-30,1,250,2025-07-07,EA,EA,1,250
PO-PO-DXB02483-,Purchase Order PO-PO-DXB02483-,AERC-PO-ap Materials,2024-09-02,Aeroparts AOG DWC LLC,USD,1,Draft,2024-09-02,1,3039988.0,NE,CFM56-5A,CFM56-5A,14,217142,2024-09-02,EA,EA,1,217142
PO-PO-DXB02483-,Purchase Order PO-PO-DXB02483-,AERC-PO-ap Materials,2024-09-02,Aeroparts AOG DWC LLC,USD,1,Draft,2024-09-02,2,2970012.0,NE,AIRBUS A319,A319,6,495002,2024-09-02,EA,EA,1,495002
PO-PO-DXB02483-,Purchase Order PO-PO-DXB02483-,AERC-PO-ap Materials,2024-09-02,Aeroparts AOG DWC LLC,USD,1,Draft,2024-09-02,3,990000.0,NE,AIRBUS A320,A320,2,495000,2024-09-02,EA,EA,1,495000
