ID,Supplier,Date,Company,Currency,Status,PN (Items),Description (Items),Quantity (Items),Rate (Company Currency) (Items),Required By (Items),UOM (Items),Stock UOM (Items)
PO-24-5538,BOEING FLEET,2024-09-17,Aeroparts AOG DWC LLC,USD,Draft,1L500109-625,TRIM-DOOR OPENING,10,589,2024-12-01,EA,EA
PO-24-5539,BOEING FLEET,2024-09-18,Aeroparts AOG DWC LLC,USD,Draft,35553-2-255,DETECTOR,1,2299,2025-01-16,EA,EA
PO-24-5539,BOEING FLEET,2024-09-18,Aeroparts AOG DWC LLC,USD,Draft,35562-2-310,SENSOR,1,2274,2025-01-16,EA,EA
ERC-PO-25027,DASI LLC,2025-09-05,Royal Aircraft Maintenance Company DWC LLC,USD,Draft,5A1641,RING,4,74,2025-09-05,EA,EA
ERC-PO-25027,DASI LLC,2025-09-05,Royal Aircraft Maintenance Company DWC LLC,USD,Draft,5A1641,RING,2,60,2025-09-05,EA,EA
ERC-PO-25027,BOEING FLEET,2024-09-18,Royal Aircraft Maintenance Company DWC LLC,USD,Draft,63-533,NUT,330,60.85,2024-09-18,EA,EA
ERC-PO-25026,DASI LLC,2025-09-05,Royal Aircraft Maintenance Company DWC LLC,USD,Draft,5A1641,RING,5,60,2025-09-05,EA,EA
ERC-PO-25022,YAS INTERNATIONAL DIST.INC,2024-09-19,Royal Aircraft Maintenance Company DWC LLC,USD,Draft,65-46360-7,MIXER ASSY,1,2250,2024-10-09,EA,EA
ERC-PO-25022,BOEING FLEET,2024-09-19,Royal Aircraft Maintenance Company DWC LLC,USD,Draft,161W2160-3,"AXLE ASSY-MLG, AFL",1,81078,2024-10-04,EA,EA
ERC-PO-25022,BOEING DISTRIBUTION SERVICES,2024-09-25,Royal Aircraft Maintenance Company DWC LLC,USD,Draft,NSA935805-06,CONDUIT,6,8.49,2024-09-25,EA,EA
ERC-PO-25022,PROPONENT,2024-09-25,Royal Aircraft Maintenance Company DWC LLC,USD,Draft,50845-1,TERMINAL,100,3.99,2024-09-25,EA,EA
ERC-PO-25025,SAFARI AVIATION SERVICES FZE,2025-09-04,Royal Aircraft Maintenance Company DWC LLC,USD,Draft,3M-434 (2 INCH),Temperature Vibration Damping Tape2 In X 60 Yd,5,543.34,2025-09-04,EA,EA
ERC-PO-25024,ACE HARDWARE,2025-08-26,Royal Aircraft Maintenance Company DWC LLC,USD,Draft,VAT,VAT,1,3.1,2025-08-26,EA,EA
ERC-PO-25016,ACE HARDWARE,2025-08-26,Royal Aircraft Maintenance Company DWC LLC,USD,Draft,UNIVERSAL TEMP,UNIVERSAL TEMP,1,61.98,2025-08-26,EA,EA
ERC-PO-25016,INVENTORY LOCATORY SERVICE LLC,2024-10-03,Royal Aircraft Maintenance Company DWC LLC,USD,Draft,1337656,INVOICE REF. 1337656,1,171.44,2024-10-03,EA,EA
ERC-PO-25016,CFM INTERNATIONAL,2024-10-09,Royal Aircraft Maintenance Company DWC LLC,USD,Draft,9339M40G05,SEAL-OIL STA,1,17690,2024-10-16,EA,EA
ERC-PO-25016,SILMID,2025-08-20,Royal Aircraft Maintenance Company DWC LLC,USD,Draft,FUCHS RENOLITE 762,FUCHS RENOLITE 762 HIGH TEMP JOINTING COMPOUND 200,1,85.36,2025-08-20,TB,TB
ERC-PO-25016,EWB AEROSPACE,2024-10-10,Royal Aircraft Maintenance Company DWC LLC,USD,Draft,C20633000,BRAKE ASSY,1,39000,2024-10-15,EA,EA
ERC-PO-25016,SAFARI AVIATION SERVICES FZE,2025-08-28,Royal Aircraft Maintenance Company DWC LLC,USD,Draft,VAT,VAT,1,1.89,2025-08-28,EA,EA
ERC-PO-25016,SILMID,2025-08-20,Royal Aircraft Maintenance Company DWC LLC,USD,Draft,TT-P-28,NCP COATINGS TT-P-28GL TYPE I LOW VOC COATING 1USG,1,967,2025-08-20,CAN,CAN
ERC-PO-25016,SILMID,2025-08-20,Royal Aircraft Maintenance Company DWC LLC,USD,Draft,DEF STAN 91-38,FUCHS PX-7 (S-743) SOFT PETROLATUM TECHNICAL 100GM,1,27.08,2025-08-20,CAN,CAN
ERC-PO-25016,SILMID,2025-08-20,Royal Aircraft Maintenance Company DWC LLC,USD,Draft,DTD900/6128,ROCOL Anti-Seize 797 500gm Can,1,255.69,2025-08-20,CAN,CAN
ERC-PO-25016,SILMID,2025-08-20,Royal Aircraft Maintenance Company DWC LLC,USD,Draft,DTD900/4586,Hylomar PL32L (Light) Aerograde 100gm Tube,1,16.95,2025-08-20,TB,TB
ERC-PO-25016,SILMID,2025-08-20,Royal Aircraft Maintenance Company DWC LLC,USD,Draft,DEF STAN 80-81,ROCOL MTLM 100gm Tube,1,88.51,2025-08-20,TB,TB
ERC-PO-25023,"Taps Aero, LLC",2024-09-19,Royal Aircraft Maintenance Company DWC LLC,USD,Draft,D2711004700000,SWITCH-PUSH BUTTON,2,1000,2024-09-18,EA,EA
ERC-PO-25023,PROPONENT,2024-09-19,Royal Aircraft Maintenance Company DWC LLC,USD,Draft,5017-2050219800,SHOULDER HARNESS ASSY,2,4585.41,2024-09-18,EA,EA
ERC-PO-25019,AVIALL,2024-09-19,Royal Aircraft Maintenance Company DWC LLC,USD,Draft,MS21075L3,NUT,100,0.75,2024-09-19,EA,EA
ERC-PO-25019,WENCOR,2024-09-19,Royal Aircraft Maintenance Company DWC LLC,USD,Draft,NAS514P1032-10,SCREW,100,0.18,2024-09-19,EA,EA
ERC-PO-25019,BOEING DISTRIBUTION SERVICES,2024-09-20,Royal Aircraft Maintenance Company DWC LLC,USD,Draft,MS21250-10056,BOLT,600,4.65,2024-09-30,EA,EA
ERC-PO-25019,WENCOR,2024-09-20,Royal Aircraft Maintenance Company DWC LLC,USD,Draft,Q4559X,LAMP,54,23.5,2024-09-30,EA,EA
ERC-PO-25019,CFM INTERNATIONAL,2024-09-24,Royal Aircraft Maintenance Company DWC LLC,USD,Draft,338-118-304-0,RING-SECTOR SUPPORT,1,2439,2024-09-24,EA,EA
ERC-PO-25019,BOEING FLEET,2024-09-24,Royal Aircraft Maintenance Company DWC LLC,USD,Draft,310A2022-3,LINK,1,3275,2024-09-24,EA,EA
ERC-PO-25019,BOEING FLEET,2024-09-24,Royal Aircraft Maintenance Company DWC LLC,USD,Draft,310A2028-6,BUSHING,6,496.69,2024-09-24,EA,EA
ERC-PO-25019,BOEING DISTRIBUTION SERVICES,2024-09-25,Royal Aircraft Maintenance Company DWC LLC,USD,Draft,NSA936501TA1004,TERMINAL,50,7.13,2024-09-25,EA,EA
ERC-PO-25019,GULF AIRCRAFT & ENGINEERING SERVICES,2025-09-02,Royal Aircraft Maintenance Company DWC LLC,USD,Draft,856A1480G01,"FADEC-ENGINE PRESERVATION, FALSE METERING VALVE SI",1,731,2025-09-02,EA,EA
ERC-PO-25019,BOEING DISTRIBUTION SERVICES,2024-09-25,Royal Aircraft Maintenance Company DWC LLC,USD,Draft,E0250A0S,RELAY BASE MODULE,5,62.32,2024-09-25,EA,EA
ERC-PO-25021,"RIM Enterprises, LLC",2024-09-27,Royal Aircraft Maintenance Company DWC LLC,USD,Draft,5908974-17,GCU GENERATOR,1,2200,2024-10-02,EA,EA
ERC-PO-25021,UNITED AEROSPACE CORPORATION,2024-09-30,Royal Aircraft Maintenance Company DWC LLC,USD,Draft,4978-2,"SWITCH , PUSH BUTTON",1,2000,2024-09-24,EA,EA
ERC-PO-25021,NEAREST EXIT LLC,2024-10-01,Royal Aircraft Maintenance Company DWC LLC,USD,Draft,2-7679-2,FUSE,1,3400,2024-10-02,EA,EA
ERC-PO-25021,NEAREST EXIT LLC,2024-10-01,Royal Aircraft Maintenance Company DWC LLC,USD,Draft,2-7679-2,FUSE,1,3250,2024-10-02,EA,EA
ERC-PO-25021,FAST AVIATION,2024-10-01,Royal Aircraft Maintenance Company DWC LLC,USD,Draft,2-8011-1,FUSE,1,5350,2024-10-02,EA,EA
ERC-PO-25021,BOEING FLEET,2024-10-01,Royal Aircraft Maintenance Company DWC LLC,USD,Draft,BACB30VT5HK4,BOLT,100,2.09,2024-10-02,EA,EA
ERC-PO-25021,SAFARI AVIATION SERVICES FZE,2025-08-25,Royal Aircraft Maintenance Company DWC LLC,USD,Draft,T8EH,"ANTI SEIZE GREASE, 8-OZ-CAN",1,622.33,2025-08-25,CAN,CAN
ERC-PO-25021,SAFARI AVIATION SERVICES FZE,2025-08-25,Royal Aircraft Maintenance Company DWC LLC,USD,Draft,SHERLOCKTP1-80Z,LEAK DETECTOR-TYPE1 8OZ 237 ML,5,17.62,2025-08-25,EA,EA
ERC-PO-25021,SAFARI AVIATION SERVICES FZE,2025-08-25,Royal Aircraft Maintenance Company DWC LLC,USD,Draft,CITRASAFE-1LTR,CLEANING AGENT 1 LTR,1,303.71,2025-08-25,CAN,CAN
ERC-PO-25021,SAFARI AVIATION SERVICES FZE,2025-08-25,Royal Aircraft Maintenance Company DWC LLC,USD,Draft,ARDROX 185L 20LTR,ARDROX 185L 20LTR,1,654.67,2025-08-25,PL,PL
ERC-PO-25020,BOEING FLEET,2024-10-01,Royal Aircraft Maintenance Company DWC LLC,USD,Draft,2670137-101,VALVE,1,4285,2024-10-01,EA,EA
ERC-PO-25020,AVIALL,2024-10-01,Royal Aircraft Maintenance Company DWC LLC,USD,Draft,72552828-1,LED,50,15.13,2024-10-01,EA,EA
ERC-PO-25020,BOEING FLEET,2024-10-02,Royal Aircraft Maintenance Company DWC LLC,USD,Draft,113W9389Y2,SEAL,1,1018,2024-10-02,EA,EA
ERC-PO-25020,VORTEX AVIATION IRELAND LTD,2025-08-22,Royal Aircraft Maintenance Company DWC LLC,USD,Draft,856A2706G01,BEAM TORQUE ADAPTER,1,0,2025-08-22,EA,EA
ERC-PO-25020,VORTEX AVIATION IRELAND LTD,2025-08-22,Royal Aircraft Maintenance Company DWC LLC,USD,Draft,856A2705G01,"FIXTURE, HANDLING-BOOSTER ROTOR/STATOR ASSEMBLY",1,0,2025-08-22,EA,EA
ERC-PO-25020,VORTEX AVIATION IRELAND LTD,2025-08-22,Royal Aircraft Maintenance Company DWC LLC,USD,Draft,856A2704G01,GUIDE  WRENCH ANTI-TORQUE,1,0,2025-08-22,EA,EA
ERC-PO-25018,WENCOR,2025-08-29,Royal Aircraft Maintenance Company DWC LLC,USD,Draft,AGS3900,GASKET,5,31.77,2025-08-29,EA,EA
ERC-PO-25018,PROPONENT,2024-10-03,Royal Aircraft Maintenance Company DWC LLC,USD,Draft,137-00-341-13GB,ARMCAP ASSY,1,864.14,2024-12-23,EA,EA
ERC-PO-25018,Aerotrends Aviation,2024-10-03,Royal Aircraft Maintenance Company DWC LLC,USD,Draft,419K62T2,TIRE,90,1550,2024-09-30,EA,EA
ERC-PO-25018,INVENTORY LOCATORY SERVICE LLC,2024-10-03,Royal Aircraft Maintenance Company DWC LLC,USD,Draft,1319556,INVOICE REF. 1319556,1,162.59,2024-10-03,EA,EA
ERC-PO-25018,INVENTORY LOCATORY SERVICE LLC,2024-10-03,Royal Aircraft Maintenance Company DWC LLC,USD,Draft,1326702,INVOICE REF. 1326702,1,142.49,2024-10-03,EA,EA
ERC-PO-25018,EDGAR HAUSMANN GMBH,2025-08-21,Royal Aircraft Maintenance Company DWC LLC,USD,Draft,ZOT40X,TORX-INSERT BIT,10,2.35,2025-08-21,EA,EA
ERC-PO-25018,EDGAR HAUSMANN GMBH,2025-08-21,Royal Aircraft Maintenance Company DWC LLC,USD,Draft,ZOT30X,TORX-INSERT BITS,10,2.35,2025-08-21,EA,EA
ERC-PO-25018,EDGAR HAUSMANN GMBH,2025-08-21,Royal Aircraft Maintenance Company DWC LLC,USD,Draft,ZOT10X,TORX-INSERT BITS,10,2.35,2025-08-21,EA,EA
ERC-PO-25018,EDGAR HAUSMANN GMBH,2025-08-21,Royal Aircraft Maintenance Company DWC LLC,USD,Draft,ZOT9X,TORX-INSERT BITS,10,2.35,2025-08-21,EA,EA
ERC-PO-25018,EDGAR HAUSMANN GMBH,2025-08-21,Royal Aircraft Maintenance Company DWC LLC,USD,Draft,ZOT8X,TORX-INSERT BIT,10,2.35,2025-08-21,EA,EA
ERC-PO-25015,AC Aerospace Management,2024-10-07,Royal Aircraft Maintenance Company DWC LLC,USD,Draft,CERTIFICATION,RE-CERTIFICATION,1,105000,2024-10-07,EA,EA
ERC-PO-25015,AC Aerospace Management,2024-10-07,Royal Aircraft Maintenance Company DWC LLC,USD,Draft,201490002,MAIN GEAR - RH,1,500000,2024-10-07,EA,EA
ERC-PO-25015,WENCOR,2025-08-18,Royal Aircraft Maintenance Company DWC LLC,USD,Draft,AS3209-010,PACKING-PREFORMED,100,0.98,2025-08-18,EA,EA
ERC-PO-25015,WENCOR,2025-08-18,Royal Aircraft Maintenance Company DWC LLC,USD,Draft,AS3208-02,PACKING,25,1.07,2025-08-18,EA,EA
ERC-PO-25017,AC Aerospace Management,2024-10-07,Royal Aircraft Maintenance Company DWC LLC,USD,Draft,201490001,MAIN GEAR - LH,1,500000,2024-10-07,EA,EA
ERC-PO-25017,AC Aerospace Management,2024-10-07,Royal Aircraft Maintenance Company DWC LLC,USD,Draft,D23581100-19,NLG- A330,1,400000,2024-10-07,EA,EA
ERC-PO-25017,BOEING FLEET,2024-10-07,Royal Aircraft Maintenance Company DWC LLC,USD,Draft,4100507-001,CONTROLLER ASSY-INTEGRATED SYS,1,6628,2024-10-07,EA,EA
ERC-PO-25017,PROPONENT,2024-10-08,Royal Aircraft Maintenance Company DWC LLC,USD,Draft,137-00-341-13GB,ARMCAP ASSY,1,864.14,2024-12-23,EA,EA
ERC-PO-25017,BOEING FLEET,2024-10-08,Royal Aircraft Maintenance Company DWC LLC,USD,Draft,113W9389Y2,SEAL,1,1018,2024-10-08,EA,EA
ERC-PO-25017,TOP GSE,2024-10-09,Royal Aircraft Maintenance Company DWC LLC,USD,Draft,107C800-21,MICROPHONE,2,200,2024-10-09,EA,EA
ERC-PO-25017,AIRCRAFTERS,2024-10-09,Royal Aircraft Maintenance Company DWC LLC,USD,Draft,2-1587-1,BRAKE ASSY-BFG,1,18000,2024-10-28,EA,EA
ERC-PO-25017,PROPONENT,2025-08-20,Royal Aircraft Maintenance Company DWC LLC,USD,Draft,673049,GASKET,10,20.85,2025-08-20,EA,EA
ERC-PO-25017,PROPONENT,2025-08-20,Royal Aircraft Maintenance Company DWC LLC,USD,Draft,MS9058-05,RING,10,2,2025-08-20,EA,EA
ERC-PO-25017,PROPONENT,2025-08-20,Royal Aircraft Maintenance Company DWC LLC,USD,Draft,MS9967-011,O-RING,20,2.09,2025-08-20,EA,EA
ERC-PO-25017,PROPONENT,2025-08-20,Royal Aircraft Maintenance Company DWC LLC,USD,Draft,MS9967-012,O-RING,16,2.48,2025-08-20,EA,EA
ERC-PO-25017,PROPONENT,2025-08-20,Royal Aircraft Maintenance Company DWC LLC,USD,Draft,MS9226-03,"WIRE , LOCKING DIA: CRES NICKEL ALLOY",7,70.1,2025-08-20,EA,EA
ERC-PO-25017,PROPONENT,2025-08-20,Royal Aircraft Maintenance Company DWC LLC,USD,Draft,AS3214-02,LOCKWIRE 1 LB,2,16.38,2025-08-20,EA,EA
ERC-PO-25017,PROPONENT,2025-08-20,Royal Aircraft Maintenance Company DWC LLC,USD,Draft,MS20995C32,WIRE-LOCK,1,12.85,2025-08-20,EA,EA
ERC-PO-25013,WENCOR,2024-10-10,Royal Aircraft Maintenance Company DWC LLC,USD,Draft,MS24665-155,PIN,600,0.12,2024-10-09,EA,EA
ERC-PO-25013,INTERNATIONAL AERO ENGINES,2025-08-22,Royal Aircraft Maintenance Company DWC LLC,USD,Draft,AS43013-125,RING-SEALING,50,22.23,2025-08-22,EA,EA
ERC-PO-25013,INTERNATIONAL AERO ENGINES,2025-08-22,Royal Aircraft Maintenance Company DWC LLC,USD,Draft,6A4181,GASKET,10,79.93,2025-08-22,EA,EA
ERC-PO-25013,INTERNATIONAL AERO ENGINES,2025-08-22,Royal Aircraft Maintenance Company DWC LLC,USD,Draft,6A4139,"GASKET, CORRUOINT",10,66.49,2025-08-22,EA,EA
ERC-PO-25013,INTERNATIONAL AERO ENGINES,2025-08-22,Royal Aircraft Maintenance Company DWC LLC,USD,Draft,4W0169,"BOLT .250 DIA X 0.938, V25",10,0,2025-08-22,EA,EA
ERC-PO-25013,INTERNATIONAL AERO ENGINES,2025-08-22,Royal Aircraft Maintenance Company DWC LLC,USD,Draft,2A1470,SEAL C- METAL,16,127.5,2025-08-22,EA,EA
ERC-PO-25013,INTERNATIONAL AERO ENGINES,2025-08-22,Royal Aircraft Maintenance Company DWC LLC,USD,Draft,2A0696,SEAL-C METAL,16,119.6,2025-08-22,EA,EA
ERC-PO-25013,INTERNATIONAL AERO ENGINES,2025-08-22,Royal Aircraft Maintenance Company DWC LLC,USD,Draft,MS9197-09,NUT-TUBE,10,0,2025-08-22,EA,EA
ERC-PO-25013,ROTAFILO,2025-08-14,Royal Aircraft Maintenance Company DWC LLC,USD,Draft,856A1471G02,LPT SUPPORT BRACKET SET,3,1126,2025-08-14,EA,EA
ERC-PO-25013,ROTAFILO,2025-08-14,Royal Aircraft Maintenance Company DWC LLC,USD,Draft,856A1313G03,SUPPORT,3,3358,2025-08-14,EA,EA
ERC-PO-25013,ROTAFILO,2025-08-14,Royal Aircraft Maintenance Company DWC LLC,USD,Draft,IAE1F10028,"PEDESTAL, FIXED",5,3393,2025-08-14,EA,EA
ERC-PO-25013,ROTAFILO,2025-08-14,Royal Aircraft Maintenance Company DWC LLC,USD,Draft,IAE1F10085,PEDESTAL ADJUSTABLE,1,3394,2025-08-14,EA,EA
ERC-PO-25013,ROTAFILO,2025-08-14,Royal Aircraft Maintenance Company DWC LLC,USD,Draft,856A1312G07,SUPPORT -  ENG. HANDLING,1,3233,2025-08-14,EA,EA
ERC-PO-25013,ROTAFILO,2025-08-14,Royal Aircraft Maintenance Company DWC LLC,USD,Draft,856A1312G05,SUPPORT-ENGINE HANDLING,1,3677,2025-08-14,EA,EA
ERC-PO-25013,ROTAFILO,2025-08-14,Royal Aircraft Maintenance Company DWC LLC,USD,Draft,856A1312G06,SUPPORT,4,3201,2025-08-14,EA,EA
ERC-PO-25013,ROTAFILO,2025-08-14,Royal Aircraft Maintenance Company DWC LLC,USD,Draft,856A1312G02,SUPPORT-ENGINE HANDLING,10,3174,2025-08-14,EA,EA
ERC-PO-25014,WENCOR,2024-10-10,Royal Aircraft Maintenance Company DWC LLC,USD,Draft,NAS1100E3-7,SCREW,300,0.4,2024-10-09,EA,EA
ERC-PO-25014,SAFARI AVIATION SERVICES FZE,2025-08-28,Royal Aircraft Maintenance Company DWC LLC,USD,Draft,AS43013-128,PACKING,10,3.78,2025-08-28,EA,EA
ERC-PO-25014,AEROSPACE SUPPORT ASSOCIATES LTD,2024-10-10,Royal Aircraft Maintenance Company DWC LLC,USD,Draft,2A258-0357,BOGIE ASSY,4,550,2024-10-10,EA,EA
ERC-PO-25014,BOEING FLEET,2024-10-11,Royal Aircraft Maintenance Company DWC LLC,USD,Draft,251A1481-17,FAIRLEAD,1,113,2024-10-18,EA,EA
ERC-PO-25014,GULF AIRCRAFT & ENGINEERING SERVICES,2024-10-11,Royal Aircraft Maintenance Company DWC LLC,USD,Draft,CUSTOMS PROCESSING FEE,CUSTOMS PROCESSING FEE,1,50,2024-10-09,EA,EA
ERC-PO-25014,GULF AIRCRAFT & ENGINEERING SERVICES,2024-10-11,Royal Aircraft Maintenance Company DWC LLC,USD,Draft,PROCESSING FEE,PROCESSING FEE,1,50,2024-10-09,EA,EA
ERC-PO-25014,GULF AIRCRAFT & ENGINEERING SERVICES,2024-10-11,Royal Aircraft Maintenance Company DWC LLC,USD,Draft,D5463013220000,WASHER,2,125,2024-10-09,EA,EA
ERC-PO-25014,HORIZON AIRCRAFT PARTS,2024-10-11,Royal Aircraft Maintenance Company DWC LLC,USD,Draft,124-514-1,INDICATOR,1,750,2024-10-09,EA,EA
ERC-PO-25014,INTERNATIONAL AERO ENGINES,2025-08-22,Royal Aircraft Maintenance Company DWC LLC,USD,Draft,AS44692,Washer,2,19.99,2025-08-22,EA,EA
ERC-PO-25014,WENCOR,2025-08-15,Royal Aircraft Maintenance Company DWC LLC,USD,Draft,AS43013-124,RING,25,1.84,2025-08-15,EA,EA
ERC-PO-25014,WENCOR,2025-08-15,Royal Aircraft Maintenance Company DWC LLC,USD,Draft,M25988-1-905,PACKING,25,1.88,2025-08-15,EA,EA
ERC-PO-25014,WENCOR,2025-08-15,Royal Aircraft Maintenance Company DWC LLC,USD,Draft,MS9966-10,PACKING,25,2,2025-08-15,EA,EA
ERC-PO-25014,WENCOR,2025-08-15,Royal Aircraft Maintenance Company DWC LLC,USD,Draft,AS3209-010,PACKING-PREFORMED,200,0.98,2025-08-15,EA,EA
ERC-PO-25014,WENCOR,2025-08-15,Royal Aircraft Maintenance Company DWC LLC,USD,Draft,MS9967-010,PACKING-PREFORMED,160,1.9,2025-08-15,EA,EA
ERC-PO-25014,WENCOR,2025-08-15,Royal Aircraft Maintenance Company DWC LLC,USD,Draft,AS43013-116,RING,20,1.75,2025-08-15,EA,EA
ERC-PO-25014,WENCOR,2025-08-15,Royal Aircraft Maintenance Company DWC LLC,USD,Draft,M25988-1-155,O-RING,25,2.32,2025-08-15,EA,EA
ERC-PO-25014,WENCOR,2025-08-15,Royal Aircraft Maintenance Company DWC LLC,USD,Draft,AS3209-226,PACKING,100,1.49,2025-08-15,EA,EA
ERC-PO-25014,WENCOR,2025-08-15,Royal Aircraft Maintenance Company DWC LLC,USD,Draft,69490D216,RING,10,30.15,2025-08-15,EA,EA
ERC-PO-25012,INTERNATIONAL AERO ENGINES,2025-08-22,Royal Aircraft Maintenance Company DWC LLC,USD,Draft,2A2256,"METAL RING, 6380DX.040X.040",16,181.7,2025-08-22,EA,EA
ERC-PO-25012,INTERNATIONAL AERO ENGINES,2025-08-22,Royal Aircraft Maintenance Company DWC LLC,USD,Draft,2A1226,GASKET OPTION,40,115,2025-08-22,EA,EA
ERC-PO-25012,ACE HARDWARE,2025-08-26,Royal Aircraft Maintenance Company DWC LLC,USD,Draft,VAT,VAT,2,5.82,2025-08-26,EA,EA
ERC-PO-25012,ACE HARDWARE,2025-08-26,Royal Aircraft Maintenance Company DWC LLC,USD,Draft,GHG20-63,HEAT GUN,2,116.44,2025-08-26,EA,EA
ERC-PO-25012,"1st Class Air Services, INC.",2024-10-11,Royal Aircraft Maintenance Company DWC LLC,USD,Draft,INTL WIRE FEE,INTERNATIONAL WIRE FEE,1,50,2024-10-09,EA,EA
ERC-PO-25012,"1st Class Air Services, INC.",2024-10-11,Royal Aircraft Maintenance Company DWC LLC,USD,Draft,8TJ146AAP1,TRANSMITTER OIL,1,1600,2024-10-09,EA,EA
ERC-PO-25012,"GA TELESIS, LLC",2024-10-14,Royal Aircraft Maintenance Company DWC LLC,USD,Draft,HG2030AE23,ADIRU,1,49500,2024-10-09,EA,EA
ERC-PO-25012,CFM INTERNATIONAL,2024-10-14,Royal Aircraft Maintenance Company DWC LLC,USD,Draft,2050M55P01,BUSHING,180,127.75,2024-10-14,EA,EA
ERC-PO-25012,AERFIN,2024-10-15,Royal Aircraft Maintenance Company DWC LLC,USD,Draft,HG2030BE03,ADIRU,1,350000,2024-10-15,EA,EA
ERC-PO-25012,Next Level Aviation,2024-10-15,Royal Aircraft Maintenance Company DWC LLC,USD,Draft,930-2000-001,TRANSCEIVER,1,200000,2024-10-15,EA,EA
ERC-PO-25012,PROPONENT,2025-08-13,Royal Aircraft Maintenance Company DWC LLC,USD,Draft,M83248/1-216,O-RING,13,2.49,2025-08-13,EA,EA
ERC-PO-25012,PROPONENT,2025-08-13,Royal Aircraft Maintenance Company DWC LLC,USD,Draft,S700M0986,GASKET,10,130.63,2025-08-13,EA,EA
ERC-PO-25012,PROPONENT,2025-08-13,Royal Aircraft Maintenance Company DWC LLC,USD,Draft,AS3209-153,O-RING,13,2.96,2025-08-13,EA,EA
ERC-PO-25012,PROPONENT,2025-08-13,Royal Aircraft Maintenance Company DWC LLC,USD,Draft,AS3208-08,Packing,10,3.43,2025-08-13,EA,EA
ERC-PO-25012,PROPONENT,2025-08-13,Royal Aircraft Maintenance Company DWC LLC,USD,Draft,AS43013-214,RING-SEALING,11,2.95,2025-08-13,EA,EA
ERC-PO-25012,PROPONENT,2025-08-13,Royal Aircraft Maintenance Company DWC LLC,USD,Draft,MS9966-06,PACKING,10,3.82,2025-08-13,EA,EA
ERC-PO-25012,PROPONENT,2025-08-13,Royal Aircraft Maintenance Company DWC LLC,USD,Draft,AS43013-120,RING-SEALING,17,2,2025-08-13,EA,EA
ERC-PO-25012,PROPONENT,2025-08-13,Royal Aircraft Maintenance Company DWC LLC,USD,Draft,AS43013-112,PACKING,10,2.67,2025-08-13,EA,EA
ERC-PO-25012,PROPONENT,2025-08-13,Royal Aircraft Maintenance Company DWC LLC,USD,Draft,AS3209-119,PACKING,23,1.43,2025-08-13,EA,EA
ERC-PO-25012,PROPONENT,2025-08-13,Royal Aircraft Maintenance Company DWC LLC,USD,Draft,AS3209-122,PACKING,20,1.88,2025-08-13,EA,EA
ERC-PO-25011,MEMORIX ELEKTRONIK,2024-10-15,Royal Aircraft Maintenance Company DWC LLC,USD,Draft,OMNIDRIVE USB2 LF,SB ATA FLASH/SRAM/LINEAR FLASH PC CARD READER,1,490,2024-10-09,EA,EA
ERC-PO-25011,East Air Corp,2024-10-15,Royal Aircraft Maintenance Company DWC LLC,USD,Draft,63292070-4,"VALVE OUTLINE, FAN AIR MODULATING",1,178100,2024-10-15,EA,EA
ERC-PO-25011,FAVIA INTERNATIONAL,2024-10-16,Royal Aircraft Maintenance Company DWC LLC,USD,Draft,8084040H,VALVE,1,4500,2024-10-30,EA,EA
ERC-PO-25011,GLOBAL AVIATION RESOURCES,2024-10-16,Royal Aircraft Maintenance Company DWC LLC,USD,Draft,HG2040AD03,SAARU,1,275000,2024-10-16,EA,EA
ERC-PO-25011,DUBUDAT AEROSPACE,2025-08-05,Royal Aircraft Maintenance Company DWC LLC,USD,Draft,856A1471G02,LPT SUPPORT BRACKET SET,1,1200,2025-08-05,EA,EA
ERC-PO-25011,DUBUDAT AEROSPACE,2025-08-05,Royal Aircraft Maintenance Company DWC LLC,USD,Draft,856A2645G07,BEAM -  LIFTVAR CG ENG,1,19300,2025-08-05,EA,EA
ERC-PO-25011,DUBUDAT AEROSPACE,2025-08-05,Royal Aircraft Maintenance Company DWC LLC,USD,Draft,856A1421G01,FIXT. LIFT HPC STATOR CASE,1,2100,2025-08-05,EA,EA
ERC-PO-25011,DUBUDAT AEROSPACE,2025-08-05,Royal Aircraft Maintenance Company DWC LLC,USD,Draft,856A1084G04,HAND OPERATED VSV ACTUATOR HYDRAULIC CART,1,3001,2025-08-05,EA,EA
ERC-PO-25006,HEICO PARTS GROUP,2024-10-17,Royal Aircraft Maintenance Company DWC LLC,USD,Draft,KT9283M41P04,NUT,24,35.8,2024-10-15,EA,EA
ERC-PO-25006,AVIALL SERVICES INC,2025-07-09,Royal Aircraft Maintenance Company DWC LLC,USD,Draft,336-014-902-0,SEAL-RING,2,803,2025-07-09,EA,EA
ERC-PO-25010,HEICO PARTS GROUP,2024-10-17,Royal Aircraft Maintenance Company DWC LLC,USD,Draft,JA9211M39G02,BUSHING-SHROUD,76,52,2024-10-15,EA,EA
ERC-PO-25010,HEICO PARTS GROUP,2024-10-17,Royal Aircraft Maintenance Company DWC LLC,USD,Draft,JA9206M79P03,WASHER,58,27,2024-10-15,EA,EA
ERC-PO-25010,HEICO PARTS GROUP,2024-10-17,Royal Aircraft Maintenance Company DWC LLC,USD,Draft,JA9206M79P02,WASHER,96,28.99,2024-10-15,EA,EA
ERC-PO-25010,HEICO PARTS GROUP,2024-10-17,Royal Aircraft Maintenance Company DWC LLC,USD,Draft,JA9206M79P01,WASHER,110,34.33,2024-10-15,EA,EA
ERC-PO-25010,AVIALL SERVICES INC,2025-07-29,Royal Aircraft Maintenance Company DWC LLC,USD,Draft,336-030-302-0,SKIN FILLET FWD,20,114.25,2025-07-29,EA,EA
ERC-PO-25010,AVIALL SERVICES INC,2025-07-29,Royal Aircraft Maintenance Company DWC LLC,USD,Draft,336-550-102-0,SHIM,10,306.5,2025-07-29,EA,EA
ERC-PO-25010,AVIALL SERVICES INC,2025-07-29,Royal Aircraft Maintenance Company DWC LLC,USD,Draft,AS3209-029,O-RING,50,0.52,2025-07-29,EA,EA
ERC-PO-25010,AVIALL SERVICES INC,2025-07-29,Royal Aircraft Maintenance Company DWC LLC,USD,Draft,336-018-602-0,PLUG,100,9.25,2025-07-29,EA,EA
ERC-PO-25009,BOEING FLEET,2024-10-17,Royal Aircraft Maintenance Company DWC LLC,USD,Draft,141T4801-59,Window assy,1,31623,2024-10-17,EA,EA
ERC-PO-25009,BOEING FLEET,2024-10-17,Royal Aircraft Maintenance Company DWC LLC,USD,Draft,BACB30VT5HK4,BOLT,100,2.09,2024-10-02,EA,EA
ERC-PO-25009,CFM INTERNATIONAL,2025-07-29,Royal Aircraft Maintenance Company DWC LLC,USD,Draft,9111M35P07,"SCREW-SOCKET HEAD (6,6G)",25,83.5,2025-07-29,EA,EA
ERC-PO-25009,CFM INTERNATIONAL,2025-07-29,Royal Aircraft Maintenance Company DWC LLC,USD,Draft,649-781-725-0,"BOLT,",20,46.25,2025-07-29,EA,EA
ERC-PO-25008,CFM INTERNATIONAL,2024-10-17,Royal Aircraft Maintenance Company DWC LLC,USD,Draft,J815P020A,BOLT-SHEAR DBL HEX HD,25,35.75,2024-10-15,EA,EA
ERC-PO-25008,CFM INTERNATIONAL,2024-10-17,Royal Aircraft Maintenance Company DWC LLC,USD,Draft,J1494P07D,BOLT MACH DBL HEX HD,80,8.25,2024-10-15,EA,EA
ERC-PO-25008,SILMID,2025-07-24,Royal Aircraft Maintenance Company DWC LLC,USD,Draft,DELIVERY CHARGES,DELIVERY,1,47,2025-07-24,EA,EA
ERC-PO-25008,SILMID,2025-07-24,Royal Aircraft Maintenance Company DWC LLC,USD,Draft,LOCTITE ABLESTIK 104 RR,LOCTITE ABLESTIK 104 EPOXY ADHESIVE A/B RR,1,485.32,2025-07-24,EA,EA
ERC-PO-25007,SAFARI AVIATION SERVICES FZE,2025-08-25,Royal Aircraft Maintenance Company DWC LLC,USD,Draft,ZOK 27 RTU,GAS TURBINE WASHING FLUID,2,545.68,2025-08-25,PL,PL
ERC-PO-25007,"PTS Aviation, LLC",2025-07-22,Royal Aircraft Maintenance Company DWC LLC,USD,Draft,338-092-218-0,LPT MODULE,1,890000,2025-07-22,EA,EA
ERC-PO-25005,SAFARI AVIATION SERVICES FZE,2025-08-25,Royal Aircraft Maintenance Company DWC LLC,USD,Draft,MO3316,LPS3 RUST INHIBITOR 380ML,3,18.77,2025-08-25,CAN,CAN
ERC-PO-25005,AVIALL,2025-07-08,Royal Aircraft Maintenance Company DWC LLC,USD,Draft,325241-10,PACKING,15,17.74,2025-07-08,EA,EA
PO-24-5595,CFM INTERNATIONAL,2024-10-17,Aeroparts AOG DWC LLC,USD,Draft,J644P14D,BOLT-MACH DBL HEX HD,50,16.25,2024-10-15,EA,EA
PO-24-5596,"Mitchell Aircraft, LLC",2024-10-17,Aeroparts AOG DWC LLC,USD,Draft,9381M62P04,BUSHING-SPACER,3,66.67,2024-10-15,EA,EA
PO-24-5597,CFM INTERNATIONAL,2024-10-17,Aeroparts AOG DWC LLC,USD,Draft,2050M55P02,BUSHING,50,141,2024-10-17,EA,EA
PO-24-5598,ASL AEROSPACE,2024-10-17,Aeroparts AOG DWC LLC,USD,Draft,INTL WIRE FEE,INTERNATIONAL WIRE FEE,1,35,2024-10-09,EA,EA
PO-24-5598,ASL AEROSPACE,2024-10-17,Aeroparts AOG DWC LLC,USD,Draft,HAZMAT,HAZMAT CHARGES,1,150,2024-10-09,EA,EA
PO-24-5598,ASL AEROSPACE,2024-10-17,Aeroparts AOG DWC LLC,USD,Draft,2100-1020-02,COCKPIT VOICE RECORDER,1,8500,2024-10-09,EA,EA
PO-24-5599,AVSALES CORPORATION,2024-10-17,Aeroparts AOG DWC LLC,USD,Draft,2312M35-2,CONVERTER,1,2950,2024-10-09,EA,EA
PO-24-5600,BOEING FLEET,2024-10-18,Aeroparts AOG DWC LLC,USD,Draft,313W5808-3,SEAL,5,1907,2024-10-16,EA,EA
PO-24-5601,BOEING FLEET,2024-10-18,Aeroparts AOG DWC LLC,USD,Draft,113W9389Y2,SEAL,1,1018,2024-10-18,EA,EA
PO-24-5602,CASP AEROSPACE,2024-10-18,Aeroparts AOG DWC LLC,USD,Draft,30H673,PORTABLE FIRE EXTINGUISHER,4,1013.5,2024-10-09,EA,EA
PO-24-5603,BOEING FLEET,2024-10-18,Aeroparts AOG DWC LLC,USD,Draft,BACB30YP6K22,BOLT,17,12.54,2024-10-15,EA,EA
PO-24-5604,BOEING FLEET,2024-10-21,Aeroparts AOG DWC LLC,USD,Draft,5446500-001,COUPLER,1,3783,2024-10-21,EA,EA
PO-24-5606,"GA TELESIS, LLC",2024-10-21,Aeroparts AOG DWC LLC,USD,Draft,1775M39P05,BUSHING,6,35,2024-10-15,EA,EA
PO-24-5607,BENCHMARK CONNECTOR CORPORATION,2024-10-21,Aeroparts AOG DWC LLC,USD,Draft,FZH6K22-14P3,PLUG,20,712.3,2024-10-16,EA,EA
PO-24-5608,BOEING FLEET,2024-10-21,Aeroparts AOG DWC LLC,USD,Draft,J816P086A,BOLT,10,87,2024-10-15,EA,EA
PO-24-5609,AIRCRAFT TRADING INC,2024-10-25,Aeroparts AOG DWC LLC,USD,Draft,INTL WIRE FEE,INTERNATIONAL WIRE FEE,1,60,2024-10-25,EA,EA
PO-24-5609,AIRCRAFT TRADING INC,2024-10-25,Aeroparts AOG DWC LLC,USD,Draft,CUSTOMS PROCESSING FEE,CUSTOMS PROCESSING FEE,1,13,2024-10-25,EA,EA
PO-24-5609,AIRCRAFT TRADING INC,2024-10-25,Aeroparts AOG DWC LLC,USD,Draft,2315M20-3,WIPER BLADE,4,785,2024-10-25,EA,EA
PO-24-5610,AVIOPARTS,2024-10-22,Aeroparts AOG DWC LLC,USD,Draft,DR29628T,TIRE H44.5x16.5-21 28PR 225mph,50,2200,2024-10-08,EA,EA
PO-24-5611,Matty Aviation,2024-10-22,Aeroparts AOG DWC LLC,USD,Draft,123,TESTING,2,0,2024-10-22,EA,EA
PO-24-5612,CFM INTERNATIONAL,2024-10-22,Aeroparts AOG DWC LLC,USD,Draft,P394P04,BLADE STG4,2,1070,2024-11-15,EA,EA
PO-24-5613,JMS AG,2024-10-23,Aeroparts AOG DWC LLC,USD,Draft,VP PACKING,PACKING,1,50,2024-10-23,EA,EA
PO-24-5613,JMS AG,2024-10-23,Aeroparts AOG DWC LLC,USD,Draft,J-TOW737-C-T,TOWBAR FOR BOEING 737 FLY-AWAY,1,4910,2024-10-23,EA,EA
PO-24-5614,JACKSON TRADING LLC,2024-10-23,Aeroparts AOG DWC LLC,USD,Draft,COFFEE DWC,COFFEE DWC,1,317.28,2024-10-23,EA,EA
PO-24-5616,Matty Aviation,2024-10-24,Aeroparts AOG DWC LLC,USD,Draft,HANDLING FEE,Handling Fee,1,125,2024-10-24,EA,EA
PO-24-5616,Matty Aviation,2024-10-24,Aeroparts AOG DWC LLC,USD,Draft,025-1157-001,CAP,1,800,2024-10-24,EA,EA
PO-24-5616,Matty Aviation,2024-10-24,Aeroparts AOG DWC LLC,USD,Draft,024147-000,BATTERY UNIT,3,2900,2024-10-24,EA,EA
PO-24-5617,Pacific Air Industries,2024-10-24,Aeroparts AOG DWC LLC,USD,Draft,9607M05P52,PACKING,1,154.35,2024-10-15,EA,EA
PO-24-5618,AERORENIX TECHNIC AVIATION LTD.,2024-10-24,Aeroparts AOG DWC LLC,USD,Draft,40885-7,FUEL CONTROL UNIT,1,3600,2024-10-31,EA,EA
PO-24-5619,AEROSOL INTERNATIONAL,2024-10-24,Aeroparts AOG DWC LLC,USD,Draft,VAT,VAT,1,52.95,2024-10-24,EA,EA
PO-24-5619,AEROSOL INTERNATIONAL,2024-10-24,Aeroparts AOG DWC LLC,USD,Draft,EASTMAN TURBO OIL 2380,OIL,3,352.79,2024-10-24,EA,EA
PO-24-5620,Matty Aviation,2024-10-25,Aeroparts AOG DWC LLC,USD,Draft,0123FA2A,DETECTOR,1,50,2024-10-25,EA,EA
PO-24-5621,BOEING FLEET,2024-10-25,Aeroparts AOG DWC LLC,USD,Draft,F039WWBCAC,LAMP,2,496,2024-10-08,PK,PK
PO-24-5622,PROPONENT,2024-10-25,Aeroparts AOG DWC LLC,USD,Draft,F18T5CWRS,LAMP,75,4.1,2024-10-08,EA,EA
PO-24-5623,AEROSOL INTERNATIONAL,2024-10-28,Aeroparts AOG DWC LLC,USD,Draft,VAT,VAT,1,18.78,2024-10-28,EA,EA
PO-24-5623,AEROSOL INTERNATIONAL,2024-10-28,Aeroparts AOG DWC LLC,USD,Draft,EASTMAN TURBO OIL 2380,OIL,24,15.65,2024-10-28,QT,QT
PO-24-5624,BOEING DISTRIBUTION SERVICES,2024-10-30,Aeroparts AOG DWC LLC,USD,Draft,MS20426D3-4,RIVET,2000,0.02,2024-11-06,EA,EA
PO-24-5625,INVENTORY LOCATORY SERVICE LLC,2024-10-30,Aeroparts AOG DWC LLC,USD,Draft,1343887,ILS MONTHLY PAY,1,101.99,2024-10-30,EA,EA
PO-24-5626,INVENTORY LOCATORY SERVICE LLC,2024-10-30,Aeroparts AOG DWC LLC,USD,Draft,1351620,ILS MONTHLY PAY,1,108.99,2024-10-30,EA,EA
PO-24-5627,Air Station Aviation,2024-10-31,Aeroparts AOG DWC LLC,USD,Draft,INTL WIRE FEE,INTERNATIONAL WIRE FEE,1,40,2024-11-20,EA,EA
PO-24-5627,Air Station Aviation,2024-10-31,Aeroparts AOG DWC LLC,USD,Draft,1316200-3,BRAKE METERING VALVE,1,1450,2024-11-20,EA,EA
PO-24-5629,BOEING FLEET,2024-11-01,Aeroparts AOG DWC LLC,USD,Draft,BACJ40E20-38,BONDING JUMPER,2,53.48,2024-10-09,EA,EA
PO-24-5630,PROPONENT,2024-11-01,Aeroparts AOG DWC LLC,USD,Draft,FCT39-3-4,BUSHING,5,73.33,2024-10-09,EA,EA
PO-24-5631,B&W AVIATION,2024-11-01,Aeroparts AOG DWC LLC,USD,Draft,2-1684,BRAKE ASSY-MLG,2,60000,2024-11-01,EA,EA
PO-24-5632,BOEING DISTRIBUTION SERVICES,2024-11-04,Aeroparts AOG DWC LLC,USD,Draft,MS21921-10J,"NUT, SLEEVE COUPLING",10,18.77,2024-11-04,EA,EA
PO-24-5633,WESTERN AMERICAN SPECIALTIES,2024-11-04,Aeroparts AOG DWC LLC,USD,Draft,M23053/12-234-C,HEAT SHRINKABLE SLEEVE,1,4897.1,2024-11-04,EA,EA
PO-24-5633,WESTERN AMERICAN SPECIALTIES,2024-11-04,Aeroparts AOG DWC LLC,USD,Draft,M23053/12-233-C,HEAT SHRINKABLE SLEEVE,1,1389.3,2024-11-04,EA,EA
PO-24-5634,"Maximum Turbine Support,Inc",2024-11-04,Aeroparts AOG DWC LLC,USD,Draft,9211M39G01,BUSHING-SHROUD,34,40,2024-10-15,EA,EA
PO-24-5635,BOEING DISTRIBUTION SERVICES,2024-11-05,Aeroparts AOG DWC LLC,USD,Draft,NAS6704HU23,BOLT,50,8.49,2024-11-05,EA,EA
PO-24-5635,BOEING DISTRIBUTION SERVICES,2024-11-05,Aeroparts AOG DWC LLC,USD,Draft,DAN7-8-3,HI-LOCK,20,6.88,2024-11-05,EA,EA
PO-24-5635,BOEING DISTRIBUTION SERVICES,2024-11-05,Aeroparts AOG DWC LLC,USD,Draft,NAS1154V6D,SCREW,100,6.9,2024-11-05,EA,EA
PO-24-5635,BOEING DISTRIBUTION SERVICES,2024-11-05,Aeroparts AOG DWC LLC,USD,Draft,NAS6704HU25,BOLT,40,7.51,2024-11-05,EA,EA
PO-24-5636,UNICAL AVIATION,2024-11-06,Aeroparts AOG DWC LLC,USD,Draft,D5288024600001,"FITTING ASSY FWD, MLG (LH)",1,5250,2024-11-05,EA,EA
PO-24-5637,PROPONENT,2024-11-06,Aeroparts AOG DWC LLC,USD,Draft,NSA8218-03,SEAL,100,3.28,2024-11-05,EA,EA
PO-24-5637,PROPONENT,2024-11-06,Aeroparts AOG DWC LLC,USD,Draft,AN960C416L,WASHER-FLAT,100,0.94,2024-11-05,EA,EA
PO-24-5637,PROPONENT,2024-11-06,Aeroparts AOG DWC LLC,USD,Draft,NSA5060C4,NUT,10,4.73,2024-11-05,EA,EA
PO-24-5638,BOEING DISTRIBUTION SERVICES,2024-11-07,Aeroparts AOG DWC LLC,USD,Draft,RTV 157 GREY,HIGH STRENGTH SILICONE GREY,2,87.33,2024-11-07,EA,EA
PO-24-5639,DSC TRADING LLC,2024-11-07,Aeroparts AOG DWC LLC,USD,Draft,802465,PLATE ASSY-BASE,5,125,2024-11-06,EA,EA
PO-24-5640,BOEING FLEET,2024-11-07,Aeroparts AOG DWC LLC,USD,Draft,BACC18AC10,CIRCUIT BREAKER,5,193.54,2024-10-10,EA,EA
PO-24-5641,BOEING FLEET,2024-11-08,Aeroparts AOG DWC LLC,USD,Draft,BACJ40AC45-6,JUMPER ASSY,10,16.18,2024-11-08,EA,EA
PO-24-5641,BOEING FLEET,2024-11-08,Aeroparts AOG DWC LLC,USD,Draft,3179287-2,FILTER,1,2439,2024-11-08,EA,EA
PO-24-5642,"GA TELESIS, LLC",2024-11-11,Aeroparts AOG DWC LLC,USD,Draft,3181274-2,SWITCH,1,2000,2024-11-11,EA,EA
PO-24-5643,PROPONENT,2024-11-11,Aeroparts AOG DWC LLC,USD,Draft,NSA8203-132,ORING,50,4.96,2024-11-11,EA,EA
PO-24-5644,SAFARI AVIATION SERVICES FZE,2024-11-12,Aeroparts AOG DWC LLC,USD,Draft,VAT,VAT,1,56.65,2024-11-12,EA,EA
PO-24-5644,SAFARI AVIATION SERVICES FZE,2024-11-12,Aeroparts AOG DWC LLC,USD,Draft,CUSTOMS PROCESSING FEE,CUSTOMS PROCESSING FEE,1,35.33,2024-11-12,EA,EA
PO-24-5644,SAFARI AVIATION SERVICES FZE,2024-11-12,Aeroparts AOG DWC LLC,USD,Draft,HEALTH,CERTIFICATE,1,42.8,2024-11-12,EA,EA
PO-24-5644,SAFARI AVIATION SERVICES FZE,2024-11-12,Aeroparts AOG DWC LLC,USD,Draft,P11-3,"ALUMINUM FOIL TAPE 3"" X 60 YRD",3,71.85,2024-11-12,RL,RL
PO-24-5644,SAFARI AVIATION SERVICES FZE,2024-11-12,Aeroparts AOG DWC LLC,USD,Draft,TURBONYCOIL600,TURBINE ENGINE OIL,24,38.23,2024-11-12,QT,QT
PO-24-5645,AEROSOL INTERNATIONAL,2024-11-12,Aeroparts AOG DWC LLC,USD,Draft,VAT,VAT,1,427.5,2024-11-12,EA,EA
PO-24-5645,AEROSOL INTERNATIONAL,2024-11-12,Aeroparts AOG DWC LLC,USD,Draft,MOBILE JET OIL II,MOBILE JET OIL II,480,17.81,2024-11-12,QT,QT
PO-24-5646,BOEING FLEET,2024-11-18,Aeroparts AOG DWC LLC,USD,Draft,624EN334-R,SWITCH,1,2177,2024-11-18,EA,EA
PO-24-5646,BOEING FLEET,2024-11-18,Aeroparts AOG DWC LLC,USD,Draft,BACB30LM3H32,BOLT,100,2.64,2024-11-18,EA,EA
PO-24-5647,BOEING FLEET,2024-11-19,Aeroparts AOG DWC LLC,USD,Draft,7715206-1,PAWL,5,213.3,2024-10-16,EA,EA
PO-24-5648,SAFARI AVIATION SERVICES FZE,2024-11-19,Aeroparts AOG DWC LLC,USD,Draft,VAT,VAT,1,7.48,2024-11-19,EA,EA
PO-24-5648,SAFARI AVIATION SERVICES FZE,2024-11-19,Aeroparts AOG DWC LLC,USD,Draft,CUSTOMS PROCESSING FEE,CUSTOMS PROCESSING FEE,1,44.62,2024-11-19,EA,EA
PO-24-5648,SAFARI AVIATION SERVICES FZE,2024-11-19,Aeroparts AOG DWC LLC,USD,Draft,AOG,FEES,1,149.69,2024-11-19,EA,EA
PO-24-5648,SAFARI AVIATION SERVICES FZE,2024-11-19,Aeroparts AOG DWC LLC,USD,Draft,PR1422B1-2-6OZ,SEALANT,1,111.08,2024-11-19,EA,EA
PO-24-5648,SAFARI AVIATION SERVICES FZE,2024-11-19,Aeroparts AOG DWC LLC,USD,Draft,PR1440B1-2-6OZ,SEALANT,5,88.39,2024-11-19,EA,EA
PO-24-5648,SAFARI AVIATION SERVICES FZE,2024-11-19,Aeroparts AOG DWC LLC,USD,Draft,PR1440B2-6OZ,SEALANT,4,84.83,2024-11-19,EA,EA
PO-24-5649,BOEING FLEET,2024-11-19,Aeroparts AOG DWC LLC,USD,Draft,A35299,PACKING,50,8.86,2024-10-10,EA,EA
PO-24-5650,AVIALL,2024-11-19,Aeroparts AOG DWC LLC,USD,Draft,68-1357,PACKING,100,13.68,2024-10-10,EA,EA
PO-24-5651,CFM INTERNATIONAL,2024-11-20,Aeroparts AOG DWC LLC,USD,Draft,2002M71G01,"SHIELD, HEAT",24,1791,2024-11-20,EA,EA
PO-24-5652,WENCOR,2024-11-21,Aeroparts AOG DWC LLC,USD,Draft,EN6114V5Y15,BOLT,75,2.38,2024-11-21,EA,EA
PO-24-5653,GLOBAL AVIATION RESOURCES,2024-11-21,Aeroparts AOG DWC LLC,USD,Draft,HG2050AC11,ADIRU,1,65000,2024-11-21,EA,EA
PO-24-5654,"GA TELESIS, LLC",2024-11-21,Aeroparts AOG DWC LLC,USD,Draft,NAS6707U19,BOLT,21,40,2024-11-21,EA,EA
PO-24-5655,SAFARI AVIATION SERVICES FZE,2024-11-21,Aeroparts AOG DWC LLC,USD,Draft,TURBONYCOIL600,TURBINE ENGINE OIL,96,38.23,2024-11-21,EA,EA
PO-24-5656,SCORPION AERO SOLUTIONS,2024-11-21,Aeroparts AOG DWC LLC,USD,Draft,4305990080,BRAKE SENSOR,2,1300,2024-11-21,EA,EA
PO-24-5657,BOEING FLEET,2024-11-21,Aeroparts AOG DWC LLC,USD,Draft,3937251-1,Pipe assy,1,1641,2024-11-21,EA,EA
PO-24-5658,AVIALL SERVICES INC,2024-11-26,Aeroparts AOG DWC LLC,USD,Draft,1C7003-41ABE,COVER,4,1133.58,2024-12-03,EA,EA
PO-24-5659,BOEING FLEET,2024-11-27,Aeroparts AOG DWC LLC,USD,Draft,J490P04,NUT,10,24.84,2024-10-15,EA,EA
PO-24-5661,CFM INTERNATIONAL,2024-11-27,Aeroparts AOG DWC LLC,USD,Draft,2949M03P01,"LOCK,BLADE STAGE 9",8,600,2024-11-27,EA,EA
PO-24-5662,JMS AG,2024-11-28,Aeroparts AOG DWC LLC,USD,Draft,J-AXLE12HPA,JACK AXLE,1,2780,2024-11-28,EA,EA
PO-24-5663,AVIALL,2024-11-28,Aeroparts AOG DWC LLC,USD,Draft,56-1050,RETAINING GREASE,3,139.9,2024-11-28,EA,EA
PO-24-5663,AVIALL,2024-11-28,Aeroparts AOG DWC LLC,USD,Draft,39-164,SEAL,5,230.78,2024-11-28,EA,EA
PO-24-5663,AVIALL,2024-11-28,Aeroparts AOG DWC LLC,USD,Draft,43-1486,BOLT,8,407.24,2024-11-28,EA,EA
PO-24-5663,AVIALL,2024-11-28,Aeroparts AOG DWC LLC,USD,Draft,63-533,NUT,150,76.46,2024-11-28,EA,EA
PO-24-5663,AVIALL,2024-11-28,Aeroparts AOG DWC LLC,USD,Draft,TR756-02,STEM,5,188.08,2024-11-28,EA,EA
PO-24-5665,SAFARI AVIATION SERVICES FZE,2024-11-28,Aeroparts AOG DWC LLC,USD,Draft,CUSTOMS PROCESSING FEE,CUSTOMS PROCESSING FEE,1,35.33,2024-11-28,EA,EA
PO-24-5665,SAFARI AVIATION SERVICES FZE,2024-11-28,Aeroparts AOG DWC LLC,USD,Draft,VAT,VAT,1,25.8,2024-11-28,EA,EA
PO-24-5665,SAFARI AVIATION SERVICES FZE,2024-11-28,Aeroparts AOG DWC LLC,USD,Draft,PR1440B1-2-6OZ,SEALANT,2,88.39,2024-11-28,EA,EA
PO-24-5665,SAFARI AVIATION SERVICES FZE,2024-11-28,Aeroparts AOG DWC LLC,USD,Draft,PR1440B2-6OZ,SEALANT,4,84.83,2024-11-28,EA,EA
PO-24-5666,AEROSOL INTERNATIONAL,2024-11-28,Aeroparts AOG DWC LLC,USD,Draft,VAT,VAT,1,320.87,2024-11-28,EA,EA
PO-24-5666,AEROSOL INTERNATIONAL,2024-11-28,Aeroparts AOG DWC LLC,USD,Draft,MOBILE JET OIL II,MOBILE JET OIL II,360,17.83,2024-11-28,EA,EA
PO-24-5667,AERORENIX TECHNIC AVIATION LTD.,2024-11-29,Aeroparts AOG DWC LLC,USD,Draft,904800-01,ACTUATOR,1,6000,2024-12-06,EA,EA
PO-24-5668,BOEING DISTRIBUTION SERVICES,2024-12-02,Aeroparts AOG DWC LLC,USD,Draft,MS21921-10J,"NUT, SLEEVE COUPLING",10,18.77,2024-12-02,EA,EA
PO-24-5669,Grove Aviation Services,2024-12-03,Aeroparts AOG DWC LLC,USD,Draft,A61545-001,SERVO VALVE,1,1600,2024-11-06,EA,EA
PO-24-5670,INVENTORY LOCATORY SERVICE LLC,2024-12-04,Aeroparts AOG DWC LLC,USD,Draft,ILS002835,ILS MONTHLY PAY,1,1,2024-12-04,EA,EA
PO-24-5670,INVENTORY LOCATORY SERVICE LLC,2024-12-04,Aeroparts AOG DWC LLC,USD,Draft,ILS002834,ILS MONTHLY PAY,1,109.51,2024-12-04,EA,EA
PO-24-5671,EMTECH COMPUTER CO LLC,2024-12-04,Aeroparts AOG DWC LLC,USD,Draft,INV NO-77849,INV NO-77849,1,1288.18,2024-12-04,EA,EA
PO-24-5671,EMTECH COMPUTER CO LLC,2024-12-04,Aeroparts AOG DWC LLC,USD,Draft,INV NO-77290,INV NO-77290,1,1204.26,2024-12-04,EA,EA
PO-24-5671,EMTECH COMPUTER CO LLC,2024-12-04,Aeroparts AOG DWC LLC,USD,Draft,INV NO-76855,INV NO-76855,1,1203.78,2024-12-04,EA,EA
PO-24-5671,EMTECH COMPUTER CO LLC,2024-12-04,Aeroparts AOG DWC LLC,USD,Draft,INV NO-76399,INV NO-76399,1,1168.69,2024-12-04,EA,EA
PO-24-5672,WENCOR,2024-12-04,Aeroparts AOG DWC LLC,USD,Draft,M25988-3-010,O-RING,200,1.02,2024-12-09,EA,EA
PO-24-5673,BOEING FLEET,2024-12-04,Aeroparts AOG DWC LLC,USD,Draft,143A5240-64,BREAK ASSY,3,2580,2024-12-04,EA,EA
PO-24-5673,BOEING FLEET,2024-12-04,Aeroparts AOG DWC LLC,USD,Draft,143A5240-63,BREAK ASSY,3,2667,2024-12-04,EA,EA
PO-24-5674,CFM INTERNATIONAL,2024-12-05,Aeroparts AOG DWC LLC,USD,Draft,1359M89P01,SEAL,50,104.5,2024-11-12,EA,EA
PO-24-5674,CFM INTERNATIONAL,2024-12-05,Aeroparts AOG DWC LLC,USD,Draft,J221P117,PACKING-PREFORMED O-RING,100,2.3,2024-11-12,EA,EA
PO-24-5675,HEICO PARTS GROUP,2024-12-05,Aeroparts AOG DWC LLC,USD,Draft,J979P06QQ,NUT,54,36,2024-10-15,EA,EA
PO-24-5676,D-Safe Cabinets,2024-12-06,Aeroparts AOG DWC LLC,USD,Draft,SC0090Y,FLAMMABLE STORAGE SAFETY CABINET,2,1198.37,2024-12-06,EA,EA
PO-24-5677,CFM INTERNATIONAL,2024-12-06,Aeroparts AOG DWC LLC,USD,Draft,2564M15G01,"SEAL,STAGE 3 COMPRESSOR STATOR",5,2591,2024-12-13,EA,EA
PO-24-5677,CFM INTERNATIONAL,2024-12-06,Aeroparts AOG DWC LLC,USD,Draft,2564M15G02,SEAL STAGE 3 COMPRESSOR STATOR,8,2605,2024-12-13,EA,EA
PO-24-5678,CFM INTERNATIONAL,2024-12-09,Aeroparts AOG DWC LLC,USD,Draft,2564M19G02,SEAL STAGE 2 COMPRESSOR STATOR,6,2372,2024-12-09,EA,EA
PO-24-5679,CFM INTERNATIONAL,2024-12-10,Aeroparts AOG DWC LLC,USD,Draft,J1493P05A,BOLT-MACH DBL HEX HD,190,4.05,2024-12-10,EA,EA
PO-24-5680,BOEING FLEET,2024-12-10,Aeroparts AOG DWC LLC,USD,Draft,65C30960-11,DUCT ASSY,1,15651,2024-12-20,EA,EA
PO-24-5681,SAFARI AVIATION SERVICES FZE,2024-12-10,Aeroparts AOG DWC LLC,USD,Draft,CUSTOMS PROCESSING FEE,CUSTOMS PROCESSING FEE,1,35.33,2024-12-10,EA,EA
PO-24-5681,SAFARI AVIATION SERVICES FZE,2024-12-10,Aeroparts AOG DWC LLC,USD,Draft,HEALTH,CERTIFICATE,1,14.27,2024-12-10,EA,EA
PO-24-5681,SAFARI AVIATION SERVICES FZE,2024-12-10,Aeroparts AOG DWC LLC,USD,Draft,VAT,VAT,1,24.13,2024-12-10,EA,EA
PO-24-5681,SAFARI AVIATION SERVICES FZE,2024-12-10,Aeroparts AOG DWC LLC,USD,Draft,PUR0GNEACTV4LB,CITRIC ACID ACTIVATOR 10200,1,225.21,2024-12-10,EA,EA
PO-24-5681,SAFARI AVIATION SERVICES FZE,2024-12-10,Aeroparts AOG DWC LLC,USD,Draft,SW-GSNG/GAL,Potable Tank Cleaner,1,93.69,2024-12-10,EA,EA
PO-24-5681,SAFARI AVIATION SERVICES FZE,2024-12-10,Aeroparts AOG DWC LLC,USD,Draft,PUR0GENEQT,PUROGENE SANITIZER AND DEODORIZER,1,163.67,2024-12-10,EA,EA
PO-24-5682,CFM INTERNATIONAL,2024-12-11,Aeroparts AOG DWC LLC,USD,Draft,P109P53,HPC BLADE -STAGE 9 LKG,10,717,2024-12-11,EA,EA
PO-24-5683,CFM INTERNATIONAL,2024-12-11,Aeroparts AOG DWC LLC,USD,Draft,9941M16P02,BUSHING,200,41,2024-12-11,EA,EA
PO-24-5685,CFM INTERNATIONAL,2024-12-11,Aeroparts AOG DWC LLC,USD,Draft,P264G07,"VANE SECTOR, S4",2,3457,2024-12-11,EA,EA
PO-24-5686,GLOBAL AVIATION RESOURCES,2024-12-11,Aeroparts AOG DWC LLC,USD,Draft,465020-03030316,AIR DATA AND INERTIAL REF UNIT,1,50000,2024-12-11,EA,EA
PO-24-5687,CFM INTERNATIONAL,2024-12-12,Aeroparts AOG DWC LLC,USD,Draft,338-118-304-0,RING-SECTOR SUPPORT,1,2439,2025-01-05,EA,EA
PO-24-5688,CFM INTERNATIONAL,2024-12-12,Aeroparts AOG DWC LLC,USD,Draft,2411M39P02,BEARING-BALL THRUST NO.3,1,40960,2024-12-12,EA,EA
PO-24-5689,Thameside Aero Spares Ltd,2024-12-13,Aeroparts AOG DWC LLC,USD,Draft,5937609-501,SEAL,2,150,2024-12-13,EA,EA
PO-24-5690,BOEING FLEET,2024-12-13,Aeroparts AOG DWC LLC,USD,Draft,143A5240-64,BREAK ASSY,2,2580,2024-12-13,EA,EA
PO-24-5690,BOEING FLEET,2024-12-13,Aeroparts AOG DWC LLC,USD,Draft,143A5240-63,BREAK ASSY,2,2667,2024-12-13,EA,EA
PO-24-5691,CFM INTERNATIONAL,2024-12-13,Aeroparts AOG DWC LLC,USD,Draft,2564M15G04,SEAL STAGE 3 COMPRESSOR STATOR,2,2539,2024-12-13,EA,EA
PO-24-5691,CFM INTERNATIONAL,2024-12-13,Aeroparts AOG DWC LLC,USD,Draft,2564M15G03,SEAL STAGE 3 COMPRESSOR STATOR,2,2539,2024-12-13,EA,EA
PO-24-5692,ROLLS ROYCE,2024-12-16,Aeroparts AOG DWC LLC,USD,Draft,1820154319,INVOICE RR,1,42855,2024-12-16,EA,EA
PO-24-5693,CFM INTERNATIONAL,2024-12-16,Aeroparts AOG DWC LLC,USD,Draft,2564M19G04,SEAL STAGE 2 COMPRESSOR STATOR,10,2351,2024-12-16,EA,EA
PO-24-5693,CFM INTERNATIONAL,2024-12-16,Aeroparts AOG DWC LLC,USD,Draft,2564M15G04,SEAL STAGE 3 COMPRESSOR STATOR,10,2539,2024-12-16,EA,EA
PO-24-5693,CFM INTERNATIONAL,2024-12-16,Aeroparts AOG DWC LLC,USD,Draft,2564M15G03,SEAL STAGE 3 COMPRESSOR STATOR,10,2539,2024-12-16,EA,EA
PO-24-5694,PILOT JOHN INTERNATONAL,2024-12-16,Aeroparts AOG DWC LLC,USD,Draft,KPC4-825-8,PITOT PROBE COVER,6,138.8,2024-12-16,EA,EA
PO-24-5694,PILOT JOHN INTERNATONAL,2024-12-16,Aeroparts AOG DWC LLC,USD,Draft,KPC4-480-325,PITOT PROBE COVER,12,99.09,2024-12-16,EA,EA
PO-24-5694,PILOT JOHN INTERNATONAL,2024-12-16,Aeroparts AOG DWC LLC,USD,Draft,FTC-102,PITOT PROBE COVER,7,77.98,2024-12-16,EA,EA
PO-24-5695,BOEING FLEET,2024-12-16,Aeroparts AOG DWC LLC,USD,Draft,315W5245-1,Fitting,2,785,2024-12-05,EA,EA
PO-24-5696,CFM INTERNATIONAL,2024-12-16,Aeroparts AOG DWC LLC,USD,Draft,649-412-305-0,CLAMP,30,87.5,2024-12-16,EA,EA
PO-24-5697,CFM INTERNATIONAL,2024-12-17,Aeroparts AOG DWC LLC,USD,Draft,J1431P08,"CLAMP, LOOP",25,55.75,2024-12-17,EA,EA
PO-24-5697,CFM INTERNATIONAL,2024-12-17,Aeroparts AOG DWC LLC,USD,Draft,9971M82P02,"RING, RETAINING",2,499.25,2024-12-17,EA,EA
PO-24-5698,CFM INTERNATIONAL,2024-12-17,Aeroparts AOG DWC LLC,USD,Draft,1663M70P02,RING-RETAINING KEYED,10,3656,2024-12-17,EA,EA
PO-24-5699,CFM INTERNATIONAL,2024-12-18,Aeroparts AOG DWC LLC,USD,Draft,1590M33P01,"LINK ASSY, S3",2,2536,2024-12-18,EA,EA
PO-24-5700,CFM INTERNATIONAL,2024-12-18,Aeroparts AOG DWC LLC,USD,Draft,2411M39P02,BEARING-BALL THRUST NO.3,1,40960,2024-12-18,EA,EA
PO-24-5701,DHL WORLDWIDE EXPRESS DUBAI LLC,2024-12-18,Aeroparts AOG DWC LLC,USD,Draft,D12861818,INVOICE NUMBER,1,13.32,2024-12-18,EA,EA
PO-24-5701,DHL WORLDWIDE EXPRESS DUBAI LLC,2024-12-18,Aeroparts AOG DWC LLC,USD,Draft,DXBR002449745,INVOICE NUMBER,1,113.02,2024-12-18,EA,EA
PO-24-5701,DHL WORLDWIDE EXPRESS DUBAI LLC,2024-12-18,Aeroparts AOG DWC LLC,USD,Draft,DXBIR01903786,INVOICE NUMBER,1,1369.44,2024-12-18,EA,EA
PO-24-5701,DHL WORLDWIDE EXPRESS DUBAI LLC,2024-12-18,Aeroparts AOG DWC LLC,USD,Draft,D12847678,INVOICE NUMBER,1,10.87,2024-12-18,EA,EA
PO-24-5701,DHL WORLDWIDE EXPRESS DUBAI LLC,2024-12-18,Aeroparts AOG DWC LLC,USD,Draft,DXBIR01899169,INVOICE NUMBER,1,2196.11,2024-12-18,EA,EA
PO-24-5701,DHL WORLDWIDE EXPRESS DUBAI LLC,2024-12-18,Aeroparts AOG DWC LLC,USD,Draft,D12810547,INVOICE NUMBER,1,4.35,2024-12-18,EA,EA
PO-24-5701,DHL WORLDWIDE EXPRESS DUBAI LLC,2024-12-18,Aeroparts AOG DWC LLC,USD,Draft,DXBIR01892234,INVOICE NUMBER,1,1992.8,2024-12-18,EA,EA
PO-24-5701,DHL WORLDWIDE EXPRESS DUBAI LLC,2024-12-18,Aeroparts AOG DWC LLC,USD,Draft,DXBIDR0161238,INVOICE NUMBER,1,13.32,2024-12-18,EA,EA
PO-24-5701,DHL WORLDWIDE EXPRESS DUBAI LLC,2024-12-18,Aeroparts AOG DWC LLC,USD,Draft,D12766960,INVOICE NUMBER,1,15.22,2024-12-18,EA,EA
PO-24-5701,DHL WORLDWIDE EXPRESS DUBAI LLC,2024-12-18,Aeroparts AOG DWC LLC,USD,Draft,DXBIR01886165,INVOICE NUMBER,1,3253.06,2024-12-18,EA,EA
PO-24-5701,DHL WORLDWIDE EXPRESS DUBAI LLC,2024-12-18,Aeroparts AOG DWC LLC,USD,Draft,D12761006,INVOICE NUMBER,1,8.15,2024-12-18,EA,EA
PO-24-5701,DHL WORLDWIDE EXPRESS DUBAI LLC,2024-12-18,Aeroparts AOG DWC LLC,USD,Draft,D12755105,INVOICE NUMBER,1,13.59,2024-12-18,EA,EA
PO-24-5701,DHL WORLDWIDE EXPRESS DUBAI LLC,2024-12-18,Aeroparts AOG DWC LLC,USD,Draft,DXBIR01879792,INVOICE NUMBER,1,255.75,2024-12-18,EA,EA
PO-24-5702,UNICAL AVIATION,2024-12-18,Aeroparts AOG DWC LLC,USD,Draft,D08504K3D1E01B0,TRIPOD JACK,2,1575,2024-12-18,EA,EA
PO-24-5703,CFM INTERNATIONAL,2024-12-19,Aeroparts AOG DWC LLC,USD,Draft,P395P04,BLADE-STG5,5,988,2024-12-19,EA,EA
PO-24-5704,"Safetech USA, Inc",2024-12-20,Aeroparts AOG DWC LLC,USD,Draft,B64534-3,CYLINDER,5,850,2024-12-10,EA,EA
PO-24-5705,CFM INTERNATIONAL,2024-12-23,Aeroparts AOG DWC LLC,USD,Draft,338-118-304-0,RING-SECTOR SUPPORT,1,2439,2024-12-23,EA,EA
PO-24-5706,OH Capital Assets,2024-12-23,Aeroparts AOG DWC LLC,USD,Draft,1FA14012-6,ACTUATOR ASSY,1,2650,2024-11-18,EA,EA
PO-24-5707,SAFARI AVIATION SERVICES FZE,2024-12-24,Aeroparts AOG DWC LLC,USD,Draft,VAT,VAT,1,22.76,2024-12-24,EA,EA
PO-24-5707,SAFARI AVIATION SERVICES FZE,2024-12-24,Aeroparts AOG DWC LLC,USD,Draft,HEALTH,CERTIFICATE,1,42.8,2024-12-24,EA,EA
PO-24-5707,SAFARI AVIATION SERVICES FZE,2024-12-24,Aeroparts AOG DWC LLC,USD,Draft,CUSTOMS PROCESSING FEE,CUSTOMS PROCESSING FEE,1,35.33,2024-12-24,EA,EA
PO-24-5707,SAFARI AVIATION SERVICES FZE,2024-12-24,Aeroparts AOG DWC LLC,USD,Draft,EASTMAN TURBO OIL 2380,OIL,24,18.97,2024-12-24,QT,QT
PO-24-5708,GLOBAL AVIATION RESOURCES,2024-12-24,Aeroparts AOG DWC LLC,USD,Draft,HG2100AB02,INERTIAL REFERENCE UNIT,1,220000,2024-12-24,EA,EA
PO-24-5709,CFM INTERNATIONAL,2024-12-25,Aeroparts AOG DWC LLC,USD,Draft,2564M14P01,SHROUD ASSY-CPRSR STTR STG 3,18,1552,2025-01-18,EA,EA
PO-24-5710,CFM INTERNATIONAL,2024-12-25,Aeroparts AOG DWC LLC,USD,Draft,9131M66P03,"BUSHING, BELLCR",100,130.25,2025-01-18,EA,EA
PO-24-5711,AVIALL,2024-12-25,Aeroparts AOG DWC LLC,USD,Draft,60476,BUSHING,2,376.51,2024-12-23,EA,EA
PO-24-5712,CFM INTERNATIONAL,2024-12-25,Aeroparts AOG DWC LLC,USD,Draft,1277M91G09,"SHROUD,ASSY-CPRSR STTR STG 3",4,1540,2024-12-25,EA,EA
PO-24-5712,CFM INTERNATIONAL,2024-12-25,Aeroparts AOG DWC LLC,USD,Draft,2050M82G05,SHROUD ASSY-CPRSR STTR STG 2,4,1286,2024-12-25,EA,EA
PO-24-5713,SAFARI AVIATION SERVICES FZE,2024-12-25,Aeroparts AOG DWC LLC,USD,Draft,OL387AS15,LAMP,30,2.76,2024-12-25,EA,EA
PO-24-5713,SAFARI AVIATION SERVICES FZE,2024-12-25,Aeroparts AOG DWC LLC,USD,Draft,GE1864,LAMP,10,2.49,2024-12-25,EA,EA
PO-24-5714,CFM INTERNATIONAL,2024-12-25,Aeroparts AOG DWC LLC,USD,Draft,1559M27G06,"SEAL, VANE ASSY",24,1540,2024-12-25,EA,EA
PO-24-5715,CFM INTERNATIONAL,2024-12-25,Aeroparts AOG DWC LLC,USD,Draft,340-054-502-0,BEARING-ROLLER,1,10590,2024-12-23,EA,EA
PO-24-5716,CFM INTERNATIONAL,2024-12-25,Aeroparts AOG DWC LLC,USD,Draft,2564M19G01,SEAL STAGE2 COMPRESSOR STATOR,8,2401,2024-12-25,EA,EA
PO-24-5717,SAFARI AVIATION SERVICES FZE,2024-12-25,Aeroparts AOG DWC LLC,USD,Draft,VAT,VAT,1,3277.1,2024-12-25,EA,EA
PO-24-5717,SAFARI AVIATION SERVICES FZE,2024-12-25,Aeroparts AOG DWC LLC,USD,Draft,AF888,PATCH,10,230.48,2024-12-25,EA,EA
PO-24-5717,SAFARI AVIATION SERVICES FZE,2024-12-25,Aeroparts AOG DWC LLC,USD,Draft,PR1782C-2,Low Density Fuel Tank Sealant,10,183.37,2024-12-25,EA,EA
PO-24-5717,SAFARI AVIATION SERVICES FZE,2024-12-25,Aeroparts AOG DWC LLC,USD,Draft,ZEP-RTU,RTU Cleaner Disinfectant,30,17.96,2024-12-25,EA,EA
PO-24-5717,SAFARI AVIATION SERVICES FZE,2024-12-25,Aeroparts AOG DWC LLC,USD,Draft,DOWSIL-1200-OS,OS CLEAR PRIMER,10,89.58,2024-12-25,EA,EA
PO-24-5717,SAFARI AVIATION SERVICES FZE,2024-12-25,Aeroparts AOG DWC LLC,USD,Draft,PR1782B1-2-6OZ,Low Density Sealant 6 Oz Liquid Black,10,141.13,2024-12-25,EA,EA
PO-24-5717,SAFARI AVIATION SERVICES FZE,2024-12-25,Aeroparts AOG DWC LLC,USD,Draft,PR1436GPT,Sprayable Corrosion Inhibitive Sealant Pint Kit,10,288.14,2024-12-25,EA,EA
PO-24-5717,SAFARI AVIATION SERVICES FZE,2024-12-25,Aeroparts AOG DWC LLC,USD,Draft,PL470,Dry Film Lubricant,20,89.12,2024-12-25,EA,EA
PO-24-5717,SAFARI AVIATION SERVICES FZE,2024-12-25,Aeroparts AOG DWC LLC,USD,Draft,ROCOL ASC251T,ANTI-SEIZE,4,345.82,2024-12-25,EA,EA
PO-24-5717,SAFARI AVIATION SERVICES FZE,2024-12-25,Aeroparts AOG DWC LLC,USD,Draft,ROCOL-797,ANTI SEIZE 797,4,353.81,2024-12-25,EA,EA
PO-24-5717,SAFARI AVIATION SERVICES FZE,2024-12-25,Aeroparts AOG DWC LLC,USD,Draft,DRY MOLY SPRAY,AEROSOL,6,144.59,2024-12-25,EA,EA
PO-24-5717,SAFARI AVIATION SERVICES FZE,2024-12-25,Aeroparts AOG DWC LLC,USD,Draft,MS20995C47SS1LB,STAINLESS LOCKWIRE 0.047 1LB,1,21.08,2024-12-25,EA,EA
PO-24-5717,SAFARI AVIATION SERVICES FZE,2024-12-25,Aeroparts AOG DWC LLC,USD,Draft,MS20995NC20,400 NICKEL ALLOY WIRE .020 1LB,10,59.26,2024-12-25,EA,EA
PO-24-5717,SAFARI AVIATION SERVICES FZE,2024-12-25,Aeroparts AOG DWC LLC,USD,Draft,106862,SKYFLEX TAPE,2,3726.05,2024-12-25,EA,EA
PO-24-5717,SAFARI AVIATION SERVICES FZE,2024-12-25,Aeroparts AOG DWC LLC,USD,Draft,FREKOTE 700-NC,MOLD RELEASE AGENT,20,87.9,2024-12-25,EA,EA
PO-24-5717,SAFARI AVIATION SERVICES FZE,2024-12-25,Aeroparts AOG DWC LLC,USD,Draft,SOCOPAC-50S,Socomore 50S Corrosion Preventative 500ml,12,120.59,2024-12-25,EA,EA
PO-24-5717,SAFARI AVIATION SERVICES FZE,2024-12-25,Aeroparts AOG DWC LLC,USD,Draft,M00316,LPS3 RUST INHIBITOR 380ML,24,18.73,2024-12-25,EA,EA
PO-24-5717,SAFARI AVIATION SERVICES FZE,2024-12-25,Aeroparts AOG DWC LLC,USD,Draft,ARDROX-AV25-AEROSOL,CORROSION INHIBITOR 400ML,8,68,2024-12-25,EA,EA
PO-24-5717,SAFARI AVIATION SERVICES FZE,2024-12-25,Aeroparts AOG DWC LLC,USD,Draft,SP77006A,SANI PAK,12,44.91,2024-12-25,EA,EA
PO-24-5717,SAFARI AVIATION SERVICES FZE,2024-12-25,Aeroparts AOG DWC LLC,USD,Draft,CITRA-SAFE-5LTR,CLEANER DISINFECTANT,4,507.02,2024-12-25,EA,EA
PO-24-5717,SAFARI AVIATION SERVICES FZE,2024-12-25,Aeroparts AOG DWC LLC,USD,Draft,8500-5200-5LT,Thinner,6,231.53,2024-12-25,EA,EA
PO-24-5717,SAFARI AVIATION SERVICES FZE,2024-12-25,Aeroparts AOG DWC LLC,USD,Draft,CA1000-6OZ,CORROSION INHIBITIVE JOINTING COMPOUND 6 OZ,8,154.93,2024-12-25,EA,EA
PO-24-5717,SAFARI AVIATION SERVICES FZE,2024-12-25,Aeroparts AOG DWC LLC,USD,Draft,DOWSIL-730FS,SOLVENT RESISTANT SEALANT 90ML,10,168.47,2024-12-25,EA,EA
PO-24-5717,SAFARI AVIATION SERVICES FZE,2024-12-25,Aeroparts AOG DWC LLC,USD,Draft,FLOORSIL2-8.15-310ML,DARK GREY SEALANT 310 ML CG,8,100,2024-12-25,EA,EA
PO-24-5717,SAFARI AVIATION SERVICES FZE,2024-12-25,Aeroparts AOG DWC LLC,USD,Draft,PR148-1PTBLUE,"ADHESION PROMOTER, BLUE, 1 PT",10,206.59,2024-12-25,EA,EA
PO-24-5717,SAFARI AVIATION SERVICES FZE,2024-12-25,Aeroparts AOG DWC LLC,USD,Draft,PR1440A1-2,SEALANT 654 SEMKIT 6OZ,20,121.18,2024-12-25,EA,EA
PO-24-5717,SAFARI AVIATION SERVICES FZE,2024-12-25,Aeroparts AOG DWC LLC,USD,Draft,A840R0025L694SC,APLIX 840 ACRYLIC PSA LOOP,6,449.08,2024-12-25,RL,RL
PO-24-5717,SAFARI AVIATION SERVICES FZE,2024-12-25,Aeroparts AOG DWC LLC,USD,Draft,3M850,"CLEAR POLYSTER FILM TAPE, 3M TAPE 850",10,215.56,2024-12-25,EA,EA
PO-24-5717,SAFARI AVIATION SERVICES FZE,2024-12-25,Aeroparts AOG DWC LLC,USD,Draft,P55,DOUBLE SIDED CARPET TAPE,10,44.91,2024-12-25,RL,RL
PO-24-5717,SAFARI AVIATION SERVICES FZE,2024-12-25,Aeroparts AOG DWC LLC,USD,Draft,3M 950,TRANSFERBAND 3M 950,10,194.41,2024-12-25,RL,RL
PO-24-5717,SAFARI AVIATION SERVICES FZE,2024-12-25,Aeroparts AOG DWC LLC,USD,Draft,SCOTCHWELD-EC1300L,CONTACT RUBBER AND GASKET ADHESIVE (WITH TOLUENE),10,148.45,2024-12-25,QT,QT
PO-24-5717,SAFARI AVIATION SERVICES FZE,2024-12-25,Aeroparts AOG DWC LLC,USD,Draft,ARALDITE AW1334,EPOXY RESIN,6,281.51,2024-12-25,CAN,CAN
PO-24-5717,SAFARI AVIATION SERVICES FZE,2024-12-25,Aeroparts AOG DWC LLC,USD,Draft,LOCTITE 271,HIGH STRENGTH THREADLOCKER,4,198.79,2024-12-25,BOT,BOT
PO-24-5717,SAFARI AVIATION SERVICES FZE,2024-12-25,Aeroparts AOG DWC LLC,USD,Draft,LOCTITE 672,ANAEROBIC RETAINING COMPOUND,6,192.58,2024-12-25,BOT,BOT
PO-24-5717,SAFARI AVIATION SERVICES FZE,2024-12-25,Aeroparts AOG DWC LLC,USD,Draft,021200-20193,SCOTCH SEAL 1252 TAMPER PROOF SEALANT WHITE,20,73.4,2024-12-25,TB,TB
PO-24-5717,SAFARI AVIATION SERVICES FZE,2024-12-25,Aeroparts AOG DWC LLC,USD,Draft,CV116-GPR0,PPG CV116PU COATING GLOSS CLEAR,1,965.18,2024-12-25,TN,TN
PO-24-5717,SAFARI AVIATION SERVICES FZE,2024-12-25,Aeroparts AOG DWC LLC,USD,Draft,LUBRIBOND 220 AEROSOL,LUBRIBOND 220 AEROSOL,10,76.36,2024-12-25,CAN,CAN
PO-24-5717,SAFARI AVIATION SERVICES FZE,2024-12-25,Aeroparts AOG DWC LLC,USD,Draft,SANTOVAC-5,POLYPHENYL ETHER FLUID,2,1123.48,2024-12-25,BOT,BOT
PO-24-5717,SAFARI AVIATION SERVICES FZE,2024-12-25,Aeroparts AOG DWC LLC,USD,Draft,LUBTORK,ANTI-SEIZE COMPOUND,40,79.32,2024-12-25,EA,EA
PO-24-5717,SAFARI AVIATION SERVICES FZE,2024-12-25,Aeroparts AOG DWC LLC,USD,Draft,SHC100-2KG,MOBIL AVIATION GREASE SHC100,6,134.72,2024-12-25,CAN,CAN
PO-24-5717,SAFARI AVIATION SERVICES FZE,2024-12-25,Aeroparts AOG DWC LLC,USD,Draft,MOLUB-ALLOY-PASTE-WHITE,Molub-Alloy Paste White T 100gm Tube,40,30.52,2024-12-25,TB,TB
PO-24-5717,SAFARI AVIATION SERVICES FZE,2024-12-25,Aeroparts AOG DWC LLC,USD,Draft,ETO2389-QT,EASTMAN TURBO OIL 2389 QT CAN,96,28.94,2024-12-25,QT,QT
PO-24-5718,BOEING FLEET,2024-12-26,Aeroparts AOG DWC LLC,USD,Draft,32EN21-4,SWITCH,1,2088,2024-12-21,EA,EA
PO-24-5719,WENCOR,2024-12-26,Aeroparts AOG DWC LLC,USD,Draft,NSA8202-6,O-RING,51,2.67,2024-12-26,EA,EA
PO-24-5719,WENCOR,2024-12-26,Aeroparts AOG DWC LLC,USD,Draft,NSA8200-2,PACKING,22,4.8,2024-12-26,EA,EA
PO-24-5719,WENCOR,2024-12-26,Aeroparts AOG DWC LLC,USD,Draft,ABS0901R200,CLAMP,18,8.89,2024-12-26,EA,EA
PO-24-5719,WENCOR,2024-12-26,Aeroparts AOG DWC LLC,USD,Draft,9GD402429-00,SEAL,12,134.94,2024-12-26,EA,EA
PO-24-5719,WENCOR,2024-12-26,Aeroparts AOG DWC LLC,USD,Draft,1744587-01,FILTER,12,59.81,2024-12-26,EA,EA
PO-24-5719,WENCOR,2024-12-26,Aeroparts AOG DWC LLC,USD,Draft,4406001-001,INDICATOR-TAMPER,38,15.49,2024-12-26,EA,EA
PO-24-5719,WENCOR,2024-12-26,Aeroparts AOG DWC LLC,USD,Draft,EV0-34401,GASKET,15,8.17,2024-12-26,EA,EA
PO-24-5720,BOEING DISTRIBUTION SERVICES,2024-12-26,Aeroparts AOG DWC LLC,USD,Draft,ABS0114T4D15,BOLT-HEXAGON HEAD,14,3.58,2024-12-26,EA,EA
PO-24-5720,BOEING DISTRIBUTION SERVICES,2024-12-26,Aeroparts AOG DWC LLC,USD,Draft,NSA5355-6CA,WASHER LOCK,51,0.99,2024-12-26,EA,EA
PO-24-5720,BOEING DISTRIBUTION SERVICES,2024-12-26,Aeroparts AOG DWC LLC,USD,Draft,NSA5031-4-10,BOLT,100,11.21,2024-12-26,EA,EA
PO-24-5720,BOEING DISTRIBUTION SERVICES,2024-12-26,Aeroparts AOG DWC LLC,USD,Draft,NAS1921B04S02U,RIVET-BLIND,1000,1.47,2024-12-26,EA,EA
PO-24-5720,BOEING DISTRIBUTION SERVICES,2024-12-26,Aeroparts AOG DWC LLC,USD,Draft,NAS1611-209,PACKING,22,2.5,2024-12-26,EA,EA
PO-24-5720,BOEING DISTRIBUTION SERVICES,2024-12-26,Aeroparts AOG DWC LLC,USD,Draft,M83248-1-024,PACKING-PREFORMED,41,1.24,2024-12-26,EA,EA
PO-24-5720,BOEING DISTRIBUTION SERVICES,2024-12-26,Aeroparts AOG DWC LLC,USD,Draft,AS43013-116,RING,50,1.02,2024-12-26,EA,EA
PO-24-5720,BOEING DISTRIBUTION SERVICES,2024-12-26,Aeroparts AOG DWC LLC,USD,Draft,ASNA2128-05C05,BUSH-SHOULDERED,14,40.39,2024-12-26,EA,EA
PO-24-5720,BOEING DISTRIBUTION SERVICES,2024-12-26,Aeroparts AOG DWC LLC,USD,Draft,ABS0114T4D44,BOLT-HEXAGON HEAD,12,55.58,2024-12-26,EA,EA
PO-24-5720,BOEING DISTRIBUTION SERVICES,2024-12-26,Aeroparts AOG DWC LLC,USD,Draft,ABS0114T4D15,BOLT-HEXAGON HEAD,0,3.57,2024-12-26,EA,EA
PO-24-5721,PROPONENT,2024-12-26,Aeroparts AOG DWC LLC,USD,Draft,ASNA2531-3,NUT,33,4.56,2024-12-26,EA,EA
PO-24-5721,PROPONENT,2024-12-26,Aeroparts AOG DWC LLC,USD,Draft,AS43013-156,RING-SEALING TORIODAL,14,4.92,2024-12-26,EA,EA
PO-24-5721,PROPONENT,2024-12-26,Aeroparts AOG DWC LLC,USD,Draft,AS43013-114,RING,14,3.51,2024-12-26,EA,EA
PO-24-5721,PROPONENT,2024-12-26,Aeroparts AOG DWC LLC,USD,Draft,AS3582-252,PACKING PREFORMED,22,4.04,2024-12-26,EA,EA
PO-24-5721,PROPONENT,2024-12-26,Aeroparts AOG DWC LLC,USD,Draft,AS3209-012,Packing,14,1.61,2024-12-26,EA,EA
PO-24-5721,PROPONENT,2024-12-26,Aeroparts AOG DWC LLC,USD,Draft,AS20627,NUT,16,3.99,2024-12-26,EA,EA
PO-24-5721,PROPONENT,2024-12-26,Aeroparts AOG DWC LLC,USD,Draft,ABS5800D096B,SEAL,16,68.07,2024-12-26,EA,EA
PO-24-5721,PROPONENT,2024-12-26,Aeroparts AOG DWC LLC,USD,Draft,ABS0836B06,Tube-heat,58,13.49,2024-12-26,EA,EA
PO-24-5721,PROPONENT,2024-12-26,Aeroparts AOG DWC LLC,USD,Draft,9GD402431-10,SEAL,12,269.64,2024-12-26,EA,EA
PO-24-5721,PROPONENT,2024-12-26,Aeroparts AOG DWC LLC,USD,Draft,2-266N602-70,PACKING,12,5.03,2024-12-26,EA,EA
PO-24-5721,PROPONENT,2024-12-26,Aeroparts AOG DWC LLC,USD,Draft,0F25-021,"RING, SEALING",15,115.95,2024-12-26,EA,EA
PO-24-5722,PROPONENT,2024-12-26,Aeroparts AOG DWC LLC,USD,Draft,S9413-010,PACKING,26,118,2024-12-26,EA,EA
PO-24-5722,PROPONENT,2024-12-26,Aeroparts AOG DWC LLC,USD,Draft,S3225-906,"SEAL,RING",30,39.91,2024-12-26,EA,EA
PO-24-5722,PROPONENT,2024-12-26,Aeroparts AOG DWC LLC,USD,Draft,S3225-902,PACKING,14,64.4,2024-12-26,EA,EA
PO-24-5722,PROPONENT,2024-12-26,Aeroparts AOG DWC LLC,USD,Draft,NSA835070-5C,RING FOR FLARED TUBE,33,4.26,2024-12-26,EA,EA
PO-24-5722,PROPONENT,2024-12-26,Aeroparts AOG DWC LLC,USD,Draft,NSA8208-266,O-RING,12,12.39,2024-12-26,EA,EA
PO-24-5722,PROPONENT,2024-12-26,Aeroparts AOG DWC LLC,USD,Draft,NSA8207-5,O-RING,12,4.74,2024-12-26,EA,EA
PO-24-5722,PROPONENT,2024-12-26,Aeroparts AOG DWC LLC,USD,Draft,NSA8203-230,O-RING,34,6.99,2024-12-26,EA,EA
PO-24-5722,PROPONENT,2024-12-26,Aeroparts AOG DWC LLC,USD,Draft,NSA8203-016,O-RING,12,4.21,2024-12-26,EA,EA
PO-24-5722,PROPONENT,2024-12-26,Aeroparts AOG DWC LLC,USD,Draft,NSA8200-6,O-RING,16,4.21,2024-12-26,EA,EA
PO-24-5722,PROPONENT,2024-12-26,Aeroparts AOG DWC LLC,USD,Draft,NSA5050-4,NUT,100,1.41,2024-12-26,EA,EA
PO-24-5722,PROPONENT,2024-12-26,Aeroparts AOG DWC LLC,USD,Draft,NSA5050-3,NUT,100,0.96,2024-12-26,EA,EA
PO-24-5722,PROPONENT,2024-12-26,Aeroparts AOG DWC LLC,USD,Draft,NAS1726C4S,NUT,400,1.73,2024-12-26,EA,EA
PO-24-5722,PROPONENT,2024-12-26,Aeroparts AOG DWC LLC,USD,Draft,NAS1611-317,PACKING,200,1.66,2024-12-26,EA,EA
PO-24-5722,PROPONENT,2024-12-26,Aeroparts AOG DWC LLC,USD,Draft,NAS1611-241,PACKING,12,3.65,2024-12-26,EA,EA
PO-24-5722,PROPONENT,2024-12-26,Aeroparts AOG DWC LLC,USD,Draft,NAS1096-3-10,SCREW,200,0.28,2024-12-26,EA,EA
PO-24-5722,PROPONENT,2024-12-26,Aeroparts AOG DWC LLC,USD,Draft,MS9386-159,PACKING-PREFORMED,11,15.59,2024-12-26,EA,EA
PO-24-5722,PROPONENT,2024-12-26,Aeroparts AOG DWC LLC,USD,Draft,AS3578-281,PACKING,11,14.72,2024-12-26,EA,EA
PO-24-5722,PROPONENT,2024-12-26,Aeroparts AOG DWC LLC,USD,Draft,AS3578-270,PACKING,12,7.65,2024-12-26,EA,EA
PO-24-5722,PROPONENT,2024-12-26,Aeroparts AOG DWC LLC,USD,Draft,AS3578-226,PACKING-PREFORMED,24,1.88,2024-12-26,EA,EA
PO-24-5722,PROPONENT,2024-12-26,Aeroparts AOG DWC LLC,USD,Draft,AS3578-901,PACKING-PREFORM,50,0.67,2024-12-26,EA,EA
PO-24-5722,PROPONENT,2024-12-26,Aeroparts AOG DWC LLC,USD,Draft,MS35333-38,WASHER LOCK,12,0.37,2024-12-26,EA,EA
PO-24-5722,PROPONENT,2024-12-26,Aeroparts AOG DWC LLC,USD,Draft,MS29561-242,PACKING-PREFORMED,24,2.26,2024-12-26,EA,EA
PO-24-5722,PROPONENT,2024-12-26,Aeroparts AOG DWC LLC,USD,Draft,MS27196-32,GASKET,14,16.73,2024-12-26,EA,EA
PO-24-5722,PROPONENT,2024-12-26,Aeroparts AOG DWC LLC,USD,Draft,MS24665-377,COTTER PIN,1000,0.23,2024-12-26,EA,EA
PO-24-5722,PROPONENT,2024-12-26,Aeroparts AOG DWC LLC,USD,Draft,MS24665-374,PIN-COTTER,1000,0.22,2024-12-26,EA,EA
PO-24-5722,PROPONENT,2024-12-26,Aeroparts AOG DWC LLC,USD,Draft,MS21042-6,NUT,200,0.71,2024-12-26,EA,EA
PO-24-5722,PROPONENT,2024-12-26,Aeroparts AOG DWC LLC,USD,Draft,M83485-1-902,PACKING,14,4.15,2024-12-26,EA,EA
PO-24-5722,PROPONENT,2024-12-26,Aeroparts AOG DWC LLC,USD,Draft,M83248-2-905,PACKING,14,1.6,2024-12-26,EA,EA
PO-24-5722,PROPONENT,2024-12-26,Aeroparts AOG DWC LLC,USD,Draft,M25988-2-906,PACKING-PREFORMED,11,4.11,2024-12-26,EA,EA
PO-24-5722,PROPONENT,2024-12-26,Aeroparts AOG DWC LLC,USD,Draft,M25988-2-013,PACKING-PREFORMED,13,2.5,2024-12-26,EA,EA
PO-24-5722,PROPONENT,2024-12-26,Aeroparts AOG DWC LLC,USD,Draft,M25988-2-011,PACKING,12,2.03,2024-12-26,EA,EA
PO-24-5723,AVIALL,2024-12-26,Aeroparts AOG DWC LLC,USD,Draft,MS21043-3,SELF LOCKING NUT,200,2.66,2024-12-26,EA,EA
PO-24-5724,Seal Dynamics,2024-12-26,Aeroparts AOG DWC LLC,USD,Draft,MPLA1016,OIL SCAVENGE ELEMENT,14,314.58,2024-12-26,EA,EA
PO-24-5725,BOEING FLEET,2024-12-26,Aeroparts AOG DWC LLC,USD,Draft,728-602061-000,GASKET,2,2018,2024-12-26,EA,EA
PO-24-5726,CFM INTERNATIONAL,2024-12-31,Aeroparts AOG DWC LLC,USD,Draft,2050M83G05,SHROUD ASSY-CPRSR STTR STG 3,4,1540,2024-12-31,EA,EA
PO-24-5727,CFM INTERNATIONAL,2024-12-31,Aeroparts AOG DWC LLC,USD,Draft,2564M15G02,SEAL STAGE 3 COMPRESSOR STATOR,10,2605,2024-12-31,EA,EA
PO-24-5730,ROTAFILO,2025-01-08,Aeroparts AOG DWC LLC,USD,Draft,M47381,GUIDE CONE-WHEEL,2,0,2025-01-08,EA,EA
PO-24-5730,ROTAFILO,2025-01-08,Aeroparts AOG DWC LLC,USD,Draft,98F27401000000,PITCH TRIM CONTROL,1,1008,2025-01-08,EA,EA
PO-24-5730,ROTAFILO,2025-01-08,Aeroparts AOG DWC LLC,USD,Draft,INTL WIRE FEE,INTERNATIONAL WIRE FEE,1,28,2025-01-08,EA,EA
PO-24-5730,ROTAFILO,2025-01-08,Aeroparts AOG DWC LLC,USD,Draft,98A57103013000,TAP TEST TOOL,1,80.64,2025-01-08,EA,EA
PO-24-5730,ROTAFILO,2025-01-08,Aeroparts AOG DWC LLC,USD,Draft,HU44533,MAGNETIC STRENGTH TEST PIECE,1,777.6,2025-01-08,EA,EA
PO-24-5730,ROTAFILO,2025-01-08,Aeroparts AOG DWC LLC,USD,Draft,HU29255,Extractor with slide hammer,1,763.2,2025-01-08,EA,EA
PO-24-5730,ROTAFILO,2025-01-08,Aeroparts AOG DWC LLC,USD,Draft,98F27508209000,PIN SET - NEUTRAL SETTING,1,285.12,2025-01-08,EA,EA
PO-24-5730,ROTAFILO,2025-01-08,Aeroparts AOG DWC LLC,USD,Draft,98F27608701000,LR - DIST COLLAR SPOILER,2,1346.88,2025-01-08,EA,EA
PO-24-5730,ROTAFILO,2025-01-08,Aeroparts AOG DWC LLC,USD,Draft,98D27603002001,KEY - SPOILER MAINTENANCE,10,190.08,2025-01-08,EA,EA
PO-24-5730,ROTAFILO,2025-01-08,Aeroparts AOG DWC LLC,USD,Draft,HU87128,EXTRACTOR - R/I N.3/4 HINGE PIN T/R,1,934.08,2025-01-08,EA,EA
PO-24-5730,ROTAFILO,2025-01-08,Aeroparts AOG DWC LLC,USD,Draft,HU55152-1,BRACE - HOLD OPEN COWLS LH,1,4138.56,2025-01-08,EA,EA
PO-24-5730,ROTAFILO,2025-01-08,Aeroparts AOG DWC LLC,USD,Draft,HU55151-1,BRACE - HOLD OPEN COWLS RH,1,4136.64,2025-01-08,EA,EA
PO-24-5730,ROTAFILO,2025-01-08,Aeroparts AOG DWC LLC,USD,Draft,98F71203001026,CHEST - TORQUE SET,1,4009.92,2025-01-08,EA,EA
PO-24-5730,ROTAFILO,2025-01-08,Aeroparts AOG DWC LLC,USD,Draft,98F32204001001,"COLLAR - SAFETY, NLG DOOR",2,1015.68,2025-01-08,EA,EA
PO-24-5730,ROTAFILO,2025-01-08,Aeroparts AOG DWC LLC,USD,Draft,701-2978000,"PIN - SAFETY, PAX DOOR DAMPER",2,76.8,2025-01-08,EA,EA
PO-24-5730,ROTAFILO,2025-01-08,Aeroparts AOG DWC LLC,USD,Draft,9501501-4000,TOOL VACUUM TOILET - LEAK TESTER,1,3552.96,2025-01-08,EA,EA
PO-24-5730,ROTAFILO,2025-01-08,Aeroparts AOG DWC LLC,USD,Draft,995000-00,TOOL MANUAL RELEASE,5,52.8,2025-01-08,EA,EA
PO-24-5730,ROTAFILO,2025-01-08,Aeroparts AOG DWC LLC,USD,Draft,98A35207599000,"HOSE - ADAPTER, ALTITUDE SWITCH",1,415.68,2025-01-08,EA,EA
PO-24-5730,ROTAFILO,2025-01-08,Aeroparts AOG DWC LLC,USD,Draft,M47380-200,GUIDE CONE BRAKE,1,557.76,2025-01-08,EA,EA
PO-24-5730,ROTAFILO,2025-01-08,Aeroparts AOG DWC LLC,USD,Draft,R46014,ADAPTOR,1,286.08,2025-01-08,EA,EA
PO-24-5730,ROTAFILO,2025-01-08,Aeroparts AOG DWC LLC,USD,Draft,M47382-100,GUIDE CONE WHEEL,1,195.84,2025-01-08,EA,EA
PO-24-5730,ROTAFILO,2025-01-08,Aeroparts AOG DWC LLC,USD,Draft,U21842000,EXTRACTOR,1,1152.96,2025-01-08,EA,EA
PO-24-5730,ROTAFILO,2025-01-08,Aeroparts AOG DWC LLC,USD,Draft,M47381,GUIDE CONE-WHEEL,2,244.8,2025-01-08,EA,EA
PO-24-5730,ROTAFILO,2025-01-08,Aeroparts AOG DWC LLC,USD,Draft,460007011,"SPANNER-AXLE NUT, MLG",1,383.04,2025-01-08,EA,EA
PO-24-5730,ROTAFILO,2025-01-08,Aeroparts AOG DWC LLC,USD,Draft,98F07104000002,"PAD - JACKING, SET - WING",1,3782.4,2025-01-08,EA,EA
PO-24-5730,ROTAFILO,2025-01-08,Aeroparts AOG DWC LLC,USD,Draft,98F07103500001,"ADAPTER, JACK - NOSE",1,132.48,2025-01-08,EA,EA
PO-24-5730,ROTAFILO,2025-01-08,Aeroparts AOG DWC LLC,USD,Draft,98F32304000000,TARGET - FALSE,8,74.88,2025-01-08,EA,EA
PO-24-5730,ROTAFILO,2025-01-08,Aeroparts AOG DWC LLC,USD,Draft,D23156000,PIN - SAFETY,5,71.04,2025-01-08,EA,EA
PO-24-5730,ROTAFILO,2025-01-08,Aeroparts AOG DWC LLC,USD,Draft,98F29208457000,"PIN - SAFETY, RAT",5,844.8,2025-01-08,EA,EA
PO-24-5730,ROTAFILO,2025-01-08,Aeroparts AOG DWC LLC,USD,Draft,98A55308440001,"SLING - UNIVERSAL, TAILPLANE",1,7700.16,2025-01-08,EA,EA
PO-24-5730,ROTAFILO,2025-01-08,Aeroparts AOG DWC LLC,USD,Draft,98F27208312000,PIN - RIGGING,1,107.52,2025-01-08,EA,EA
PO-24-5730,ROTAFILO,2025-01-08,Aeroparts AOG DWC LLC,USD,Draft,98D27803500001,FLAP - SLAT LOCKING ZERO TOO;,1,381.12,2025-01-08,EA,EA
PO-24-5730,ROTAFILO,2025-01-08,Aeroparts AOG DWC LLC,USD,Draft,98D27903500000,PIN - SIDE STICK LOADING,2,115.2,2025-01-08,EA,EA
PO-24-5730,ROTAFILO,2025-01-08,Aeroparts AOG DWC LLC,USD,Draft,98A28104000000,PURGER - WATER DRAIN,1,278.4,2025-01-08,EA,EA
PO-24-5730,ROTAFILO,2025-01-08,Aeroparts AOG DWC LLC,USD,Draft,98A28007570000,"ADAPTER - VENT AND DRAIN VALVE, APU",1,117.12,2025-01-08,EA,EA
PO-24-5730,ROTAFILO,2025-01-08,Aeroparts AOG DWC LLC,USD,Draft,98A25207503000,PULLEY ASSEMBLY - SEALING CORD,3,511.68,2025-01-08,EA,EA
PO-24-5730,ROTAFILO,2025-01-08,Aeroparts AOG DWC LLC,USD,Draft,97A28002117002,TOOL - PURGING,2,254.4,2025-01-08,EA,EA
PO-24-5730,ROTAFILO,2025-01-08,Aeroparts AOG DWC LLC,USD,Draft,98F52308227002,"STRUT - SUPPORT, CARGO DOOR",2,907.2,2025-01-08,EA,EA
PO-24-5730,ROTAFILO,2025-01-08,Aeroparts AOG DWC LLC,USD,Draft,98A52307628000,SAFETY - LOCK. CARGO DOOR ACTUATOR,1,704.64,2025-01-08,EA,EA
PO-24-5730,ROTAFILO,2025-01-08,Aeroparts AOG DWC LLC,USD,Draft,98F32104013000,SAFETY COLLAR - DOOR MLG,2,632.64,2025-01-08,EA,EA
PO-24-5730,ROTAFILO,2025-01-08,Aeroparts AOG DWC LLC,USD,Draft,98D27803000000,"LOCKING TOOL - FLAP SLAT LEVER, INT. POSITION",1,105.6,2025-01-08,EA,EA
PO-24-5731,EDGAR HAUSMANN GMBH,2025-01-08,Aeroparts AOG DWC LLC,USD,Draft,TS212-5/16A,"TORQ - SET INSERT BITS HEX SHANK 5/16""",150,2.55,2025-01-08,EA,EA
PO-24-5731,EDGAR HAUSMANN GMBH,2025-01-08,Aeroparts AOG DWC LLC,USD,Draft,TS212-1/4,TORQ - SET INSERT BITS,150,2.55,2025-01-08,EA,EA
PO-24-5731,EDGAR HAUSMANN GMBH,2025-01-08,Aeroparts AOG DWC LLC,USD,Draft,TS212-6,TORQ-SET INSERT BITS,250,2.45,2025-01-08,EA,EA
PO-24-5731,EDGAR HAUSMANN GMBH,2025-01-08,Aeroparts AOG DWC LLC,USD,Draft,TS212-10,TORQ - SET INSERT BITS,250,2.45,2025-01-08,EA,EA
PO-24-5731,EDGAR HAUSMANN GMBH,2025-01-08,Aeroparts AOG DWC LLC,USD,Draft,TS212-8,TORQ-SET INSERT BITS,250,2.45,2025-01-08,EA,EA
PO-24-5732,BLUECHEM,2025-01-09,Aeroparts AOG DWC LLC,USD,Draft,VAT,VAT,1,20084.67,2025-01-09,EA,EA
PO-24-5732,BLUECHEM,2025-01-09,Aeroparts AOG DWC LLC,USD,Draft,"SUPER BEE 210, 25 LT",BEE210,300,8.87,2025-01-09,LT,LT
PO-24-5732,BLUECHEM,2025-01-09,Aeroparts AOG DWC LLC,USD,Draft,TR-114 1QT,AER SSH THINNER,204,52.17,2025-01-09,QT,QT
PO-24-5732,BLUECHEM,2025-01-09,Aeroparts AOG DWC LLC,USD,Draft,9190 1QT,ACTIVATOR,204,39.13,2025-01-09,QT,QT
PO-24-5732,BLUECHEM,2025-01-09,Aeroparts AOG DWC LLC,USD,Draft,CS6035 1QT,HARDNER,204,58.7,2025-01-09,QT,QT
PO-24-5732,BLUECHEM,2025-01-09,Aeroparts AOG DWC LLC,USD,Draft,HS2118 CHROME FREE PRIMER 1GLN,AERODUR BEIGE,204,286.96,2025-01-09,GA,GA
PO-24-5732,BLUECHEM,2025-01-09,Aeroparts AOG DWC LLC,USD,Draft,S66/22R 1LT,HARDNER,3,82.17,2025-01-09,LT,LT
PO-24-5732,BLUECHEM,2025-01-09,Aeroparts AOG DWC LLC,USD,Draft,AERDUR ARC 1LT WHITE000100 BAC7067 M8001,AERDUR ARC 1LT,3,172.17,2025-01-09,LT,LT
PO-24-5732,BLUECHEM,2025-01-09,Aeroparts AOG DWC LLC,USD,Draft,C25/90S 5LT,THINNER,6,110.87,2025-01-09,EA,EA
PO-24-5732,BLUECHEM,2025-01-09,Aeroparts AOG DWC LLC,USD,Draft,S66/14 5 LT,HARDNER,3,391.3,2025-01-09,EA,EA
PO-24-5732,BLUECHEM,2025-01-09,Aeroparts AOG DWC LLC,USD,Draft,AERODUR PRIMER BARRIER 37045 5 LT WHITE,AERODUR PRIMER BARRIER,3,346.96,2025-01-09,EA,EA
PO-24-5732,BLUECHEM,2025-01-09,Aeroparts AOG DWC LLC,USD,Draft,SOLVENT CLEANING 98068 25 LT,CLEANING SOLVENT,54,286.96,2025-01-09,EA,EA
PO-24-5732,BLUECHEM,2025-01-09,Aeroparts AOG DWC LLC,USD,Draft,THIN TR-111 1GL EUR ECLIPSE,FLOW CONTROL COMPONENT TR-111,216,110.87,2025-01-09,GA,GA
PO-24-5732,BLUECHEM,2025-01-09,Aeroparts AOG DWC LLC,USD,Draft,AER HARD PC-233 1GL EUR,"AER HARD, 1GL EUR",216,254.35,2025-01-09,GA,GA
PO-24-5732,BLUECHEM,2025-01-09,Aeroparts AOG DWC LLC,USD,Draft,ECLIPSE 1GLN BAC4306 ECL-G-511,GREEN COLOR PAINT,3,813.91,2025-01-09,GA,GA
PO-24-5732,BLUECHEM,2025-01-09,Aeroparts AOG DWC LLC,USD,Draft,AER ECL-G-375 RED 1GL,RED COLOR PAINT,3,813.91,2025-01-09,GA,GA
PO-24-5732,BLUECHEM,2025-01-09,Aeroparts AOG DWC LLC,USD,Draft,ECLIPSE 1GLN 000744 BAC701 ECL-G-92,BLACK COLOR PAINT,3,560.87,2025-01-09,GA,GA
PO-24-5732,BLUECHEM,2025-01-09,Aeroparts AOG DWC LLC,USD,Draft,AER ECL-G-2712 BLUE 1GL,BLUE COLOR PAINT,120,566.09,2025-01-09,GA,GA
PO-24-5732,BLUECHEM,2025-01-09,Aeroparts AOG DWC LLC,USD,Draft,ECLIPSE 1 GLN 715007 BAC708 ECL-G-127,GRAY COLOR PAINT,3,620.87,2025-01-09,GA,GA
PO-24-5732,BLUECHEM,2025-01-09,Aeroparts AOG DWC LLC,USD,Draft,AER ECL-G-101 BAC707 1GL EUR,GRAY COLOR PAINT,90,297.39,2025-01-09,GA,GA
PO-24-5732,BLUECHEM,2025-01-09,Aeroparts AOG DWC LLC,USD,Draft,AER ECL-G-1622 BAC70846 WHT 1GL EUR,WHITE COLOR PAINT,210,517.83,2025-01-09,GA,GA
PO-24-5733,CFM INTERNATIONAL,2025-01-09,Aeroparts AOG DWC LLC,USD,Draft,1559M27G01,"SEAL, S4 STATOR",20,756,2025-01-09,EA,EA
PO-24-5734,CFM INTERNATIONAL,2025-01-10,Aeroparts AOG DWC LLC,USD,Draft,2564M18P03,SHROUD ASSY-CPRSR STTR STG 2,10,1358,2025-01-10,EA,EA
PO-24-5735,CFM INTERNATIONAL,2025-01-10,Aeroparts AOG DWC LLC,USD,Draft,1359M84P08,"SEAL, EXT PRESS",5,9399,2025-01-10,EA,EA
PO-24-5736,CFM INTERNATIONAL,2025-01-10,Aeroparts AOG DWC LLC,USD,Draft,2564M18P01,SHROUD ASSY-CPRSR STTR STG 2,8,1358,2025-01-10,EA,EA
PO-24-5737,CFM INTERNATIONAL,2025-01-10,Aeroparts AOG DWC LLC,USD,Draft,2564M14P01,SHROUD ASSY-CPRSR STTR STG 3,6,1552,2025-01-10,EA,EA
PO-24-5738,CFM INTERNATIONAL,2025-01-10,Aeroparts AOG DWC LLC,USD,Draft,J814P004A,BOLT-SHEAR DBL HEX HD,50,14.75,2025-01-10,EA,EA
PO-24-5739,CFM INTERNATIONAL,2025-01-10,Aeroparts AOG DWC LLC,USD,Draft,9523M35G03,"ARM, S1 & 2 VSV",30,256.5,2025-01-10,EA,EA
PO-24-5740,BOEING FLEET,2025-01-10,Aeroparts AOG DWC LLC,USD,Draft,1L400407-51,SHROUD ASSY-TOILET LID SEAT,2,11153,2025-01-10,EA,EA
PO-24-5741,CFM INTERNATIONAL,2025-01-10,Aeroparts AOG DWC LLC,USD,Draft,2564M18P02,SHROUD ASSY-CPRSR STTR STG 2,2,1358,2025-01-10,EA,EA
PO-24-5742,CFM INTERNATIONAL,2025-01-10,Aeroparts AOG DWC LLC,USD,Draft,2564M14P03,SHROUD ASSY-CPRSR STTR STG 3,2,1552,2025-01-10,EA,EA
PO-24-5743,BOEING FLEET,2025-01-10,Aeroparts AOG DWC LLC,USD,Draft,659W1190-9,HINGE ARM,1,3131.87,2024-12-20,EA,EA
PO-24-5743,BOEING FLEET,2025-01-10,Aeroparts AOG DWC LLC,USD,Draft,BACN11Z3CK,NUT,100,1.6,2024-12-20,EA,EA
PO-24-5743,BOEING FLEET,2025-01-10,Aeroparts AOG DWC LLC,USD,Draft,BACB30PW4C68,BOLT,5,187.02,2024-12-20,EA,EA
PO-24-5743,BOEING FLEET,2025-01-10,Aeroparts AOG DWC LLC,USD,Draft,BACB30LM7U28,BOLT,10,40.07,2024-12-20,EA,EA
PO-24-5744,AeroWest Mfg Corp - Aircraft Maintenance Tooling &,2025-01-13,Aeroparts AOG DWC LLC,USD,Draft,98F27201002000,SAFETY PIN-RUDDER,2,65,2025-01-13,EA,EA
PO-24-5745,TOP GSE,2025-01-13,Aeroparts AOG DWC LLC,USD,Draft,PWA88012,"PIN-LOCK,DIRECTIONAL CONTROL VALVE",1,410,2025-01-13,EA,EA
PO-24-5746,OH Capital Assets,2025-01-14,Aeroparts AOG DWC LLC,USD,Draft,9045000-1,EXCITER IGNITION,1,2500,2025-01-14,EA,EA
PO-24-5747,BOEING FLEET,2025-01-16,Aeroparts AOG DWC LLC,USD,Draft,DMC50-17-3,VHF ANTENNA,1,2941,2024-11-19,EA,EA
PO-24-5748,BOEING FLEET,2025-01-16,Aeroparts AOG DWC LLC,USD,Draft,141A6174-3,SEAL,1,1748,2025-01-23,EA,EA
PO-24-5749,CFM INTERNATIONAL,2025-01-17,Aeroparts AOG DWC LLC,USD,Draft,1285M34P01,BUSHING,100,27,2025-01-17,EA,EA
PO-24-5750,WENCOR,2025-01-17,Aeroparts AOG DWC LLC,USD,Draft,ABS0338-01,WASHER,1800,0,2025-01-17,EA,EA
PO-24-5750,WENCOR,2025-01-17,Aeroparts AOG DWC LLC,USD,Draft,ABS0376-3-30,BOLT,600,0,2025-01-17,EA,EA
PO-24-5750,WENCOR,2025-01-17,Aeroparts AOG DWC LLC,USD,Draft,NAS1351-3-10P,SCREW,12,0.53,2025-01-17,EA,EA
PO-24-5750,WENCOR,2025-01-17,Aeroparts AOG DWC LLC,USD,Draft,ABS0208-01,"WASHER, COUNTERSUNK",800,0.73,2025-01-17,EA,EA
PO-24-5750,WENCOR,2025-01-17,Aeroparts AOG DWC LLC,USD,Draft,ABS0338-01,WASHER,1800,0.4,2025-01-17,EA,EA
PO-24-5750,WENCOR,2025-01-17,Aeroparts AOG DWC LLC,USD,Draft,ABS0365-3-1B,Nut Clip,100,1.3,2025-01-17,EA,EA
PO-24-5750,WENCOR,2025-01-17,Aeroparts AOG DWC LLC,USD,Draft,ABS0365-3-2B,Nut Clip,100,1.37,2025-01-17,EA,EA
PO-24-5750,WENCOR,2025-01-17,Aeroparts AOG DWC LLC,USD,Draft,NAS1726-4E,NUT,40,2.57,2025-01-17,EA,EA
PO-24-5750,WENCOR,2025-01-17,Aeroparts AOG DWC LLC,USD,Draft,NAS1149C0432R,WASHER,200,0.1,2025-01-17,EA,EA
PO-24-5750,WENCOR,2025-01-17,Aeroparts AOG DWC LLC,USD,Draft,MS21250-04010,BOLT,40,3.65,2025-01-17,EA,EA
PO-24-5750,WENCOR,2025-01-17,Aeroparts AOG DWC LLC,USD,Draft,NAS1102-08-6,SCREW,100,0.22,2025-01-17,EA,EA
PO-24-5750,WENCOR,2025-01-17,Aeroparts AOG DWC LLC,USD,Draft,ABS0336-08,STUD,1000,1.64,2025-01-17,EA,EA
PO-24-5750,WENCOR,2025-01-17,Aeroparts AOG DWC LLC,USD,Draft,ABS0376-3-30,BOLT,600,1.5,2025-01-17,EA,EA
PO-24-5750,WENCOR,2025-01-17,Aeroparts AOG DWC LLC,USD,Draft,ABS0376-3-40,BOLT,300,2.19,2025-01-17,EA,EA
PO-24-5750,WENCOR,2025-01-17,Aeroparts AOG DWC LLC,USD,Draft,MS14183PC3,WASHER,24,1.43,2025-01-17,EA,EA
PO-24-5750,WENCOR,2025-01-17,Aeroparts AOG DWC LLC,USD,Draft,M25988-3-019,ORING,25,1.84,2025-01-17,EA,EA
PO-24-5750,WENCOR,2025-01-17,Aeroparts AOG DWC LLC,USD,Draft,NSA8208-259,O-RING,10,15.23,2025-01-17,EA,EA
PO-24-5751,PROPONENT,2025-01-17,Aeroparts AOG DWC LLC,USD,Draft,412242,BATTERY,3,0,2025-01-17,EA,EA
PO-24-5751,PROPONENT,2025-01-17,Aeroparts AOG DWC LLC,USD,Draft,412242,BATTERY,3,9035.82,2025-01-17,EA,EA
PO-24-5751,PROPONENT,2025-01-17,Aeroparts AOG DWC LLC,USD,Draft,MS21250-04006,BOLT,50,6.94,2025-01-17,EA,EA
PO-24-5752,PDQ AIRSPARES,2025-01-17,Aeroparts AOG DWC LLC,USD,Draft,INTL WIRE FEE,INTERNATIONAL WIRE FEE,1,25,2025-01-17,EA,EA
PO-24-5752,PDQ AIRSPARES,2025-01-17,Aeroparts AOG DWC LLC,USD,Draft,4L83-046,VALVE ASSEMBLY,2,695,2025-01-17,EA,EA
PO-24-5753,BOEING FLEET,2025-01-17,Aeroparts AOG DWC LLC,USD,Draft,HL13VAZ6-5,PIN,50,2.41,2025-01-24,EA,EA
PO-24-5754,BOEING FLEET,2025-01-17,Aeroparts AOG DWC LLC,USD,Draft,BACB30US4K7,BOLT,10,14.39,2024-12-16,EA,EA
PO-24-5754,BOEING FLEET,2025-01-17,Aeroparts AOG DWC LLC,USD,Draft,BACB30YP5K4,BOLT,30,2.25,2024-12-16,EA,EA
PO-24-5755,MEL AVIATION COMPONENT,2025-01-17,Aeroparts AOG DWC LLC,USD,Draft,7012-18088-03,VALVE,1,16500,2025-01-17,EA,EA
PO-25-1,3E NDT,2025-01-08,Aeroparts AOG DWC LLC,USD,Draft,513829,Refractometer Magnaflux,1,195,2025-01-08,EA,EA
PO-25-1,3E NDT,2025-01-08,Aeroparts AOG DWC LLC,USD,Draft,PSM-5,Sherwin Test Panel,4,709,2025-01-08,EA,EA
PO-25-1,3E NDT,2025-01-08,Aeroparts AOG DWC LLC,USD,Draft,APOLLO-UV/WHITE,Labino Apollo 3.0 Radiometer / Photometer (M513),2,1552.5,2025-01-08,EA,EA
PO-25-1,3E NDT,2025-01-08,Aeroparts AOG DWC LLC,USD,Draft,APOLLO-MOUNTING,Labino Apollo 2.0 Mounting Stand,1,385,2025-01-08,EA,EA
PO-25-1,3E NDT,2025-01-08,Aeroparts AOG DWC LLC,USD,Draft,L118 ZEUS,Labino UV/LED Lamp [mb 3.0 ZEUS] with calibration,2,1950,2025-01-08,EA,EA
PO-25-2,EMIRATES AIRLINES,2025-01-09,Aeroparts AOG DWC LLC,USD,Draft,HU40324,TURNING TOOL,0,303.03,2025-01-09,EA,EA
PO-25-2,EMIRATES AIRLINES,2025-01-09,Aeroparts AOG DWC LLC,USD,Draft,J78005-3,BOX PROTECTOR,0,909.09,2025-01-09,EA,EA
PO-25-2,EMIRATES AIRLINES,2025-01-09,Aeroparts AOG DWC LLC,USD,Draft,HU37545,PIN-LOCATION,0,454.55,2025-01-09,EA,EA
PO-25-2,EMIRATES AIRLINES,2025-01-09,Aeroparts AOG DWC LLC,USD,Draft,HU80289,DECOKING TOOL,0,909.09,2025-01-09,EA,EA
PO-25-2,EMIRATES AIRLINES,2025-01-09,Aeroparts AOG DWC LLC,USD,Draft,HU37694,TOOL: ASSEMBLE DEDICATED,0,909.09,2025-01-09,EA,EA
PO-25-2,EMIRATES AIRLINES,2025-01-09,Aeroparts AOG DWC LLC,USD,Draft,315W5110-7,"KIT,COLOR CHIP",0,909.09,2025-01-09,KT,KT
PO-25-2,EMIRATES AIRLINES,2025-01-09,Aeroparts AOG DWC LLC,USD,Draft,HU81875,TOOL KIT ULTRASONIC,0,909.09,2025-01-09,KT,KT
PO-25-2,EMIRATES AIRLINES,2025-01-09,Aeroparts AOG DWC LLC,USD,Draft,HU55771-1,TOOL: STAND-TRANSPORTATION,0,909.09,2025-01-09,EA,EA
PO-25-2,EMIRATES AIRLINES,2025-01-09,Aeroparts AOG DWC LLC,USD,Draft,HU55770,TOOL: STAND-TRANSPORTATION,0,909.09,2025-01-09,EA,EA
PO-25-2,EMIRATES AIRLINES,2025-01-09,Aeroparts AOG DWC LLC,USD,Draft,HU55763,ADAPTOR-STAND,0,909.09,2025-01-09,EA,EA
PO-25-2,EMIRATES AIRLINES,2025-01-09,Aeroparts AOG DWC LLC,USD,Draft,A54P846,MALE AIRLINE,0,454.55,2025-01-09,EA,EA
PO-25-2,EMIRATES AIRLINES,2025-01-09,Aeroparts AOG DWC LLC,USD,Draft,A54M1000,END LINK,0,454.55,2025-01-09,EA,EA
PO-25-2,EMIRATES AIRLINES,2025-01-09,Aeroparts AOG DWC LLC,USD,Draft,A54P1015,INLET AIR ADAPTOR,0,909.09,2025-01-09,EA,EA
PO-25-2,EMIRATES AIRLINES,2025-01-09,Aeroparts AOG DWC LLC,USD,Draft,A54E847,FEMALE AIRLINE,0,113.64,2025-01-09,EA,EA
PO-25-2,EMIRATES AIRLINES,2025-01-09,Aeroparts AOG DWC LLC,USD,Draft,A54M907,"1/2"" METRO DRIVE",0,454.55,2025-01-09,EA,EA
PO-25-2,EMIRATES AIRLINES,2025-01-09,Aeroparts AOG DWC LLC,USD,Draft,NFE27160M5X16,SCREW-FHC,0,227.27,2025-01-09,EA,EA
PO-25-2,EMIRATES AIRLINES,2025-01-09,Aeroparts AOG DWC LLC,USD,Draft,HU37524,"GAUGE SET, IP",0,909.09,2025-01-09,EA,EA
PO-25-2,EMIRATES AIRLINES,2025-01-09,Aeroparts AOG DWC LLC,USD,Draft,HU38665,BLANK-BREATHER,0,909.09,2025-01-09,EA,EA
PO-25-2,EMIRATES AIRLINES,2025-01-09,Aeroparts AOG DWC LLC,USD,Draft,A54P1000,ORING,0,18.18,2025-01-09,EA,EA
PO-25-2,EMIRATES AIRLINES,2025-01-09,Aeroparts AOG DWC LLC,USD,Draft,A54M908,DRIVE SHEAR KEY,0,56.82,2025-01-09,EA,EA
PO-25-2,EMIRATES AIRLINES,2025-01-09,Aeroparts AOG DWC LLC,USD,Draft,HU37060,Location pin,0,454.55,2025-01-09,EA,EA
PO-25-2,EMIRATES AIRLINES,2025-01-09,Aeroparts AOG DWC LLC,USD,Draft,J78017-28,"ATTACH PIN 1/4""",0,454.55,2025-01-09,EA,EA
PO-25-2,EMIRATES AIRLINES,2025-01-09,Aeroparts AOG DWC LLC,USD,Draft,HU34316,"SOCKET, PNEUMATIC",0,909.09,2025-01-09,EA,EA
PO-25-2,EMIRATES AIRLINES,2025-01-09,Aeroparts AOG DWC LLC,USD,Draft,HU38477,RING-SUPPORT,0,909.09,2025-01-09,EA,EA
PO-25-2,EMIRATES AIRLINES,2025-01-09,Aeroparts AOG DWC LLC,USD,Draft,HU55324-5,SHOULDERED PIN,0,909.09,2025-01-09,EA,EA
PO-25-2,EMIRATES AIRLINES,2025-01-09,Aeroparts AOG DWC LLC,USD,Draft,HU55083-5,SCREW,0,909.09,2025-01-09,EA,EA
PO-25-2,EMIRATES AIRLINES,2025-01-09,Aeroparts AOG DWC LLC,USD,Draft,HU37849,BAR,0,454.55,2025-01-09,EA,EA
PO-25-2,EMIRATES AIRLINES,2025-01-09,Aeroparts AOG DWC LLC,USD,Draft,HU38551,RING-SUPPORT,0,909.09,2025-01-09,EA,EA
PO-25-2,EMIRATES AIRLINES,2025-01-09,Aeroparts AOG DWC LLC,USD,Draft,J71031-1,ALIGNMENT/THREAD PROTECTOR,0,909.09,2025-01-09,EA,EA
PO-25-2,EMIRATES AIRLINES,2025-01-09,Aeroparts AOG DWC LLC,USD,Draft,HU55366-1,PIN SHOULDERED,0,454.55,2025-01-09,EA,EA
PO-25-2,EMIRATES AIRLINES,2025-01-09,Aeroparts AOG DWC LLC,USD,Draft,HU85462,"EXTRACTOR, BUSH",0,909.09,2025-01-09,EA,EA
PO-25-2,EMIRATES AIRLINES,2025-01-09,Aeroparts AOG DWC LLC,USD,Draft,HU85460,EXTRACTOR,0,909.09,2025-01-09,EA,EA
PO-25-2,EMIRATES AIRLINES,2025-01-09,Aeroparts AOG DWC LLC,USD,Draft,HU85459,"EXTRACTOR, BUSH",0,909.09,2025-01-09,EA,EA
PO-25-2,EMIRATES AIRLINES,2025-01-09,Aeroparts AOG DWC LLC,USD,Draft,HU85458,"EXTRACTOR, BUSH",0,909.09,2025-01-09,EA,EA
PO-25-2,EMIRATES AIRLINES,2025-01-09,Aeroparts AOG DWC LLC,USD,Draft,HU38864,COVER-PROTECT V.S.C.,0,909.09,2025-01-09,EA,EA
PO-25-2,EMIRATES AIRLINES,2025-01-09,Aeroparts AOG DWC LLC,USD,Draft,HU55324-5,SHOULDERED PIN,0,227.27,2025-01-09,EA,EA
PO-25-2,EMIRATES AIRLINES,2025-01-09,Aeroparts AOG DWC LLC,USD,Draft,HU55083-5,SCREW,0,909.09,2025-01-09,EA,EA
PO-25-2,EMIRATES AIRLINES,2025-01-09,Aeroparts AOG DWC LLC,USD,Draft,HU50111-1,SPANNER,0,454.55,2025-01-09,EA,EA
PO-25-2,EMIRATES AIRLINES,2025-01-09,Aeroparts AOG DWC LLC,USD,Draft,HU38390-3,PRESS-LOCKNUT CUP,0,909.09,2025-01-09,EA,EA
PO-25-2,EMIRATES AIRLINES,2025-01-09,Aeroparts AOG DWC LLC,USD,Draft,HU38685,PIN,0,909.09,2025-01-09,EA,EA
PO-25-2,EMIRATES AIRLINES,2025-01-09,Aeroparts AOG DWC LLC,USD,Draft,00464-134-000,BALL LOCK PIN,0,454.55,2025-01-09,EA,EA
PO-25-2,EMIRATES AIRLINES,2025-01-09,Aeroparts AOG DWC LLC,USD,Draft,HU51409,LEVER,0,909.09,2025-01-09,EA,EA
PO-25-2,EMIRATES AIRLINES,2025-01-09,Aeroparts AOG DWC LLC,USD,Draft,HU37848,BAR,0,303.03,2025-01-09,EA,EA
PO-25-2,EMIRATES AIRLINES,2025-01-09,Aeroparts AOG DWC LLC,USD,Draft,HU37693,ASSEMBLE OIL SLINGER,0,303.03,2025-01-09,EA,EA
PO-25-2,EMIRATES AIRLINES,2025-01-09,Aeroparts AOG DWC LLC,USD,Draft,HU55324-5,SHOULDERED PIN,0,227.27,2025-01-09,EA,EA
PO-25-2,EMIRATES AIRLINES,2025-01-09,Aeroparts AOG DWC LLC,USD,Draft,HU85237-1,DRIFT,0,909.09,2025-01-09,EA,EA
PO-25-2,EMIRATES AIRLINES,2025-01-09,Aeroparts AOG DWC LLC,USD,Draft,HU85455,"PUSHER, BUSH",0,909.09,2025-01-09,EA,EA
PO-25-2,EMIRATES AIRLINES,2025-01-09,Aeroparts AOG DWC LLC,USD,Draft,APV7830-00-0G,PIN,0,303.03,2025-01-09,EA,EA
PO-25-2,EMIRATES AIRLINES,2025-01-09,Aeroparts AOG DWC LLC,USD,Draft,HU85418,SUPPORT,0,909.09,2025-01-09,EA,EA
PO-25-2,EMIRATES AIRLINES,2025-01-09,Aeroparts AOG DWC LLC,USD,Draft,HU85299,WRENCH,0,909.09,2025-01-09,EA,EA
PO-25-2,EMIRATES AIRLINES,2025-01-09,Aeroparts AOG DWC LLC,USD,Draft,HU85315,"PIN, LOCATING",0,909.09,2025-01-09,EA,EA
PO-25-2,EMIRATES AIRLINES,2025-01-09,Aeroparts AOG DWC LLC,USD,Draft,HU85158,"SUPPORT, CENTERING",0,909.09,2025-01-09,EA,EA
PO-25-2,EMIRATES AIRLINES,2025-01-09,Aeroparts AOG DWC LLC,USD,Draft,HU85036,SUPPORT,0,909.09,2025-01-09,EA,EA
PO-25-2,EMIRATES AIRLINES,2025-01-09,Aeroparts AOG DWC LLC,USD,Draft,HU85454,"PUSHER, BUSH",0,909.09,2025-01-09,EA,EA
PO-25-2,EMIRATES AIRLINES,2025-01-09,Aeroparts AOG DWC LLC,USD,Draft,HU85448,TOOL,0,909.09,2025-01-09,EA,EA
PO-25-2,EMIRATES AIRLINES,2025-01-09,Aeroparts AOG DWC LLC,USD,Draft,HU85236,SEAL FITTING TOOL,0,909.09,2025-01-09,EA,EA
PO-25-2,EMIRATES AIRLINES,2025-01-09,Aeroparts AOG DWC LLC,USD,Draft,HU85058,HAND TOOL,0,909.09,2025-01-09,EA,EA
PO-25-2,EMIRATES AIRLINES,2025-01-09,Aeroparts AOG DWC LLC,USD,Draft,J78017-6,"FITTING, LOWER ATTACH",0,909.09,2025-01-09,EA,EA
PO-25-2,EMIRATES AIRLINES,2025-01-09,Aeroparts AOG DWC LLC,USD,Draft,HU85297,RAM,0,909.09,2025-01-09,EA,EA
PO-25-2,EMIRATES AIRLINES,2025-01-09,Aeroparts AOG DWC LLC,USD,Draft,HU55419-1,PIN - SPRING,0,454.55,2025-01-09,EA,EA
PO-25-2,EMIRATES AIRLINES,2025-01-09,Aeroparts AOG DWC LLC,USD,Draft,HU85457,"PUSHER, BUSH",0,909.09,2025-01-09,EA,EA
PO-25-2,EMIRATES AIRLINES,2025-01-09,Aeroparts AOG DWC LLC,USD,Draft,HU85241,"FITTING TOOL, CONNECTOR",0,909.09,2025-01-09,EA,EA
PO-25-2,EMIRATES AIRLINES,2025-01-09,Aeroparts AOG DWC LLC,USD,Draft,HU85240,FITTING TOOL,0,909.09,2025-01-09,EA,EA
PO-25-2,EMIRATES AIRLINES,2025-01-09,Aeroparts AOG DWC LLC,USD,Draft,HU85228,SEAL FITTING TOOL,0,909.09,2025-01-09,EA,EA
PO-25-2,EMIRATES AIRLINES,2025-01-09,Aeroparts AOG DWC LLC,USD,Draft,HU85132,SUPPORT,0,909.09,2025-01-09,EA,EA
PO-25-2,EMIRATES AIRLINES,2025-01-09,Aeroparts AOG DWC LLC,USD,Draft,HU55083-4,HANDLE ASSY,0,909.09,2025-01-09,EA,EA
PO-25-2,EMIRATES AIRLINES,2025-01-09,Aeroparts AOG DWC LLC,USD,Draft,6400022,TOOL: GAS DETECTOR,0,454.55,2025-01-09,EA,EA
PO-25-2,EMIRATES AIRLINES,2025-01-09,Aeroparts AOG DWC LLC,USD,Draft,HU85083,EXTRACTOR,0,909.09,2025-01-09,EA,EA
PO-25-2,EMIRATES AIRLINES,2025-01-09,Aeroparts AOG DWC LLC,USD,Draft,HU85546,TOOL,0,909.09,2025-01-09,EA,EA
PO-25-2,EMIRATES AIRLINES,2025-01-09,Aeroparts AOG DWC LLC,USD,Draft,HU85069,EXTRACTOR,0,909.09,2025-01-09,EA,EA
PO-25-2,EMIRATES AIRLINES,2025-01-09,Aeroparts AOG DWC LLC,USD,Draft,HU85213,SEAL FITTING TOOL,0,909.09,2025-01-09,EA,EA
PO-25-2,EMIRATES AIRLINES,2025-01-09,Aeroparts AOG DWC LLC,USD,Draft,HU85547,TOOL,0,909.09,2025-01-09,EA,EA
PO-25-2,EMIRATES AIRLINES,2025-01-09,Aeroparts AOG DWC LLC,USD,Draft,HU85212,SEAL FITTING TOOL,0,909.09,2025-01-09,EA,EA
PO-25-2,EMIRATES AIRLINES,2025-01-09,Aeroparts AOG DWC LLC,USD,Draft,HU85488,TOOL,0,909.09,2025-01-09,EA,EA
PO-25-2,EMIRATES AIRLINES,2025-01-09,Aeroparts AOG DWC LLC,USD,Draft,HU85293,SUPPORT,0,909.09,2025-01-09,EA,EA
PO-25-2,EMIRATES AIRLINES,2025-01-09,Aeroparts AOG DWC LLC,USD,Draft,HU85226,SEAL FITTING TOOL,0,909.09,2025-01-09,EA,EA
PO-25-2,EMIRATES AIRLINES,2025-01-09,Aeroparts AOG DWC LLC,USD,Draft,HU85059,EXTRACTOR,0,909.09,2025-01-09,EA,EA
PO-25-2,EMIRATES AIRLINES,2025-01-09,Aeroparts AOG DWC LLC,USD,Draft,HU41046,KEEP RING-BEARING REMOVAL,0,909.09,2025-01-09,EA,EA
PO-25-2,EMIRATES AIRLINES,2025-01-09,Aeroparts AOG DWC LLC,USD,Draft,HU85256,ADAPTOR,0,909.09,2025-01-09,EA,EA
PO-25-2,EMIRATES AIRLINES,2025-01-09,Aeroparts AOG DWC LLC,USD,Draft,HU85071,EXTRACTOR,0,909.09,2025-01-09,EA,EA
PO-25-2,EMIRATES AIRLINES,2025-01-09,Aeroparts AOG DWC LLC,USD,Draft,HU85091,DRIFT,0,909.09,2025-01-09,EA,EA
PO-25-2,EMIRATES AIRLINES,2025-01-09,Aeroparts AOG DWC LLC,USD,Draft,HU85131,PRESS,0,909.09,2025-01-09,EA,EA
PO-25-2,EMIRATES AIRLINES,2025-01-09,Aeroparts AOG DWC LLC,USD,Draft,HU85072,"PUSHER, ROLLER",0,909.09,2025-01-09,EA,EA
PO-25-2,EMIRATES AIRLINES,2025-01-09,Aeroparts AOG DWC LLC,USD,Draft,HU85421,PUSHER,0,909.09,2025-01-09,EA,EA
PO-25-2,EMIRATES AIRLINES,2025-01-09,Aeroparts AOG DWC LLC,USD,Draft,HU85294,SUPPORT,0,909.09,2025-01-09,EA,EA
PO-25-2,EMIRATES AIRLINES,2025-01-09,Aeroparts AOG DWC LLC,USD,Draft,HU55419-1,PIN - SPRING,0,454.55,2025-01-09,EA,EA
PO-25-2,EMIRATES AIRLINES,2025-01-09,Aeroparts AOG DWC LLC,USD,Draft,HU30071,"BOLT-STOP,IP TURBINE",0,181.82,2025-01-09,EA,EA
PO-25-2,EMIRATES AIRLINES,2025-01-09,Aeroparts AOG DWC LLC,USD,Draft,HU85150,SUPPORT,0,909.09,2025-01-09,EA,EA
PO-25-2,EMIRATES AIRLINES,2025-01-09,Aeroparts AOG DWC LLC,USD,Draft,HU85214,EXTRACTOR,0,909.09,2025-01-09,EA,EA
PO-25-2,EMIRATES AIRLINES,2025-01-09,Aeroparts AOG DWC LLC,USD,Draft,HU85065,HAND TOOL,0,909.09,2025-01-09,EA,EA
PO-25-2,EMIRATES AIRLINES,2025-01-09,Aeroparts AOG DWC LLC,USD,Draft,HU85447,CONNECTOR,0,909.09,2025-01-09,EA,EA
PO-25-2,EMIRATES AIRLINES,2025-01-09,Aeroparts AOG DWC LLC,USD,Draft,HU85446,CONNECTOR,0,909.09,2025-01-09,EA,EA
PO-25-2,EMIRATES AIRLINES,2025-01-09,Aeroparts AOG DWC LLC,USD,Draft,HU85445,CONNECTOR,0,909.09,2025-01-09,EA,EA
PO-25-2,EMIRATES AIRLINES,2025-01-09,Aeroparts AOG DWC LLC,USD,Draft,HU85077,PUSHER,0,909.09,2025-01-09,EA,EA
PO-25-2,EMIRATES AIRLINES,2025-01-09,Aeroparts AOG DWC LLC,USD,Draft,HU85420,SUPPORT,0,909.09,2025-01-09,EA,EA
PO-25-2,EMIRATES AIRLINES,2025-01-09,Aeroparts AOG DWC LLC,USD,Draft,HU85272,SUPPORT,0,909.09,2025-01-09,EA,EA
PO-25-2,EMIRATES AIRLINES,2025-01-09,Aeroparts AOG DWC LLC,USD,Draft,HU85295,RAM,0,909.09,2025-01-09,EA,EA
PO-25-2,EMIRATES AIRLINES,2025-01-09,Aeroparts AOG DWC LLC,USD,Draft,HU38878,EXTRACTOR-CENTRAL,0,909.09,2025-01-09,EA,EA
PO-25-2,EMIRATES AIRLINES,2025-01-09,Aeroparts AOG DWC LLC,USD,Draft,HU85317,"PUSHER, INSTALLATION",0,909.09,2025-01-09,EA,EA
PO-25-2,EMIRATES AIRLINES,2025-01-09,Aeroparts AOG DWC LLC,USD,Draft,HU85056,EXTRACTOR,0,909.09,2025-01-09,EA,EA
PO-25-2,EMIRATES AIRLINES,2025-01-09,Aeroparts AOG DWC LLC,USD,Draft,HU85055,SUPPORT,0,909.09,2025-01-09,EA,EA
PO-25-2,EMIRATES AIRLINES,2025-01-09,Aeroparts AOG DWC LLC,USD,Draft,HU85070,CENTERING SUPPORT,0,909.09,2025-01-09,EA,EA
PO-25-2,EMIRATES AIRLINES,2025-01-09,Aeroparts AOG DWC LLC,USD,Draft,HU85075,CENTERING SUPPORT,0,909.09,2025-01-09,EA,EA
PO-25-2,EMIRATES AIRLINES,2025-01-09,Aeroparts AOG DWC LLC,USD,Draft,HU85006,TOOL: ACCESS COVER DRIVE,0,454.55,2025-01-09,EA,EA
PO-25-2,EMIRATES AIRLINES,2025-01-09,Aeroparts AOG DWC LLC,USD,Draft,HU38865,"PIN-GUIDE,HP SYSTEM",0,151.52,2025-01-09,EA,EA
PO-25-2,EMIRATES AIRLINES,2025-01-09,Aeroparts AOG DWC LLC,USD,Draft,HU85276,EXTRACTOR,0,909.09,2025-01-09,EA,EA
PO-25-2,EMIRATES AIRLINES,2025-01-09,Aeroparts AOG DWC LLC,USD,Draft,HU85020,"SUPPORT, CENTERING",0,909.09,2025-01-09,EA,EA
PO-25-2,EMIRATES AIRLINES,2025-01-09,Aeroparts AOG DWC LLC,USD,Draft,HU85239,BOBBIN,0,909.09,2025-01-09,EA,EA
PO-25-2,EMIRATES AIRLINES,2025-01-09,Aeroparts AOG DWC LLC,USD,Draft,HU85238,BOBBIN,0,909.09,2025-01-09,EA,EA
PO-25-2,EMIRATES AIRLINES,2025-01-09,Aeroparts AOG DWC LLC,USD,Draft,HU85028,DRIFT,0,454.55,2025-01-09,EA,EA
PO-25-2,EMIRATES AIRLINES,2025-01-09,Aeroparts AOG DWC LLC,USD,Draft,HU85519,"SUPPORT, CENTERING",0,909.09,2025-01-09,EA,EA
PO-25-2,EMIRATES AIRLINES,2025-01-09,Aeroparts AOG DWC LLC,USD,Draft,HU85484,EXTRACTOR,0,454.55,2025-01-09,EA,EA
PO-25-2,EMIRATES AIRLINES,2025-01-09,Aeroparts AOG DWC LLC,USD,Draft,HU85509,WRENCH,0,909.09,2025-01-09,EA,EA
PO-25-2,EMIRATES AIRLINES,2025-01-09,Aeroparts AOG DWC LLC,USD,Draft,HU85067-1,CENTERING SUPPORT,0,909.09,2025-01-09,EA,EA
PO-25-2,EMIRATES AIRLINES,2025-01-09,Aeroparts AOG DWC LLC,USD,Draft,HU85060,EXTRACTOR,0,909.09,2025-01-09,EA,EA
PO-25-2,EMIRATES AIRLINES,2025-01-09,Aeroparts AOG DWC LLC,USD,Draft,HU38555,TOOL: ALIGNMENT TORQUE,0,454.55,2025-01-09,EA,EA
PO-25-2,EMIRATES AIRLINES,2025-01-09,Aeroparts AOG DWC LLC,USD,Draft,HU85227,SEAL FITTING TOOL,0,454.55,2025-01-09,EA,EA
PO-25-2,EMIRATES AIRLINES,2025-01-09,Aeroparts AOG DWC LLC,USD,Draft,HU85023-1,ADPTOR PUSHER.,0,909.09,2025-01-09,EA,EA
PO-25-2,EMIRATES AIRLINES,2025-01-09,Aeroparts AOG DWC LLC,USD,Draft,J78005-5,PROTECTOR THREAD RR,0,90.91,2025-01-09,EA,EA
PO-25-2,EMIRATES AIRLINES,2025-01-09,Aeroparts AOG DWC LLC,USD,Draft,HU85528,TOOL,0,909.09,2025-01-09,EA,EA
PO-25-2,EMIRATES AIRLINES,2025-01-09,Aeroparts AOG DWC LLC,USD,Draft,HU85080,EXTRACTOR,0,909.09,2025-01-09,EA,EA
PO-25-2,EMIRATES AIRLINES,2025-01-09,Aeroparts AOG DWC LLC,USD,Draft,HU85486,TOOL,0,909.09,2025-01-09,EA,EA
PO-25-2,EMIRATES AIRLINES,2025-01-09,Aeroparts AOG DWC LLC,USD,Draft,HU85302,TOOL: ANTI ROTATION KEY,0,454.55,2025-01-09,EA,EA
PO-25-2,EMIRATES AIRLINES,2025-01-09,Aeroparts AOG DWC LLC,USD,Draft,HU38235,"CLAMP-RING,SHOP",0,227.27,2025-01-09,EA,EA
PO-25-2,EMIRATES AIRLINES,2025-01-09,Aeroparts AOG DWC LLC,USD,Draft,HU85307,TOOL: WASHER GEAR BOX,0,454.55,2025-01-09,EA,EA
PO-25-2,EMIRATES AIRLINES,2025-01-09,Aeroparts AOG DWC LLC,USD,Draft,HU38460,SPACER-SUPPORT AND,0,303.03,2025-01-09,EA,EA
PO-25-2,EMIRATES AIRLINES,2025-01-09,Aeroparts AOG DWC LLC,USD,Draft,HU85316,CUTTER,0,909.09,2025-01-09,EA,EA
PO-25-2,EMIRATES AIRLINES,2025-01-09,Aeroparts AOG DWC LLC,USD,Draft,HU55347-3,Transportation trolley,0,909.09,2025-01-09,EA,EA
PO-25-2,EMIRATES AIRLINES,2025-01-09,Aeroparts AOG DWC LLC,USD,Draft,HU39043,LOCATION BRACKET,0,909.09,2025-01-09,EA,EA
PO-25-2,EMIRATES AIRLINES,2025-01-09,Aeroparts AOG DWC LLC,USD,Draft,HU41620,CLAMP,0,227.27,2025-01-09,EA,EA
PO-25-2,EMIRATES AIRLINES,2025-01-09,Aeroparts AOG DWC LLC,USD,Draft,HU85138,WASHER,0,909.09,2025-01-09,EA,EA
PO-25-2,EMIRATES AIRLINES,2025-01-09,Aeroparts AOG DWC LLC,USD,Draft,HU85076,SUPPORT,0,909.09,2025-01-09,EA,EA
PO-25-2,EMIRATES AIRLINES,2025-01-09,Aeroparts AOG DWC LLC,USD,Draft,HU55418-5,PIN,0,454.55,2025-01-09,EA,EA
PO-25-2,EMIRATES AIRLINES,2025-01-09,Aeroparts AOG DWC LLC,USD,Draft,HU85169,SUPPORT,0,909.09,2025-01-09,EA,EA
PO-25-2,EMIRATES AIRLINES,2025-01-09,Aeroparts AOG DWC LLC,USD,Draft,HU85139,SPACER,0,909.09,2025-01-09,EA,EA
PO-25-2,EMIRATES AIRLINES,2025-01-09,Aeroparts AOG DWC LLC,USD,Draft,J71031-18,ALIGNMENT/THREAD PROTECTOR,0,151.52,2025-01-09,EA,EA
PO-25-2,EMIRATES AIRLINES,2025-01-09,Aeroparts AOG DWC LLC,USD,Draft,HU55368-3,PIN PIVOT,0,227.27,2025-01-09,EA,EA
PO-25-2,EMIRATES AIRLINES,2025-01-09,Aeroparts AOG DWC LLC,USD,Draft,HU85095,CLAMP,0,909.09,2025-01-09,EA,EA
PO-25-2,EMIRATES AIRLINES,2025-01-09,Aeroparts AOG DWC LLC,USD,Draft,HU55418-3,"PIN, SHOULDER",0,181.82,2025-01-09,EA,EA
PO-25-2,EMIRATES AIRLINES,2025-01-09,Aeroparts AOG DWC LLC,USD,Draft,HU28653,Stop Bolt,0,181.82,2025-01-09,EA,EA
PO-25-2,EMIRATES AIRLINES,2025-01-09,Aeroparts AOG DWC LLC,USD,Draft,HU85123,SPACER,0,909.09,2025-01-09,EA,EA
PO-25-2,EMIRATES AIRLINES,2025-01-09,Aeroparts AOG DWC LLC,USD,Draft,MH14186,BLANK,0,151.52,2025-01-09,EA,EA
PO-25-2,EMIRATES AIRLINES,2025-01-09,Aeroparts AOG DWC LLC,USD,Draft,HU85126,SPACER,0,909.09,2025-01-09,EA,EA
PO-25-2,EMIRATES AIRLINES,2025-01-09,Aeroparts AOG DWC LLC,USD,Draft,HU85453,IMMOBILISER,0,303.03,2025-01-09,EA,EA
PO-25-2,EMIRATES AIRLINES,2025-01-09,Aeroparts AOG DWC LLC,USD,Draft,RX77794,SEAL,0,113.64,2025-01-09,EA,EA
PO-25-2,EMIRATES AIRLINES,2025-01-09,Aeroparts AOG DWC LLC,USD,Draft,RX77793,SEAL,0,113.64,2025-01-09,EA,EA
PO-25-2,EMIRATES AIRLINES,2025-01-09,Aeroparts AOG DWC LLC,USD,Draft,HU85122,SPACER,0,909.09,2025-01-09,EA,EA
PO-25-2,EMIRATES AIRLINES,2025-01-09,Aeroparts AOG DWC LLC,USD,Draft,HU85121,SPACER,0,909.09,2025-01-09,EA,EA
PO-25-2,EMIRATES AIRLINES,2025-01-09,Aeroparts AOG DWC LLC,USD,Draft,HU80298,FLEXIBLE DRIVE BRUSH,0,227.27,2025-01-09,EA,EA
PO-25-2,EMIRATES AIRLINES,2025-01-09,Aeroparts AOG DWC LLC,USD,Draft,HU55062-3,Supporting device,0,909.09,2025-01-09,EA,EA
PO-25-2,EMIRATES AIRLINES,2025-01-09,Aeroparts AOG DWC LLC,USD,Draft,HU85125,SPACER,0,909.09,2025-01-09,EA,EA
PO-25-2,EMIRATES AIRLINES,2025-01-09,Aeroparts AOG DWC LLC,USD,Draft,RX77792,SEAL,0,90.91,2025-01-09,EA,EA
PO-25-2,EMIRATES AIRLINES,2025-01-09,Aeroparts AOG DWC LLC,USD,Draft,HU55081-1,SLING TURN OVER AGB,0,909.09,2025-01-09,EA,EA
PO-25-2,EMIRATES AIRLINES,2025-01-09,Aeroparts AOG DWC LLC,USD,Draft,HU41278-1,SPANNER-LPT NUT,0,909.09,2025-01-09,EA,EA
PO-25-2,EMIRATES AIRLINES,2025-01-09,Aeroparts AOG DWC LLC,USD,Draft,HU55355-3,TOOL: SLING,0,909.09,2025-01-09,EA,EA
PO-25-2,EMIRATES AIRLINES,2025-01-09,Aeroparts AOG DWC LLC,USD,Draft,HU55108,TOOL: SLING REMOVAL/,0,909.09,2025-01-09,EA,EA
PO-25-2,EMIRATES AIRLINES,2025-01-09,Aeroparts AOG DWC LLC,USD,Draft,HU85005-1,"BEAN - HANDLING,EXT. GEARBOX",0,909.09,2025-01-09,EA,EA
PO-25-2,EMIRATES AIRLINES,2025-01-09,Aeroparts AOG DWC LLC,USD,Draft,HU55391-1,TOOL: NOSE COWL STAND,0,909.09,2025-01-09,EA,EA
PO-25-2,EMIRATES AIRLINES,2025-01-09,Aeroparts AOG DWC LLC,USD,Draft,HU55380-2,TRANSPORTATION CONTAINER,0,909.09,2025-01-09,EA,EA
PO-25-2,EMIRATES AIRLINES,2025-01-09,Aeroparts AOG DWC LLC,USD,Draft,HU87133,TOOL: SLING,0,303.03,2025-01-09,EA,EA
PO-25-2,EMIRATES AIRLINES,2025-01-09,Aeroparts AOG DWC LLC,USD,Draft,HU85303,Container,0,303.03,2025-01-09,EA,EA
PO-25-2,EMIRATES AIRLINES,2025-01-09,Aeroparts AOG DWC LLC,USD,Draft,HU55104-1,Container,0,303.03,2025-01-09,EA,EA
PO-25-2,EMIRATES AIRLINES,2025-01-09,Aeroparts AOG DWC LLC,USD,Draft,HU55381,TOOL: STAND-TRANSPORTATION,0,227.27,2025-01-09,EA,EA
PO-25-4,ROTAFILO,2025-01-14,Aeroparts AOG DWC LLC,USD,Draft,IAE1R18423,RIGGING PIN,1,185,2025-01-14,EA,EA
PO-25-4,ROTAFILO,2025-01-14,Aeroparts AOG DWC LLC,USD,Draft,IAE1J12180,PROTECTOR-HUB,1,478,2025-01-14,EA,EA
PO-25-4,ROTAFILO,2025-01-14,Aeroparts AOG DWC LLC,USD,Draft,IAE1J12282,EXPANDING PLIER,1,1319,2025-01-14,EA,EA
PO-25-4,ROTAFILO,2025-01-14,Aeroparts AOG DWC LLC,USD,Draft,IAE1P16285,ADAPTER TIEROD ENGINE ASSY HP SYSTEM,1,2810,2025-01-14,EA,EA
PO-25-4,ROTAFILO,2025-01-14,Aeroparts AOG DWC LLC,USD,Draft,IAE1J12026,TURNING HANDLE,1,861,2025-01-14,EA,EA
PO-25-4,ROTAFILO,2025-01-14,Aeroparts AOG DWC LLC,USD,Draft,IAE1R18234,SUPPORT ROD,1,348,2025-01-14,EA,EA
PO-25-4,ROTAFILO,2025-01-14,Aeroparts AOG DWC LLC,USD,Draft,IAE1F10104,WRENCH HAND NUT,1,644,2025-01-14,EA,EA
PO-25-4,ROTAFILO,2025-01-14,Aeroparts AOG DWC LLC,USD,Draft,IAE1J12119,ADPTR EXT INT GEARBOX BRG SUP ASSY INTMD,1,3127,2025-01-14,EA,EA
PO-25-4,ROTAFILO,2025-01-14,Aeroparts AOG DWC LLC,USD,Draft,IAE1J12118,STND STGE-LP STUB SHAFT NO1 BRNG SUP ASSY INTR,1,7149,2025-01-14,EA,EA
PO-25-4,ROTAFILO,2025-01-14,Aeroparts AOG DWC LLC,USD,Draft,IAE1J12507,PIN ALIGNING LPC RTR NO1 BPG RTR CTR INTER,1,604,2025-01-14,EA,EA
PO-25-4,ROTAFILO,2025-01-14,Aeroparts AOG DWC LLC,USD,Draft,IAE1J12106,PIN-ALIGNING,1,740,2025-01-14,EA,EA
PO-25-4,ROTAFILO,2025-01-14,Aeroparts AOG DWC LLC,USD,Draft,IAE1J12024,WRENCH SPECIAL ENGINE ASSY BOLT NO2 BRG HSG,1,312,2025-01-14,EA,EA
PO-25-4,ROTAFILO,2025-01-14,Aeroparts AOG DWC LLC,USD,Draft,IAE1J12188,BOLT-PULLER,1,390,2025-01-14,EA,EA
PO-25-4,ROTAFILO,2025-01-14,Aeroparts AOG DWC LLC,USD,Draft,IAE1F10044,DRIVER-INSTALLATION,1,160,2025-01-14,EA,EA
PO-25-4,ROTAFILO,2025-01-14,Aeroparts AOG DWC LLC,USD,Draft,IAE1F10012,"PUSHER, INSTALLATION",1,587,2025-01-14,EA,EA
PO-25-4,ROTAFILO,2025-01-14,Aeroparts AOG DWC LLC,USD,Draft,IAE1F10412,"PUSHER-PULLER,R/I",1,1117,2025-01-14,EA,EA
PO-25-4,ROTAFILO,2025-01-14,Aeroparts AOG DWC LLC,USD,Draft,IAE1F10294,PULLER-REMOVAL,1,1116,2025-01-14,EA,EA
PO-25-4,ROTAFILO,2025-01-14,Aeroparts AOG DWC LLC,USD,Draft,IAE1F10293,PULLER-REMOVAL,1,1128,2025-01-14,EA,EA
PO-25-4,ROTAFILO,2025-01-14,Aeroparts AOG DWC LLC,USD,Draft,IAE1F10292,PULLER-REMOVAL,1,1127,2025-01-14,EA,EA
PO-25-4,ROTAFILO,2025-01-14,Aeroparts AOG DWC LLC,USD,Draft,IAE1F10023,ADAPTER HANDLING-GEARBOX,1,2981,2025-01-14,EA,EA
PO-25-4,ROTAFILO,2025-01-14,Aeroparts AOG DWC LLC,USD,Draft,IAE1F10022,"JACK, HYDRAULIC",1,15492,2025-01-14,EA,EA
PO-25-4,ROTAFILO,2025-01-14,Aeroparts AOG DWC LLC,USD,Draft,IAE1F10021,STAND STORAGE ENGINE ASSY GEARBOX MODULE GROUP,1,2673,2025-01-14,EA,EA
PO-25-4,ROTAFILO,2025-01-14,Aeroparts AOG DWC LLC,USD,Draft,IAE1F10011,"PIN, HANDLING GEARBOX",1,711,2025-01-14,EA,EA
PO-25-4,ROTAFILO,2025-01-14,Aeroparts AOG DWC LLC,USD,Draft,IAE2R18871,BRIDGE INSPECTION,1,5011,2025-01-14,EA,EA
PO-25-4,ROTAFILO,2025-01-14,Aeroparts AOG DWC LLC,USD,Draft,IAE1J12220,PULLER HYDRAULIC ENGINE ASSY LP SHAFT,1,4986,2025-01-14,EA,EA
PO-25-4,ROTAFILO,2025-01-14,Aeroparts AOG DWC LLC,USD,Draft,IAE1R18907,RETAINER EXPANDING LPT SHAFT,1,5605,2025-01-14,EA,EA
PO-25-4,ROTAFILO,2025-01-14,Aeroparts AOG DWC LLC,USD,Draft,IAE1P17039,PULLER,1,1380,2025-01-14,EA,EA
PO-25-4,ROTAFILO,2025-01-14,Aeroparts AOG DWC LLC,USD,Draft,IAE1P17038,PULLER SLIDE CASE TURBO EXHAUST ASSY,1,1050,2025-01-14,EA,EA
PO-25-4,ROTAFILO,2025-01-14,Aeroparts AOG DWC LLC,USD,Draft,IAE1M14146,PLATE SUPPORT LPT SHAFT,1,2997,2025-01-14,EA,EA
PO-25-4,ROTAFILO,2025-01-14,Aeroparts AOG DWC LLC,USD,Draft,IAE1F10043,FIXTURE SUPPORT TEC,1,3901,2025-01-14,EA,EA
PO-25-4,ROTAFILO,2025-01-14,Aeroparts AOG DWC LLC,USD,Draft,IAE1F10085,PEDESTAL ADJUSTABLE,1,2844,2025-01-14,EA,EA
PO-25-4,ROTAFILO,2025-01-14,Aeroparts AOG DWC LLC,USD,Draft,IAE1F10084,FIXTURE SUPPORT,1,3850,2025-01-14,EA,EA
PO-25-4,ROTAFILO,2025-01-14,Aeroparts AOG DWC LLC,USD,Draft,IAE1F10080,STAND HORIZONTAL LPT MODULE GROUP,1,13985,2025-01-14,EA,EA
PO-25-4,ROTAFILO,2025-01-14,Aeroparts AOG DWC LLC,USD,Draft,IAE1P16047,ADAPTER HYDRAULIC ENGINE ASSY HPT REMOVE INSTALL,1,6556,2025-01-14,EA,EA
PO-25-4,ROTAFILO,2025-01-14,Aeroparts AOG DWC LLC,USD,Draft,IAE1F10052,"SLING, TWO CABLES",1,6221,2025-01-14,EA,EA
PO-25-4,ROTAFILO,2025-01-14,Aeroparts AOG DWC LLC,USD,Draft,IAE1P16028,STAND BUILD HPT ROTOR AND STATOR ASSY,1,8883,2025-01-14,EA,EA
PO-25-4,ROTAFILO,2025-01-14,Aeroparts AOG DWC LLC,USD,Draft,IAE1F10026,PUMP-HYDRAULIC,1,1777,2025-01-14,EA,EA
PO-25-4,ROTAFILO,2025-01-14,Aeroparts AOG DWC LLC,USD,Draft,IAE1P16092,GAGE - IGNITER,1,1785,2025-01-14,EA,EA
PO-25-4,ROTAFILO,2025-01-14,Aeroparts AOG DWC LLC,USD,Draft,IAE1P16046,FIXTURE REMOV INSTALL ENGINE ASSY HPT,1,8071,2025-01-14,EA,EA
PO-25-4,ROTAFILO,2025-01-14,Aeroparts AOG DWC LLC,USD,Draft,IAE1F10028,"PEDESTAL, FIXED",1,2898,2025-01-14,EA,EA
PO-25-4,ROTAFILO,2025-01-14,Aeroparts AOG DWC LLC,USD,Draft,IAE1J12019,STAND TRANSPORT STORAGE ENGINE ASSY FAN ROTOR,1,4224,2025-01-14,EA,EA
PO-25-5,ROTAFILO,2025-01-17,Aeroparts AOG DWC LLC,USD,Draft,856A3525G04,CRADLE,1,8510,2025-01-17,EA,EA
PO-25-5,ROTAFILO,2025-01-17,Aeroparts AOG DWC LLC,USD,Draft,856A3732G04,FIXTURE HANDLING-BOOSTER ROTOR/STATOR ASSY,1,8893,2025-01-17,EA,EA
PO-25-5,ROTAFILO,2025-01-17,Aeroparts AOG DWC LLC,USD,Draft,856A3773G03,FIXTURE  HANDLING,1,8250,2025-01-17,EA,EA
PO-25-5,ROTAFILO,2025-01-17,Aeroparts AOG DWC LLC,USD,Draft,856A3519G05,SLING -  THREE LEGS -  AGB HANDLIN,1,1934,2025-01-17,EA,EA
PO-25-5,ROTAFILO,2025-01-17,Aeroparts AOG DWC LLC,USD,Draft,856A3598G03,SUPT. FUEL PUMP & MEC,1,2690,2025-01-17,EA,EA
PO-25-5,ROTAFILO,2025-01-17,Aeroparts AOG DWC LLC,USD,Draft,856A3591G01,PROTECTOR -  MOUNT PIN,1,174,2025-01-17,EA,EA
PO-25-5,ROTAFILO,2025-01-17,Aeroparts AOG DWC LLC,USD,Draft,856A3778G01,PINS - GUIDE SPINNER,1,140,2025-01-17,EA,EA
PO-25-5,ROTAFILO,2025-01-17,Aeroparts AOG DWC LLC,USD,Draft,856A2956G01,RING FAN ASSEMBLY,1,3345,2025-01-17,EA,EA
PO-25-5,ROTAFILO,2025-01-17,Aeroparts AOG DWC LLC,USD,Draft,856A3728G02,CORE ENGINE SEALING PLATE & LOCK,1,1297,2025-01-17,EA,EA
PO-25-5,ROTAFILO,2025-01-17,Aeroparts AOG DWC LLC,USD,Draft,856A1312G07,SUPPORT -  ENG. HANDLING,3,2997,2025-01-17,EA,EA
PO-25-5,ROTAFILO,2025-01-17,Aeroparts AOG DWC LLC,USD,Draft,856A1312G08,SUPPORT,3,282,2025-01-17,EA,EA
PO-25-5,ROTAFILO,2025-01-17,Aeroparts AOG DWC LLC,USD,Draft,856A2632G01,PULLER,1,245,2025-01-17,EA,EA
PO-25-5,ROTAFILO,2025-01-17,Aeroparts AOG DWC LLC,USD,Draft,856A2754G02,FIXTURE  SUPPORT AGB,1,4866,2025-01-17,EA,EA
PO-25-5,ROTAFILO,2025-01-17,Aeroparts AOG DWC LLC,USD,Draft,856A2727G01,PULLER  RADIAL DRIVE SHAFT,1,608,2025-01-17,EA,EA
PO-25-5,ROTAFILO,2025-01-17,Aeroparts AOG DWC LLC,USD,Draft,856A3506G03,WRENCH  TORQUE LPT,1,5098,2025-01-17,EA,EA
PO-25-5,ROTAFILO,2025-01-17,Aeroparts AOG DWC LLC,USD,Draft,856A2717G01,ADAPTER LOCK  CORE ENGINE,1,450,2025-01-17,EA,EA
PO-25-5,ROTAFILO,2025-01-17,Aeroparts AOG DWC LLC,USD,Draft,856A2647G02,STAND TRANS/STORE LPT,1,5350,2025-01-17,EA,EA
PO-25-5,ROTAFILO,2025-01-17,Aeroparts AOG DWC LLC,USD,Draft,856A3409G01,KIT PINS GUIDE,1,148,2025-01-17,EA,EA
PO-25-5,ROTAFILO,2025-01-17,Aeroparts AOG DWC LLC,USD,Draft,856A1312G05,SUPPORT-ENGINE HANDLING,3,2914,2025-01-17,EA,EA
PO-25-5,ROTAFILO,2025-01-17,Aeroparts AOG DWC LLC,USD,Draft,856A2631G01,STAND -  STORAGE FAN BLADE,1,6338,2025-01-17,EA,EA
PO-25-5,ROTAFILO,2025-01-17,Aeroparts AOG DWC LLC,USD,Draft,856A2625G01,STAND STORAGE LP BOOSTER,1,4242,2025-01-17,EA,EA
PO-25-5,ROTAFILO,2025-01-17,Aeroparts AOG DWC LLC,USD,Draft,856A2501G01,WRENCH -  VBV MANUAL,1,222,2025-01-17,EA,EA
PO-25-5,ROTAFILO,2025-01-17,Aeroparts AOG DWC LLC,USD,Draft,856A1312G02,SUPPORT-ENGINE HANDLING,2,3040,2025-01-17,EA,EA
PO-25-5,ROTAFILO,2025-01-17,Aeroparts AOG DWC LLC,USD,Draft,856A1312G06,SUPPORT,2,3040,2025-01-17,EA,EA
PO-25-5,ROTAFILO,2025-01-17,Aeroparts AOG DWC LLC,USD,Draft,856A3604P01,WRENCH -  HORZ DR SHAFT NUT,1,633,2025-01-17,EA,EA
PO-25-5,ROTAFILO,2025-01-17,Aeroparts AOG DWC LLC,USD,Draft,856A3576G01,TOOL R/I SEALS AGB,1,2820,2025-01-17,EA,EA
PO-25-5,ROTAFILO,2025-01-17,Aeroparts AOG DWC LLC,USD,Draft,856A2805G01,TURNBUCKLE AGB/TGB,1,945,2025-01-17,EA,EA
PO-25-5,ROTAFILO,2025-01-17,Aeroparts AOG DWC LLC,USD,Draft,856A2609G01,BLOCK -  JACKING FUEL PUMP,1,374,2025-01-17,EA,EA
PO-25-5,ROTAFILO,2025-01-17,Aeroparts AOG DWC LLC,USD,Draft,856A3419G02,ADAPTER -  PULLER COVER,1,905,2025-01-17,EA,EA
PO-25-5,ROTAFILO,2025-01-17,Aeroparts AOG DWC LLC,USD,Draft,856A2537G01,PROTECT -  MOUNT PIN,1,318,2025-01-17,EA,EA
PO-25-5,ROTAFILO,2025-01-17,Aeroparts AOG DWC LLC,USD,Draft,856A3708G01,TOOL PUSH PULL,1,652,2025-01-17,EA,EA
PO-25-5,ROTAFILO,2025-01-17,Aeroparts AOG DWC LLC,USD,Draft,856A3724G02,TOOL SET  SIGHT FAN DISK BOLTS,1,2794,2025-01-17,EA,EA
PO-25-5,ROTAFILO,2025-01-17,Aeroparts AOG DWC LLC,USD,Draft,856A2308G02,SLEEVE CNTER MOD 1/LPT MAJ MOD,1,1912,2025-01-17,EA,EA
PO-25-5,ROTAFILO,2025-01-17,Aeroparts AOG DWC LLC,USD,Draft,856A2711G01,FIXTURE   CENTER LPT SHAFT,1,3454,2025-01-17,EA,EA
PO-25-5,ROTAFILO,2025-01-17,Aeroparts AOG DWC LLC,USD,Draft,856A3709G03,FIXTURE ALIGNMENT,1,4348,2025-01-17,EA,EA
PO-25-5,ROTAFILO,2025-01-17,Aeroparts AOG DWC LLC,USD,Draft,856A2626G02,STAND STORAGE #1-2,1,3895,2025-01-17,EA,EA
PO-25-5,ROTAFILO,2025-01-17,Aeroparts AOG DWC LLC,USD,Draft,856A2316G01,TORQUE WRENCH LPT CPL NUT,1,3574,2025-01-17,EA,EA
PO-25-5,ROTAFILO,2025-01-17,Aeroparts AOG DWC LLC,USD,Draft,856A3443G03,"PULLER,OUTER RACE&SLEEVE BEARING NO8",1,2440,2025-01-17,EA,EA
PO-25-5,ROTAFILO,2025-01-17,Aeroparts AOG DWC LLC,USD,Draft,856A2712G02,SEGMENTS   HANDLE TURBINE F,1,5310,2025-01-17,EA,EA
PO-25-5,ROTAFILO,2025-01-17,Aeroparts AOG DWC LLC,USD,Draft,856A2555G08,BEAM  LIFT FAN FRAME,2,4280,2025-01-17,EA,EA
PO-25-5,ROTAFILO,2025-01-17,Aeroparts AOG DWC LLC,USD,Draft,856A2773G01,SPACERS SUPT LPTR/CASE,1,1172,2025-01-17,EA,EA
PO-25-5,ROTAFILO,2025-01-17,Aeroparts AOG DWC LLC,USD,Draft,856A2661G01,PULLER AFT ROTATING AIR/OIL SEPERATOR,1,910,2025-01-17,EA,EA
PO-25-5,ROTAFILO,2025-01-17,Aeroparts AOG DWC LLC,USD,Draft,856A2668G02,KIT - PULLER ADAPTERS,1,787,2025-01-17,EA,EA
PO-25-5,ROTAFILO,2025-01-17,Aeroparts AOG DWC LLC,USD,Draft,856A3721G03,ADAPTER  LIFT/TURN #1,1,2750,2025-01-17,EA,EA
PO-25-5,ROTAFILO,2025-01-17,Aeroparts AOG DWC LLC,USD,Draft,856A3777G02,TEMPLATE  LOCATING-JET#3,1,890,2025-01-17,EA,EA
PO-25-5,ROTAFILO,2025-01-17,Aeroparts AOG DWC LLC,USD,Draft,856A3704G01,TORQUE ADAPTER,1,4589,2025-01-17,EA,EA
PO-25-5,ROTAFILO,2025-01-17,Aeroparts AOG DWC LLC,USD,Draft,856A2780G02,ADPT HANDLE,1,1118,2025-01-17,EA,EA
PO-25-5,ROTAFILO,2025-01-17,Aeroparts AOG DWC LLC,USD,Draft,856A2577P01,RING  LOCATE #5,1,670,2025-01-17,EA,EA
PO-25-5,ROTAFILO,2025-01-17,Aeroparts AOG DWC LLC,USD,Draft,856A2726G01,TURNBUCKLE TGB/AGB,1,2560,2025-01-17,EA,EA
PO-25-5,ROTAFILO,2025-01-17,Aeroparts AOG DWC LLC,USD,Draft,856A2722G01,GUIDE PINS-LPT/TRF,1,795,2025-01-17,EA,EA
PO-25-5,ROTAFILO,2025-01-17,Aeroparts AOG DWC LLC,USD,Draft,856A3392G01,WRENCH -  TORQUE AFT ROTATING,1,1590,2025-01-17,EA,EA
PO-25-5,ROTAFILO,2025-01-17,Aeroparts AOG DWC LLC,USD,Draft,856A3485P01,CAP  PROTECTIVE THREAD,1,119,2025-01-17,EA,EA
PO-25-5,ROTAFILO,2025-01-17,Aeroparts AOG DWC LLC,USD,Draft,856A2663G01,ADAPTER PULLER,1,450,2025-01-17,EA,EA
PO-25-5,ROTAFILO,2025-01-17,Aeroparts AOG DWC LLC,USD,Draft,856A3234P01,PROTECTOR  CVT AFT,1,627,2025-01-17,EA,EA
PO-25-5756,SPECIALIST AVIATION LTD,2025-01-17,Aeroparts AOG DWC LLC,USD,Draft,7012-18088-03,VALVE,1,14250,2025-01-17,EA,EA
PO-25-5757,STRADE Ltd,2025-01-20,Aeroparts AOG DWC LLC,USD,Draft,31110-120,SERVO RUDDER CONTROL,1,9722,2025-01-20,EA,EA
PO-25-5758,BOEING FLEET,2025-01-20,Aeroparts AOG DWC LLC,USD,Draft,659W1190-2,HNGE ARM,1,4033,2024-12-26,EA,EA
PO-25-5759,AVIALL,2025-01-20,Aeroparts AOG DWC LLC,USD,Draft,F013WWBCAC,LAMP,24,19.79,2025-01-20,EA,EA
PO-25-5761,CFM INTERNATIONAL,2025-01-20,Aeroparts AOG DWC LLC,USD,Draft,2564M19G03,SEAL STAGE 2 COMPRESSOR STATOR,4,2351,2025-01-20,EA,EA
PO-25-5761,CFM INTERNATIONAL,2025-01-20,Aeroparts AOG DWC LLC,USD,Draft,2564M18P01,SHROUD ASSY-CPRSR STTR STG 2,24,1358,2025-01-20,EA,EA
PO-25-5761,CFM INTERNATIONAL,2025-01-20,Aeroparts AOG DWC LLC,USD,Draft,2564M19G01,SEAL STAGE2 COMPRESSOR STATOR,10,2401,2025-01-20,EA,EA
PO-25-5762,CFM INTERNATIONAL,2025-01-20,Aeroparts AOG DWC LLC,USD,Draft,2564M18P03,SHROUD ASSY-CPRSR STTR STG 2,10,1358,2025-01-20,EA,EA
PO-25-5762,CFM INTERNATIONAL,2025-01-20,Aeroparts AOG DWC LLC,USD,Draft,2564M18P01,SHROUD ASSY-CPRSR STTR STG 2,24,1358,2025-01-20,EA,EA
PO-25-5763,CFM INTERNATIONAL,2025-01-20,Aeroparts AOG DWC LLC,USD,Draft,2050M82G03,SHROUD ASSY-CPRSR STTR STG 2,30,1223,2025-01-20,EA,EA
PO-25-5764,BOEING FLEET,2025-01-20,Aeroparts AOG DWC LLC,USD,Draft,BACB30LE4K20,bolt,10,29.54,2025-01-20,EA,EA
PO-25-5764,BOEING FLEET,2025-01-20,Aeroparts AOG DWC LLC,USD,Draft,KJB378304B,Bushing,5,64.71,2025-01-20,EA,EA
PO-25-5765,East Air Corp,2025-01-20,Aeroparts AOG DWC LLC,USD,Draft,141T4004-22,WINDSHIELD,2,40910,2025-01-20,EA,EA
PO-25-5767,PDQ AIRSPARES,2025-01-20,Aeroparts AOG DWC LLC,USD,Draft,4L83-046,VALVE ASSEMBLY,4,695,2025-01-20,EA,EA
PO-25-5768,PDQ AIRSPARES,2025-01-20,Aeroparts AOG DWC LLC,USD,Draft,63600-101,LIFE VEST,36,90,2025-01-20,EA,EA
PO-25-5769,BOEING FLEET,2025-01-21,Aeroparts AOG DWC LLC,USD,Draft,115A2752-5,RETAINER,1,3539,2025-01-21,EA,EA
PO-25-5769,BOEING FLEET,2025-01-21,Aeroparts AOG DWC LLC,USD,Draft,115A2790-5,SEAL,1,574,2025-01-21,EA,EA
PO-25-5769,BOEING FLEET,2025-01-21,Aeroparts AOG DWC LLC,USD,Draft,313A2114U12,SEAL,2,3832,2025-01-21,EA,EA
PO-25-5770,BOEING FLEET,2025-01-21,Aeroparts AOG DWC LLC,USD,Draft,J1438P910,PACKING,200,15,2025-01-21,EA,EA
PO-25-5771,PROPONENT,2025-01-21,Aeroparts AOG DWC LLC,USD,Draft,240114,POWER MODULE ASSEMBLY,5,5612.77,2024-11-12,EA,EA
PO-25-5771,PROPONENT,2025-01-21,Aeroparts AOG DWC LLC,USD,Draft,35240130-22,FILL FITTING,1,715.07,2024-11-12,EA,EA
PO-25-5772,Executive Jet Support,2025-01-21,Aeroparts AOG DWC LLC,USD,Draft,0102AY1AF,Total Air Temperature,1,9000,2025-01-21,EA,EA
PO-25-5773,BOEING FLEET,2025-01-21,Aeroparts AOG DWC LLC,USD,Draft,5011KTU01,TANK ASSY,1,2865,2025-01-27,EA,EA
PO-25-5773,BOEING FLEET,2025-01-21,Aeroparts AOG DWC LLC,USD,Draft,5003KTU01,TANK UNIT,1,2865,2025-01-27,EA,EA
PO-25-5774,BOEING FLEET,2025-01-21,Aeroparts AOG DWC LLC,USD,Draft,31-7771-3,LAMP,1,5017.32,2025-01-27,EA,EA
PO-25-5775,UNICAL AVIATION,2025-01-21,Aeroparts AOG DWC LLC,USD,Draft,A2577187320400,SCREW,17,20,2025-01-21,EA,EA
PO-25-5775,UNICAL AVIATION,2025-01-21,Aeroparts AOG DWC LLC,USD,Draft,A2577187320400,SCREW,233,20,2025-01-21,EA,EA
PO-25-5776,WENCOR,2025-01-22,Aeroparts AOG DWC LLC,USD,Draft,ABS0692-01,WASHER,300,0,2025-01-22,EA,EA
PO-25-5776,WENCOR,2025-01-22,Aeroparts AOG DWC LLC,USD,Draft,4224057WE,WIPER BLADE,6,115.5,2025-01-22,EA,EA
PO-25-5776,WENCOR,2025-01-22,Aeroparts AOG DWC LLC,USD,Draft,DAN125-5S,"WASHER, COUNTERSUNK",140,2.04,2025-01-22,EA,EA
PO-25-5776,WENCOR,2025-01-22,Aeroparts AOG DWC LLC,USD,Draft,ABS0692-01,WASHER,300,0.43,2025-01-22,EA,EA
PO-25-5776,WENCOR,2025-01-22,Aeroparts AOG DWC LLC,USD,Draft,ABS0365-3-1B,Nut Clip,100,1.3,2025-01-22,EA,EA
PO-25-5776,WENCOR,2025-01-22,Aeroparts AOG DWC LLC,USD,Draft,ABS0365-3-2B,Nut Clip,50,1.37,2025-01-22,EA,EA
PO-25-5776,WENCOR,2025-01-22,Aeroparts AOG DWC LLC,USD,Draft,ABS0336-07,STUD,500,2,2025-01-22,EA,EA
PO-25-5777,JACAERO INDUSTRIES LLC,2025-01-22,Aeroparts AOG DWC LLC,USD,Draft,INTL WIRE FEE,INTERNATIONAL WIRE FEE,1,4,2025-01-22,EA,EA
PO-25-5777,JACAERO INDUSTRIES LLC,2025-01-22,Aeroparts AOG DWC LLC,USD,Draft,NAS1100-3-10,SCREW,1000,0.1,2025-01-22,EA,EA
PO-25-5778,Aerotrends Aviation,2025-01-22,Aeroparts AOG DWC LLC,USD,Draft,117042-02,OXYGEN GENERATOR,12,800,2025-01-22,EA,EA
PO-25-5778,Aerotrends Aviation,2025-01-22,Aeroparts AOG DWC LLC,USD,Draft,117042-03,OXYGEN GENERATOR,3,1100,2025-01-22,EA,EA
PO-25-5779,DSC TRADING LLC,2025-01-22,Aeroparts AOG DWC LLC,USD,Draft,MS35214-50,SCREW,10,1,2025-01-22,EA,EA
PO-25-5779,DSC TRADING LLC,2025-01-22,Aeroparts AOG DWC LLC,USD,Draft,MS35214-50,SCREW,50,0.8,2025-01-22,EA,EA
PO-25-5780,SKYSPARES LTD,2025-01-22,Aeroparts AOG DWC LLC,USD,Draft,MS24266R14B7SN,CONNECTOR,25,35,2025-01-22,EA,EA
PO-25-5781,ROTAFILO,2025-01-22,Aeroparts AOG DWC LLC,USD,Draft,98F20008247000,QUANTITY LIMITER-REGREASING,1,590,2025-01-20,EA,EA
PO-25-5781,ROTAFILO,2025-01-22,Aeroparts AOG DWC LLC,USD,Draft,HU37594,"ADAPTER - CHOCKING PAD AND SLIDER, REMOVAL",1,152,2025-01-20,EA,EA
PO-25-5781,ROTAFILO,2025-01-22,Aeroparts AOG DWC LLC,USD,Draft,HU55105-2,Steady Engine Mounts,1,2905,2025-01-20,EA,EA
PO-25-5781,ROTAFILO,2025-01-22,Aeroparts AOG DWC LLC,USD,Draft,HU87131-1,EXTRACTOR - LOCK WASHER,1,232,2025-01-20,EA,EA
PO-25-5781,ROTAFILO,2025-01-22,Aeroparts AOG DWC LLC,USD,Draft,98F07107501000,"ADAPTER-AFT,JACKING",1,183,2025-01-20,EA,EA
PO-25-5781,ROTAFILO,2025-01-22,Aeroparts AOG DWC LLC,USD,Draft,HU36634,SLING LIFT ENG REAR MOUNT,1,650,2025-01-20,EA,EA
PO-25-5781,ROTAFILO,2025-01-22,Aeroparts AOG DWC LLC,USD,Draft,HU35382-1,LIFTER-REM INST ENGINE FRONT MOUNT,1,1755,2025-01-20,EA,EA
PO-25-5781,ROTAFILO,2025-01-22,Aeroparts AOG DWC LLC,USD,Draft,98F52003006002,SAFETY BARRIER EMERGENCY EXIT,1,3144,2025-01-20,EA,EA
PO-25-5781,ROTAFILO,2025-01-22,Aeroparts AOG DWC LLC,USD,Draft,HU42375,Wedge,1,269,2025-01-20,EA,EA
PO-25-5781,ROTAFILO,2025-01-22,Aeroparts AOG DWC LLC,USD,Draft,HU35451,Extracting hook,1,758,2025-01-20,EA,EA
PO-25-5781,ROTAFILO,2025-01-22,Aeroparts AOG DWC LLC,USD,Draft,HU44265,DOWEL,3,150,2025-01-20,EA,EA
PO-25-5781,ROTAFILO,2025-01-22,Aeroparts AOG DWC LLC,USD,Draft,98F54003008004,ADAPTOR-DYNAMOMETRIC AT RIB1,1,6885,2025-01-20,EA,EA
PO-25-5781,ROTAFILO,2025-01-22,Aeroparts AOG DWC LLC,USD,Draft,HU87113-1,SAFETY STRUT - HOLD OPEN DEVICE,2,1121,2025-01-20,EA,EA
PO-25-5781,ROTAFILO,2025-01-22,Aeroparts AOG DWC LLC,USD,Draft,98F71201010000,"APPROACH DEVICE FITTING - ENGINE, PYLON",1,1151,2025-01-20,EA,EA
PO-25-5781,ROTAFILO,2025-01-22,Aeroparts AOG DWC LLC,USD,Draft,HU55761,ADAPTER - BOOTSTRAP,2,1395,2025-01-20,EA,EA
PO-25-5781,ROTAFILO,2025-01-22,Aeroparts AOG DWC LLC,USD,Draft,98F71201006080,BOOTSTRAP SYSTEM-A330 RR,1,29985,2025-01-20,EA,EA
PO-25-5781,ROTAFILO,2025-01-22,Aeroparts AOG DWC LLC,USD,Draft,98A52307557000,VALVE-VACUUM. SCUFF PLATE,1,239,2025-01-20,EA,EA
PO-25-5781,ROTAFILO,2025-01-22,Aeroparts AOG DWC LLC,USD,Draft,98L36103002000,ENGINE BLEED,1,4350,2025-01-20,EA,EA
PO-25-5781,ROTAFILO,2025-01-22,Aeroparts AOG DWC LLC,USD,Draft,98A28104031001,PURGER-WATER DRAIN,1,920,2025-01-20,EA,EA
PO-25-5782,BOEING FLEET,2025-01-22,Aeroparts AOG DWC LLC,USD,Draft,654A0004-169,PLATE,1,2359,2024-12-17,EA,EA
PO-25-5783,"GA TELESIS, LLC",2025-01-22,Aeroparts AOG DWC LLC,USD,Draft,15801-160,VALVE ASSY FLUSH,1,0,2025-01-22,EA,EA
PO-25-5783,"GA TELESIS, LLC",2025-01-22,Aeroparts AOG DWC LLC,USD,Draft,15801-160,VALVE ASSY FLUSH,1,1500,2025-01-22,EA,EA
PO-25-5784,AERO TECHNIC ME FZCO,2025-01-22,Aeroparts AOG DWC LLC,USD,Draft,98F27208691000,"TURN-BARREL,RUDDER",1,4000,2025-01-22,EA,EA
PO-25-5784,AERO TECHNIC ME FZCO,2025-01-22,Aeroparts AOG DWC LLC,USD,Draft,AETL34989,PIN SPANNER,1,2699,2025-01-22,EA,EA
PO-25-5784,AERO TECHNIC ME FZCO,2025-01-22,Aeroparts AOG DWC LLC,USD,Draft,98F54003023002,WRENCH-CASTELLATED,1,1673.1,2025-01-22,EA,EA
PO-25-5784,AERO TECHNIC ME FZCO,2025-01-22,Aeroparts AOG DWC LLC,USD,Draft,98F27203002000,GAUGE-RUDDER NEUTRAL SETTING,1,10000,2025-01-22,EA,EA
PO-25-5785,Fly Dynamics,2025-01-22,Aeroparts AOG DWC LLC,USD,Draft,HU44525-2,IMMOBILIZER,1,1150,2025-01-22,EA,EA
PO-25-5786,SKY GLOBAL SUPPORT,2025-01-22,Aeroparts AOG DWC LLC,USD,Draft,324477,"CAP,PROTECTIVE-FIRE EXTINGUISHER SYSTEM",10,111.44,2025-01-20,EA,EA
PO-25-5787,AVIAPOOL,2025-01-22,Aeroparts AOG DWC LLC,USD,Draft,29A029,CALIBRATION BLOCK,1,768,2025-01-20,EA,EA
PO-25-5788,DUBUDAT AEROSPACE,2025-01-23,Aeroparts AOG DWC LLC,USD,Draft,98F57004009001,SET - GUIDE CONE,1,233,2025-01-20,EA,EA
PO-25-5788,DUBUDAT AEROSPACE,2025-01-23,Aeroparts AOG DWC LLC,USD,Draft,98F54003001000,"EXTRACTOR-PYLON SHAFT, RIB 12 - RIB 18",1,2458,2025-01-20,EA,EA
PO-25-5789,FEZA AEROSPACE,2025-01-23,Aeroparts AOG DWC LLC,USD,Draft,98F27508238004,"STOP-CARRIAGE,FLAP",1,1079,2025-01-23,EA,EA
PO-25-5789,FEZA AEROSPACE,2025-01-23,Aeroparts AOG DWC LLC,USD,Draft,98F52308279000,BAR-R I ACTUATOR,2,950,2025-01-23,EA,EA
PO-25-5790,WENCOR,2025-01-23,Aeroparts AOG DWC LLC,USD,Draft,3881052-2WE,"Indicator, Pressure",4,1116.25,2025-01-21,EA,EA
PO-25-5790,WENCOR,2025-01-23,Aeroparts AOG DWC LLC,USD,Draft,3881017-1WE,HOUSING-FILTER,3,4268,2025-01-21,EA,EA
PO-25-5791,ALDIS HAVACILIK LTD. STI,2025-01-23,Aeroparts AOG DWC LLC,USD,Draft,31110-120,SERVO RUDDER CONTROL,1,22500,2025-01-23,EA,EA
PO-25-5791,ALDIS HAVACILIK LTD. STI,2025-01-23,Aeroparts AOG DWC LLC,USD,Draft,31110-120,SERVO RUDDER CONTROL,1,22500,2025-01-23,EA,EA
PO-25-5792,UNICAL AVIATION,2025-01-23,Aeroparts AOG DWC LLC,USD,Draft,F5757157921602,LH OB Flap Rub Strip,2,150,2025-01-23,EA,EA
PO-25-5793,WENCOR,2025-01-24,Aeroparts AOG DWC LLC,USD,Draft,NAS1351-3-10P,SCREW,200,0.52,2025-01-24,EA,EA
PO-25-5794,PROPONENT,2025-01-24,Aeroparts AOG DWC LLC,USD,Draft,165823,CELL,20,464.77,2025-01-24,EA,EA
PO-25-5795,AVIALL,2025-01-24,Aeroparts AOG DWC LLC,USD,Draft,466-8,TEMPERATURE SENSOR,1,3475.75,2025-01-24,EA,EA
PO-25-5796,SAFARI AVIATION SERVICES FZE,2025-01-24,Aeroparts AOG DWC LLC,USD,Draft,VAT,VAT,1,2.04,2025-01-24,EA,EA
PO-25-5796,SAFARI AVIATION SERVICES FZE,2025-01-24,Aeroparts AOG DWC LLC,USD,Draft,HEALTH,CERTIFICATE,1,40.76,2025-01-24,EA,EA
PO-25-5796,SAFARI AVIATION SERVICES FZE,2025-01-24,Aeroparts AOG DWC LLC,USD,Draft,CUSTOMS PROCESSING FEE,CUSTOMS PROCESSING FEE,1,38.62,2025-01-24,EA,EA
PO-25-5796,SAFARI AVIATION SERVICES FZE,2025-01-24,Aeroparts AOG DWC LLC,USD,Draft,PS870A2-6OZ,Sealant 654 Semkit 6Oz,6,128.74,2025-01-24,KT,KT
PO-25-5798,Executive Jet Support,2025-01-24,Aeroparts AOG DWC LLC,USD,Draft,C24966000,VALVE,1,4000,2025-01-24,EA,EA
PO-25-5800,GOVERNMENT OF DUBAI,2025-01-27,Aeroparts AOG DWC LLC,USD,Draft,RENEW,LICENSE,1,2858.7,2025-01-27,EA,EA
PO-25-5801,PROPONENT,2025-01-27,Aeroparts AOG DWC LLC,USD,Draft,E0092-41-160NN,BONDING JUMPER,10,4.58,2025-01-27,EA,EA
PO-25-5801,PROPONENT,2025-01-27,Aeroparts AOG DWC LLC,USD,Draft,ABS0734-226,GASKET,6,40.75,2025-01-27,EA,EA
PO-25-5801,PROPONENT,2025-01-27,Aeroparts AOG DWC LLC,USD,Draft,E0052N16B26SYF,"CONNECTOR, PLUG-BODY",5,55.14,2025-01-27,EA,EA
PO-25-5801,PROPONENT,2025-01-27,Aeroparts AOG DWC LLC,USD,Draft,E0052N8B3ASNF,"CONNECTOR, PLUG-BODY",5,31.69,2025-01-27,EA,EA
PO-25-5801,PROPONENT,2025-01-27,Aeroparts AOG DWC LLC,USD,Draft,M83248/1-216,O-RING,13,2.49,2025-01-27,EA,EA
PO-25-5801,PROPONENT,2025-01-27,Aeroparts AOG DWC LLC,USD,Draft,NAS7204U4,BOLT,20,7.18,2025-01-27,EA,EA
PO-25-5801,PROPONENT,2025-01-27,Aeroparts AOG DWC LLC,USD,Draft,NSA5620-01,STUD,70,1.64,2025-01-27,EA,EA
PO-25-5802,BOEING DISTRIBUTION SERVICES,2025-01-27,Aeroparts AOG DWC LLC,USD,Draft,NAS1805-10L,NUT,5,29.52,2025-01-27,EA,EA
PO-25-5803,SAINT-GOBAIN AEROSPACE,2025-01-27,Aeroparts AOG DWC LLC,USD,Draft,SPSA340-1-6-3,Windshield,1,9990,2025-01-27,EA,EA
PO-25-5804,WENCOR,2025-01-27,Aeroparts AOG DWC LLC,USD,Draft,4224057WE,WIPER BLADE,18,115.5,2025-01-27,EA,EA
PO-25-5804,WENCOR,2025-01-27,Aeroparts AOG DWC LLC,USD,Draft,AS62424,CLAMP,18,53,2025-01-27,EA,EA
PO-25-5804,WENCOR,2025-01-27,Aeroparts AOG DWC LLC,USD,Draft,NAS1351-3-10,SCREW,50,0.52,2025-01-27,EA,EA
PO-25-5804,WENCOR,2025-01-27,Aeroparts AOG DWC LLC,USD,Draft,MS14183PC3,WASHER,50,1.43,2025-01-27,EA,EA
PO-25-5805,PROPONENT,2025-01-27,Aeroparts AOG DWC LLC,USD,Draft,85333RS12-03PNL,CONNECTOR,3,97.07,2025-01-27,EA,EA
PO-25-5806,BOEING DISTRIBUTION SERVICES,2025-01-28,Aeroparts AOG DWC LLC,USD,Draft,4557,LAMP,30,37.3,2025-01-27,EA,EA
PO-25-5806,BOEING DISTRIBUTION SERVICES,2025-01-28,Aeroparts AOG DWC LLC,USD,Draft,4384089,BULB,10,340,2025-01-27,EA,EA
PO-25-5806,BOEING DISTRIBUTION SERVICES,2025-01-28,Aeroparts AOG DWC LLC,USD,Draft,4394909,LIGHT,10,988.71,2025-01-27,EA,EA
PO-25-5807,AVIALL SERVICES INC,2025-01-28,Aeroparts AOG DWC LLC,USD,Draft,31-8585-1,GASKET,15,203.44,2025-01-27,EA,EA
PO-25-5808,AERFIN,2025-01-28,Aeroparts AOG DWC LLC,USD,Draft,966A0000-02,HEAT EXCHANGER,1,7500,2025-01-28,EA,EA
PO-25-5809,AVIALL,2025-01-28,Aeroparts AOG DWC LLC,USD,Draft,A35226,NUT,10,169.12,2025-01-13,EA,EA
PO-25-5810,BOEING FLEET,2025-01-29,Aeroparts AOG DWC LLC,USD,Draft,311A2553-12,HINGE,4,3027,2025-01-29,EA,EA
PO-25-5811,BOEING FLEET,2025-01-29,Aeroparts AOG DWC LLC,USD,Draft,443W3075-17W,THRESHOLD,6,592,2025-02-05,EA,EA
PO-25-5812,BOEING FLEET,2025-01-30,Aeroparts AOG DWC LLC,USD,Draft,BACN10ZV3,NUT,100,0.45,2025-01-17,EA,EA
PO-25-5812,BOEING FLEET,2025-01-30,Aeroparts AOG DWC LLC,USD,Draft,BACC63BV22B19PN,CONNECTOR,2,810.57,2025-01-17,EA,EA
PO-25-5813,BOEING FLEET,2025-01-30,Aeroparts AOG DWC LLC,USD,Draft,113A9308-1,BOLT,2,1221,2025-01-27,EA,EA
PO-25-5813,BOEING FLEET,2025-01-30,Aeroparts AOG DWC LLC,USD,Draft,BACB28AZ11A039Z,BUSHING,8,76.3,2025-01-27,EA,EA
PO-25-5814,BOEING FLEET,2025-01-30,Aeroparts AOG DWC LLC,USD,Draft,B0E2013-0301,HOSE,2,350,2025-01-27,EA,EA
PO-25-5814,BOEING FLEET,2025-01-30,Aeroparts AOG DWC LLC,USD,Draft,B0E2013-0573,HOSE,3,271,2025-01-27,EA,EA
PO-25-5814,BOEING FLEET,2025-01-30,Aeroparts AOG DWC LLC,USD,Draft,137-00-100-09,NUT,140,9.36,2025-01-27,EA,EA
PO-25-5814,BOEING FLEET,2025-01-30,Aeroparts AOG DWC LLC,USD,Draft,IT-4350-639,HOSE,2,1688,2025-01-27,EA,EA
PO-25-5815,BOEING FLEET,2025-01-31,Aeroparts AOG DWC LLC,USD,Draft,113A9308-1,BOLT,2,1221,2025-01-28,EA,EA
PO-25-5816,LIVE AEROSPACE,2025-02-14,Aeroparts AOG DWC LLC,USD,Draft,60-0304-51,POWER SUPPLY,15,700,2025-02-14,EA,EA
PO-25-5817,BOEING FLEET,2025-02-17,Aeroparts AOG DWC LLC,USD,Draft,B0E2013-0341,HOSE ASSY,2,346,2025-02-17,EA,EA
PO-25-5818,BOEING FLEET,2025-02-17,Aeroparts AOG DWC LLC,USD,Draft,2085M48P01,SEAL,36,809,2025-02-17,EA,EA
PO-25-5819,WENCOR,2025-02-18,Aeroparts AOG DWC LLC,USD,Draft,ABS0371-01,RING-SNAP,300,0,2025-02-18,EA,EA
PO-25-5819,WENCOR,2025-02-18,Aeroparts AOG DWC LLC,USD,Draft,ASNA2001T3-6,BOLT,1650,0,2025-02-18,EA,EA
PO-25-5819,WENCOR,2025-02-18,Aeroparts AOG DWC LLC,USD,Draft,ABS0371-01,RING-SNAP,300,0.75,2025-02-18,EA,EA
PO-25-5819,WENCOR,2025-02-18,Aeroparts AOG DWC LLC,USD,Draft,ASNA2001T3-5,SCREW,300,1.99,2025-02-18,EA,EA
PO-25-5819,WENCOR,2025-02-18,Aeroparts AOG DWC LLC,USD,Draft,NAS1791A3-2,NUT,250,1.27,2025-02-18,EA,EA
PO-25-5819,WENCOR,2025-02-18,Aeroparts AOG DWC LLC,USD,Draft,NAS1102-06-5,SCREW,300,0.15,2025-02-18,EA,EA
PO-25-5819,WENCOR,2025-02-18,Aeroparts AOG DWC LLC,USD,Draft,ASNA2001T3-7,SCREW,300,1.75,2025-02-18,EA,EA
PO-25-5819,WENCOR,2025-02-18,Aeroparts AOG DWC LLC,USD,Draft,NAS1169C10,WASHER,200,0.4,2025-02-18,EA,EA
PO-25-5819,WENCOR,2025-02-18,Aeroparts AOG DWC LLC,USD,Draft,ABS0368-01,RECEPTABLE,100,8.35,2025-02-18,EA,EA
PO-25-5819,WENCOR,2025-02-18,Aeroparts AOG DWC LLC,USD,Draft,ASNA2001T4-15,SCREW,50,2.87,2025-02-18,EA,EA
PO-25-5819,WENCOR,2025-02-18,Aeroparts AOG DWC LLC,USD,Draft,ASNA2001T3-12,SCREW,270,2.45,2025-02-18,EA,EA
PO-25-5819,WENCOR,2025-02-18,Aeroparts AOG DWC LLC,USD,Draft,ASNA2001T3-6,BOLT,1650,2.87,2025-02-18,EA,EA
PO-25-5820,PROPONENT,2025-02-18,Aeroparts AOG DWC LLC,USD,Draft,ABS0604-4,WASHER,200,0,2025-02-18,EA,EA
PO-25-5820,PROPONENT,2025-02-18,Aeroparts AOG DWC LLC,USD,Draft,NAS1791A3-3,NUT-PLATE,60,1.88,2025-02-18,EA,EA
PO-25-5820,PROPONENT,2025-02-18,Aeroparts AOG DWC LLC,USD,Draft,ABS0604-4,WASHER,200,0.5,2025-02-18,EA,EA
PO-25-5820,PROPONENT,2025-02-18,Aeroparts AOG DWC LLC,USD,Draft,ASNA2857-030,PIN,90,8.51,2025-02-18,EA,EA
PO-25-5820,PROPONENT,2025-02-18,Aeroparts AOG DWC LLC,USD,Draft,ASNA2857-020,STUD,200,6.7,2025-02-18,EA,EA
PO-25-5820,PROPONENT,2025-02-18,Aeroparts AOG DWC LLC,USD,Draft,NAS1102E06-5,SCREW,150,0.6,2025-02-18,EA,EA
PO-25-5820,PROPONENT,2025-02-18,Aeroparts AOG DWC LLC,USD,Draft,EN6131-3C1,NUT CLIP,30,5.7,2025-02-18,EA,EA
PO-25-5820,PROPONENT,2025-02-18,Aeroparts AOG DWC LLC,USD,Draft,NAS1096-3-9,SCREW,50,1.24,2025-02-18,EA,EA
PO-25-5820,PROPONENT,2025-02-18,Aeroparts AOG DWC LLC,USD,Draft,NAS7204U4,BOLT,30,7.18,2025-02-18,EA,EA
PO-25-5820,PROPONENT,2025-02-18,Aeroparts AOG DWC LLC,USD,Draft,ABS0208-01,"WASHER, COUNTERSUNK",30,2.38,2025-02-18,EA,EA
PO-25-5820,PROPONENT,2025-02-18,Aeroparts AOG DWC LLC,USD,Draft,ABS0336-03,STUD,30,2.65,2025-02-18,EA,EA
PO-25-5821,BOEING DISTRIBUTION SERVICES,2025-02-18,Aeroparts AOG DWC LLC,USD,Draft,EN6092-01,RECEPTACLE,150,5.76,2025-02-18,EA,EA
PO-25-5821,BOEING DISTRIBUTION SERVICES,2025-02-18,Aeroparts AOG DWC LLC,USD,Draft,ASNA2001T4-23,SCREW,50,20.58,2025-02-18,EA,EA
PO-25-5821,BOEING DISTRIBUTION SERVICES,2025-02-18,Aeroparts AOG DWC LLC,USD,Draft,ASNA2001T4-26,SCREW,50,8.34,2025-02-18,EA,EA
PO-25-5821,BOEING DISTRIBUTION SERVICES,2025-02-18,Aeroparts AOG DWC LLC,USD,Draft,NSA5084-3,"NUT, CLIP",50,4.16,2025-02-18,EA,EA
PO-25-5821,BOEING DISTRIBUTION SERVICES,2025-02-18,Aeroparts AOG DWC LLC,USD,Draft,NAS1153V9R,SCREW,30,9.2,2025-02-18,EA,EA
PO-25-5822,PDQ AIRSPARES,2025-02-18,Aeroparts AOG DWC LLC,USD,Draft,CC FEES,CREDIT CARD FEES,1,21,2025-02-18,EA,EA
PO-25-5822,PDQ AIRSPARES,2025-02-18,Aeroparts AOG DWC LLC,USD,Draft,FW20027,GUARD,1,525,2025-02-18,EA,EA
PO-25-5823,"North Star Aerospace, Inc",2025-02-18,Aeroparts AOG DWC LLC,USD,Draft,5912415-1,PANEL ASSY-UPPER WINDOW,1,1600,2025-02-18,EA,EA
PO-25-5824,BOEING FLEET,2025-02-19,Aeroparts AOG DWC LLC,USD,Draft,BACB30LH3-7,BOLT,30,0.51,2025-02-19,EA,EA
PO-25-5824,BOEING FLEET,2025-02-19,Aeroparts AOG DWC LLC,USD,Draft,BACB30NN3K16,BOLT,30,3.13,2025-02-19,EA,EA
PO-25-5824,BOEING FLEET,2025-02-19,Aeroparts AOG DWC LLC,USD,Draft,BACB30NN3K8,BOLT,30,1.33,2025-02-19,EA,EA
PO-25-5824,BOEING FLEET,2025-02-19,Aeroparts AOG DWC LLC,USD,Draft,BACB30NN3K7,BOLT,30,1.35,2025-02-19,EA,EA
PO-25-5824,BOEING FLEET,2025-02-19,Aeroparts AOG DWC LLC,USD,Draft,BACB30NN3K10,BOLT,30,1.12,2025-02-19,EA,EA
PO-25-5824,BOEING FLEET,2025-02-19,Aeroparts AOG DWC LLC,USD,Draft,BACB30LH3-13,BOLT,30,2.29,2025-02-19,EA,EA
PO-25-5824,BOEING FLEET,2025-02-19,Aeroparts AOG DWC LLC,USD,Draft,BACB30NN3K13,BOLT,30,2.79,2025-02-19,EA,EA
PO-25-5824,BOEING FLEET,2025-02-19,Aeroparts AOG DWC LLC,USD,Draft,BACB30XD3K5,BOLT,60,2.77,2025-02-19,EA,EA
PO-25-5825,ROTAFILO,2025-02-19,Aeroparts AOG DWC LLC,USD,Draft,UT630-2,"WRENCH-REMOVE INSTALL, OIL PUMP",1,488,2025-02-19,EA,EA
PO-25-5827,ROTAFILO,2025-02-19,Aeroparts AOG DWC LLC,USD,Draft,HU55108,TOOL: SLING REMOVAL/,1,8870,2025-02-19,EA,EA
PO-25-5827,ROTAFILO,2025-02-19,Aeroparts AOG DWC LLC,USD,Draft,HU89025-1,SLING TURNOVER - AIR INTAKE COWL,1,3440,2025-02-19,EA,EA
PO-25-5828,ROTAFILO,2025-02-19,Aeroparts AOG DWC LLC,USD,Draft,HU87129,EXTRACTOR-R/I N.5 HINGE PIN T/R,1,1298,2025-02-19,EA,EA
PO-25-5828,ROTAFILO,2025-02-19,Aeroparts AOG DWC LLC,USD,Draft,HU87127,EXTRACTOR-R/I N.2 HINGE PIN T/R,1,938,2025-02-19,EA,EA
PO-25-5829,BOEING DISTRIBUTION SERVICES,2025-02-20,Aeroparts AOG DWC LLC,USD,Draft,NAS1515H6H,WASHER,300,3.98,2025-02-20,EA,EA
PO-25-5830,BOEING FLEET,2025-02-20,Aeroparts AOG DWC LLC,USD,Draft,NAS1081-08A3,SCREW,200,0,2025-02-20,EA,EA
PO-25-5831,Seal Dynamics,2025-02-20,Aeroparts AOG DWC LLC,USD,Draft,HV10000-601,HYD LOCK,1,698.5,2025-02-20,EA,EA
PO-25-5832,SKYLINE AERO,2025-02-20,Aeroparts AOG DWC LLC,USD,Draft,UA538551-3,IDG OIL COOLER,1,7250,2025-02-24,EA,EA
PO-25-5833,AERFIN,2025-02-20,Aeroparts AOG DWC LLC,USD,Draft,967A0000-03,"EXCHANGER-HEAT,MAIN",1,7500,2025-02-20,EA,EA
PO-25-5834,PROPONENT,2025-02-20,Aeroparts AOG DWC LLC,USD,Draft,165823,CELL,40,464.77,2025-02-20,EA,EA
PO-25-5835,GLENDALE INTERNATIONAL,2025-02-20,Aeroparts AOG DWC LLC,USD,Draft,INTL WIRE FEE,INTERNATIONAL WIRE FEE,1,25,2025-02-20,EA,EA
PO-25-5835,GLENDALE INTERNATIONAL,2025-02-20,Aeroparts AOG DWC LLC,USD,Draft,21435-00,LOW FREQUENCY UNDERWATER,1,4700,2025-02-20,EA,EA
PO-25-5836,BOEING DISTRIBUTION SERVICES,2025-02-20,Aeroparts AOG DWC LLC,USD,Draft,NAS1304-6D,BOLT,100,2.94,2025-02-20,EA,EA
PO-25-5837,Non Destructive Testing Technologies DWC-LLC,2025-02-21,Aeroparts AOG DWC LLC,USD,Draft,B30PN14-32,ENGINE MOUNT BOLT,4,375,2025-02-21,EA,EA
PO-25-5837,Non Destructive Testing Technologies DWC-LLC,2025-02-21,Aeroparts AOG DWC LLC,USD,Draft,B30PN10-19,ENGINE MOUNT BOLTS,4,375,2025-02-21,EA,EA
PO-25-5838,Source One Spares,2025-02-21,Aeroparts AOG DWC LLC,USD,Draft,D5211028200300,GEARBOX,1,21950,2025-02-21,EA,EA
PO-25-5839,WENCOR,2025-02-21,Aeroparts AOG DWC LLC,USD,Draft,NAS1790C4R4P,"BOLT, FLUSH HEAD",100,0,2025-02-21,EA,EA
PO-25-5839,WENCOR,2025-02-21,Aeroparts AOG DWC LLC,USD,Draft,ASNA2857-040,STUD,50,11.35,2025-02-21,EA,EA
PO-25-5839,WENCOR,2025-02-21,Aeroparts AOG DWC LLC,USD,Draft,ASNA2001T3-13,ACREW,450,2.73,2025-02-21,EA,EA
PO-25-5839,WENCOR,2025-02-21,Aeroparts AOG DWC LLC,USD,Draft,NAS1792A3-3,NUT,100,2.01,2025-02-21,EA,EA
PO-25-5839,WENCOR,2025-02-21,Aeroparts AOG DWC LLC,USD,Draft,ASNA2001T3-5,SCREW,150,1.99,2025-02-21,EA,EA
PO-25-5839,WENCOR,2025-02-21,Aeroparts AOG DWC LLC,USD,Draft,NSA8208-266,O-RING,25,19.26,2025-02-21,EA,EA
PO-25-5839,WENCOR,2025-02-21,Aeroparts AOG DWC LLC,USD,Draft,NAS1149C0363R,WASHER,100,0.13,2025-02-21,EA,EA
PO-25-5839,WENCOR,2025-02-21,Aeroparts AOG DWC LLC,USD,Draft,NAS1149C0332R,WASHER,100,0.29,2025-02-21,EA,EA
PO-25-5839,WENCOR,2025-02-21,Aeroparts AOG DWC LLC,USD,Draft,NAS1790C4R4P,"BOLT, FLUSH HEAD",100,1.7,2025-02-21,EA,EA
PO-25-5840,PROPONENT,2025-02-21,Aeroparts AOG DWC LLC,USD,Draft,ABS0367-030,STUD,50,0,2025-02-21,EA,EA
PO-25-5840,PROPONENT,2025-02-21,Aeroparts AOG DWC LLC,USD,Draft,ASNA2001T3-15,SCREW,150,0,2025-02-21,EA,EA
PO-25-5840,PROPONENT,2025-02-21,Aeroparts AOG DWC LLC,USD,Draft,ASNA2001T3-9,SCREW CSK,50,1.87,2025-02-21,EA,EA
PO-25-5840,PROPONENT,2025-02-21,Aeroparts AOG DWC LLC,USD,Draft,ABS0370-01,WASHER,50,2.12,2025-02-21,EA,EA
PO-25-5840,PROPONENT,2025-02-21,Aeroparts AOG DWC LLC,USD,Draft,ABS0367-030,STUD,50,4.06,2025-02-21,EA,EA
PO-25-5840,PROPONENT,2025-02-21,Aeroparts AOG DWC LLC,USD,Draft,ABS0051-06,NUT,600,4.46,2025-02-21,EA,EA
PO-25-5840,PROPONENT,2025-02-21,Aeroparts AOG DWC LLC,USD,Draft,ASNA2001T3-15,SCREW,150,2.93,2025-02-21,EA,EA
PO-25-5840,PROPONENT,2025-02-21,Aeroparts AOG DWC LLC,USD,Draft,NAS1102E06-5,SCREW,700,0.47,2025-02-21,EA,EA
PO-25-5840,PROPONENT,2025-02-21,Aeroparts AOG DWC LLC,USD,Draft,AS3578-008,O-RING,100,0.54,2025-02-21,EA,EA
PO-25-5840,PROPONENT,2025-02-21,Aeroparts AOG DWC LLC,USD,Draft,NAS1096-3-12,SCREW,100,1.06,2025-02-21,EA,EA
PO-25-5840,PROPONENT,2025-02-21,Aeroparts AOG DWC LLC,USD,Draft,ABS0804-5,NUT SELF-LOCKING,50,12.54,2025-02-21,EA,EA
PO-25-5840,PROPONENT,2025-02-21,Aeroparts AOG DWC LLC,USD,Draft,E0092-10-160NN,BONDING JUMPER,30,5.19,2025-02-21,EA,EA
PO-25-5840,PROPONENT,2025-02-21,Aeroparts AOG DWC LLC,USD,Draft,EN2997RS61203AN,CONNECTOR,10,96.76,2025-02-21,EA,EA
PO-25-5840,PROPONENT,2025-02-21,Aeroparts AOG DWC LLC,USD,Draft,E0052N8B3ASNE,CONNECTOR,10,37.06,2025-02-21,EA,EA
PO-25-5841,Pacific Air Industries,2025-02-24,Aeroparts AOG DWC LLC,USD,Draft,3214-31,BATTERY,12,789,2025-02-24,EA,EA
PO-25-5842,AVIALL,2025-02-24,Aeroparts AOG DWC LLC,USD,Draft,BV03202N01-50,LAMP HOLDER,10,693.8,2025-02-24,EA,EA
PO-25-5843,PROPONENT,2025-02-24,Aeroparts AOG DWC LLC,USD,Draft,ABS5311-01,SEALANT TAPE,100,28.07,2025-02-24,FT,FT
PO-25-5843,PROPONENT,2025-02-24,Aeroparts AOG DWC LLC,USD,Draft,AN960C416L,WASHER-FLAT,100,0.05,2025-02-24,EA,EA
PO-25-5843,PROPONENT,2025-02-24,Aeroparts AOG DWC LLC,USD,Draft,NSA5031-4-6,BOLT,100,2.05,2025-02-24,EA,EA
PO-25-5844,WENCOR,2025-02-24,Aeroparts AOG DWC LLC,USD,Draft,NSA5031-4-11,"BOLT, HEX HEAD, SHORT THREAD",50,5.03,2025-02-24,EA,EA
PO-25-5845,SAFARI AVIATION SERVICES FZE,2025-02-24,Aeroparts AOG DWC LLC,USD,Draft,EA934NA-AB,Loctite EA934NA A/B QT KT,2,518.35,2025-02-24,EA,EA
PO-25-5845,SAFARI AVIATION SERVICES FZE,2025-02-24,Aeroparts AOG DWC LLC,USD,Draft,BMS9-8-3K70P/42,DRY CARBON FIBER,5,257.35,2025-02-24,EA,EA
PO-25-5845,SAFARI AVIATION SERVICES FZE,2025-02-24,Aeroparts AOG DWC LLC,USD,Draft,GF01581C12080B80000,DRY GLASS FABRIC,10,21.64,2025-02-24,EA,EA
PO-25-5845,SAFARI AVIATION SERVICES FZE,2025-02-24,Aeroparts AOG DWC LLC,USD,Draft,GS213-3,ADHESIVE TAPE VACUUM BAG SEAL,10,50.98,2025-02-24,EA,EA
PO-25-5846,Aerospace Reliance,2025-02-24,Aeroparts AOG DWC LLC,USD,Draft,LOCTITE601(50-MLBOTTLE),ACRYLIC ADHESIVE,6,75,2025-02-24,EA,EA
PO-25-5847,DR.SCHNEIDER PC,2025-02-24,Aeroparts AOG DWC LLC,USD,Draft,SL-030,SURFACE RESISTANCE METER,1,86,2025-02-24,EA,EA
PO-25-5848,BOEING FLEET,2025-02-24,Aeroparts AOG DWC LLC,USD,Draft,24654-208,CABLE,1,5986,2025-02-24,EA,EA
PO-25-5849,ASI AERO,2025-02-24,Aeroparts AOG DWC LLC,USD,Draft,HG2021GP01,GLOBAL POSITION,1,7000,2025-02-24,EA,EA
PO-25-5851,AVIALL,2025-02-24,Aeroparts AOG DWC LLC,USD,Draft,M81824-1-2,"SPLICE: CRIMP,PLATED,NI,CU,BLK,",100,4.26,2025-01-17,EA,EA
PO-25-5852,SOUTH SEAS AVIATION,2025-02-25,Aeroparts AOG DWC LLC,USD,Draft,HAZMAT,HAZMAT CHARGES,1,200,2025-02-25,EA,EA
PO-25-5852,SOUTH SEAS AVIATION,2025-02-25,Aeroparts AOG DWC LLC,USD,Draft,DK120-90,BEACON,2,2990,2025-02-25,EA,EA
PO-25-5854,BOEING FLEET,2025-02-25,Aeroparts AOG DWC LLC,USD,Draft,43-1329,BOLT,50,74.45,2025-03-04,EA,EA
PO-25-5854,BOEING FLEET,2025-02-25,Aeroparts AOG DWC LLC,USD,Draft,68-1156,ORING,40,59.91,2025-03-04,EA,EA
PO-25-5855,BOEING FLEET,2025-02-25,Aeroparts AOG DWC LLC,USD,Draft,HL13VAZ6-5,PIN,50,2.41,2025-01-24,EA,EA
PO-25-5856,ALARIS AEROSPACE LLC,2025-02-26,Aeroparts AOG DWC LLC,USD,Draft,980A0000-01,"VALVE - CHECK, DOWNSTREAM",1,3700,2025-02-26,EA,EA
PO-25-5857,PROPONENT,2025-02-26,Aeroparts AOG DWC LLC,USD,Draft,A2527039620000,BUSHING,200,8.26,2025-02-26,EA,EA
PO-25-5858,VIMAN AVIATION,2025-02-26,Aeroparts AOG DWC LLC,USD,Draft,INTL WIRE FEE,INTERNATIONAL WIRE FEE,1,50,2025-02-26,EA,EA
PO-25-5858,VIMAN AVIATION,2025-02-26,Aeroparts AOG DWC LLC,USD,Draft,DP3113A,PBE CREW MEMBER,14,1600,2025-02-26,EA,EA
PO-25-5859,PROPONENT,2025-02-26,Aeroparts AOG DWC LLC,USD,Draft,NSA5112-05,WASHER SEAL,40,23.99,2025-02-26,EA,EA
PO-25-5860,AERO TECHNIC ME FZCO,2025-02-26,Aeroparts AOG DWC LLC,USD,Draft,8009431,SEALING,104,172.5,2025-02-26,EA,EA
PO-25-5860,AERO TECHNIC ME FZCO,2025-02-26,Aeroparts AOG DWC LLC,USD,Draft,ABS0696X2-3-32,STUD,150,83.74,2025-02-26,EA,EA
PO-25-5860,AERO TECHNIC ME FZCO,2025-02-26,Aeroparts AOG DWC LLC,USD,Draft,A2821500400200,PIPE,3,1288,2025-02-26,EA,EA
PO-25-5860,AERO TECHNIC ME FZCO,2025-02-26,Aeroparts AOG DWC LLC,USD,Draft,A5735003820000,RING,6,71.19,2025-02-26,EA,EA
PO-25-5860,AERO TECHNIC ME FZCO,2025-02-26,Aeroparts AOG DWC LLC,USD,Draft,A5735003820200,RING,10,40.8,2025-02-26,EA,EA
PO-25-5860,AERO TECHNIC ME FZCO,2025-02-26,Aeroparts AOG DWC LLC,USD,Draft,D5337021720000,PLUG,40,18,2025-02-26,EA,EA
PO-25-5860,AERO TECHNIC ME FZCO,2025-02-26,Aeroparts AOG DWC LLC,USD,Draft,G5757123020000,COVER,200,7.99,2025-02-26,EA,EA
PO-25-5860,AERO TECHNIC ME FZCO,2025-02-26,Aeroparts AOG DWC LLC,USD,Draft,F5598003220000,SEAL,14,223.1,2025-02-26,EA,EA
PO-25-5860,AERO TECHNIC ME FZCO,2025-02-26,Aeroparts AOG DWC LLC,USD,Draft,F2527666720000,PACKING,46,91.89,2025-02-26,EA,EA
PO-25-5860,AERO TECHNIC ME FZCO,2025-02-26,Aeroparts AOG DWC LLC,USD,Draft,F5758503500100,SEAL,3,1380,2025-02-26,EA,EA
PO-25-5860,AERO TECHNIC ME FZCO,2025-02-26,Aeroparts AOG DWC LLC,USD,Draft,F5758503500000,SEAL,3,1380,2025-02-26,EA,EA
PO-25-5860,AERO TECHNIC ME FZCO,2025-02-26,Aeroparts AOG DWC LLC,USD,Draft,F5758503000100,SEAL,3,2153,2025-02-26,EA,EA
PO-25-5860,AERO TECHNIC ME FZCO,2025-02-26,Aeroparts AOG DWC LLC,USD,Draft,F5758503000000,SEAL,3,2127.5,2025-02-26,EA,EA
PO-25-5860,AERO TECHNIC ME FZCO,2025-02-26,Aeroparts AOG DWC LLC,USD,Draft,F0003001600100,KNOB,3,171.99,2025-02-26,EA,EA
PO-25-5861,AEROENGINEERS INTERNATIONAL,2025-02-26,Aeroparts AOG DWC LLC,USD,Draft,F5725408900200,GASKET,20,470,2025-02-26,EA,EA
PO-25-5861,AEROENGINEERS INTERNATIONAL,2025-02-26,Aeroparts AOG DWC LLC,USD,Draft,F5598003220000,SEAL,14,270,2025-02-26,EA,EA
PO-25-5862,FIRE-TEC AERO SYSTEMS,2025-02-26,Aeroparts AOG DWC LLC,USD,Draft,MF10-05-11,OXYGEN MASK,3,3495,2025-02-26,EA,EA
PO-25-5863,AMAZON,2025-02-26,Aeroparts AOG DWC LLC,USD,Draft,MN1500,MEGAPHONE BATTERY,1,8.15,2025-02-26,EA,EA
PO-25-5865,PROPONENT,2025-02-27,Aeroparts AOG DWC LLC,USD,Draft,MS29513-030,O-RING,300,0.56,2025-02-27,EA,EA
PO-25-5866,Wesco (Incora),2025-02-27,Aeroparts AOG DWC LLC,USD,Draft,NAS1921M05S06AU,RIVET,100,4.5,2025-02-27,EA,EA
PO-25-5866,Wesco (Incora),2025-02-27,Aeroparts AOG DWC LLC,USD,Draft,NAS1921M05S04AU,RIVET,100,3.05,2025-02-27,EA,EA
PO-25-5866,Wesco (Incora),2025-02-27,Aeroparts AOG DWC LLC,USD,Draft,NAS1921M04S06AU,RIVET,100,4.3,2025-02-27,EA,EA
PO-25-5866,Wesco (Incora),2025-02-27,Aeroparts AOG DWC LLC,USD,Draft,NAS1919M05S06AU,RIVET,100,5.14,2025-02-27,EA,EA
PO-25-5866,Wesco (Incora),2025-02-27,Aeroparts AOG DWC LLC,USD,Draft,NAS1919M05S04AU,RIVET,100,4.19,2025-02-27,EA,EA
PO-25-5866,Wesco (Incora),2025-02-27,Aeroparts AOG DWC LLC,USD,Draft,NAS1919M04S03AU,RIVET,100,17.95,2025-02-27,EA,EA
PO-25-5867,SAFARI AVIATION SERVICES FZE,2025-02-27,Aeroparts AOG DWC LLC,USD,Draft,MOLYKOTE-G-RAPID,SPRAY PASTE 400ML,10,47.61,2025-02-27,EA,EA
PO-25-5868,STRADE Ltd,2025-02-27,Aeroparts AOG DWC LLC,USD,Draft,G1L123-25,OXYGEN CONTAINER ASSEMBLY FOUR MASK,1,268,2025-02-27,EA,EA
PO-25-5869,SOUTH SEAS AVIATION,2025-02-27,Aeroparts AOG DWC LLC,USD,Draft,HAZMAT,HAZMAT CHARGES,1,200,2025-02-27,EA,EA
PO-25-5869,SOUTH SEAS AVIATION,2025-02-27,Aeroparts AOG DWC LLC,USD,Draft,63600-101,LIFE VEST,6,135,2025-02-27,EA,EA
PO-25-5870,PROPONENT,2025-02-27,Aeroparts AOG DWC LLC,USD,Draft,NAS1919M04S02AU,"RIVET, BLIND",100,4.95,2025-02-27,EA,EA
PO-25-5870,PROPONENT,2025-02-27,Aeroparts AOG DWC LLC,USD,Draft,NAS1919M05S03AU,"RIVET, BLIND",100,3.2,2025-02-27,EA,EA
PO-25-5870,PROPONENT,2025-02-27,Aeroparts AOG DWC LLC,USD,Draft,NAS1921M04S04AU,"RIVET, BLIND",100,3.69,2025-02-27,EA,EA
PO-25-5870,PROPONENT,2025-02-27,Aeroparts AOG DWC LLC,USD,Draft,NAS1921M05S03AU,"RIVET, BLIND",100,2.57,2025-02-27,EA,EA
PO-25-5870,PROPONENT,2025-02-27,Aeroparts AOG DWC LLC,USD,Draft,NAS1921M06S06AU,"RIVET, BLIND",64,8.34,2025-02-27,EA,EA
PO-25-5871,Kellstrom Aerospace,2025-02-27,Aeroparts AOG DWC LLC,USD,Draft,1997M88G01,TUBE-LUBE,1,1600,2025-02-27,EA,EA
PO-25-5872,BOEING DISTRIBUTION SERVICES,2025-02-27,Aeroparts AOG DWC LLC,USD,Draft,NAS1921M06S03AU,"RIVET,BLIND",100,6.3,2025-02-27,EA,EA
PO-25-5872,BOEING DISTRIBUTION SERVICES,2025-02-27,Aeroparts AOG DWC LLC,USD,Draft,NAS1921M05S05AU,"RIVET,BLIND",100,5.39,2025-02-27,EA,EA
PO-25-5872,BOEING DISTRIBUTION SERVICES,2025-02-27,Aeroparts AOG DWC LLC,USD,Draft,NAS1921M05S02AU,"RIVET,BLIND",100,39.16,2025-02-27,EA,EA
PO-25-5872,BOEING DISTRIBUTION SERVICES,2025-02-27,Aeroparts AOG DWC LLC,USD,Draft,NAS1919M05S05AU,RIVET,100,6.14,2025-02-27,EA,EA
PO-25-5872,BOEING DISTRIBUTION SERVICES,2025-02-27,Aeroparts AOG DWC LLC,USD,Draft,NAS1919M04S06AU,"RIVET,BLIND",100,7.5,2025-02-27,EA,EA
PO-25-5872,BOEING DISTRIBUTION SERVICES,2025-02-27,Aeroparts AOG DWC LLC,USD,Draft,NAS1919M04S05AU,"RIVET,BLIND",35,4.98,2025-02-27,EA,EA
PO-25-5873,BOEING FLEET,2025-02-28,Aeroparts AOG DWC LLC,USD,Draft,E71720-00,OXYGEN GENERATOR,1,793,2025-02-28,EA,EA
PO-25-5874,BOEING FLEET,2025-02-28,Aeroparts AOG DWC LLC,USD,Draft,65C33932U6,CHORD,1,3269,2025-03-07,EA,EA
PO-25-5875,SAFARI AVIATION SERVICES FZE,2025-02-28,Aeroparts AOG DWC LLC,USD,Draft,VAT,VAT,1,18.58,2025-02-28,EA,EA
PO-25-5875,SAFARI AVIATION SERVICES FZE,2025-02-28,Aeroparts AOG DWC LLC,USD,Draft,HEALTH,CERTIFICATE,1,14.27,2025-02-28,EA,EA
PO-25-5875,SAFARI AVIATION SERVICES FZE,2025-02-28,Aeroparts AOG DWC LLC,USD,Draft,CUSTOMS PROCESSING FEE,CUSTOMS PROCESSING FEE,1,0,2025-02-28,EA,EA
PO-25-5875,SAFARI AVIATION SERVICES FZE,2025-02-28,Aeroparts AOG DWC LLC,USD,Draft,DYKEM 44,Medium Felt Tip Paint Marker Black,5,33.6,2025-02-28,EA,EA
PO-25-5875,SAFARI AVIATION SERVICES FZE,2025-02-28,Aeroparts AOG DWC LLC,USD,Draft,MS20995C32SS1LB,STAINLESS LOCKWIRE 0.032 1LB,3,24.95,2025-02-28,EA,EA
PO-25-5875,SAFARI AVIATION SERVICES FZE,2025-02-28,Aeroparts AOG DWC LLC,USD,Draft,ARPOSOLVE-IPA735A,ALCOHOL ISOPROPYL,2,81.83,2025-02-28,EA,EA
PO-25-5875,SAFARI AVIATION SERVICES FZE,2025-02-28,Aeroparts AOG DWC LLC,USD,Draft,ARDROX 3140,Long Term Corrosion Preventative,1,371.58,2025-02-28,EA,EA
PO-25-5875,SAFARI AVIATION SERVICES FZE,2025-02-28,Aeroparts AOG DWC LLC,USD,Draft,3M471-2,"TAPE - YELLOW VINYL ADHESIVE,NO.471, 2 INCHES WIDE",4,84.83,2025-02-28,EA,EA
PO-25-5875,SAFARI AVIATION SERVICES FZE,2025-02-28,Aeroparts AOG DWC LLC,USD,Draft,GNGA47,NYCO GRAPHIED ANTI-SEIZE COMPOUND 1 KG,1,178.58,2025-02-28,EA,EA
PO-25-5875,SAFARI AVIATION SERVICES FZE,2025-02-28,Aeroparts AOG DWC LLC,USD,Draft,M00116,LPS1 GREASELESS LUBRICANT 379 ML,4,16.98,2025-02-28,EA,EA
PO-25-5876,PROPONENT,2025-02-28,Aeroparts AOG DWC LLC,USD,Draft,M83248/1-261,O-RING,10,5.63,2025-02-28,EA,EA
PO-25-5876,PROPONENT,2025-02-28,Aeroparts AOG DWC LLC,USD,Draft,M83248/1-216,O-RING,13,2.49,2025-02-28,EA,EA
PO-25-5877,POWER MAX CHEMICALS LLC,2025-02-28,Aeroparts AOG DWC LLC,USD,Draft,VAT,VAT,1,13.04,2025-02-28,EA,EA
PO-25-5877,POWER MAX CHEMICALS LLC,2025-02-28,Aeroparts AOG DWC LLC,USD,Draft,ZOK 27 RTU,GAS TURBINE WASHING FLUID,1,260.87,2025-02-28,EA,EA
PO-25-5878,CFM INTERNATIONAL,2025-02-28,Aeroparts AOG DWC LLC,USD,Draft,J221P142,PACKING-PREFORMED O-RING,25,6.5,2025-02-28,EA,EA
PO-25-5878,CFM INTERNATIONAL,2025-02-28,Aeroparts AOG DWC LLC,USD,Draft,J221P146,PACKING-PREFORMED O-RING,25,11.5,2025-02-28,EA,EA
PO-25-5879,PROPONENT,2025-02-28,Aeroparts AOG DWC LLC,USD,Draft,4100-160000-00,CIRCUIT CARD ASSEMBLY,5,2310.12,2025-02-28,EA,EA
PO-25-5880,PROPONENT,2025-03-03,Aeroparts AOG DWC LLC,USD,Draft,4059,BATTERY,1,9035.82,2025-03-03,EA,EA
PO-25-5881,BOEING DISTRIBUTION SERVICES,2025-03-03,Aeroparts AOG DWC LLC,USD,Draft,BACB30XD3K6,BOLT,350,1.92,2025-02-28,EA,EA
PO-25-5882,BOEING FLEET,2025-03-04,Aeroparts AOG DWC LLC,USD,Draft,15801-120,VALVE,1,1450.34,2025-02-28,EA,EA
PO-25-5884,AVIALL,2025-03-04,Aeroparts AOG DWC LLC,USD,Draft,142-147,CONTROL UNIT: ANTISKID/AUTOBRAKE,1,25000,2025-03-04,EA,EA
PO-25-5886,53 NORTH AVIATION,2025-03-04,Aeroparts AOG DWC LLC,USD,Draft,J540AI4-100,VACUUM GENERATOR,1,19000,2025-03-04,EA,EA
PO-25-5887,Evotrade LLC,2025-03-04,Aeroparts AOG DWC LLC,USD,Draft,380428-10-1,APU,1,155000,2025-03-04,EA,EA
PO-25-5889,BOEING FLEET,2025-03-05,Aeroparts AOG DWC LLC,USD,Draft,BACC63CB10A5SN,CONNECTOR,2,123.28,2025-03-05,EA,EA
PO-25-5889,BOEING FLEET,2025-03-05,Aeroparts AOG DWC LLC,USD,Draft,BACN11AL1,NUT,300,4.48,2025-03-05,EA,EA
PO-25-5890,Wyatt Aerospace,2025-03-05,Aeroparts AOG DWC LLC,USD,Draft,4077880-962,MCDU,1,10500,2025-03-05,EA,EA
PO-25-5891,BOEING DISTRIBUTION SERVICES,2025-03-05,Aeroparts AOG DWC LLC,USD,Draft,NSA5031-4-19,BOLT,10,27.44,2025-03-05,EA,EA
PO-25-5891,BOEING DISTRIBUTION SERVICES,2025-03-05,Aeroparts AOG DWC LLC,USD,Draft,ABS0258-10A,COLLAR,10,33.19,2025-03-05,EA,EA
PO-25-5891,BOEING DISTRIBUTION SERVICES,2025-03-05,Aeroparts AOG DWC LLC,USD,Draft,NAS1474R4,NUT,50,11.51,2025-03-05,EA,EA
PO-25-5891,BOEING DISTRIBUTION SERVICES,2025-03-05,Aeroparts AOG DWC LLC,USD,Draft,NSA5031-4-20,BOLT,50,29.69,2025-03-05,EA,EA
PO-25-5892,AERORENIX TECHNIC AVIATION LTD.,2025-03-05,Aeroparts AOG DWC LLC,USD,Draft,RD-AA1008-01,ENHANCED PES CONTROLLER,1,3500,2025-02-21,EA,EA
PO-25-5893,ROTAFILO,2025-03-05,Aeroparts AOG DWC LLC,USD,Draft,98A57304002000,EXTRACTION MANHOLE BOLT,1,1850,2025-03-05,EA,EA
PO-25-5893,ROTAFILO,2025-03-05,Aeroparts AOG DWC LLC,USD,Draft,98A53003500000,FASTENER REMOVAL TOOL,1,1143,2025-03-05,EA,EA
PO-25-5894,CFM INTERNATIONAL,2025-03-06,Aeroparts AOG DWC LLC,USD,Draft,P336P11,HPC BLADE STAGE 6 LKG,2,954,2025-03-06,EA,EA
PO-25-5895,SAFARI AVIATION SERVICES FZE,2025-03-06,Aeroparts AOG DWC LLC,USD,Draft,P11-2,"ALUMINIUM FOIL TAPE 2""X60YRD",3,47.9,2025-03-06,EA,EA
PO-25-5897,HEICO PARTS GROUP,2025-03-06,Aeroparts AOG DWC LLC,USD,Draft,JA9206M79P02,WASHER,96,35,2025-03-06,EA,EA
PO-25-5898,Parts24.aero GmbH,2025-03-06,Aeroparts AOG DWC LLC,USD,Draft,A2527039620000,BUSHING,100,17,2025-03-06,EA,EA
PO-25-5899,ETIHAD ENGINEERING,2025-03-07,Aeroparts AOG DWC LLC,USD,Draft,BONDERITE-MCR1200,CHEMICAL CONVERSION COATING KIT,1,1212.88,2025-03-07,EA,EA
PO-25-5900,Aerospace Reliance,2025-03-07,Aeroparts AOG DWC LLC,USD,Draft,PS870B1-2,SEALANT,115,0,2025-03-07,EA,EA
PO-25-5900,Aerospace Reliance,2025-03-07,Aeroparts AOG DWC LLC,USD,Draft,AEROFLEX G12E25,PAINT,10,270,2025-03-07,EA,EA
PO-25-5900,Aerospace Reliance,2025-03-07,Aeroparts AOG DWC LLC,USD,Draft,PS870B1-2,SEALANT,115,60,2025-03-07,EA,EA
PO-25-5901,SAFARI AVIATION SERVICES FZE,2025-03-07,Aeroparts AOG DWC LLC,USD,Draft,PS870B1-2,SEALANT,65,0,2025-03-07,EA,EA
PO-25-5901,SAFARI AVIATION SERVICES FZE,2025-03-07,Aeroparts AOG DWC LLC,USD,Draft,CUSTOMS PROCESSING FEE,CUSTOMS PROCESSING FEE,1,35.33,2025-03-07,EA,EA
PO-25-5901,SAFARI AVIATION SERVICES FZE,2025-03-07,Aeroparts AOG DWC LLC,USD,Draft,HEALTH,CERTIFICATE,1,42.8,2025-03-07,EA,EA
PO-25-5901,SAFARI AVIATION SERVICES FZE,2025-03-07,Aeroparts AOG DWC LLC,USD,Draft,VAT,VAT,1,1479.74,2025-03-07,EA,EA
PO-25-5901,SAFARI AVIATION SERVICES FZE,2025-03-07,Aeroparts AOG DWC LLC,USD,Draft,ARPOSOLVE-IPA735A,ALCOHOL ISOPROPYL,320,77.33,2025-03-07,EA,EA
PO-25-5901,SAFARI AVIATION SERVICES FZE,2025-03-07,Aeroparts AOG DWC LLC,USD,Draft,PS870B1-2,SEALANT,65,71.85,2025-03-07,EA,EA
PO-25-5901,SAFARI AVIATION SERVICES FZE,2025-03-07,Aeroparts AOG DWC LLC,USD,Draft,DOWSIL-1200-OS,OS CLEAR PRIMER,2,89.58,2025-03-07,EA,EA
PO-25-5902,BLUECHEM,2025-03-07,Aeroparts AOG DWC LLC,USD,Draft,VAT,VAT,1,808.29,2025-03-07,EA,EA
PO-25-5902,BLUECHEM,2025-03-07,Aeroparts AOG DWC LLC,USD,Draft,AEROFLEX FINISH G12 E25 5LT ALUMINIUM,WING COATING,2,256.79,2025-03-07,EA,EA
PO-25-5902,BLUECHEM,2025-03-07,Aeroparts AOG DWC LLC,USD,Draft,CEE BEE E-3000,PAINT STRIPPER,1600,9.78,2025-03-07,EA,EA
PO-25-5903,ROTAFILO,2025-03-07,Aeroparts AOG DWC LLC,USD,Draft,HU89020-2,DOLLY-AIR INTAKE COWL,1,8600,2025-03-06,EA,EA
PO-25-5904,JMF GLOBAL,2025-03-10,Aeroparts AOG DWC LLC,USD,Draft,519858-8,APU STARTER MOTOR,1,9250,2025-03-07,EA,EA
PO-25-5905,PROPONENT,2025-03-10,Aeroparts AOG DWC LLC,USD,Draft,NSA8203-137,O-RING,20,5.93,2025-03-10,EA,EA
PO-25-5906,GLENDALE INTERNATIONAL,2025-03-10,Aeroparts AOG DWC LLC,USD,Draft,FRH280002,VALVE-AIR RELEASE,1,1650,2025-03-10,EA,EA
PO-25-5907,TOP GSE,2025-03-10,Aeroparts AOG DWC LLC,USD,Draft,F2151506800300,BOLT,14,25,2025-03-10,EA,EA
PO-25-5908,Aerospace Reliance,2025-03-10,Aeroparts AOG DWC LLC,USD,Draft,DIESTONE-DLS-5LT,CLEANER-GENERAL,2,105,2025-03-10,CAN,CAN
PO-25-5908,Aerospace Reliance,2025-03-10,Aeroparts AOG DWC LLC,USD,Draft,OMAT4/71,RAPID RELUBE KIT,2,550,2025-03-10,KT,KT
PO-25-5908,Aerospace Reliance,2025-03-10,Aeroparts AOG DWC LLC,USD,Draft,PL32-L,GASKETING COMPOUND,5,25,2025-03-10,EA,EA
PO-25-5908,Aerospace Reliance,2025-03-10,Aeroparts AOG DWC LLC,USD,Draft,SGM494,SILICON GREASE,10,25,2025-03-10,EA,EA
PO-25-5908,Aerospace Reliance,2025-03-10,Aeroparts AOG DWC LLC,USD,Draft,MS9226-03,"WIRE , LOCKING DIA: CRES NICKEL ALLOY",5,25,2025-03-10,EA,EA
PO-25-5908,Aerospace Reliance,2025-03-10,Aeroparts AOG DWC LLC,USD,Draft,14HMB1,WATERPROOF BARRIER,2,415,2025-03-10,RL,RL
PO-25-5908,Aerospace Reliance,2025-03-10,Aeroparts AOG DWC LLC,USD,Draft,SODIUM-ALGINATE-TECHNICAL,RELEASE AGENT,5,150,2025-03-10,EA,EA
PO-25-5908,Aerospace Reliance,2025-03-10,Aeroparts AOG DWC LLC,USD,Draft,SAN-50,TISSUE MASK CLEANER,2,315,2025-03-10,EA,EA
PO-25-5908,Aerospace Reliance,2025-03-10,Aeroparts AOG DWC LLC,USD,Draft,GE-815GD-NF,GENERAL PURPOSE CLEANER,1,410,2025-03-10,CAN,CAN
PO-25-5908,Aerospace Reliance,2025-03-10,Aeroparts AOG DWC LLC,USD,Draft,AMS1535,GLASS CLEANER,5,15,2025-03-10,EA,EA
PO-25-5908,Aerospace Reliance,2025-03-10,Aeroparts AOG DWC LLC,USD,Draft,FLOORSIL-1217,PRIMER,5,80,2025-03-10,EA,EA
PO-25-5908,Aerospace Reliance,2025-03-10,Aeroparts AOG DWC LLC,USD,Draft,PR-1005L,RED TOP COAT COMPOUND,5,145,2025-03-10,EA,EA
PO-25-5908,Aerospace Reliance,2025-03-10,Aeroparts AOG DWC LLC,USD,Draft,LOCTITE7471,ACTIVATOR,10,15,2025-03-10,CAN,CAN
PO-25-5908,Aerospace Reliance,2025-03-10,Aeroparts AOG DWC LLC,USD,Draft,KB48A,ADHESIVE TAPE,3,310,2025-03-10,RL,RL
PO-25-5908,Aerospace Reliance,2025-03-10,Aeroparts AOG DWC LLC,USD,Draft,APLIX-840-HOOK,APLIX 840 ARCYLIC PSA HOOK (25MM X 50M ROLL),2,590,2025-03-10,RL,RL
PO-25-5908,Aerospace Reliance,2025-03-10,Aeroparts AOG DWC LLC,USD,Draft,3M-4016,OFF WHITE TAPE,3,295,2025-03-10,RL,RL
PO-25-5908,Aerospace Reliance,2025-03-10,Aeroparts AOG DWC LLC,USD,Draft,683-3-2/X310A,CLEAR POLYURETHANE VARNISH,2,185,2025-03-10,KT,KT
PO-25-5908,Aerospace Reliance,2025-03-10,Aeroparts AOG DWC LLC,USD,Draft,346-57-70DV-7-278,ALEXIT FST TOPCOAT FOGGY,2,1190,2025-03-10,CAN,CAN
PO-25-5908,Aerospace Reliance,2025-03-10,Aeroparts AOG DWC LLC,USD,Draft,PR143,EPOXY PRIMER YELLOWISH/GREENISH,2,245,2025-03-10,LT,LT
PO-25-5909,WENCOR,2025-03-10,Aeroparts AOG DWC LLC,USD,Draft,NAS1149C1490R,WASHER,100,1.27,2025-03-10,EA,EA
PO-25-5909,WENCOR,2025-03-10,Aeroparts AOG DWC LLC,USD,Draft,282101,RED WASHER,60,10.8,2025-03-10,EA,EA
PO-25-5910,SAFARI AVIATION SERVICES FZE,2025-03-10,Aeroparts AOG DWC LLC,USD,Draft,CUSTOMS PROCESSING FEE,CUSTOMS PROCESSING FEE,1,35.33,2025-03-10,EA,EA
PO-25-5910,SAFARI AVIATION SERVICES FZE,2025-03-10,Aeroparts AOG DWC LLC,USD,Draft,VAT,VAT,1,79.99,2025-03-10,EA,EA
PO-25-5910,SAFARI AVIATION SERVICES FZE,2025-03-10,Aeroparts AOG DWC LLC,USD,Draft,BONDERITE-L-GP-M-709,Dry Film Lubricant 1.25Kg Can,2,547.15,2025-03-10,CAN,CAN
PO-25-5910,SAFARI AVIATION SERVICES FZE,2025-03-10,Aeroparts AOG DWC LLC,USD,Draft,ARPOSOLVE952-GL,TT-N-95 TYPE 2 SOLVENT,3,84.24,2025-03-10,CAN,CAN
PO-25-5911,UNICAL AVIATION,2025-03-10,Aeroparts AOG DWC LLC,USD,Draft,F5725306720600,SHIM,11,125,2025-03-10,EA,EA
PO-25-5912,BOEING DISTRIBUTION SERVICES,2025-03-10,Aeroparts AOG DWC LLC,USD,Draft,HAZMAT,HAZMAT CHARGES,1,25,2025-03-10,EA,EA
PO-25-5912,BOEING DISTRIBUTION SERVICES,2025-03-10,Aeroparts AOG DWC LLC,USD,Draft,GIVRANT-45,COOLING AGENT,6,55.77,2025-03-10,EA,EA
PO-25-5912,BOEING DISTRIBUTION SERVICES,2025-03-10,Aeroparts AOG DWC LLC,USD,Draft,XYLENE,XYLENE FLUID,1,65.52,2025-03-10,EA,EA
PO-25-5912,BOEING DISTRIBUTION SERVICES,2025-03-10,Aeroparts AOG DWC LLC,USD,Draft,COSMOLINE-1060,CORROSION PREVENTIVE COMPOUND,1,752.32,2025-03-10,EA,EA
PO-25-5912,BOEING DISTRIBUTION SERVICES,2025-03-10,Aeroparts AOG DWC LLC,USD,Draft,HT3326-5FR-200ML,POLYURETHANE SEALANT-GAP FILLER,3,216.27,2025-03-10,EA,EA
PO-25-5912,BOEING DISTRIBUTION SERVICES,2025-03-10,Aeroparts AOG DWC LLC,USD,Draft,ARALDITE-HY994,HARDENER,4,94.6,2025-03-10,EA,EA
PO-25-5912,BOEING DISTRIBUTION SERVICES,2025-03-10,Aeroparts AOG DWC LLC,USD,Draft,SWIFT-TAK-2050,ADHESIVE,1,429.18,2025-03-10,EA,EA
PO-25-5912,BOEING DISTRIBUTION SERVICES,2025-03-10,Aeroparts AOG DWC LLC,USD,Draft,CA8351-FS26251-GREY,HS PU TOPCOAT SEMI MATT,3,364.26,2025-03-10,EA,EA
PO-25-5912,BOEING DISTRIBUTION SERVICES,2025-03-10,Aeroparts AOG DWC LLC,USD,Draft,WELDINGC0RDCR40-05850925-100ME,"CORD,WELDING,DARK GRAY",3,87.4,2025-03-10,EA,EA
PO-25-5912,BOEING DISTRIBUTION SERVICES,2025-03-10,Aeroparts AOG DWC LLC,USD,Draft,NSA8420-0,CORD-LIGATURE,4,134.63,2025-03-10,EA,EA
PO-25-5912,BOEING DISTRIBUTION SERVICES,2025-03-10,Aeroparts AOG DWC LLC,USD,Draft,HS-8171,HIGH TEMPERATURE VACUUM BAGGING FILM,1,2970.84,2025-03-10,EA,EA
PO-25-5912,BOEING DISTRIBUTION SERVICES,2025-03-10,Aeroparts AOG DWC LLC,USD,Draft,5440D40BLANC,"PATCH, SELF-ADHESIVE, WHITE",10,13.7,2025-03-10,EA,EA
PO-25-5913,AVIOPARTS,2025-03-10,Aeroparts AOG DWC LLC,USD,Draft,HAZMAT,HAZMAT CHARGES,1,35,2025-03-10,EA,EA
PO-25-5913,AVIOPARTS,2025-03-10,Aeroparts AOG DWC LLC,USD,Draft,ARDROX AV980,WAX AND GREASE REMOVER,10,27,2025-03-10,EA,EA
PO-25-5914,AEROSOL INTERNATIONAL,2025-03-10,Aeroparts AOG DWC LLC,USD,Draft,VAT,VAT,1,21.6,2025-03-10,EA,EA
PO-25-5914,AEROSOL INTERNATIONAL,2025-03-10,Aeroparts AOG DWC LLC,USD,Draft,AEROSHELL FLUID 41,AEROSHELL FLUID 41,2,216.03,2025-03-10,BOX,BOX
PO-25-5915,BOEING DISTRIBUTION SERVICES,2025-03-11,Aeroparts AOG DWC LLC,USD,Draft,NAS7204U10,SCREW,100,2.1,2025-03-11,EA,EA
PO-25-5915,BOEING DISTRIBUTION SERVICES,2025-03-11,Aeroparts AOG DWC LLC,USD,Draft,NAS1096-2-10,SCREW,228,0.22,2025-03-11,EA,EA
PO-25-5915,BOEING DISTRIBUTION SERVICES,2025-03-11,Aeroparts AOG DWC LLC,USD,Draft,44066,SEAL,15,54.52,2025-03-11,EA,EA
PO-25-5916,SAFARI AVIATION SERVICES FZE,2025-03-11,Aeroparts AOG DWC LLC,USD,Draft,CUSTOMS PROCESSING FEE,CUSTOMS PROCESSING FEE,1,35.33,2025-03-11,EA,EA
PO-25-5916,SAFARI AVIATION SERVICES FZE,2025-03-11,Aeroparts AOG DWC LLC,USD,Draft,HEALTH,CERTIFICATE,1,14.27,2025-03-11,EA,EA
PO-25-5916,SAFARI AVIATION SERVICES FZE,2025-03-11,Aeroparts AOG DWC LLC,USD,Draft,VAT,VAT,1,137.13,2025-03-11,EA,EA
PO-25-5916,SAFARI AVIATION SERVICES FZE,2025-03-11,Aeroparts AOG DWC LLC,USD,Draft,PR1196PT,SECONDARY FUEL BARRIER COATING,2,1371.33,2025-03-11,EA,EA
PO-25-5917,AERO TECHNIC ME FZCO,2025-03-11,Aeroparts AOG DWC LLC,USD,Draft,D5713019420400,PACKING,15,95,2025-03-11,EA,EA
PO-25-5917,AERO TECHNIC ME FZCO,2025-03-11,Aeroparts AOG DWC LLC,USD,Draft,A5735003820200,RING,12,113,2025-03-11,EA,EA
PO-25-5917,AERO TECHNIC ME FZCO,2025-03-11,Aeroparts AOG DWC LLC,USD,Draft,A5713052120300,WASHER,30,193.72,2025-03-11,EA,EA
PO-25-5917,AERO TECHNIC ME FZCO,2025-03-11,Aeroparts AOG DWC LLC,USD,Draft,A5461187950000,WASHER LOCK,14,61.32,2025-03-11,EA,EA
PO-25-5917,AERO TECHNIC ME FZCO,2025-03-11,Aeroparts AOG DWC LLC,USD,Draft,A2627048920000,WASHER,16,36,2025-03-11,EA,EA
PO-25-5917,AERO TECHNIC ME FZCO,2025-03-11,Aeroparts AOG DWC LLC,USD,Draft,840751,SEPARATOR ASSY,2,1774.8,2025-03-11,EA,EA
PO-25-5917,AERO TECHNIC ME FZCO,2025-03-11,Aeroparts AOG DWC LLC,USD,Draft,431-0025-505,SCREW,12,39,2025-03-11,EA,EA
PO-25-5917,AERO TECHNIC ME FZCO,2025-03-11,Aeroparts AOG DWC LLC,USD,Draft,1015597,SEAL,12,315.9,2025-03-11,EA,EA
PO-25-5917,AERO TECHNIC ME FZCO,2025-03-11,Aeroparts AOG DWC LLC,USD,Draft,1014503,SEAL,4,716.63,2025-03-11,EA,EA
PO-25-5917,AERO TECHNIC ME FZCO,2025-03-11,Aeroparts AOG DWC LLC,USD,Draft,1014346,SEAL,4,816.08,2025-03-11,EA,EA
PO-25-5917,AERO TECHNIC ME FZCO,2025-03-11,Aeroparts AOG DWC LLC,USD,Draft,9108A0001-01,SEAL,3,215,2025-03-11,EA,EA
PO-25-5917,AERO TECHNIC ME FZCO,2025-03-11,Aeroparts AOG DWC LLC,USD,Draft,SP108N,WASHER,20,5.99,2025-03-11,EA,EA
PO-25-5917,AERO TECHNIC ME FZCO,2025-03-11,Aeroparts AOG DWC LLC,USD,Draft,SLW40442-500X,WASHER,24,49.19,2025-03-11,EA,EA
PO-25-5917,AERO TECHNIC ME FZCO,2025-03-11,Aeroparts AOG DWC LLC,USD,Draft,RDLWQMLCE50SP6B,LOCKWASHER,14,81,2025-03-11,EA,EA
PO-25-5918,WENCOR,2025-03-11,Aeroparts AOG DWC LLC,USD,Draft,QA03963,FILTER,8,461,2025-03-11,EA,EA
PO-25-5919,ASCEND AERO INC,2025-03-11,Aeroparts AOG DWC LLC,USD,Draft,HTE7300CR1-018,PACKING,12,12.1,2025-03-11,EA,EA
PO-25-5920,"GA TELESIS, LLC",2025-03-11,Aeroparts AOG DWC LLC,USD,Draft,DVE90-06,VALVE-SOLENOID,1,6500,2025-03-11,EA,EA
PO-25-5920,"GA TELESIS, LLC",2025-03-11,Aeroparts AOG DWC LLC,USD,Draft,HTES006-094-688,TENSION PIN,25,20,2025-03-11,EA,EA
PO-25-5921,AEROSPACE ENGINEERING SERVICES JSC,2025-03-11,Aeroparts AOG DWC LLC,USD,Draft,QA03362,FILTER,6,420,2025-03-11,EA,EA
PO-25-5922,APS Airparts Support Inc,2025-03-11,Aeroparts AOG DWC LLC,USD,Draft,KB27127,SEAL,26,12,2025-03-11,EA,EA
PO-25-5923,AVIANOR INC,2025-03-11,Aeroparts AOG DWC LLC,USD,Draft,1014302,SEAL,1,1010,2025-03-11,EA,EA
PO-25-5923,AVIANOR INC,2025-03-11,Aeroparts AOG DWC LLC,USD,Draft,KB29665,WASHER,4,100,2025-03-11,EA,EA
PO-25-5924,TOUCHPOINT AVIATION SERVICES,2025-03-11,Aeroparts AOG DWC LLC,USD,Draft,LA2E50700130000,SDAC,2,12000,2025-03-11,EA,EA
PO-25-5925,AERO TECHNIC ME FZCO,2025-03-11,Aeroparts AOG DWC LLC,USD,Draft,F5725402220000,SEAL,26,138,2025-03-11,EA,EA
PO-25-5925,AERO TECHNIC ME FZCO,2025-03-11,Aeroparts AOG DWC LLC,USD,Draft,F5598003220000,SEAL,22,229,2025-03-11,EA,EA
PO-25-5925,AERO TECHNIC ME FZCO,2025-03-11,Aeroparts AOG DWC LLC,USD,Draft,F5518252320100,RING-SEALING,12,371,2025-03-11,EA,EA
PO-25-5925,AERO TECHNIC ME FZCO,2025-03-11,Aeroparts AOG DWC LLC,USD,Draft,F5518252320000,RING-SEALING,12,371,2025-03-11,EA,EA
PO-25-5925,AERO TECHNIC ME FZCO,2025-03-11,Aeroparts AOG DWC LLC,USD,Draft,F5518249420000,GASKET-VENT,11,302,2025-03-11,EA,EA
PO-25-5925,AERO TECHNIC ME FZCO,2025-03-11,Aeroparts AOG DWC LLC,USD,Draft,F5518243020000,JOINT,11,69.12,2025-03-11,EA,EA
PO-25-5925,AERO TECHNIC ME FZCO,2025-03-11,Aeroparts AOG DWC LLC,USD,Draft,F5518181220000,RING-SEALING,14,148,2025-03-11,EA,EA
PO-25-5925,AERO TECHNIC ME FZCO,2025-03-11,Aeroparts AOG DWC LLC,USD,Draft,F5518181120000,RING-SEALING,14,161,2025-03-11,EA,EA
PO-25-5925,AERO TECHNIC ME FZCO,2025-03-11,Aeroparts AOG DWC LLC,USD,Draft,F5518180920000,RING-SEALING,14,139.23,2025-03-11,EA,EA
PO-25-5925,AERO TECHNIC ME FZCO,2025-03-11,Aeroparts AOG DWC LLC,USD,Draft,F2151525300000,PIN,14,540,2025-03-11,EA,EA
PO-25-5925,AERO TECHNIC ME FZCO,2025-03-11,Aeroparts AOG DWC LLC,USD,Draft,F2151514020000,GASKET,12,97,2025-03-11,EA,EA
PO-25-5926,UNICAL AVIATION,2025-03-11,Aeroparts AOG DWC LLC,USD,Draft,NSA5355-4ACL,LOCK WASHER,100,5,2025-03-11,EA,EA
PO-25-5926,UNICAL AVIATION,2025-03-11,Aeroparts AOG DWC LLC,USD,Draft,NSA5061-4,WASHER,100,0.55,2025-03-11,EA,EA
PO-25-5926,UNICAL AVIATION,2025-03-11,Aeroparts AOG DWC LLC,USD,Draft,MS20392-4C23,PIN,50,10,2025-03-11,EA,EA
PO-25-5927,PROPONENT,2025-03-11,Aeroparts AOG DWC LLC,USD,Draft,ABS1040-80,BLEED AIR DUCT SEAL,26,59.91,2025-03-11,EA,EA
PO-25-5928,TOP GSE,2025-03-11,Aeroparts AOG DWC LLC,USD,Draft,68-1363,Packing,8,55,2025-03-11,EA,EA
PO-25-5929,PT Garuda Maintenance Facility AeroAsia Tbk,2025-03-12,Aeroparts AOG DWC LLC,USD,Draft,INTL WIRE FEE,INTERNATIONAL WIRE FEE,1,30,2025-03-12,EA,EA
PO-25-5929,PT Garuda Maintenance Facility AeroAsia Tbk,2025-03-12,Aeroparts AOG DWC LLC,USD,Draft,EN3545D02FXA46A,CONNECTOR,1,45,2025-03-12,EA,EA
PO-25-5929,PT Garuda Maintenance Facility AeroAsia Tbk,2025-03-12,Aeroparts AOG DWC LLC,USD,Draft,EN3545D02MXB46A,CONNECTOR,1,45,2025-03-12,EA,EA
PO-25-5929,PT Garuda Maintenance Facility AeroAsia Tbk,2025-03-12,Aeroparts AOG DWC LLC,USD,Draft,EN3545D02FXA45A,CONNECTOR,1,50,2025-03-12,EA,EA
PO-25-5929,PT Garuda Maintenance Facility AeroAsia Tbk,2025-03-12,Aeroparts AOG DWC LLC,USD,Draft,EN3545D02MXB45A,CONNECTOR,2,20,2025-03-12,EA,EA
PO-25-5930,PROPONENT,2025-03-12,Aeroparts AOG DWC LLC,USD,Draft,NSA937901E3,MARKER,50,0.44,2025-03-12,EA,EA
PO-25-5930,PROPONENT,2025-03-12,Aeroparts AOG DWC LLC,USD,Draft,NSA937901S,MODULE CLAMP,25,4.13,2025-03-12,EA,EA
PO-25-5930,PROPONENT,2025-03-12,Aeroparts AOG DWC LLC,USD,Draft,NSA935401-05,TIE-CABLE,20,3.11,2025-03-12,EA,EA
PO-25-5930,PROPONENT,2025-03-12,Aeroparts AOG DWC LLC,USD,Draft,NSA935401-03,TIE,20,3.03,2025-03-12,EA,EA
PO-25-5930,PROPONENT,2025-03-12,Aeroparts AOG DWC LLC,USD,Draft,EN3155-003F2222,CONTACT,50,0.63,2025-03-12,EA,EA
PO-25-5930,PROPONENT,2025-03-12,Aeroparts AOG DWC LLC,USD,Draft,EN3155-016M2222,"CONTACT, MALE FOR MODULE",50,1.69,2025-03-12,EA,EA
PO-25-5930,PROPONENT,2025-03-12,Aeroparts AOG DWC LLC,USD,Draft,E0170FA2200,"CONTACT, PIN",50,2.16,2025-03-12,EA,EA
PO-25-5930,PROPONENT,2025-03-12,Aeroparts AOG DWC LLC,USD,Draft,NSA937901E6,MODULE ID LABEL,50,0.21,2025-03-12,EA,EA
PO-25-5930,PROPONENT,2025-03-12,Aeroparts AOG DWC LLC,USD,Draft,EN3545-007SCD,BACKSHELL,50,1.46,2025-03-12,EA,EA
PO-25-5931,BOEING FLEET,2025-03-12,Aeroparts AOG DWC LLC,USD,Draft,412A1230-87,FITTING,9,1641,2025-03-12,EA,EA
PO-25-5932,BOEING FLEET,2025-03-12,Aeroparts AOG DWC LLC,USD,Draft,BOE2013-0515,HOSE,1,531,2025-03-12,EA,EA
PO-25-5932,BOEING FLEET,2025-03-12,Aeroparts AOG DWC LLC,USD,Draft,B0E2013-0304,HOSE,2,44.88,2025-03-12,EA,EA
PO-25-5932,BOEING FLEET,2025-03-12,Aeroparts AOG DWC LLC,USD,Draft,B0E2013-0335,HOSE,2,73.35,2025-03-12,EA,EA
PO-25-5932,BOEING FLEET,2025-03-12,Aeroparts AOG DWC LLC,USD,Draft,B0E2013-0310,HOSE,2,96.35,2025-03-12,EA,EA
PO-25-5932,BOEING FLEET,2025-03-12,Aeroparts AOG DWC LLC,USD,Draft,B0E2013-0356,HOSE AY,1,87.89,2025-03-12,EA,EA
PO-25-5932,BOEING FLEET,2025-03-12,Aeroparts AOG DWC LLC,USD,Draft,B0E2013-0468,HOSE,1,94.72,2025-03-12,EA,EA
PO-25-5932,BOEING FLEET,2025-03-12,Aeroparts AOG DWC LLC,USD,Draft,BOE2013-0316,HOSE,1,2190,2025-03-12,EA,EA
PO-25-5932,BOEING FLEET,2025-03-12,Aeroparts AOG DWC LLC,USD,Draft,BACB28AZ11A049Z,BUSHING,6,65.43,2025-03-12,EA,EA
PO-25-5932,BOEING FLEET,2025-03-12,Aeroparts AOG DWC LLC,USD,Draft,BACR15DR3AN2,RIVET,500,0.53,2025-03-12,EA,EA
PO-25-5932,BOEING FLEET,2025-03-12,Aeroparts AOG DWC LLC,USD,Draft,B0E2013-0406,HOSE,2,76.85,2025-03-12,EA,EA
PO-25-5933,ROTAFILO,2025-03-12,Aeroparts AOG DWC LLC,USD,Draft,HU85484,EXTRACTOR,2,267,2025-03-12,EA,EA
PO-25-5934,SAFARI AVIATION SERVICES FZE,2025-03-13,Aeroparts AOG DWC LLC,USD,Draft,CUSTOMS PROCESSING FEE,CUSTOMS PROCESSING FEE,1,35.33,2025-03-13,EA,EA
PO-25-5934,SAFARI AVIATION SERVICES FZE,2025-03-13,Aeroparts AOG DWC LLC,USD,Draft,HEALTH,CERTIFICATE,1,13.59,2025-03-13,EA,EA
PO-25-5934,SAFARI AVIATION SERVICES FZE,2025-03-13,Aeroparts AOG DWC LLC,USD,Draft,VAT,VAT,1,19.48,2025-03-13,EA,EA
PO-25-5934,SAFARI AVIATION SERVICES FZE,2025-03-13,Aeroparts AOG DWC LLC,USD,Draft,ARDROX 6025A,AIRCRAFT CLEANER 25LT PAIL,1,375.9,2025-03-13,EA,EA
PO-25-5935,AERO TECHNIC ME FZCO,2025-03-13,Aeroparts AOG DWC LLC,USD,Draft,NSA5112-05,WASHER SEAL,74,23.62,2025-03-13,EA,EA
PO-25-5935,AERO TECHNIC ME FZCO,2025-03-13,Aeroparts AOG DWC LLC,USD,Draft,F5725009020000,RING,38,175.02,2025-03-13,EA,EA
PO-25-5935,AERO TECHNIC ME FZCO,2025-03-13,Aeroparts AOG DWC LLC,USD,Draft,F5518181020000,RING-SEALING,12,138.62,2025-03-13,EA,EA
PO-25-5935,AERO TECHNIC ME FZCO,2025-03-13,Aeroparts AOG DWC LLC,USD,Draft,D5725125720000,RING,36,141.61,2025-03-13,EA,EA
PO-25-5935,AERO TECHNIC ME FZCO,2025-03-13,Aeroparts AOG DWC LLC,USD,Draft,NSA5532-819,LOCK WASHER,6,318.8,2025-03-13,EA,EA
PO-25-5935,AERO TECHNIC ME FZCO,2025-03-13,Aeroparts AOG DWC LLC,USD,Draft,NSA5112-05,WASHER SEAL,126,23.62,2025-03-13,EA,EA
PO-25-5935,AERO TECHNIC ME FZCO,2025-03-13,Aeroparts AOG DWC LLC,USD,Draft,NSA5112-04,WASHER,500,22.01,2025-03-13,EA,EA
PO-25-5936,AEROTRON,2025-03-13,Aeroparts AOG DWC LLC,USD,Draft,8ES005304-00,POWER SUPPLY UNIT,1,2000,2025-03-13,EA,EA
PO-25-5937,BOEING DISTRIBUTION SERVICES,2025-03-13,Aeroparts AOG DWC LLC,USD,Draft,ABS5093B485,"MOISTURE BARRIER FOIL, SELF ADHESIVE",1,1227.36,2025-03-13,EA,EA
PO-25-5937,BOEING DISTRIBUTION SERVICES,2025-03-13,Aeroparts AOG DWC LLC,USD,Draft,DAN365-01,WASHER,1000,0.41,2025-03-13,EA,EA
PO-25-5938,SAFARI AVIATION SERVICES FZE,2025-03-13,Aeroparts AOG DWC LLC,USD,Draft,CUSTOMS PROCESSING FEE,CUSTOMS PROCESSING FEE,1,35.33,2025-03-13,EA,EA
PO-25-5938,SAFARI AVIATION SERVICES FZE,2025-03-13,Aeroparts AOG DWC LLC,USD,Draft,HEALTH,CERTIFICATE,1,40.76,2025-03-13,EA,EA
PO-25-5938,SAFARI AVIATION SERVICES FZE,2025-03-13,Aeroparts AOG DWC LLC,USD,Draft,VAT,VAT,1,12.55,2025-03-13,EA,EA
PO-25-5938,SAFARI AVIATION SERVICES FZE,2025-03-13,Aeroparts AOG DWC LLC,USD,Draft,NYCO-65-1KG,NYCO 65 VASELINE 1 KG,3,70.11,2025-03-13,EA,EA
PO-25-5939,"GA TELESIS, LLC",2025-03-13,Aeroparts AOG DWC LLC,USD,Draft,LA2E20202930000,FWC,2,19000,2025-03-13,EA,EA
PO-25-5940,Pacific Air Industries,2025-03-13,Aeroparts AOG DWC LLC,USD,Draft,DAN364-01,PIN,305,0.33,2025-03-13,EA,EA
PO-25-5941,UNICAL AVIATION,2025-03-13,Aeroparts AOG DWC LLC,USD,Draft,E0091-41-240NN,BONDING,3,67,2025-03-13,EA,EA
PO-25-5942,"GA TELESIS, LLC",2025-03-13,Aeroparts AOG DWC LLC,USD,Draft,8ES455012-00,POWER SUPPLY,1,2400,2025-03-13,EA,EA
PO-25-5943,BOEING FLEET,2025-03-13,Aeroparts AOG DWC LLC,USD,Draft,B0E2013-0638,HOSE,2,308,2025-03-12,EA,EA
PO-25-5944,AERO TECHNIC ME FZCO,2025-03-13,Aeroparts AOG DWC LLC,USD,Draft,F9000095017595,BUNDLE,1,1848,2025-03-13,EA,EA
PO-25-5944,AERO TECHNIC ME FZCO,2025-03-13,Aeroparts AOG DWC LLC,USD,Draft,F9000095228695,BUNDLE,1,2244,2025-03-13,EA,EA
PO-25-5944,AERO TECHNIC ME FZCO,2025-03-13,Aeroparts AOG DWC LLC,USD,Draft,F9000095018495,BUNDLE,1,490,2025-03-13,EA,EA
PO-25-5944,AERO TECHNIC ME FZCO,2025-03-13,Aeroparts AOG DWC LLC,USD,Draft,F9000095227395,BUNDLE,1,1764,2025-03-13,EA,EA
PO-25-5944,AERO TECHNIC ME FZCO,2025-03-13,Aeroparts AOG DWC LLC,USD,Draft,F9000095471895,BUNDLE,1,7428,2025-03-13,EA,EA
PO-25-5945,WENCOR,2025-03-13,Aeroparts AOG DWC LLC,USD,Draft,NSA935401-13,"TIE,CABLE",1000,0.17,2025-03-13,EA,EA
PO-25-5946,APL AVIATION,2025-03-13,Aeroparts AOG DWC LLC,USD,Draft,5007897-3,MAIN WHEEL ASSEMBLY,3,8500,2025-03-13,EA,EA
PO-25-5947,SPECIALIST AVIATION LTD,2025-03-13,Aeroparts AOG DWC LLC,USD,Draft,2594661-803,RADIO MAGNETIC INDICATOR,1,2500,2025-03-13,EA,EA
PO-25-5948,PROPONENT,2025-03-13,Aeroparts AOG DWC LLC,USD,Draft,122-30026-01841,SHADE,100,78.23,2024-12-13,EA,EA
PO-25-5949,WENCOR,2025-03-13,Aeroparts AOG DWC LLC,USD,Draft,AS3582-244,O-RING,50,4.97,2025-03-13,EA,EA
PO-25-5949,WENCOR,2025-03-13,Aeroparts AOG DWC LLC,USD,Draft,NAS1612-8,PACKING,50,1.84,2025-03-13,EA,EA
PO-25-5949,WENCOR,2025-03-13,Aeroparts AOG DWC LLC,USD,Draft,AS43013-116,RING,50,1.84,2025-03-13,EA,EA
PO-25-5950,PROPONENT,2025-03-13,Aeroparts AOG DWC LLC,USD,Draft,ASNA2397-10L,WASHER,100,0.44,2025-03-13,EA,EA
PO-25-5950,PROPONENT,2025-03-13,Aeroparts AOG DWC LLC,USD,Draft,ABS5800D080B,SEAL,6,41.83,2025-03-13,EA,EA
PO-25-5951,JH AVIATION,2025-03-13,Aeroparts AOG DWC LLC,USD,Draft,4329685,"COVER ASSY, UPPER",5,1850,2025-03-13,EA,EA
PO-25-5952,PDQ AIRSPARES,2025-03-13,Aeroparts AOG DWC LLC,USD,Draft,NSA5532-819,LOCK WASHER,4,125,2025-03-13,EA,EA
PO-25-5952,PDQ AIRSPARES,2025-03-13,Aeroparts AOG DWC LLC,USD,Draft,9108A0001-01,SEAL,6,137,2025-03-13,EA,EA
PO-25-5953,interiorsDIRECT gmbh,2025-03-13,Aeroparts AOG DWC LLC,USD,Draft,DAN262CC,SILICON SECTION SEAT TRACK,100,19.3,2025-03-13,EA,EA
PO-25-5954,Thameside Aero Spares Ltd,2025-03-13,Aeroparts AOG DWC LLC,USD,Draft,A5735003820000,RING,7,32,2025-03-13,EA,EA
PO-25-5955,ANSETT AIRCRAFT SPARES&SERVICES,2025-03-13,Aeroparts AOG DWC LLC,USD,Draft,D23119550,"Box, Electrical",1,3750,2025-03-13,EA,EA
PO-25-5956,SKYSPARES LTD,2025-03-13,Aeroparts AOG DWC LLC,USD,Draft,D61500-74,CONNECTOR,1,175,2025-03-13,EA,EA
PO-25-5957,PDQ AIRSPARES,2025-03-13,Aeroparts AOG DWC LLC,USD,Draft,1015597,SEAL,10,195,2025-03-13,EA,EA
PO-25-5958,BOEING DISTRIBUTION SERVICES,2025-03-13,Aeroparts AOG DWC LLC,USD,Draft,NSA8134-05X,BEARING SPHERICAL,9,39.53,2025-03-13,EA,EA
PO-25-5958,BOEING DISTRIBUTION SERVICES,2025-03-13,Aeroparts AOG DWC LLC,USD,Draft,E0399-01,"DISCHARGER-STATIC,THERMOPLASTIC",8,88.63,2025-03-13,EA,EA
PO-25-5958,BOEING DISTRIBUTION SERVICES,2025-03-13,Aeroparts AOG DWC LLC,USD,Draft,E0400-01,STATIC DISCHARGER,8,84.99,2025-03-13,EA,EA
PO-25-5958,BOEING DISTRIBUTION SERVICES,2025-03-13,Aeroparts AOG DWC LLC,USD,Draft,E0080-02-14C,BACKSHELL,5,74.41,2025-03-13,EA,EA
PO-25-5959,PROPONENT,2025-03-13,Aeroparts AOG DWC LLC,USD,Draft,E0092-10-160NN,BONDING JUMPER,10,5.19,2025-03-13,EA,EA
PO-25-5959,PROPONENT,2025-03-13,Aeroparts AOG DWC LLC,USD,Draft,E0092-10-200NN,LEAD BONDING,15,4.43,2025-03-13,EA,EA
PO-25-5959,PROPONENT,2025-03-13,Aeroparts AOG DWC LLC,USD,Draft,E0052N8B3ASNF,"CONNECTOR, PLUG-BODY",10,30.89,2025-03-13,EA,EA
PO-25-5959,PROPONENT,2025-03-13,Aeroparts AOG DWC LLC,USD,Draft,NAS1096-3-9,SCREW,25,1.24,2025-03-13,EA,EA
PO-25-5960,UNICAL AVIATION,2025-03-14,Aeroparts AOG DWC LLC,USD,Draft,D57LCN400,HOSE ASSY,2,750,2025-03-14,EA,EA
PO-25-5961,SKYSPARES LTD,2025-03-14,Aeroparts AOG DWC LLC,USD,Draft,F5217057100200,SPRING ROD ASSY,2,1050,2025-03-14,EA,EA
PO-25-5962,WENCOR,2025-03-14,Aeroparts AOG DWC LLC,USD,Draft,NSA5030-3-7,SCREW,50,2.45,2025-03-14,EA,EA
PO-25-5962,WENCOR,2025-03-14,Aeroparts AOG DWC LLC,USD,Draft,ASNA2879A040,CAP NEW,200,11,2025-03-14,EA,EA
PO-25-5962,WENCOR,2025-03-14,Aeroparts AOG DWC LLC,USD,Draft,NSA8208-259,O-RING,10,15.23,2025-03-14,EA,EA
PO-25-5963,BOEING FLEET,2025-03-14,Aeroparts AOG DWC LLC,USD,Draft,143A8335-1,GASKET,1,1636,2025-03-14,EA,EA
PO-25-5964,NORDAIR USA INC,2025-03-14,Aeroparts AOG DWC LLC,USD,Draft,91B458-00,BUSH,1,4950,2025-03-14,EA,EA
PO-25-5965,MTI AVIATION,2025-03-14,Aeroparts AOG DWC LLC,USD,Draft,6610-20567-01,ACTUATOR - ROTARY,1,3000,2025-03-14,EA,EA
PO-25-5966,WENCOR,2025-03-14,Aeroparts AOG DWC LLC,USD,Draft,ASNA2001T3-5,SCREW,50,1.99,2025-03-14,EA,EA
PO-25-5966,WENCOR,2025-03-14,Aeroparts AOG DWC LLC,USD,Draft,NAS1169C10,WASHER,50,0.4,2025-03-14,EA,EA
PO-25-5966,WENCOR,2025-03-14,Aeroparts AOG DWC LLC,USD,Draft,ASNA2001T3-6,BOLT,50,2.87,2025-03-14,EA,EA
PO-25-5966,WENCOR,2025-03-14,Aeroparts AOG DWC LLC,USD,Draft,MS21059L3,NUT PLATE,100,0.76,2025-03-14,EA,EA
PO-25-5966,WENCOR,2025-03-14,Aeroparts AOG DWC LLC,USD,Draft,NAS1790-3R5,BOLT,100,0.6,2025-03-14,EA,EA
PO-25-5967,PROPONENT,2025-03-14,Aeroparts AOG DWC LLC,USD,Draft,NAS1791A3-3,NUT-PLATE,50,1.88,2025-03-14,EA,EA
PO-25-5967,PROPONENT,2025-03-14,Aeroparts AOG DWC LLC,USD,Draft,E0052R14B15SNF,CONNECTOR,5,35.29,2025-03-14,EA,EA
PO-25-5967,PROPONENT,2025-03-14,Aeroparts AOG DWC LLC,USD,Draft,MS35769-10,GASKET,25,1.51,2025-03-14,EA,EA
PO-25-5967,PROPONENT,2025-03-14,Aeroparts AOG DWC LLC,USD,Draft,E0052R12B10SNE,CONNECTOR-PLUG,5,53.09,2025-03-14,EA,EA
PO-25-5968,BOEING FLEET,2025-03-14,Aeroparts AOG DWC LLC,USD,Draft,401U3500-5937,LAMINATE,11,1001,2025-03-14,EA,EA
PO-25-5969,BOEING DISTRIBUTION SERVICES,2025-03-14,Aeroparts AOG DWC LLC,USD,Draft,E0090-10-200,BONDING LEAD,17,3.11,2025-03-14,EA,EA
PO-25-5969,BOEING DISTRIBUTION SERVICES,2025-03-14,Aeroparts AOG DWC LLC,USD,Draft,E0419A5,GUARD SWITCH,3,424.4,2025-03-14,EA,EA
PO-25-5969,BOEING DISTRIBUTION SERVICES,2025-03-14,Aeroparts AOG DWC LLC,USD,Draft,NAS1790C3R15P,BOLT,100,4.45,2025-03-14,EA,EA
PO-25-5969,BOEING DISTRIBUTION SERVICES,2025-03-14,Aeroparts AOG DWC LLC,USD,Draft,NAS7204A2,BOLT,50,5.57,2025-03-14,EA,EA
PO-25-5970,Pacific Air Industries,2025-03-14,Aeroparts AOG DWC LLC,USD,Draft,NSA936604CA0931,END CAP,21,4.76,2025-03-14,EA,EA
PO-25-5971,WENCOR,2025-03-14,Aeroparts AOG DWC LLC,USD,Draft,NAS1790-3R4,BOLT,44,0.84,2025-03-14,EA,EA
PO-25-5972,WENCOR,2025-03-14,Aeroparts AOG DWC LLC,USD,Draft,ABS0365-3-1B,Nut Clip,200,1.3,2025-03-14,EA,EA
PO-25-5972,WENCOR,2025-03-14,Aeroparts AOG DWC LLC,USD,Draft,NAS1149C0432R,WASHER,100,0.1,2025-03-14,EA,EA
PO-25-5972,WENCOR,2025-03-14,Aeroparts AOG DWC LLC,USD,Draft,NSA8202-6,O-RING,50,2.67,2025-03-14,EA,EA
PO-25-5972,WENCOR,2025-03-14,Aeroparts AOG DWC LLC,USD,Draft,A1111013820500,PATCH,100,20.79,2025-03-14,EA,EA
PO-25-5972,WENCOR,2025-03-14,Aeroparts AOG DWC LLC,USD,Draft,NAS1790C3R5P,BOLT,150,0.64,2025-03-14,EA,EA
PO-25-5972,WENCOR,2025-03-14,Aeroparts AOG DWC LLC,USD,Draft,NAS7204A4,BOLT,50,3.5,2025-03-14,EA,EA
PO-25-5972,WENCOR,2025-03-14,Aeroparts AOG DWC LLC,USD,Draft,ASNA2001T3-23,SCREW,50,7.75,2025-03-14,EA,EA
PO-25-5973,PROPONENT,2025-03-14,Aeroparts AOG DWC LLC,USD,Draft,NAS1790-4R7,BOLT,100,0.63,2025-03-14,EA,EA
PO-25-5973,PROPONENT,2025-03-14,Aeroparts AOG DWC LLC,USD,Draft,NAS1790-5R13,BOLT,50,1.73,2025-03-14,EA,EA
PO-25-5973,PROPONENT,2025-03-14,Aeroparts AOG DWC LLC,USD,Draft,NAS1790C4R3P,BOLT,250,1.15,2025-03-14,EA,EA
PO-25-5973,PROPONENT,2025-03-14,Aeroparts AOG DWC LLC,USD,Draft,NSA8203-222,O-RING,20,5.17,2025-03-14,EA,EA
PO-25-5973,PROPONENT,2025-03-14,Aeroparts AOG DWC LLC,USD,Draft,NSA8203-226,PACKING,35,5.81,2025-03-14,EA,EA
PO-25-5973,PROPONENT,2025-03-14,Aeroparts AOG DWC LLC,USD,Draft,NAS7204U4,BOLT,100,5.67,2025-03-14,EA,EA
PO-25-5973,PROPONENT,2025-03-14,Aeroparts AOG DWC LLC,USD,Draft,NSA5110-3-1,NUT,50,1.88,2025-03-14,EA,EA
PO-25-5973,PROPONENT,2025-03-14,Aeroparts AOG DWC LLC,USD,Draft,NAS1611-317,PACKING,50,1.74,2025-03-14,EA,EA
PO-25-5973,PROPONENT,2025-03-14,Aeroparts AOG DWC LLC,USD,Draft,NSA8200-6,O-RING,20,2.64,2025-03-14,EA,EA
PO-25-5973,PROPONENT,2025-03-14,Aeroparts AOG DWC LLC,USD,Draft,E0052N16B26SNF,CONNECTOR,5,55.14,2025-03-14,EA,EA
PO-25-5973,PROPONENT,2025-03-14,Aeroparts AOG DWC LLC,USD,Draft,NSA5474-3K7,NUT,200,0.61,2025-03-14,EA,EA
PO-25-5974,AERORENIX TECHNIC AVIATION LTD.,2025-03-14,Aeroparts AOG DWC LLC,USD,Draft,822-1338-225,ATC Transponder,2,9000,2025-03-14,EA,EA
PO-25-5975,DANAT ALKHALEEJ FOR SAFETY CONSULTANCY,2025-03-14,Aeroparts AOG DWC LLC,USD,Draft,VAT,VAT,1,48.91,2025-03-14,EA,EA
PO-25-5975,DANAT ALKHALEEJ FOR SAFETY CONSULTANCY,2025-03-14,Aeroparts AOG DWC LLC,USD,Draft,DELIVERY CHARGES,DELIVERY,1,271.74,2025-03-14,EA,EA
PO-25-5975,DANAT ALKHALEEJ FOR SAFETY CONSULTANCY,2025-03-14,Aeroparts AOG DWC LLC,USD,Draft,15 TONS,TEST WEIGHT,1,407.61,2025-03-14,EA,EA
PO-25-5975,DANAT ALKHALEEJ FOR SAFETY CONSULTANCY,2025-03-14,Aeroparts AOG DWC LLC,USD,Draft,GANTRY CRANE 15 TON,INSPECTION & CERTIFICATION,1,163.04,2025-03-14,EA,EA
PO-25-5975,DANAT ALKHALEEJ FOR SAFETY CONSULTANCY,2025-03-14,Aeroparts AOG DWC LLC,USD,Draft,GANTRY CRANE 10 TON,INSPECTION & CERTIFICATION,1,135.87,2025-03-14,EA,EA
PO-25-5976,BOEING FLEET,2025-03-14,Aeroparts AOG DWC LLC,USD,Draft,5912290-505,PANEL,1,24668,2025-03-14,EA,EA
PO-25-5977,AERORENIX TECHNIC AVIATION LTD.,2025-03-14,Aeroparts AOG DWC LLC,USD,Draft,066-50013-0202,DME INTERROGATOR,1,5000,2025-03-14,EA,EA
PO-25-5978,BOEING FLEET,2025-03-17,Aeroparts AOG DWC LLC,USD,Draft,417A8100-1,DUCT ASSY,1,35277,2025-03-17,EA,EA
PO-25-5979,WENCOR,2025-03-17,Aeroparts AOG DWC LLC,USD,Draft,NAS1102E3-10,SCREW-MACH FLAT HEAD,28,0.9,2025-03-17,EA,EA
PO-25-5980,SWEENEY,2025-03-17,Aeroparts AOG DWC LLC,USD,Draft,SWE81002,LIFTING SLING FOR SWE8200,1,3129,2025-03-17,EA,EA
PO-25-5980,SWEENEY,2025-03-17,Aeroparts AOG DWC LLC,USD,Draft,SWE8202-290A,PIGGYBACK TORQUE MULTIPLIER W/ RATCHET,1,6322,2025-03-17,EA,EA
PO-25-5980,SWEENEY,2025-03-17,Aeroparts AOG DWC LLC,USD,Draft,SWE8200,TORQUE MULTIPLIER,1,10073,2025-03-17,EA,EA
PO-25-5981,DUTEST,2025-03-17,Aeroparts AOG DWC LLC,USD,Draft,30006-0043,AP DYNAMOMETER,1,1739.13,2025-03-17,EA,EA
PO-25-5981,DUTEST,2025-03-17,Aeroparts AOG DWC LLC,USD,Draft,VAT,VAT,1,86.96,2025-03-17,EA,EA
PO-25-5982,AVIALL,2025-03-17,Aeroparts AOG DWC LLC,USD,Draft,AN960-10L,WASHERFL,100,0.66,2025-03-17,EA,EA
PO-25-5983,SALEH ISHAQ TRADING CO.LLC,2025-03-17,Aeroparts AOG DWC LLC,USD,Draft,VAT,VAT,1,28.94,2025-03-17,EA,EA
PO-25-5983,SALEH ISHAQ TRADING CO.LLC,2025-03-17,Aeroparts AOG DWC LLC,USD,Draft,DELIVERY CHARGES,DELIVERY,1,130.43,2025-03-17,EA,EA
PO-25-5983,SALEH ISHAQ TRADING CO.LLC,2025-03-17,Aeroparts AOG DWC LLC,USD,Draft,M3.31000T1,TORQUE MULTIPLIER,1,448.37,2025-03-17,EA,EA
PO-25-5984,WENCOR,2025-03-17,Aeroparts AOG DWC LLC,USD,Draft,NAS1790-4R5,BOLT,60,0.64,2025-03-17,EA,EA
PO-25-5984,WENCOR,2025-03-17,Aeroparts AOG DWC LLC,USD,Draft,NAS1790-5R9,SCREW,100,0.67,2025-03-17,EA,EA
PO-25-5984,WENCOR,2025-03-17,Aeroparts AOG DWC LLC,USD,Draft,NAS1790-5R12,BOLT,50,1.12,2025-03-17,EA,EA
PO-25-5984,WENCOR,2025-03-17,Aeroparts AOG DWC LLC,USD,Draft,NSA8200-2,PACKING,25,4.8,2025-03-17,EA,EA
PO-25-5985,SCANAEROTECH APS,2025-03-17,Aeroparts AOG DWC LLC,USD,Draft,INTL WIRE FEE,INTERNATIONAL WIRE FEE,1,25,2025-03-17,EA,EA
PO-25-5985,SCANAEROTECH APS,2025-03-17,Aeroparts AOG DWC LLC,USD,Draft,CJ250,13 PC MEDIUM - DUTY GENERAL PURPOSE PULLER SET,1,530,2025-03-17,EA,EA
PO-25-5985,SCANAEROTECH APS,2025-03-17,Aeroparts AOG DWC LLC,USD,Draft,CJ250HMRFR,2- 1/2 LB SLIDE HAMMER,1,350,2025-03-17,EA,EA
PO-25-5985,SCANAEROTECH APS,2025-03-17,Aeroparts AOG DWC LLC,USD,Draft,CJ240,13 PC LIGHT DUTY GENERAL PURPOSE PULLER SET,1,350,2025-03-17,EA,EA
PO-25-5985,SCANAEROTECH APS,2025-03-17,Aeroparts AOG DWC LLC,USD,Draft,CJ240HMRFR,2 LB SLIDE HAMMER,1,180,2025-03-17,EA,EA
PO-25-5986,APRAM Aerospace,2025-03-17,Aeroparts AOG DWC LLC,USD,Draft,14330-230,VALVE ASSY,1,4200,2025-03-17,EA,EA
PO-25-5987,"Fieldtech Avionics & Instruments, Inc.",2025-03-17,Aeroparts AOG DWC LLC,USD,Draft,622-7383-001,ADF ANTENNA,1,5950,2025-03-17,EA,EA
PO-25-5988,EDGAR HAUSMANN GMBH,2025-03-18,Aeroparts AOG DWC LLC,USD,Draft,TS212-3/8A,TORQ - SET INSERT BITS,15,3.95,2025-03-18,EA,EA
PO-25-5988,EDGAR HAUSMANN GMBH,2025-03-18,Aeroparts AOG DWC LLC,USD,Draft,TS212-5/16A,"TORQ - SET INSERT BITS HEX SHANK 5/16""",15,2.55,2025-03-18,EA,EA
PO-25-5988,EDGAR HAUSMANN GMBH,2025-03-18,Aeroparts AOG DWC LLC,USD,Draft,TS212-1/4A,TORQ - SET INSERT BITS,15,3.9,2025-03-18,EA,EA
PO-25-5988,EDGAR HAUSMANN GMBH,2025-03-18,Aeroparts AOG DWC LLC,USD,Draft,TS212-8A,TORQ - SET INSERT BITS,15,4.1,2025-03-18,EA,EA
PO-25-5988,EDGAR HAUSMANN GMBH,2025-03-18,Aeroparts AOG DWC LLC,USD,Draft,TS212-1/4,TORQ - SET INSERT BITS,15,2.55,2025-03-18,EA,EA
PO-25-5988,EDGAR HAUSMANN GMBH,2025-03-18,Aeroparts AOG DWC LLC,USD,Draft,TS212-10,TORQ - SET INSERT BITS,15,2.45,2025-03-18,EA,EA
PO-25-5988,EDGAR HAUSMANN GMBH,2025-03-18,Aeroparts AOG DWC LLC,USD,Draft,TS212-8,TORQ-SET INSERT BITS,15,2.45,2025-03-18,EA,EA
PO-25-5988,EDGAR HAUSMANN GMBH,2025-03-18,Aeroparts AOG DWC LLC,USD,Draft,TS212-6,TORQ-SET INSERT BITS,15,2.45,2025-03-18,EA,EA
PO-25-5988,EDGAR HAUSMANN GMBH,2025-03-18,Aeroparts AOG DWC LLC,USD,Draft,TS212-5,TORQ - SET INSERT BITS,15,2.45,2025-03-18,EA,EA
PO-25-5988,EDGAR HAUSMANN GMBH,2025-03-18,Aeroparts AOG DWC LLC,USD,Draft,TS212-3,TORQ - SET INSERT BITS,15,2.45,2025-03-18,EA,EA
PO-25-5988,EDGAR HAUSMANN GMBH,2025-03-18,Aeroparts AOG DWC LLC,USD,Draft,TS212-1,TORQ - SET INSERT BITS,15,2.45,2025-03-18,EA,EA
PO-25-5988,EDGAR HAUSMANN GMBH,2025-03-18,Aeroparts AOG DWC LLC,USD,Draft,TS212-0,TORQ - SET INSERT BITS,15,2.45,2025-03-18,EA,EA
PO-25-5989,TOP GSE,2025-03-18,Aeroparts AOG DWC LLC,USD,Draft,4002-17W,STUD ASSY,6,25,2025-03-18,EA,EA
PO-25-5990,BOEING FLEET,2025-03-18,Aeroparts AOG DWC LLC,USD,Draft,BACC63BP22C39S6,CONNECTOR,1,1086,2025-03-18,EA,EA
PO-25-5991,Peerless Aerospace,2025-03-19,Aeroparts AOG DWC LLC,USD,Draft,NAS1919M04S04AU,RIVETS,100,7.05,2025-03-19,EA,EA
PO-25-5991,Peerless Aerospace,2025-03-19,Aeroparts AOG DWC LLC,USD,Draft,NAS1921M04S03AU,RIVETS,100,5.75,2025-03-19,EA,EA
PO-25-5991,Peerless Aerospace,2025-03-19,Aeroparts AOG DWC LLC,USD,Draft,NAS1921M04S05AU,RIVETS,100,22.95,2025-03-19,EA,EA
PO-25-5991,Peerless Aerospace,2025-03-19,Aeroparts AOG DWC LLC,USD,Draft,NAS1921M06S05AU,RIVET,100,6.45,2025-03-19,EA,EA
PO-25-5993,WENCOR,2025-03-20,Aeroparts AOG DWC LLC,USD,Draft,ABS0337-01A,RECEPTACLE,50,0,2025-03-20,EA,EA
PO-25-5993,WENCOR,2025-03-20,Aeroparts AOG DWC LLC,USD,Draft,ABS0341-2-01,RETAINER,10,0,2025-03-20,EA,EA
PO-25-5993,WENCOR,2025-03-20,Aeroparts AOG DWC LLC,USD,Draft,ABS0692-01,WASHER,100,0,2025-03-20,EA,EA
PO-25-5993,WENCOR,2025-03-20,Aeroparts AOG DWC LLC,USD,Draft,NAS1169C10L,WASHER,100,0,2025-03-20,EA,EA
PO-25-5993,WENCOR,2025-03-20,Aeroparts AOG DWC LLC,USD,Draft,ABS0337-01A,RECEPTACLE,50,5.1,2025-03-20,EA,EA
PO-25-5993,WENCOR,2025-03-20,Aeroparts AOG DWC LLC,USD,Draft,NAS1790C4R7P,SCREW,50,2.23,2025-03-20,EA,EA
PO-25-5993,WENCOR,2025-03-20,Aeroparts AOG DWC LLC,USD,Draft,ABS0341-2-01,RETAINER,10,25.25,2025-03-20,EA,EA
PO-25-5993,WENCOR,2025-03-20,Aeroparts AOG DWC LLC,USD,Draft,AS12944,WASHER,30,7.69,2025-03-20,EA,EA
PO-25-5993,WENCOR,2025-03-20,Aeroparts AOG DWC LLC,USD,Draft,NAS1611-027,PACKING,50,1.88,2025-03-20,EA,EA
PO-25-5993,WENCOR,2025-03-20,Aeroparts AOG DWC LLC,USD,Draft,ABS0557-01,SLEEVE,50,9.4,2025-03-20,EA,EA
PO-25-5993,WENCOR,2025-03-20,Aeroparts AOG DWC LLC,USD,Draft,ABS0551-050,STUD,25,5.2,2025-03-20,EA,EA
PO-25-5993,WENCOR,2025-03-20,Aeroparts AOG DWC LLC,USD,Draft,ABS0556-01,RING RETAINER,100,2.99,2025-03-20,EA,EA
PO-25-5993,WENCOR,2025-03-20,Aeroparts AOG DWC LLC,USD,Draft,NAS1790-3R8,BOLT,25,0.76,2025-03-20,EA,EA
PO-25-5993,WENCOR,2025-03-20,Aeroparts AOG DWC LLC,USD,Draft,NAS1790-3R6,BOLT,100,0.32,2025-03-20,EA,EA
PO-25-5993,WENCOR,2025-03-20,Aeroparts AOG DWC LLC,USD,Draft,ABS0692-01,WASHER,100,0.43,2025-03-20,EA,EA
PO-25-5993,WENCOR,2025-03-20,Aeroparts AOG DWC LLC,USD,Draft,ABS0691-010,STUD,25,3.47,2025-03-20,EA,EA
PO-25-5993,WENCOR,2025-03-20,Aeroparts AOG DWC LLC,USD,Draft,AS62424,CLAMP,25,53,2025-03-20,EA,EA
PO-25-5993,WENCOR,2025-03-20,Aeroparts AOG DWC LLC,USD,Draft,EN3155-016M2222,"CONTACT, MALE FOR MODULE",100,0.45,2025-03-20,EA,EA
PO-25-5993,WENCOR,2025-03-20,Aeroparts AOG DWC LLC,USD,Draft,NAS1612-6,"PACKING,PREFMD",50,1.84,2025-03-20,EA,EA
PO-25-5993,WENCOR,2025-03-20,Aeroparts AOG DWC LLC,USD,Draft,NAS1612-8,PACKING,100,1.84,2025-03-20,EA,EA
PO-25-5993,WENCOR,2025-03-20,Aeroparts AOG DWC LLC,USD,Draft,MS21062-3,NUT,50,3.56,2025-03-20,EA,EA
PO-25-5993,WENCOR,2025-03-20,Aeroparts AOG DWC LLC,USD,Draft,MS21060-3,"LOCK NUT,PLATE,TWO LUG",100,1.78,2025-03-20,EA,EA
PO-25-5993,WENCOR,2025-03-20,Aeroparts AOG DWC LLC,USD,Draft,NAS1169C10L,WASHER,100,0.66,2025-03-20,EA,EA
PO-25-5994,BOEING DISTRIBUTION SERVICES,2025-03-20,Aeroparts AOG DWC LLC,USD,Draft,ABS0126-12-02,BACKSHELL,2,380.8,2025-03-20,EA,EA
PO-25-5995,BOEING FLEET,2025-03-21,Aeroparts AOG DWC LLC,USD,Draft,146A8335-2,GASKET,5,3149,2025-03-21,EA,EA
PO-25-5996,PROPONENT,2025-03-21,Aeroparts AOG DWC LLC,USD,Draft,07650043-0501,"STUD, LATCHING",3,268.88,2025-03-21,EA,EA
PO-25-5997,BOEING FLEET,2025-03-21,Aeroparts AOG DWC LLC,USD,Draft,BACC63BP22D55PN,CONNECTOR,2,327.95,2025-03-21,EA,EA
PO-25-5998,"Aerocore, LLC",2025-03-21,Aeroparts AOG DWC LLC,USD,Draft,HANDLING FEE,Handling Fee,1,25,2025-03-21,EA,EA
PO-25-5998,"Aerocore, LLC",2025-03-21,Aeroparts AOG DWC LLC,USD,Draft,3604,CLAMP,20,1.71,2025-03-21,EA,EA
PO-25-5999,PROPONENT,2025-03-21,Aeroparts AOG DWC LLC,USD,Draft,TA12C59WTH08HB,LOOP CLAMP,6,154.12,2025-03-21,EA,EA
PO-25-5999,PROPONENT,2025-03-21,Aeroparts AOG DWC LLC,USD,Draft,NAS1790-4R7,BOLT,113,0.38,2025-03-21,EA,EA
PO-25-5999,PROPONENT,2025-03-21,Aeroparts AOG DWC LLC,USD,Draft,DIN1481-5X50,PIN,10,20.44,2025-03-21,EA,EA
PO-25-5999,PROPONENT,2025-03-21,Aeroparts AOG DWC LLC,USD,Draft,HA72-0230820,LOCKING ASSY,2,1366.69,2025-03-21,EA,EA
PO-25-5999,PROPONENT,2025-03-21,Aeroparts AOG DWC LLC,USD,Draft,ABS0341-1-01,"RETAINER, VALVE",25,9.86,2025-03-21,EA,EA
PO-25-5999,PROPONENT,2025-03-21,Aeroparts AOG DWC LLC,USD,Draft,ABS0551-030,STUD,50,4.64,2025-03-21,EA,EA
PO-25-5999,PROPONENT,2025-03-21,Aeroparts AOG DWC LLC,USD,Draft,ABS0551-015,STUD,160,4.36,2025-03-21,EA,EA
PO-25-5999,PROPONENT,2025-03-21,Aeroparts AOG DWC LLC,USD,Draft,NSA937901MA2202,MODULE,5,32.65,2025-03-21,EA,EA
PO-25-5999,PROPONENT,2025-03-21,Aeroparts AOG DWC LLC,USD,Draft,NAS1612-12,SEAL,50,1.04,2025-03-21,EA,EA
PO-25-6000,BOEING FLEET,2025-03-21,Aeroparts AOG DWC LLC,USD,Draft,143A8335-2,GASKET,3,2463,2025-03-21,EA,EA
PO-25-6001,BOEING DISTRIBUTION SERVICES,2025-03-21,Aeroparts AOG DWC LLC,USD,Draft,50840,TERMINAL PLUG,400,7.77,2025-03-21,EA,EA
PO-25-6002,PILOT JOHN INTERNATONAL,2025-03-21,Aeroparts AOG DWC LLC,USD,Draft,69-100-0080,JT8D SENSOR ADAPTER,1,1252.35,2025-03-21,EA,EA
PO-25-6002,PILOT JOHN INTERNATONAL,2025-03-21,Aeroparts AOG DWC LLC,USD,Draft,Z22-430-0097,KIT ADAPTOR MOUNT SCREW,2,202.95,2025-03-21,EA,EA
PO-25-6002,PILOT JOHN INTERNATONAL,2025-03-21,Aeroparts AOG DWC LLC,USD,Draft,10-320-0329,JT8D SENSOR ADAPTER,2,430.65,2025-03-21,EA,EA
PO-25-6003,PROPONENT,2025-03-21,Aeroparts AOG DWC LLC,USD,Draft,XLR5-31,TELEPHONE JACK,10,15.37,2025-03-21,EA,EA
PO-25-6004,PROPONENT,2025-03-21,Aeroparts AOG DWC LLC,USD,Draft,7500454,O-RING,2,0,2025-03-21,EA,EA
PO-25-6004,PROPONENT,2025-03-21,Aeroparts AOG DWC LLC,USD,Draft,MS24665-88,PIN,100,0.44,2025-03-21,EA,EA
PO-25-6004,PROPONENT,2025-03-21,Aeroparts AOG DWC LLC,USD,Draft,MS24665-355,PIN,100,0.44,2025-03-21,EA,EA
PO-25-6004,PROPONENT,2025-03-21,Aeroparts AOG DWC LLC,USD,Draft,MS24665-319,PIN,100,0.73,2025-03-21,EA,EA
PO-25-6004,PROPONENT,2025-03-21,Aeroparts AOG DWC LLC,USD,Draft,MS24665-178,PIN,270,0.16,2025-03-21,EA,EA
PO-25-6004,PROPONENT,2025-03-21,Aeroparts AOG DWC LLC,USD,Draft,MS21256-2,CLIP,100,0.47,2025-03-21,EA,EA
PO-25-6004,PROPONENT,2025-03-21,Aeroparts AOG DWC LLC,USD,Draft,MS172291,WASHER,20,10.5,2025-03-21,EA,EA
PO-25-6004,PROPONENT,2025-03-21,Aeroparts AOG DWC LLC,USD,Draft,M83248-1-910,O-RING,60,0.7,2025-03-21,EA,EA
PO-25-6004,PROPONENT,2025-03-21,Aeroparts AOG DWC LLC,USD,Draft,M83248/1-908,O-RING,60,0.67,2025-03-21,EA,EA
PO-25-6004,PROPONENT,2025-03-21,Aeroparts AOG DWC LLC,USD,Draft,M83248/1-020,O-RING,70,0.56,2025-03-21,EA,EA
PO-25-6004,PROPONENT,2025-03-21,Aeroparts AOG DWC LLC,USD,Draft,M25988/2-218,O-RING,50,3.09,2025-03-21,EA,EA
PO-25-6004,PROPONENT,2025-03-21,Aeroparts AOG DWC LLC,USD,Draft,M25988/2-036,O-RING,50,1.95,2025-03-21,EA,EA
PO-25-6004,PROPONENT,2025-03-21,Aeroparts AOG DWC LLC,USD,Draft,M25988/1-911,O-RING,50,1.1,2025-03-21,EA,EA
PO-25-6004,PROPONENT,2025-03-21,Aeroparts AOG DWC LLC,USD,Draft,M25988/1-905,PACKING,70,0.71,2025-03-21,EA,EA
PO-25-6004,PROPONENT,2025-03-21,Aeroparts AOG DWC LLC,USD,Draft,EN6114K3X6,BOLT,50,7.22,2025-03-21,EA,EA
PO-25-6004,PROPONENT,2025-03-21,Aeroparts AOG DWC LLC,USD,Draft,EN6114K3X4,BOLT,256,3.78,2025-03-21,EA,EA
PO-25-6004,PROPONENT,2025-03-21,Aeroparts AOG DWC LLC,USD,Draft,EN6114K3-6,BOLT,50,1.22,2025-03-21,EA,EA
PO-25-6004,PROPONENT,2025-03-21,Aeroparts AOG DWC LLC,USD,Draft,EN6114K3-5,Hi-Lite Bolt,50,2.87,2025-03-21,EA,EA
PO-25-6004,PROPONENT,2025-03-21,Aeroparts AOG DWC LLC,USD,Draft,EN6114K3-4,Hi-Lite Bolt,428,1.01,2025-03-21,EA,EA
PO-25-6004,PROPONENT,2025-03-21,Aeroparts AOG DWC LLC,USD,Draft,DAN6-6-5,HI-LOK PIN,50,1.38,2025-03-21,EA,EA
PO-25-6004,PROPONENT,2025-03-21,Aeroparts AOG DWC LLC,USD,Draft,DAN6-6-4,HI-LOK PIN,50,1.78,2025-03-21,EA,EA
PO-25-6004,PROPONENT,2025-03-21,Aeroparts AOG DWC LLC,USD,Draft,D64013,LOCK PLATE,5,318.82,2025-03-21,EA,EA
PO-25-6004,PROPONENT,2025-03-21,Aeroparts AOG DWC LLC,USD,Draft,D62596,SHIM,5,286.25,2025-03-21,EA,EA
PO-25-6004,PROPONENT,2025-03-21,Aeroparts AOG DWC LLC,USD,Draft,D61889,LOCK WASHERR,10,81.48,2025-03-21,EA,EA
PO-25-6004,PROPONENT,2025-03-21,Aeroparts AOG DWC LLC,USD,Draft,D61883,SHIM,10,214.94,2025-03-21,EA,EA
PO-25-6004,PROPONENT,2025-03-21,Aeroparts AOG DWC LLC,USD,Draft,D61882,SHIM,10,184.16,2025-03-21,EA,EA
PO-25-6004,PROPONENT,2025-03-21,Aeroparts AOG DWC LLC,USD,Draft,BE28990,E-SEAL,8,210.4,2025-03-21,EA,EA
PO-25-6004,PROPONENT,2025-03-21,Aeroparts AOG DWC LLC,USD,Draft,ASNA2538-3,NUT,154,5.33,2025-03-21,EA,EA
PO-25-6004,PROPONENT,2025-03-21,Aeroparts AOG DWC LLC,USD,Draft,ASNA2529-6,NUT,46,1.96,2025-03-21,EA,EA
PO-25-6004,PROPONENT,2025-03-21,Aeroparts AOG DWC LLC,USD,Draft,ASNA0113-32CA,WASHER,250,0.76,2025-03-21,EA,EA
PO-25-6004,PROPONENT,2025-03-21,Aeroparts AOG DWC LLC,USD,Draft,AS3208-05,O-RING,80,0.5,2025-03-21,EA,EA
PO-25-6004,PROPONENT,2025-03-21,Aeroparts AOG DWC LLC,USD,Draft,AS20627,NUT,50,4.71,2025-03-21,EA,EA
PO-25-6004,PROPONENT,2025-03-21,Aeroparts AOG DWC LLC,USD,Draft,95394-05,ISOLATOR,2,4396.54,2025-03-21,EA,EA
PO-25-6004,PROPONENT,2025-03-21,Aeroparts AOG DWC LLC,USD,Draft,7500454,O-RING,2,50,2025-03-21,EA,EA
PO-25-6004,PROPONENT,2025-03-21,Aeroparts AOG DWC LLC,USD,Draft,6355-0906,O- RING,8,61.6,2025-03-21,EA,EA
PO-25-6004,PROPONENT,2025-03-21,Aeroparts AOG DWC LLC,USD,Draft,53100269-1,SCREEN,8,312.33,2025-03-21,EA,EA
PO-25-6004,PROPONENT,2025-03-21,Aeroparts AOG DWC LLC,USD,Draft,398-21,FILTER,4,660.91,2025-03-21,EA,EA
PO-25-6004,PROPONENT,2025-03-21,Aeroparts AOG DWC LLC,USD,Draft,2721-1,AIR FILTER,4,67.95,2025-03-21,EA,EA
PO-25-6004,PROPONENT,2025-03-21,Aeroparts AOG DWC LLC,USD,Draft,2201859-39,HOSE,2,996,2025-03-21,EA,EA
PO-25-6004,PROPONENT,2025-03-21,Aeroparts AOG DWC LLC,USD,Draft,MS29513-175,O-RING,10,6.75,2025-03-21,EA,EA
PO-25-6004,PROPONENT,2025-03-21,Aeroparts AOG DWC LLC,USD,Draft,203-811538,SEAL,8,105.6,2025-03-21,EA,EA
PO-25-6004,PROPONENT,2025-03-21,Aeroparts AOG DWC LLC,USD,Draft,202-811538,SEAL,8,145.2,2025-03-21,EA,EA
PO-25-6004,PROPONENT,2025-03-21,Aeroparts AOG DWC LLC,USD,Draft,100-905-2454,SEAL,40,9.01,2025-03-21,EA,EA
PO-25-6004,PROPONENT,2025-03-21,Aeroparts AOG DWC LLC,USD,Draft,0F25-021,"RING, SEALING",20,139.5,2025-03-21,EA,EA
PO-25-6004,PROPONENT,2025-03-21,Aeroparts AOG DWC LLC,USD,Draft,201275896,WASHER,8,32.66,2025-03-21,EA,EA
PO-25-6004,PROPONENT,2025-03-21,Aeroparts AOG DWC LLC,USD,Draft,7600763,DRAIN FILTER,2,217.61,2025-03-21,EA,EA
PO-25-6006,WENCOR,2025-03-24,Aeroparts AOG DWC LLC,USD,Draft,M83248-1-016,O-RING 5/8 INCH ID 3,25,0,2025-03-24,EA,EA
PO-25-6006,WENCOR,2025-03-24,Aeroparts AOG DWC LLC,USD,Draft,MS24665-86,COTTER PIN,100,0.09,2025-03-24,EA,EA
PO-25-6006,WENCOR,2025-03-24,Aeroparts AOG DWC LLC,USD,Draft,MS24665-376,PIN,100,0.25,2025-03-24,EA,EA
PO-25-6006,WENCOR,2025-03-24,Aeroparts AOG DWC LLC,USD,Draft,MS24665-372,PIN,100,0.14,2025-03-24,EA,EA
PO-25-6006,WENCOR,2025-03-24,Aeroparts AOG DWC LLC,USD,Draft,MS24665-360,PIN,100,0.19,2025-03-24,EA,EA
PO-25-6006,WENCOR,2025-03-24,Aeroparts AOG DWC LLC,USD,Draft,MS24665-357,PIN,100,0.13,2025-03-24,EA,EA
PO-25-6006,WENCOR,2025-03-24,Aeroparts AOG DWC LLC,USD,Draft,MS24665-310,PIN,100,0.17,2025-03-24,EA,EA
PO-25-6006,WENCOR,2025-03-24,Aeroparts AOG DWC LLC,USD,Draft,MS24665-309,PIN,100,0.26,2025-03-24,EA,EA
PO-25-6006,WENCOR,2025-03-24,Aeroparts AOG DWC LLC,USD,Draft,MS24665-308,PIN,100,0.18,2025-03-24,EA,EA
PO-25-6006,WENCOR,2025-03-24,Aeroparts AOG DWC LLC,USD,Draft,MS24665-306,PIN,100,0.15,2025-03-24,EA,EA
PO-25-6006,WENCOR,2025-03-24,Aeroparts AOG DWC LLC,USD,Draft,282101,RED WASHER,30,10.8,2025-03-24,EA,EA
PO-25-6006,WENCOR,2025-03-24,Aeroparts AOG DWC LLC,USD,Draft,MS24665-304,"PIN, COTTER",100,0.33,2025-03-24,EA,EA
PO-25-6006,WENCOR,2025-03-24,Aeroparts AOG DWC LLC,USD,Draft,MS24665-302,"PIN, COTTER",100,0.18,2025-03-24,EA,EA
PO-25-6006,WENCOR,2025-03-24,Aeroparts AOG DWC LLC,USD,Draft,MS24665-300,"PIN, COTTER",100,0.14,2025-03-24,EA,EA
PO-25-6006,WENCOR,2025-03-24,Aeroparts AOG DWC LLC,USD,Draft,MS24665-285,PIN-COTTER,100,0.09,2025-03-24,EA,EA
PO-25-6006,WENCOR,2025-03-24,Aeroparts AOG DWC LLC,USD,Draft,MS24665-283,STEEL,100,0.13,2025-03-24,EA,EA
PO-25-6006,WENCOR,2025-03-24,Aeroparts AOG DWC LLC,USD,Draft,MS24665-231,PIN,100,0.11,2025-03-24,EA,EA
PO-25-6006,WENCOR,2025-03-24,Aeroparts AOG DWC LLC,USD,Draft,MS24665-174,PIN,100,0.14,2025-03-24,EA,EA
PO-25-6006,WENCOR,2025-03-24,Aeroparts AOG DWC LLC,USD,Draft,MS24665-172,"PIN, COTTER",100,0.31,2025-03-24,EA,EA
PO-25-6006,WENCOR,2025-03-24,Aeroparts AOG DWC LLC,USD,Draft,MS24665-162,PIN,100,0.25,2025-03-24,EA,EA
PO-25-6006,WENCOR,2025-03-24,Aeroparts AOG DWC LLC,USD,Draft,MS24665-155,PIN,100,0.13,2025-03-24,EA,EA
PO-25-6006,WENCOR,2025-03-24,Aeroparts AOG DWC LLC,USD,Draft,MS24665-153,"PIN, COTTER",150,0.22,2025-03-24,EA,EA
PO-25-6006,WENCOR,2025-03-24,Aeroparts AOG DWC LLC,USD,Draft,MS24665-151,PIN,100,0.11,2025-03-24,EA,EA
PO-25-6006,WENCOR,2025-03-24,Aeroparts AOG DWC LLC,USD,Draft,MS24665-134,PIN,100,0.09,2025-03-24,EA,EA
PO-25-6006,WENCOR,2025-03-24,Aeroparts AOG DWC LLC,USD,Draft,MS24665-132,PIN,100,0.09,2025-03-24,EA,EA
PO-25-6006,WENCOR,2025-03-24,Aeroparts AOG DWC LLC,USD,Draft,M83248-1-016,O-RING 5/8 INCH ID 3,25,0.95,2025-03-24,EA,EA
PO-25-6006,WENCOR,2025-03-24,Aeroparts AOG DWC LLC,USD,Draft,M25988-1-018,PACKING,10,1.84,2025-03-24,EA,EA
PO-25-6006,WENCOR,2025-03-24,Aeroparts AOG DWC LLC,USD,Draft,AS43013-155,RING,25,4.48,2025-03-24,EA,EA
PO-25-6006,WENCOR,2025-03-24,Aeroparts AOG DWC LLC,USD,Draft,AS43003-908,PACKING,8,1.84,2025-03-24,EA,EA
PO-25-6006,WENCOR,2025-03-24,Aeroparts AOG DWC LLC,USD,Draft,3882496-1,FUEL FILTER ELEMENT,2,356.94,2025-03-24,EA,EA
PO-25-6007,PDQ AIRSPARES,2025-03-24,Aeroparts AOG DWC LLC,USD,Draft,F0003150100000,CLAMP BLOCK,3,100,2025-03-24,EA,EA
PO-25-6008,Pacific Air Industries,2025-03-24,Aeroparts AOG DWC LLC,USD,Draft,A5461085450000,WASHER,15,97.5,2025-03-24,EA,EA
PO-25-6008,Pacific Air Industries,2025-03-24,Aeroparts AOG DWC LLC,USD,Draft,S8991A4H142M,TUBE,6,14.7,2025-03-24,EA,EA
PO-25-6009,BOEING FLEET,2025-03-24,Aeroparts AOG DWC LLC,USD,Draft,NAS1102E3-8,SCREW,50,0.57,2025-03-24,EA,EA
PO-25-6010,BOEING DISTRIBUTION SERVICES,2025-03-24,Aeroparts AOG DWC LLC,USD,Draft,AS12943,WASHER,50,1,2025-03-24,EA,EA
PO-25-6010,BOEING DISTRIBUTION SERVICES,2025-03-24,Aeroparts AOG DWC LLC,USD,Draft,AS54744,BOLT,5,127.2,2025-03-24,EA,EA
PO-25-6010,BOEING DISTRIBUTION SERVICES,2025-03-24,Aeroparts AOG DWC LLC,USD,Draft,NAS1790-3R4,BOLT,50,1,2025-03-24,EA,EA
PO-25-6011,"Mitchell Aircraft, LLC",2025-03-24,Aeroparts AOG DWC LLC,USD,Draft,INTL WIRE FEE,INTERNATIONAL WIRE FEE,1,35,2025-03-24,EA,EA
PO-25-6011,"Mitchell Aircraft, LLC",2025-03-24,Aeroparts AOG DWC LLC,USD,Draft,974540,PUMP,1,5250,2025-03-24,EA,EA
PO-25-6012,GLOBAL AVIATION RESOURCES,2025-03-25,Aeroparts AOG DWC LLC,USD,Draft,465020-03030316,AIR DATA AND INERTIAL REF UNIT,1,53000,2025-02-21,EA,EA
PO-25-6013,BOEING DISTRIBUTION SERVICES,2025-03-25,Aeroparts AOG DWC LLC,USD,Draft,EN6092-01,RECEPTACLE,250,5.76,2025-03-25,EA,EA
PO-25-6013,BOEING DISTRIBUTION SERVICES,2025-03-25,Aeroparts AOG DWC LLC,USD,Draft,NAS1102E3-12,SCREW,240,10,2025-03-25,EA,EA
PO-25-6013,BOEING DISTRIBUTION SERVICES,2025-03-25,Aeroparts AOG DWC LLC,USD,Draft,ASNA2001T3-10,SCREW,100,6.52,2025-03-25,EA,EA
PO-25-6013,BOEING DISTRIBUTION SERVICES,2025-03-25,Aeroparts AOG DWC LLC,USD,Draft,NAS1102E3-8,SCREW,200,0.74,2025-03-25,EA,EA
PO-25-6013,BOEING DISTRIBUTION SERVICES,2025-03-25,Aeroparts AOG DWC LLC,USD,Draft,DAN203B50,RIVET,600,0.08,2025-03-25,EA,EA
PO-25-6014,PROPONENT,2025-03-25,Aeroparts AOG DWC LLC,USD,Draft,NAS1096-2-10,SCREW,200,0.3,2025-03-25,EA,EA
PO-25-6015,WENCOR,2025-03-25,Aeroparts AOG DWC LLC,USD,Draft,NAS1149FN832P,WASHER,200,0.09,2025-03-25,EA,EA
PO-25-6016,"GA TELESIS, LLC",2025-03-25,Aeroparts AOG DWC LLC,USD,Draft,141T4004-21,WINDSHIELD,1,25750,2025-03-25,EA,EA
PO-25-6017,BOEING FLEET,2025-03-26,Aeroparts AOG DWC LLC,USD,Draft,654A0004-169,PLATE,2,2501,2025-03-26,EA,EA
PO-25-6018,FEDERAL TECHNOLOGY LLC,2025-03-26,Aeroparts AOG DWC LLC,USD,Draft,VAT,VAT,1,745.17,2025-03-26,EA,EA
PO-25-6018,FEDERAL TECHNOLOGY LLC,2025-03-26,Aeroparts AOG DWC LLC,USD,Draft,INSTALLATION SERVICES,SUPPLY & INSTALLATION OF CCTV & ACCESS CONTROL SYS,1,14903.46,2025-03-26,EA,EA
PO-25-6019,Airbus,2025-03-26,Aeroparts AOG DWC LLC,USD,Draft,NSA5653-21-0287,SPACER,9,10.4,2025-03-26,EA,EA
PO-25-6019,Airbus,2025-03-26,Aeroparts AOG DWC LLC,USD,Draft,F2527035801400,COVER,1,3220,2025-03-26,EA,EA
PO-25-6019,Airbus,2025-03-26,Aeroparts AOG DWC LLC,USD,Draft,F2151514020000,GASKET,2,77.8,2025-03-26,EA,EA
PO-25-6019,Airbus,2025-03-26,Aeroparts AOG DWC LLC,USD,Draft,F2128505020000,"HOLDER, ELAST.",405,37.7,2025-03-26,EA,EA
PO-25-6019,Airbus,2025-03-26,Aeroparts AOG DWC LLC,USD,Draft,F5453043021000,SEAL,2,528,2025-03-26,EA,EA
PO-25-6019,Airbus,2025-03-26,Aeroparts AOG DWC LLC,USD,Draft,F5453043021200,SEAL,4,224,2025-03-26,EA,EA
PO-25-6019,Airbus,2025-03-26,Aeroparts AOG DWC LLC,USD,Draft,F5453043021300,SEAL,4,224,2025-03-26,EA,EA
PO-25-6019,Airbus,2025-03-26,Aeroparts AOG DWC LLC,USD,Draft,F5453043021100,SEAL,3,250,2025-03-26,EA,EA
PO-25-6019,Airbus,2025-03-26,Aeroparts AOG DWC LLC,USD,Draft,F5453043020600,SEAL,1,605,2025-03-26,EA,EA
PO-25-6019,Airbus,2025-03-26,Aeroparts AOG DWC LLC,USD,Draft,F5453043020800,SEAL,3,224,2025-03-26,EA,EA
PO-25-6019,Airbus,2025-03-26,Aeroparts AOG DWC LLC,USD,Draft,F5453043020700,SEAL,3,592,2025-03-26,EA,EA
PO-25-6019,Airbus,2025-03-26,Aeroparts AOG DWC LLC,USD,Draft,F5453043020900,SEAL,3,224,2025-03-26,EA,EA
PO-25-6019,Airbus,2025-03-26,Aeroparts AOG DWC LLC,USD,Draft,F5453043021500,SEAL,3,235,2025-03-26,EA,EA
PO-25-6019,Airbus,2025-03-26,Aeroparts AOG DWC LLC,USD,Draft,F5453043021600,SEAL,1,348,2025-03-26,EA,EA
PO-25-6019,Airbus,2025-03-26,Aeroparts AOG DWC LLC,USD,Draft,F5453043020400,SEAL,1,224,2025-03-26,EA,EA
PO-25-6019,Airbus,2025-03-26,Aeroparts AOG DWC LLC,USD,Draft,F5453043020500,SEAL,1,502,2025-03-26,EA,EA
PO-25-6019,Airbus,2025-03-26,Aeroparts AOG DWC LLC,USD,Draft,F5453044020000,SEAL,1,140,2025-03-26,EA,EA
PO-25-6019,Airbus,2025-03-26,Aeroparts AOG DWC LLC,USD,Draft,F5453048820000,SEAL,1,100,2025-03-26,EA,EA
PO-25-6019,Airbus,2025-03-26,Aeroparts AOG DWC LLC,USD,Draft,F5237149120600,FLAG,1,161,2025-03-26,EA,EA
PO-25-6019,Airbus,2025-03-26,Aeroparts AOG DWC LLC,USD,Draft,F5757467720000,SPACER,2,53.3,2025-03-26,EA,EA
PO-25-6019,Airbus,2025-03-26,Aeroparts AOG DWC LLC,USD,Draft,F5453044320000,SEAL,1,148,2025-03-26,EA,EA
PO-25-6020,BOEING FLEET,2025-03-26,Aeroparts AOG DWC LLC,USD,Draft,CDSP6200-5,PEEPHOLE ASSY,2,1684,2025-03-26,EA,EA
PO-25-6023,PROPONENT,2025-03-27,Aeroparts AOG DWC LLC,USD,Draft,NSA5110-3-1,NUT,50,1.88,2025-03-27,EA,EA
PO-25-6023,PROPONENT,2025-03-27,Aeroparts AOG DWC LLC,USD,Draft,NSA5076-6,COLLAR,50,3.43,2025-03-27,EA,EA
PO-25-6023,PROPONENT,2025-03-27,Aeroparts AOG DWC LLC,USD,Draft,NAS617-6,O-RING,100,0.45,2025-03-27,EA,EA
PO-25-6023,PROPONENT,2025-03-27,Aeroparts AOG DWC LLC,USD,Draft,NAS1612-5,PACKING,50,1.07,2025-03-27,EA,EA
PO-25-6023,PROPONENT,2025-03-27,Aeroparts AOG DWC LLC,USD,Draft,NAS1612-4,O-RING,50,0.96,2025-03-27,EA,EA
PO-25-6023,PROPONENT,2025-03-27,Aeroparts AOG DWC LLC,USD,Draft,NAS1612-16A,PACKING,50,1.18,2025-03-27,EA,EA
PO-25-6023,PROPONENT,2025-03-27,Aeroparts AOG DWC LLC,USD,Draft,NAS1611-241,PACKING,50,2.3,2025-03-27,EA,EA
PO-25-6023,PROPONENT,2025-03-27,Aeroparts AOG DWC LLC,USD,Draft,NAS1611-209,PACKING,100,1.62,2025-03-27,EA,EA
PO-25-6023,PROPONENT,2025-03-27,Aeroparts AOG DWC LLC,USD,Draft,NAS1611-122,O-RING,100,1.2,2025-03-27,EA,EA
PO-25-6023,PROPONENT,2025-03-27,Aeroparts AOG DWC LLC,USD,Draft,NAS1611-115,Packing,100,0.92,2025-03-27,EA,EA
PO-25-6023,PROPONENT,2025-03-27,Aeroparts AOG DWC LLC,USD,Draft,NAS1611-029,O-RING,100,1.48,2025-03-27,EA,EA
PO-25-6023,PROPONENT,2025-03-27,Aeroparts AOG DWC LLC,USD,Draft,NAS1611-016A,O-RING,100,0.65,2025-03-27,EA,EA
PO-25-6023,PROPONENT,2025-03-27,Aeroparts AOG DWC LLC,USD,Draft,NAS1611-008,O-RING,100,0.69,2025-03-27,EA,EA
PO-25-6023,PROPONENT,2025-03-27,Aeroparts AOG DWC LLC,USD,Draft,MS29561-259,O-RING,50,3.06,2025-03-27,EA,EA
PO-25-6023,PROPONENT,2025-03-27,Aeroparts AOG DWC LLC,USD,Draft,MS29561-145,O-RING,50,1.18,2025-03-27,EA,EA
PO-25-6023,PROPONENT,2025-03-27,Aeroparts AOG DWC LLC,USD,Draft,MS29561-009,O-RING,100,0.49,2025-03-27,EA,EA
PO-25-6023,PROPONENT,2025-03-27,Aeroparts AOG DWC LLC,USD,Draft,MS27196-32,GASKET,32,15.99,2025-03-27,EA,EA
PO-25-6024,GULF AIRCRAFT & ENGINEERING SERVICES,2025-03-27,Aeroparts AOG DWC LLC,USD,Draft,PROCESSING FEE,PROCESSING FEE,1,50,2025-03-27,EA,EA
PO-25-6024,GULF AIRCRAFT & ENGINEERING SERVICES,2025-03-27,Aeroparts AOG DWC LLC,USD,Draft,CUSTOMS PROCESSING FEE,CUSTOMS PROCESSING FEE,1,250,2025-03-27,EA,EA
PO-25-6024,GULF AIRCRAFT & ENGINEERING SERVICES,2025-03-27,Aeroparts AOG DWC LLC,USD,Draft,A5735003820200,RING,12,200,2025-03-27,EA,EA
PO-25-6024,GULF AIRCRAFT & ENGINEERING SERVICES,2025-03-27,Aeroparts AOG DWC LLC,USD,Draft,D5713019420400,PACKING,8,180,2025-03-27,EA,EA
PO-25-6024,GULF AIRCRAFT & ENGINEERING SERVICES,2025-03-27,Aeroparts AOG DWC LLC,USD,Draft,F5598003220000,SEAL,10,420,2025-03-27,EA,EA
PO-25-6025,WENCOR,2025-03-27,Aeroparts AOG DWC LLC,USD,Draft,NSA5355-4CA,WASHER,50,0.71,2025-03-27,EA,EA
PO-25-6025,WENCOR,2025-03-27,Aeroparts AOG DWC LLC,USD,Draft,NAS1726-3E,"NUT, SELF-LOCK, SHEAR TYPE",50,1.3,2025-03-27,EA,EA
PO-25-6025,WENCOR,2025-03-27,Aeroparts AOG DWC LLC,USD,Draft,NAS1149D0332K,WASHER,400,0.28,2025-03-27,EA,EA
PO-25-6025,WENCOR,2025-03-27,Aeroparts AOG DWC LLC,USD,Draft,NAS1149C0463R,WASHER,100,0.15,2025-03-27,EA,EA
PO-25-6026,LGM AVIATION LTD,2025-03-27,Aeroparts AOG DWC LLC,USD,Draft,HAZMAT,HAZMAT CHARGES,1,550,2025-03-27,EA,EA
PO-25-6026,LGM AVIATION LTD,2025-03-27,Aeroparts AOG DWC LLC,USD,Draft,117042-04,OXY GENERATOR ASSY,7,1000,2025-03-27,EA,EA
PO-25-6027,ALLEN FREIGHT FZCO,2025-03-28,Aeroparts AOG DWC LLC,USD,Draft,AIR FREIGHT CHARGE ( COURIER ) ( SIN-DXB,Air Freight Charge ( Courier ) ( SIN-DXB ),1,1160.2,2025-03-28,EA,EA
PO-25-6028,ALLEN FREIGHT FZCO,2025-03-28,Aeroparts AOG DWC LLC,USD,Draft,AIR FREIGHT CHARGES ( TURKEY-DXB ),AIR FREIGHT CHARGES ( TURKEY-DXB ),1,4874.21,2025-03-28,EA,EA
PO-25-6029,ALLEN FREIGHT FZCO,2025-03-28,Aeroparts AOG DWC LLC,USD,Draft,AIR FREIGHT CHARGES ( UK-DXB ),.,1,1077.04,2025-03-28,EA,EA
PO-25-6030,ALLEN FREIGHT FZCO,2025-03-28,Aeroparts AOG DWC LLC,USD,Draft,AIR FREIGHT CHARGES ( SIN-DXB ),.,1,1793.4,2025-03-28,EA,EA
PO-25-6031,ALLEN FREIGHT FZCO,2025-03-28,Aeroparts AOG DWC LLC,USD,Draft,AIR FREIGHT CHARGES ( GERMANY-DXB ),.,1,1577.99,2025-03-28,EA,EA
PO-25-6032,ALLEN FREIGHT FZCO,2025-03-28,Aeroparts AOG DWC LLC,USD,Draft,AIR FREIGHT CHARGES ( USA-DXB ),.,1,753.2,2025-03-28,EA,EA
PO-25-6033,PROPONENT,2025-03-28,Aeroparts AOG DWC LLC,USD,Draft,S9413-227,PACKING,20,0,2025-03-28,EA,EA
PO-25-6033,PROPONENT,2025-03-28,Aeroparts AOG DWC LLC,USD,Draft,SP108G,WASHER,50,1.97,2025-03-28,EA,EA
PO-25-6033,PROPONENT,2025-03-28,Aeroparts AOG DWC LLC,USD,Draft,SP107L,WASHER,25,2.71,2025-03-28,EA,EA
PO-25-6033,PROPONENT,2025-03-28,Aeroparts AOG DWC LLC,USD,Draft,S9413-227,PACKING,20,3.61,2025-03-28,EA,EA
PO-25-6033,PROPONENT,2025-03-28,Aeroparts AOG DWC LLC,USD,Draft,S9413-214,PACKING,25,2.72,2025-03-28,EA,EA
PO-25-6033,PROPONENT,2025-03-28,Aeroparts AOG DWC LLC,USD,Draft,S9413-114,SEAL,25,2.69,2025-03-28,EA,EA
PO-25-6033,PROPONENT,2025-03-28,Aeroparts AOG DWC LLC,USD,Draft,430B100-3,FILTER,16,270,2025-03-28,EA,EA
PO-25-6033,PROPONENT,2025-03-28,Aeroparts AOG DWC LLC,USD,Draft,NSA835070-5C,RING FOR FLARED TUBE,25,4.26,2025-03-28,EA,EA
PO-25-6033,PROPONENT,2025-03-28,Aeroparts AOG DWC LLC,USD,Draft,NSA8205-114,O-RING,50,2.54,2025-03-28,EA,EA
PO-25-6033,PROPONENT,2025-03-28,Aeroparts AOG DWC LLC,USD,Draft,NSA8203-239,O-RING,35,16,2025-03-28,EA,EA
PO-25-6033,PROPONENT,2025-03-28,Aeroparts AOG DWC LLC,USD,Draft,NSA8203-238,"O-RING, FLUOROSILICONE",25,13.78,2025-03-28,EA,EA
PO-25-6033,PROPONENT,2025-03-28,Aeroparts AOG DWC LLC,USD,Draft,NSA8203-219,O-RING,30,6.35,2025-03-28,EA,EA
PO-25-6033,PROPONENT,2025-03-28,Aeroparts AOG DWC LLC,USD,Draft,NSA8202-5,O-RING,50,2.47,2025-03-28,EA,EA
PO-25-6034,WENCOR,2025-03-28,Aeroparts AOG DWC LLC,USD,Draft,S4165,SEAL,10,4.43,2025-03-28,EA,EA
PO-25-6034,WENCOR,2025-03-28,Aeroparts AOG DWC LLC,USD,Draft,NSA935401-05,TIE-CABLE,100,0.45,2025-03-28,EA,EA
PO-25-6034,WENCOR,2025-03-28,Aeroparts AOG DWC LLC,USD,Draft,NSA8208-259,O-RING,4,15.23,2025-03-28,EA,EA
PO-25-6034,WENCOR,2025-03-28,Aeroparts AOG DWC LLC,USD,Draft,NSA8202-6,O-RING,32,2.96,2025-03-28,EA,EA
PO-25-6034,WENCOR,2025-03-28,Aeroparts AOG DWC LLC,USD,Draft,NSA8200-2,PACKING,50,4.8,2025-03-28,EA,EA
PO-25-6034,WENCOR,2025-03-28,Aeroparts AOG DWC LLC,USD,Draft,NSA5355-7CA,WASHER,50,2.15,2025-03-28,EA,EA
PO-25-6034,WENCOR,2025-03-28,Aeroparts AOG DWC LLC,USD,Draft,NSA5355-5CA,WASHER,50,1.3,2025-03-28,EA,EA
PO-25-6035,SAFARI AVIATION SERVICES FZE,2025-03-28,Aeroparts AOG DWC LLC,USD,Draft,NSBT-8N,NEVER SEEZ PURE NICKEL ANTI SEIZE 8 OZ 227.2 G CAN,2,77.32,2025-03-28,EA,EA
PO-25-6036,BOEING FLEET,2025-04-01,Aeroparts AOG DWC LLC,USD,Draft,BACB30LH3-3,BOLT,100,1.51,2025-03-18,EA,EA
PO-25-6036,BOEING FLEET,2025-04-01,Aeroparts AOG DWC LLC,USD,Draft,251A3122-16,UPPER COVER ASSY,3,4540,2025-03-18,EA,EA
PO-25-6036,BOEING FLEET,2025-04-01,Aeroparts AOG DWC LLC,USD,Draft,251A3122-15,UPPER COVER ASSY,3,4540,2025-03-18,EA,EA
PO-25-6037,BOEING FLEET,2025-04-01,Aeroparts AOG DWC LLC,USD,Draft,002A0002-500,PSU PANEL,186,99,2025-03-18,EA,EA
PO-25-6037,BOEING FLEET,2025-04-01,Aeroparts AOG DWC LLC,USD,Draft,002A0072-2,TOP KIT,3,3890,2025-03-18,EA,EA
PO-25-6037,BOEING FLEET,2025-04-01,Aeroparts AOG DWC LLC,USD,Draft,002A0072-1,TOP KIT,3,3890,2025-03-18,EA,EA
PO-25-6038,WENCOR,2025-04-01,Aeroparts AOG DWC LLC,USD,Draft,ABS0901R040,CLAMP,21,7.84,2025-04-01,EA,EA
PO-25-6039,PDQ AIRSPARES,2025-04-02,Aeroparts AOG DWC LLC,USD,Draft,R0SIML0C2600LW,WASHER,6,125,2025-04-02,EA,EA
PO-25-6039,PDQ AIRSPARES,2025-04-02,Aeroparts AOG DWC LLC,USD,Draft,SIMASNA2056-02,NUT,4,75,2025-04-02,EA,EA
PO-25-6039,PDQ AIRSPARES,2025-04-02,Aeroparts AOG DWC LLC,USD,Draft,K8831,WASHER,100,1.75,2025-04-02,EA,EA
PO-25-6039,PDQ AIRSPARES,2025-04-02,Aeroparts AOG DWC LLC,USD,Draft,MICROBMONITOR 2,"TEST KIT - MICROBIAL, FUEL",20,65,2025-04-02,KT,KT
PO-25-6040,BOEING FLEET,2025-04-02,Aeroparts AOG DWC LLC,USD,Draft,BACB28AK08-452,BUSHING,2,284.95,2025-04-02,EA,EA
PO-25-6041,WENCOR,2025-04-02,Aeroparts AOG DWC LLC,USD,Draft,ABS0341-2-01,RETAINER,40,0,2025-04-02,EA,EA
PO-25-6041,WENCOR,2025-04-02,Aeroparts AOG DWC LLC,USD,Draft,DAN169E3-12,SCREW,60,0,2025-04-02,EA,EA
PO-25-6041,WENCOR,2025-04-02,Aeroparts AOG DWC LLC,USD,Draft,32595-1,WASHER,8,57.11,2025-04-02,EA,EA
PO-25-6041,WENCOR,2025-04-02,Aeroparts AOG DWC LLC,USD,Draft,20021-306,SCREW,4,191.17,2025-04-02,EA,EA
PO-25-6041,WENCOR,2025-04-02,Aeroparts AOG DWC LLC,USD,Draft,20021-304,SCREW,4,339.79,2025-04-02,EA,EA
PO-25-6041,WENCOR,2025-04-02,Aeroparts AOG DWC LLC,USD,Draft,32594-1,CAP,16,48.21,2025-04-02,EA,EA
PO-25-6041,WENCOR,2025-04-02,Aeroparts AOG DWC LLC,USD,Draft,ABS5800D096B,SEAL,4,130.1,2025-04-02,EA,EA
PO-25-6041,WENCOR,2025-04-02,Aeroparts AOG DWC LLC,USD,Draft,ABS0341-2-01,RETAINER,40,19.25,2025-04-02,EA,EA
PO-25-6041,WENCOR,2025-04-02,Aeroparts AOG DWC LLC,USD,Draft,AS3582-140,PACKING,25,2.68,2025-04-02,EA,EA
PO-25-6041,WENCOR,2025-04-02,Aeroparts AOG DWC LLC,USD,Draft,NAS1102E3-16,SCREW,30,1.23,2025-04-02,EA,EA
PO-25-6041,WENCOR,2025-04-02,Aeroparts AOG DWC LLC,USD,Draft,DAN169E3-12,SCREW,60,2.75,2025-04-02,EA,EA
PO-25-6041,WENCOR,2025-04-02,Aeroparts AOG DWC LLC,USD,Draft,NAS1612-6,"PACKING,PREFMD",50,1.84,2025-04-02,EA,EA
PO-25-6041,WENCOR,2025-04-02,Aeroparts AOG DWC LLC,USD,Draft,MS21075-3N,NUT,50,1.75,2025-04-02,EA,EA
PO-25-6042,LIFE LINK GENERAL TRANSPORT (L.L.C),2025-04-03,Aeroparts AOG DWC LLC,USD,Draft,"LOADING UNLOADING 
CUSTOMS CIRCUIT""",.,1,171.2,2025-04-03,EA,EA
PO-25-6043,OEM SERVICES,2025-04-03,Aeroparts AOG DWC LLC,USD,Draft,222CE06L15Y12,"SSPC-SOLID STATE POWER CONTROLLER,PC",1,34900,2025-04-03,EA,EA
PO-25-6044,PDQ AIRSPARES,2025-04-03,Aeroparts AOG DWC LLC,USD,Draft,NAS1101-3H8,BOLT,82,2.5,2025-04-03,EA,EA
PO-25-6045,WENCOR,2025-04-04,Aeroparts AOG DWC LLC,USD,Draft,ABS0692-01,WASHER,100,0,2025-04-04,EA,EA
PO-25-6045,WENCOR,2025-04-04,Aeroparts AOG DWC LLC,USD,Draft,ABS0692-01,WASHER,100,0.43,2025-04-04,EA,EA
PO-25-6045,WENCOR,2025-04-04,Aeroparts AOG DWC LLC,USD,Draft,A2527576120400,HANDLE SECTION,10,152.49,2025-04-04,EA,EA
PO-25-6045,WENCOR,2025-04-04,Aeroparts AOG DWC LLC,USD,Draft,NAS1102-06-4,SCREW,50,0.26,2025-04-04,EA,EA
PO-25-6045,WENCOR,2025-04-04,Aeroparts AOG DWC LLC,USD,Draft,72879-1,MOUNTING BLOCKS,2,450.12,2025-04-04,EA,EA
PO-25-6046,PROPONENT,2025-04-04,Aeroparts AOG DWC LLC,USD,Draft,AN960C416,WASHER-FLAT,500,0.1,2025-04-04,EA,EA
PO-25-6046,PROPONENT,2025-04-04,Aeroparts AOG DWC LLC,USD,Draft,E0090-10-125,BONDING JUMPER,50,1.99,2025-04-04,EA,EA
PO-25-6046,PROPONENT,2025-04-04,Aeroparts AOG DWC LLC,USD,Draft,E0090-10-380,BONDING JUMPER,30,1.33,2025-04-04,EA,EA
PO-25-6046,PROPONENT,2025-04-04,Aeroparts AOG DWC LLC,USD,Draft,E0088-10-160,BONDING JUMPER,50,1.83,2025-04-04,EA,EA
PO-25-6046,PROPONENT,2025-04-04,Aeroparts AOG DWC LLC,USD,Draft,EN3155-016M2018,CONTACT,50,2.09,2025-04-04,EA,EA
PO-25-6046,PROPONENT,2025-04-04,Aeroparts AOG DWC LLC,USD,Draft,DAN313-01A,CLIP SPRING,100,2.58,2025-04-04,EA,EA
PO-25-6046,PROPONENT,2025-04-04,Aeroparts AOG DWC LLC,USD,Draft,ABS0718-07,STUD,100,1.93,2025-04-04,EA,EA
PO-25-6046,PROPONENT,2025-04-04,Aeroparts AOG DWC LLC,USD,Draft,ABS0718A06,STUD,50,2.45,2025-04-04,EA,EA
PO-25-6046,PROPONENT,2025-04-04,Aeroparts AOG DWC LLC,USD,Draft,ABS0718A05,STUD,100,1.68,2025-04-04,EA,EA
PO-25-6046,PROPONENT,2025-04-04,Aeroparts AOG DWC LLC,USD,Draft,ABS0718A03,STUD,100,1.87,2025-04-04,EA,EA
PO-25-6046,PROPONENT,2025-04-04,Aeroparts AOG DWC LLC,USD,Draft,NAS1102-08-5,SCREW,350,0.12,2025-04-04,EA,EA
PO-25-6046,PROPONENT,2025-04-04,Aeroparts AOG DWC LLC,USD,Draft,NAS1193E4-2,LOCKING,10,8.47,2025-04-04,EA,EA
PO-25-6046,PROPONENT,2025-04-04,Aeroparts AOG DWC LLC,USD,Draft,NAS1193E4-1,LOCKING,10,6.94,2025-04-04,EA,EA
PO-25-6046,PROPONENT,2025-04-04,Aeroparts AOG DWC LLC,USD,Draft,SB3-002-010-02,LOWER SHROUD,5,43.66,2025-04-04,EA,EA
PO-25-6046,PROPONENT,2025-04-04,Aeroparts AOG DWC LLC,USD,Draft,SB3-002-010-01,SHROUD,5,209.29,2025-04-04,EA,EA
PO-25-6046,PROPONENT,2025-04-04,Aeroparts AOG DWC LLC,USD,Draft,NSA934120-01,MODULE,10,23.91,2025-04-04,EA,EA
PO-25-6046,PROPONENT,2025-04-04,Aeroparts AOG DWC LLC,USD,Draft,AS3582-240,O-RING,10,3.6,2025-04-04,EA,EA
PO-25-6046,PROPONENT,2025-04-04,Aeroparts AOG DWC LLC,USD,Draft,AS3582-043,O-RING,10,5.48,2025-04-04,EA,EA
PO-25-6046,PROPONENT,2025-04-04,Aeroparts AOG DWC LLC,USD,Draft,SP127E,WASHER FLAT,100,1.02,2025-04-04,EA,EA
PO-25-6046,PROPONENT,2025-04-04,Aeroparts AOG DWC LLC,USD,Draft,NAS1102E3-32,SCREW,50,1.38,2025-04-04,EA,EA
PO-25-6046,PROPONENT,2025-04-04,Aeroparts AOG DWC LLC,USD,Draft,ABS0638B14,BACKSHELL,2,129.31,2025-04-04,EA,EA
PO-25-6047,MSN429,2025-04-04,Aeroparts AOG DWC LLC,USD,Draft,MSN429,MSN429,1,0,2025-04-04,EA,EA
PO-25-6048,PROPONENT,2025-04-04,Aeroparts AOG DWC LLC,USD,Draft,S4563-9,FILTER,4,647.06,2025-04-04,EA,EA
PO-25-6048,PROPONENT,2025-04-04,Aeroparts AOG DWC LLC,USD,Draft,S602-4-2X1-9,PACKING,25,1.94,2025-04-04,EA,EA
PO-25-6049,Thameside Aero Spares Ltd,2025-04-04,Aeroparts AOG DWC LLC,USD,Draft,F3221012820600,WASHER,4,350,2025-04-04,EA,EA
PO-25-6049,Thameside Aero Spares Ltd,2025-04-04,Aeroparts AOG DWC LLC,USD,Draft,F3221012820400,WASHER,4,425,2025-04-04,EA,EA
PO-25-6049,Thameside Aero Spares Ltd,2025-04-04,Aeroparts AOG DWC LLC,USD,Draft,F3221012820200,WASHER,4,385,2025-04-04,EA,EA
PO-25-6049,Thameside Aero Spares Ltd,2025-04-04,Aeroparts AOG DWC LLC,USD,Draft,F3221012820000,WASHER,4,125,2025-04-04,EA,EA
PO-25-6049,Thameside Aero Spares Ltd,2025-04-04,Aeroparts AOG DWC LLC,USD,Draft,68-1363,Packing,16,110,2025-04-04,EA,EA
PO-25-6050,BOEING DISTRIBUTION SERVICES,2025-04-07,Aeroparts AOG DWC LLC,USD,Draft,ASNA0243A08030,CORD,8,48.24,2025-04-07,EA,EA
PO-25-6051,UNICAL AVIATION,2025-04-07,Aeroparts AOG DWC LLC,USD,Draft,170-274,INSERT,70,5,2025-04-07,EA,EA
PO-25-6051,UNICAL AVIATION,2025-04-07,Aeroparts AOG DWC LLC,USD,Draft,RR185,RETAINER,10,5,2025-04-07,EA,EA
PO-25-6052,GULF AIRCRAFT & ENGINEERING SERVICES,2025-04-07,Aeroparts AOG DWC LLC,USD,Draft,F5518252320100,RING-SEALING,1,700,2025-04-07,EA,EA
PO-25-6052,GULF AIRCRAFT & ENGINEERING SERVICES,2025-04-07,Aeroparts AOG DWC LLC,USD,Draft,F5518252320000,RING-SEALING,1,680,2025-04-07,EA,EA
PO-25-6052,GULF AIRCRAFT & ENGINEERING SERVICES,2025-04-07,Aeroparts AOG DWC LLC,USD,Draft,F5518181220000,RING-SEALING,2,420,2025-04-07,EA,EA
PO-25-6052,GULF AIRCRAFT & ENGINEERING SERVICES,2025-04-07,Aeroparts AOG DWC LLC,USD,Draft,F5518181120000,RING-SEALING,2,420,2025-04-07,EA,EA
PO-25-6052,GULF AIRCRAFT & ENGINEERING SERVICES,2025-04-07,Aeroparts AOG DWC LLC,USD,Draft,F5518181020000,RING-SEALING,2,420,2025-04-07,EA,EA
PO-25-6052,GULF AIRCRAFT & ENGINEERING SERVICES,2025-04-07,Aeroparts AOG DWC LLC,USD,Draft,F5518180920000,RING-SEALING,2,420,2025-04-07,EA,EA
PO-25-6053,BOEING FLEET,2025-04-07,Aeroparts AOG DWC LLC,USD,Draft,113A8700-1,ROD ASSY,2,5902,2025-04-07,EA,EA
PO-25-6054,Aerospace Reliance,2025-04-07,Aeroparts AOG DWC LLC,USD,Draft,DAPCO-2200,PRIMELESS FIREWALL SEALANT,10,160,2025-04-07,KT,KT
PO-25-6055,NewGen Aerospace,2025-04-08,Aeroparts AOG DWC LLC,USD,Draft,341D8010-501,OIL COOLER,1,32500,2025-04-08,EA,EA
PO-25-6056,WENCOR,2025-04-09,Aeroparts AOG DWC LLC,USD,Draft,NSA5474-5K7,NUT,60,0.84,2025-04-09,EA,EA
PO-25-6057,AERFIN,2025-04-09,Aeroparts AOG DWC LLC,USD,Draft,755CA02F,CONTACTOR,1,2000,2025-04-09,EA,EA
PO-25-6058,DSC TRADING LLC,2025-04-09,Aeroparts AOG DWC LLC,USD,Draft,504529-408,STRAP,1,695,2025-04-09,EA,EA
PO-25-6059,SKYLINE AERO,2025-04-09,Aeroparts AOG DWC LLC,USD,Draft,979786-5,SHUTOFF VALVE,1,47500,2025-04-09,EA,EA
PO-25-6061,BOEING FLEET,2025-04-09,Aeroparts AOG DWC LLC,USD,Draft,144A9451Y4,ISOLATOR,9,589,2025-04-09,EA,EA
PO-25-6061,BOEING FLEET,2025-04-09,Aeroparts AOG DWC LLC,USD,Draft,22616-1,SOLENOID,1,5793,2025-04-09,EA,EA
PO-25-6061,BOEING FLEET,2025-04-09,Aeroparts AOG DWC LLC,USD,Draft,196299-001,SOLENOID,1,2517,2025-04-09,EA,EA
PO-25-6062,AERORENIX TECHNIC AVIATION LTD.,2025-04-10,Aeroparts AOG DWC LLC,USD,Draft,969A0000-02,CONDENSER,2,4500,2025-03-26,EA,EA
PO-25-6063,UNICAL AVIATION,2025-04-10,Aeroparts AOG DWC LLC,USD,Draft,C61558,CUP,1,250,2025-04-10,EA,EA
PO-25-6064,Airbus,2025-04-10,Aeroparts AOG DWC LLC,USD,Draft,TRANSFER PACKAGE,TRANSFER PACKAGE,1,3055,2025-04-10,EA,EA
PO-25-6065,BOEING FLEET,2025-04-10,Aeroparts AOG DWC LLC,USD,Draft,69-73730-4,WASHER,25,30.49,2025-04-10,EA,EA
PO-25-6066,JORAMCO,2025-04-10,Aeroparts AOG DWC LLC,USD,Draft,F5725408900200,GASKET,20,450,2025-04-10,EA,EA
PO-25-6067,Temco Limited,2025-04-10,Aeroparts AOG DWC LLC,USD,Draft,FW52833,ANNULUS FILLER,1,11250,2025-04-10,EA,EA
PO-25-6068,BOEING FLEET,2025-04-11,Aeroparts AOG DWC LLC,USD,Draft,B0E2013-0570,HOSE,1,581,2025-04-11,EA,EA
PO-25-6069,BOEING FLEET,2025-04-11,Aeroparts AOG DWC LLC,USD,Draft,B0E2013-0570,HOSE,1,581,2025-04-11,EA,EA
PO-25-6070,G SQUARED AVIATION LIMITED,2025-04-11,Aeroparts AOG DWC LLC,USD,Draft,INTL WIRE FEE,INTERNATIONAL WIRE FEE,1,40,2025-04-11,EA,EA
PO-25-6070,G SQUARED AVIATION LIMITED,2025-04-11,Aeroparts AOG DWC LLC,USD,Draft,HAZMAT,HAZMAT CHARGES,1,160,2025-04-11,EA,EA
PO-25-6070,G SQUARED AVIATION LIMITED,2025-04-11,Aeroparts AOG DWC LLC,USD,Draft,BA24320A-1,LAVATORY FIRE EXTINGUISHER,2,1235,2025-04-11,EA,EA
PO-25-6071,Pacific Air Industries,2025-04-11,Aeroparts AOG DWC LLC,USD,Draft,848032-09,CIRCLIP,50,2.59,2025-04-11,EA,EA
PO-25-6073,"GA TELESIS, LLC",2025-04-11,Aeroparts AOG DWC LLC,USD,Draft,F5247321920000,CLAMP,4,50,2025-04-11,EA,EA
PO-25-6075,PROPONENT,2025-04-11,Aeroparts AOG DWC LLC,USD,Draft,E0091-41-160NN,BONDING JUMPER,25,4.42,2025-04-11,EA,EA
PO-25-6076,BOEING FLEET,2025-04-14,Aeroparts AOG DWC LLC,USD,Draft,654A0004-622,BEAM ASSY,1,5960,2025-04-11,EA,EA
PO-25-6077,BOEING FLEET,2025-04-14,Aeroparts AOG DWC LLC,USD,Draft,212A1214-12,BRACKET ASSY,3,1571,2025-04-14,EA,EA
PO-25-6077,BOEING FLEET,2025-04-14,Aeroparts AOG DWC LLC,USD,Draft,212A1214-11,BRACKET ASSY,3,2185,2025-04-14,EA,EA
PO-25-6077,BOEING FLEET,2025-04-14,Aeroparts AOG DWC LLC,USD,Draft,212A1214-9,BRACKET ASSY,3,1491,2025-04-14,EA,EA
PO-25-6078,BOEING FLEET,2025-04-14,Aeroparts AOG DWC LLC,USD,Draft,212A1125-19,ROD AY,2,400,2025-04-14,EA,EA
PO-25-6079,Component Control,2025-04-15,Aeroparts AOG DWC LLC,USD,Draft,FP4B0BDBB1,.,1,33907,2025-04-15,EA,EA
PO-25-6080,Component Control,2025-04-15,Aeroparts AOG DWC LLC,USD,Draft,INVOICE#: FP44FC6E8F,.,1,11000,2025-04-15,EA,EA
PO-25-6081,Component Control,2025-04-15,Aeroparts AOG DWC LLC,USD,Draft,INVOICE#: FP32318B0C,.,1,7000,2025-04-15,EA,EA
PO-25-6082,Component Control,2025-04-15,Aeroparts AOG DWC LLC,USD,Draft,"FOR INVOICE 63659,",.,1,4550,2025-04-15,EA,EA
PO-25-6083,BOEING FLEET,2025-04-16,Aeroparts AOG DWC LLC,USD,Draft,146A8127U1,SHIELD,1,0,2025-04-16,EA,EA
PO-25-6083,BOEING FLEET,2025-04-16,Aeroparts AOG DWC LLC,USD,Draft,411A4917-2011,BLANKET,1,0,2025-04-16,EA,EA
PO-25-6084,FIRST CLASS AIR REPAIR,2025-04-16,Aeroparts AOG DWC LLC,USD,Draft,NE102666-0934AS,CLAMP,1,400,2025-04-16,EA,EA
PO-25-6085,NORDAIR USA INC,2025-04-16,Aeroparts AOG DWC LLC,USD,Draft,91E204-51,TORSION BAR,1,10328.57,2025-04-16,EA,EA
PO-25-6085,NORDAIR USA INC,2025-04-16,Aeroparts AOG DWC LLC,USD,Draft,91E075-00,BUSHING,1,1950,2025-04-16,EA,EA
PO-25-6085,NORDAIR USA INC,2025-04-16,Aeroparts AOG DWC LLC,USD,Draft,91E062-01,ROLLER,11,1050,2025-04-16,EA,EA
PO-25-6085,NORDAIR USA INC,2025-04-16,Aeroparts AOG DWC LLC,USD,Draft,91E164-01,SPACER,8,1250,2025-04-16,EA,EA
PO-25-6085,NORDAIR USA INC,2025-04-16,Aeroparts AOG DWC LLC,USD,Draft,91E913-01,ROLLER BEARING,1,1550,2025-04-16,EA,EA
PO-25-6086,BOEING FLEET,2025-04-18,Aeroparts AOG DWC LLC,USD,Draft,82000-48302,HOUSING ASSY,4,5659,2025-04-18,EA,EA
PO-25-6087,BOEING FLEET,2025-04-19,Aeroparts AOG DWC LLC,USD,Draft,115A6251-1,BUSHING,4,865,2025-04-19,EA,EA
PO-25-6088,ALLEN FREIGHT FZCO,2025-04-21,Aeroparts AOG DWC LLC,USD,Draft,DXBAI7615 AIR FREIGHT CHARGE,.,1,4440.42,2025-04-21,EA,EA
PO-25-6089,ALLEN FREIGHT FZCO,2025-04-21,Aeroparts AOG DWC LLC,USD,Draft,DXBAI7666 AIR FREIGHT CHARGE,.,1,9993.72,2025-04-21,EA,EA
PO-25-6090,ALLEN FREIGHT FZCO,2025-04-21,Aeroparts AOG DWC LLC,USD,Draft,DXBAI7551 AIR FREIGHT CHARGES ( USA-DXB,.,1,2771.77,2025-04-21,EA,EA
PO-25-6091,ALLEN FREIGHT FZCO,2025-04-21,Aeroparts AOG DWC LLC,USD,Draft,DXBAI7471 AIR FREIGHT CHARGES ( UK-DXB ),.,1,3963.52,2025-04-21,EA,EA
PO-25-6093,SKYSPARES LTD,2025-04-21,Aeroparts AOG DWC LLC,USD,Draft,HAZMAT,HAZMAT CHARGES,1,150,2025-04-21,EA,EA
PO-25-6093,SKYSPARES LTD,2025-04-21,Aeroparts AOG DWC LLC,USD,Draft,E71740-00,OXYGEN GENERATOR,1,725,2025-04-21,EA,EA
PO-25-6094,Airbus,2025-04-21,Aeroparts AOG DWC LLC,USD,Draft,ABS0902-100,CLAMP,5,7.96,2025-04-21,EA,EA
PO-25-6094,Airbus,2025-04-21,Aeroparts AOG DWC LLC,USD,Draft,F5247321920000,CLAMP,4,36.2,2025-04-21,EA,EA
PO-25-6094,Airbus,2025-04-21,Aeroparts AOG DWC LLC,USD,Draft,E0039R14T15SNF,CONNECTOR,6,58.41,2025-04-21,EA,EA
PO-25-6094,Airbus,2025-04-21,Aeroparts AOG DWC LLC,USD,Draft,E0052N8B3ASWF,CONNECTOR,15,11.03,2025-04-21,EA,EA
PO-25-6094,Airbus,2025-04-21,Aeroparts AOG DWC LLC,USD,Draft,D61500-74,CONNECTOR,1,407,2025-04-21,EA,EA
PO-25-6095,BOEING FLEET,2025-04-21,Aeroparts AOG DWC LLC,USD,Draft,PGA0116W,STANDBY MAGNETIC COMPASS,1,2141,2025-04-21,EA,EA
PO-25-6096,Airbus,2025-04-21,Aeroparts AOG DWC LLC,USD,Draft,F5755004320000,SEAL,1,226,2025-04-21,EA,EA
PO-25-6096,Airbus,2025-04-21,Aeroparts AOG DWC LLC,USD,Draft,G5777103021400,SEAL,2,384,2025-04-21,EA,EA
PO-25-6096,Airbus,2025-04-21,Aeroparts AOG DWC LLC,USD,Draft,G5777103021600,SEAL,2,246,2025-04-21,EA,EA
PO-25-6096,Airbus,2025-04-21,Aeroparts AOG DWC LLC,USD,Draft,MS20392-3C21,PIN,90,1.62,2025-04-21,EA,EA
PO-25-6096,Airbus,2025-04-21,Aeroparts AOG DWC LLC,USD,Draft,MS21075L3N,NUT-PLATE,100,0.36,2025-04-21,EA,EA
PO-25-6097,BOEING FLEET,2025-04-22,Aeroparts AOG DWC LLC,USD,Draft,115A2752-18,RETAINER,1,1891.79,2025-04-29,EA,EA
PO-25-6097,BOEING FLEET,2025-04-22,Aeroparts AOG DWC LLC,USD,Draft,115A2752-5,RETAINER,1,3539,2025-04-29,EA,EA
PO-25-6098,AERO TECHNIC ME FZCO,2025-04-22,Aeroparts AOG DWC LLC,USD,Draft,E72220-10,GENERATOR,5,1373.13,2025-04-22,EA,EA
PO-25-6100,"GA TELESIS, LLC",2025-04-22,Aeroparts AOG DWC LLC,USD,Draft,C24960000-1,VALVE,2,4000,2025-04-22,EA,EA
PO-25-6101,AERFIN,2025-04-22,Aeroparts AOG DWC LLC,USD,Draft,705CA01,CONTACTOR-THREE POLE,1,1600,2025-04-22,EA,EA
PO-25-6102,BOEING FLEET,2025-04-22,Aeroparts AOG DWC LLC,USD,Draft,M81714/3-DB1,TERMINAL,10,100,2025-04-22,EA,EA
PO-25-6103,AERC-PO-ap Materials,2025-04-23,Aeroparts AOG DWC LLC,USD,Draft,CFM56-5A,CFM56-5A,14,217142,2025-04-23,EA,EA
PO-25-6103,AERC-PO-ap Materials,2025-04-23,Aeroparts AOG DWC LLC,USD,Draft,A319,AIRBUS A319,6,495002,2025-04-23,EA,EA
PO-25-6103,AERC-PO-ap Materials,2025-04-23,Aeroparts AOG DWC LLC,USD,Draft,A320,AIRBUS A320,2,495000,2025-04-23,EA,EA
PO-25-6104,ALARIS AEROSPACE LLC,2025-04-23,Aeroparts AOG DWC LLC,USD,Draft,980B0000-02,VALVE-CHECK DOWNSTREAM,1,4800,2025-04-23,EA,EA
PO-25-6105,VIRGIN AUSTRALIA,2025-04-23,Aeroparts AOG DWC LLC,USD,Draft,FREIGHT,Freight,1,30000,2025-04-23,EA,EA
PO-25-6105,VIRGIN AUSTRALIA,2025-04-23,Aeroparts AOG DWC LLC,USD,Draft,V2500-A1,V2500-A1 ENGINE ASSY,2,500000,2025-04-23,EA,EA
PO-25-6105,VIRGIN AUSTRALIA,2025-04-23,Aeroparts AOG DWC LLC,USD,Draft,A320,AIRBUS A320,1,350000,2025-04-23,EA,EA
PO-25-6105,VIRGIN AUSTRALIA,2025-04-23,Aeroparts AOG DWC LLC,USD,Draft,V2500-A1,V2500-A1 ENGINE ASSY,2,175000,2025-04-23,EA,EA
PO-25-6106,AERO TECHNIC ME FZCO,2025-04-23,Aeroparts AOG DWC LLC,USD,Draft,E72240-09,OXYGEN GENERATOR,18,1937.22,2025-04-23,EA,EA
PO-25-6106,AERO TECHNIC ME FZCO,2025-04-23,Aeroparts AOG DWC LLC,USD,Draft,HAZMAT FEES,HAZMAT,1,350,2025-04-23,EA,EA
PO-25-6107,JALARAM,2022-06-05,Aeroparts AOG DWC LLC,USD,Draft,BSI,BORESCOPE INSPECTION,6,2000,2022-06-05,EA,EA
PO-25-6107,JALARAM,2022-06-05,Aeroparts AOG DWC LLC,USD,Draft,V2500-A1,V2500-A1 ENGINE ASSY,26,74230,2022-06-05,EA,EA
PO-25-6108,BOEING FLEET,2025-04-23,Aeroparts AOG DWC LLC,USD,Draft,65C33095-5,GASKET,18,335,2025-04-23,EA,EA
PO-25-6109,AEROTRON,2025-04-24,Aeroparts AOG DWC LLC,USD,Draft,C24966000,VALVE,1,5000,2025-04-24,EA,EA
PO-25-6110,DASI LLC,2025-04-25,Aeroparts AOG DWC LLC,USD,Draft,9EL406445-40,LENS,1,932,2025-04-25,EA,EA
PO-25-6110,DASI LLC,2025-04-25,Aeroparts AOG DWC LLC,USD,Draft,ABS0083-06,NUT,500,1.1,2025-04-25,EA,EA
PO-25-6111,Airbus,2025-04-25,Aeroparts AOG DWC LLC,USD,Draft,NSA935401-04,STRAP,900,0.03,2025-04-25,EA,EA
PO-25-6111,Airbus,2025-04-25,Aeroparts AOG DWC LLC,USD,Draft,NSA935401-08,TIE CABLE,1000,0.09,2025-04-25,EA,EA
PO-25-6111,Airbus,2025-04-25,Aeroparts AOG DWC LLC,USD,Draft,NSA937901E4,MODULE,100,0.41,2025-04-25,EA,EA
PO-25-6111,Airbus,2025-04-25,Aeroparts AOG DWC LLC,USD,Draft,EN6114V3-3,BOLT,60,0.74,2025-04-25,EA,EA
PO-25-6111,Airbus,2025-04-25,Aeroparts AOG DWC LLC,USD,Draft,ABS0260V10-9-2,PIN,6,18.56,2025-04-25,EA,EA
PO-25-6111,Airbus,2025-04-25,Aeroparts AOG DWC LLC,USD,Draft,NAS1102E3-12,SCREW,240,0.2,2025-04-25,EA,EA
PO-25-6111,Airbus,2025-04-25,Aeroparts AOG DWC LLC,USD,Draft,NAS1473A3,NUT,60,2.29,2025-04-25,EA,EA
PO-25-6111,Airbus,2025-04-25,Aeroparts AOG DWC LLC,USD,Draft,NAS1102-06-7,SCREW,150,0.42,2025-04-25,EA,EA
PO-25-6111,Airbus,2025-04-25,Aeroparts AOG DWC LLC,USD,Draft,F5331435020000,WASHER,60,46.3,2025-04-25,EA,EA
PO-25-6111,Airbus,2025-04-25,Aeroparts AOG DWC LLC,USD,Draft,ASNA2001T3-17,SCREW,255,2.91,2025-04-25,EA,EA
PO-25-6111,Airbus,2025-04-25,Aeroparts AOG DWC LLC,USD,Draft,F5331560520000,WASHER,70,8.9,2025-04-25,EA,EA
PO-25-6111,Airbus,2025-04-25,Aeroparts AOG DWC LLC,USD,Draft,NAS1791A4-2,NUT,50,1.19,2025-04-25,EA,EA
PO-25-6111,Airbus,2025-04-25,Aeroparts AOG DWC LLC,USD,Draft,F0003006500100,SLEEVE,1,4550,2025-04-25,EA,EA
PO-25-6111,Airbus,2025-04-25,Aeroparts AOG DWC LLC,USD,Draft,F5518252320100,RING-SEALING,1,317,2025-04-25,EA,EA
PO-25-6111,Airbus,2025-04-25,Aeroparts AOG DWC LLC,USD,Draft,F5518252320000,RING-SEALING,1,317,2025-04-25,EA,EA
PO-25-6111,Airbus,2025-04-25,Aeroparts AOG DWC LLC,USD,Draft,F5518243020000,JOINT,10,57.6,2025-04-25,EA,EA
PO-25-6111,Airbus,2025-04-25,Aeroparts AOG DWC LLC,USD,Draft,F5518249420000,GASKET-VENT,3,258,2025-04-25,EA,EA
PO-25-6111,Airbus,2025-04-25,Aeroparts AOG DWC LLC,USD,Draft,F5755086420000,SEAL,1,318,2025-04-25,EA,EA
PO-25-6111,Airbus,2025-04-25,Aeroparts AOG DWC LLC,USD,Draft,E0666D28A0,RELAY FIN,2,157.26,2025-04-25,EA,EA
PO-25-6112,AMP AERO SERVICES,2025-04-28,Aeroparts AOG DWC LLC,USD,Draft,MF10-05-11,OXYGEN MASK,3,2800,2025-04-28,EA,EA
PO-25-6114,"GA TELESIS, LLC",2025-04-29,Aeroparts AOG DWC LLC,USD,Draft,A2577285000200,GUIDE,2,1600,2025-04-29,EA,EA
PO-25-6115,PROPONENT,2025-04-29,Aeroparts AOG DWC LLC,USD,Draft,NSA8203-242,O RING,20,7.27,2025-04-29,EA,EA
PO-25-6116,VORTEX AVIATION IRELAND LTD,2018-07-11,Aeroparts AOG DWC LLC,USD,Draft,FREIGHT,Freight,1,49797.35,2018-07-11,EA,EA
PO-25-6116,VORTEX AVIATION IRELAND LTD,2018-07-11,Aeroparts AOG DWC LLC,USD,Draft,FREIGHT,Freight,1,3800,2018-07-11,EA,EA
PO-25-6116,VORTEX AVIATION IRELAND LTD,2018-07-11,Aeroparts AOG DWC LLC,USD,Draft,CFM56-5A,CFM56-5A,1,110560,2018-07-11,EA,EA
PO-25-6117,LOCKHEED MARTIN CANADA INC.,2019-04-25,Aeroparts AOG DWC LLC,USD,Draft,TRANSPORTATION,TRANSPORTATION,1,22374,2019-04-25,EA,EA
PO-25-6117,LOCKHEED MARTIN CANADA INC.,2019-04-25,Aeroparts AOG DWC LLC,USD,Draft,EXPENDABLES,EXPENDABLES,1,558,2019-04-25,EA,EA
PO-25-6117,LOCKHEED MARTIN CANADA INC.,2019-04-25,Aeroparts AOG DWC LLC,USD,Draft,INSURANCE POLICY,INSURANCE,1,1852.42,2019-04-25,EA,EA
PO-25-6117,LOCKHEED MARTIN CANADA INC.,2019-04-25,Aeroparts AOG DWC LLC,USD,Draft,FREIGHT,Freight,1,34197.69,2019-04-25,EA,EA
PO-25-6117,LOCKHEED MARTIN CANADA INC.,2019-04-25,Aeroparts AOG DWC LLC,USD,Draft,FREIGHT,Freight,1,34197.69,2019-04-25,EA,EA
PO-25-6117,LOCKHEED MARTIN CANADA INC.,2019-04-25,Aeroparts AOG DWC LLC,USD,Draft,CFM56-5A,CFM56-5A,1,399861.5,2019-04-25,EA,EA
PO-25-6118,EUROPAVIA,2025-04-30,Aeroparts AOG DWC LLC,USD,Draft,E0718-02,TUBING,10,10,2025-04-30,EA,EA
PO-25-6119,GECAS,2021-09-30,Aeroparts AOG DWC LLC,USD,Draft,CFM56-5A,CFM56-5A,3,300000,2021-09-30,EA,EA
PO-25-6120,Airbus,2025-04-30,Aeroparts AOG DWC LLC,USD,Draft,F9237000704200,PLACARD SET,3,30.1,2025-04-30,EA,EA
PO-25-6120,Airbus,2025-04-30,Aeroparts AOG DWC LLC,USD,Draft,F9237000704000,PLACARD SET,3,30.1,2025-04-30,EA,EA
PO-25-6120,Airbus,2025-04-30,Aeroparts AOG DWC LLC,USD,Draft,F9237000703600,PLACARD SET,3,30.6,2025-04-30,EA,EA
PO-25-6120,Airbus,2025-04-30,Aeroparts AOG DWC LLC,USD,Draft,E0397FY2000,CONTACT,300,0.09,2025-04-30,EA,EA
PO-25-6120,Airbus,2025-04-30,Aeroparts AOG DWC LLC,USD,Draft,EN3155-018M1616,PIN,100,0.45,2025-04-30,EA,EA
PO-25-6120,Airbus,2025-04-30,Aeroparts AOG DWC LLC,USD,Draft,G9297006500800,EQUIPMENT,3,274,2025-04-30,EA,EA
PO-25-6120,Airbus,2025-04-30,Aeroparts AOG DWC LLC,USD,Draft,NSA939526-03C,SHUNT,10,4.37,2025-04-30,EA,EA
PO-25-6120,Airbus,2025-04-30,Aeroparts AOG DWC LLC,USD,Draft,NSA931320-030,CIRCUIT BREAKER,3,15.81,2025-04-30,EA,EA
PO-25-6120,Airbus,2025-04-30,Aeroparts AOG DWC LLC,USD,Draft,ABS0772A01A,CLIP-LOCKING,30,1,2025-04-30,EA,EA
PO-25-6120,Airbus,2025-04-30,Aeroparts AOG DWC LLC,USD,Draft,NAS1149CN616R,WASHER,900,0.03,2025-04-30,EA,EA
PO-25-6120,Airbus,2025-04-30,Aeroparts AOG DWC LLC,USD,Draft,NAS1100-06-10,SCREW,300,0.14,2025-04-30,EA,EA
PO-25-6121,Airbus,2025-04-30,Aeroparts AOG DWC LLC,USD,Draft,ABS0901R100,CLAMP,20,3.82,2025-04-30,EA,EA
PO-25-6121,Airbus,2025-04-30,Aeroparts AOG DWC LLC,USD,Draft,F0003056400000,HARNESS,1,5220,2025-04-30,EA,EA
PO-25-6121,Airbus,2025-04-30,Aeroparts AOG DWC LLC,USD,Draft,DAN169E3-10,SCREW,300,0.94,2025-04-30,EA,EA
PO-25-6121,Airbus,2025-04-30,Aeroparts AOG DWC LLC,USD,Draft,ASNA2128-06C10,BUSHING SHOULDERED,12,22.32,2025-04-30,EA,EA
PO-25-6121,Airbus,2025-04-30,Aeroparts AOG DWC LLC,USD,Draft,ABS0126-12-02,BACKSHELL,1,210.07,2025-04-30,EA,EA
PO-25-6121,Airbus,2025-04-30,Aeroparts AOG DWC LLC,USD,Draft,ABS1510E160NN,BRAID,6,6.03,2025-04-30,EA,EA
PO-25-6121,Airbus,2025-04-30,Aeroparts AOG DWC LLC,USD,Draft,EN3646RS6083ABW,CONNECTOR,10,20.31,2025-04-30,EA,EA
PO-25-6121,Airbus,2025-04-30,Aeroparts AOG DWC LLC,USD,Draft,8-372-05,Sensor,4,3210,2025-04-30,EA,EA
PO-25-6121,Airbus,2025-04-30,Aeroparts AOG DWC LLC,USD,Draft,A1111013820500,PATCH,70,21.2,2025-04-30,EA,EA
PO-25-6121,Airbus,2025-04-30,Aeroparts AOG DWC LLC,USD,Draft,F5518370031101,RIB,3,574,2025-04-30,EA,EA
PO-25-6122,JET INTERNATIONAL COMPANY,2021-07-31,Aeroparts AOG DWC LLC,USD,Draft,CFM56-5A,CFM56-5A,1,899999,2021-07-31,EA,EA
PO-25-6123,JJA AVIATION INC,2025-05-01,Aeroparts AOG DWC LLC,USD,Draft,LA2E90707HM0100,ECAM CONTROL PANEL,1,2500,2025-05-01,EA,EA
PO-25-6124,"GA TELESIS, LLC",2025-05-01,Aeroparts AOG DWC LLC,USD,Draft,HG2030AD10,ADIRU,1,30000,2025-05-01,EA,EA
PO-25-6126,WENCOR,2025-05-01,Aeroparts AOG DWC LLC,USD,Draft,NAS1149CN832R,WASHER,6,0.07,2025-05-01,EA,EA
PO-25-6126,WENCOR,2025-05-01,Aeroparts AOG DWC LLC,USD,Draft,NSA5067-3-1,NUT,6,1.6,2025-05-01,EA,EA
PO-25-6126,WENCOR,2025-05-01,Aeroparts AOG DWC LLC,USD,Draft,NAS1291C3M,NUT,54,1.25,2025-05-01,EA,EA
PO-25-6126,WENCOR,2025-05-01,Aeroparts AOG DWC LLC,USD,Draft,NSA5527-03-08,SPACER,21,0.5,2025-05-01,EA,EA
PO-25-6126,WENCOR,2025-05-01,Aeroparts AOG DWC LLC,USD,Draft,NAS1149C0332R,WASHER,90,0.29,2025-05-01,EA,EA
PO-25-6126,WENCOR,2025-05-01,Aeroparts AOG DWC LLC,USD,Draft,MS21042-04,NUT,30,0.8,2025-05-01,EA,EA
PO-25-6126,WENCOR,2025-05-01,Aeroparts AOG DWC LLC,USD,Draft,NAS1149CN432R,WASHER,30,0.09,2025-05-01,EA,EA
PO-25-6126,WENCOR,2025-05-01,Aeroparts AOG DWC LLC,USD,Draft,NAS6703-3,BOLT,6,1.37,2025-05-01,EA,EA
PO-25-6126,WENCOR,2025-05-01,Aeroparts AOG DWC LLC,USD,Draft,NAS1149D0332K,WASHER,12,0.28,2025-05-01,EA,EA
PO-25-6126,WENCOR,2025-05-01,Aeroparts AOG DWC LLC,USD,Draft,NSA5067-08-1,NUT,6,1.37,2025-05-01,EA,EA
PO-25-6126,WENCOR,2025-05-01,Aeroparts AOG DWC LLC,USD,Draft,NAS1149C0363R,WASHER,3,0.13,2025-05-01,EA,EA
PO-25-6126,WENCOR,2025-05-01,Aeroparts AOG DWC LLC,USD,Draft,MS21047L3,NUT,6,0.75,2025-05-01,EA,EA
PO-25-6127,PROPONENT,2025-05-01,Aeroparts AOG DWC LLC,USD,Draft,NAS1801-3-9,SCREW,36,5.06,2025-05-01,EA,EA
PO-25-6127,PROPONENT,2025-05-01,Aeroparts AOG DWC LLC,USD,Draft,NSA5066-3-1,CLIP - NUT,50,2.01,2025-05-01,EA,EA
PO-25-6127,PROPONENT,2025-05-01,Aeroparts AOG DWC LLC,USD,Draft,EN2997KE3C10,CAP,3,22.74,2025-05-01,EA,EA
PO-25-6127,PROPONENT,2025-05-01,Aeroparts AOG DWC LLC,USD,Draft,EN6081D5-06,RIVET,500,0.08,2025-05-01,EA,EA
PO-25-6128,BOEING DISTRIBUTION SERVICES,2025-05-01,Aeroparts AOG DWC LLC,USD,Draft,ABS0805-13M,CLAMP,18,3.9,2025-05-01,EA,EA
PO-25-6128,BOEING DISTRIBUTION SERVICES,2025-05-01,Aeroparts AOG DWC LLC,USD,Draft,NSA935401-03,TIE,625,0.08,2025-05-01,EA,EA
PO-25-6128,BOEING DISTRIBUTION SERVICES,2025-05-01,Aeroparts AOG DWC LLC,USD,Draft,AS21919WCH15,CLAMP,18,3.04,2025-05-01,EA,EA
PO-25-6128,BOEING DISTRIBUTION SERVICES,2025-05-01,Aeroparts AOG DWC LLC,USD,Draft,ABS0805-11,CLAMP,6,8.35,2025-05-01,EA,EA
PO-25-6128,BOEING DISTRIBUTION SERVICES,2025-05-01,Aeroparts AOG DWC LLC,USD,Draft,EN2997KE508,CONNECTOR,3,195.77,2025-05-01,EA,EA
PO-25-6128,BOEING DISTRIBUTION SERVICES,2025-05-01,Aeroparts AOG DWC LLC,USD,Draft,EN2997KE510,CONNECTOR,3,143.42,2025-05-01,EA,EA
PO-25-6129,SAFARI AVIATION SERVICES FZE,2025-05-01,Aeroparts AOG DWC LLC,USD,Draft,CUSTOMS PROCESSING FEE,CUSTOMS PROCESSING FEE,1,35.33,2025-05-01,EA,EA
PO-25-6129,SAFARI AVIATION SERVICES FZE,2025-05-01,Aeroparts AOG DWC LLC,USD,Draft,HEALTH,CERTIFICATE,1,42.8,2025-05-01,EA,EA
PO-25-6129,SAFARI AVIATION SERVICES FZE,2025-05-01,Aeroparts AOG DWC LLC,USD,Draft,VAT,VAT,1,1073.89,2025-05-01,EA,EA
PO-25-6129,SAFARI AVIATION SERVICES FZE,2025-05-01,Aeroparts AOG DWC LLC,USD,Draft,NYCOLUBE-11B,NYCOLUBE 11B,5,130.26,2025-05-01,CAN,CAN
PO-25-6129,SAFARI AVIATION SERVICES FZE,2025-05-01,Aeroparts AOG DWC LLC,USD,Draft,ROYCO481,ROYCO 481 CORROSION PREVENTIVE COMPOUND,50,408.98,2025-05-01,EA,EA
PO-25-6129,SAFARI AVIATION SERVICES FZE,2025-05-01,Aeroparts AOG DWC LLC,USD,Draft,M25988/1-911,O-RING,20,5.4,2025-05-01,EA,EA
PO-25-6129,SAFARI AVIATION SERVICES FZE,2025-05-01,Aeroparts AOG DWC LLC,USD,Draft,M25988-1-018,PACKING,20,5.19,2025-05-01,EA,EA
PO-25-6129,SAFARI AVIATION SERVICES FZE,2025-05-01,Aeroparts AOG DWC LLC,USD,Draft,M25988/1-906,PACKING,20,8.29,2025-05-01,EA,EA
PO-25-6130,DASI LLC,2025-05-02,Aeroparts AOG DWC LLC,USD,Draft,H3743-7,LATCH,1,5800,2025-05-02,EA,EA
PO-25-6131,MGT GROUP,2025-05-02,Aeroparts AOG DWC LLC,USD,Draft,LA2H60300HM0100,BTMU - BRAKE TEMPERATURE MONITORING UNIT,4,12500,2025-05-02,EA,EA
PO-25-6132,THE GILL CORPORATION,2025-05-02,Aeroparts AOG DWC LLC,USD,Draft,PACKAGING,PACKAGING,1,500,2025-05-02,EA,EA
PO-25-6132,THE GILL CORPORATION,2025-05-02,Aeroparts AOG DWC LLC,USD,Draft,STORAGE,STORAGE,1,495,2025-05-02,EA,EA
PO-25-6132,THE GILL CORPORATION,2025-05-02,Aeroparts AOG DWC LLC,USD,Draft,GILLFAB 4505,FLOOR PANEL,2,4425,2025-05-02,EA,EA
PO-25-6132,THE GILL CORPORATION,2025-05-02,Aeroparts AOG DWC LLC,USD,Draft,GILLFAB 4522,FLOOR PANEL,2,3750,2025-05-02,EA,EA
PO-25-6132,THE GILL CORPORATION,2025-05-02,Aeroparts AOG DWC LLC,USD,Draft,GILLFAB 4605,FLOOR PANEL,1,3910,2025-05-02,EA,EA
PO-25-6133,Airbus,2025-05-02,Aeroparts AOG DWC LLC,USD,Draft,F9297001400400,ELECEQPT,3,5490,2025-05-02,EA,EA
PO-25-6133,Airbus,2025-05-02,Aeroparts AOG DWC LLC,USD,Draft,F9249016920200,PLATE,3,200,2025-05-02,EA,EA
PO-25-6133,Airbus,2025-05-02,Aeroparts AOG DWC LLC,USD,Draft,F9249016920000,PLATE,3,204,2025-05-02,EA,EA
PO-25-6133,Airbus,2025-05-02,Aeroparts AOG DWC LLC,USD,Draft,F9297582000000,HARNESS,3,1850,2025-05-02,EA,EA
PO-25-6133,Airbus,2025-05-02,Aeroparts AOG DWC LLC,USD,Draft,NAS1101-04-7,SCREW,200,0.19,2025-05-02,EA,EA
PO-25-6133,Airbus,2025-05-02,Aeroparts AOG DWC LLC,USD,Draft,NAS1101-04-6,SCREW,50,0.54,2025-05-02,EA,EA
PO-25-6133,Airbus,2025-05-02,Aeroparts AOG DWC LLC,USD,Draft,F5398895426400,BRACKET,3,575,2025-05-02,EA,EA
PO-25-6133,Airbus,2025-05-02,Aeroparts AOG DWC LLC,USD,Draft,EN6081AD4-08,RIVET,900,0.03,2025-05-02,EA,EA
PO-25-6133,Airbus,2025-05-02,Aeroparts AOG DWC LLC,USD,Draft,D9249171620200,BRACKET,6,146,2025-05-02,EA,EA
PO-25-6133,Airbus,2025-05-02,Aeroparts AOG DWC LLC,USD,Draft,EN6101AD3-03,RIVET,900,0.03,2025-05-02,EA,EA
PO-25-6133,Airbus,2025-05-02,Aeroparts AOG DWC LLC,USD,Draft,F5398895403200,BRACKET,3,441,2025-05-02,EA,EA
PO-25-6133,Airbus,2025-05-02,Aeroparts AOG DWC LLC,USD,Draft,EN6081D5-07,RIVET,1400,0.03,2025-05-02,EA,EA
PO-25-6133,Airbus,2025-05-02,Aeroparts AOG DWC LLC,USD,Draft,D5357068121400,ANGLE,3,136,2025-05-02,EA,EA
PO-25-6133,Airbus,2025-05-02,Aeroparts AOG DWC LLC,USD,Draft,F5398895426200,BRACKET,3,198,2025-05-02,EA,EA
PO-25-6133,Airbus,2025-05-02,Aeroparts AOG DWC LLC,USD,Draft,F5398895426000,BRACKET,3,175,2025-05-02,EA,EA
PO-25-6134,Airbus,2025-05-02,Aeroparts AOG DWC LLC,USD,Draft,F5757157921600,RUB STRIP,1,651,2025-05-02,EA,EA
PO-25-6134,Airbus,2025-05-02,Aeroparts AOG DWC LLC,USD,Draft,98F20008247000,QUANTITY LIMITER-REGREASING,1,1650,2025-05-02,EA,EA
PO-25-6134,Airbus,2025-05-02,Aeroparts AOG DWC LLC,USD,Draft,E0080-01-12C,BACKSHELL,3,5.24,2025-05-02,EA,EA
PO-25-6134,Airbus,2025-05-02,Aeroparts AOG DWC LLC,USD,Draft,F5518180920000,RING-SEALING,2,119,2025-05-02,EA,EA
PO-25-6134,Airbus,2025-05-02,Aeroparts AOG DWC LLC,USD,Draft,F5518181120000,RING-SEALING,2,136,2025-05-02,EA,EA
PO-25-6134,Airbus,2025-05-02,Aeroparts AOG DWC LLC,USD,Draft,F5518181220000,RING-SEALING,2,126,2025-05-02,EA,EA
PO-25-6134,Airbus,2025-05-02,Aeroparts AOG DWC LLC,USD,Draft,NSA5031-4-20,BOLT,30,3.24,2025-05-02,EA,EA
PO-25-6134,Airbus,2025-05-02,Aeroparts AOG DWC LLC,USD,Draft,NAS1474R4,NUT,200,4.36,2025-05-02,EA,EA
PO-25-6134,Airbus,2025-05-02,Aeroparts AOG DWC LLC,USD,Draft,D57LCN400,HOSE ASSY,4,397,2025-05-02,EA,EA
PO-25-6134,Airbus,2025-05-02,Aeroparts AOG DWC LLC,USD,Draft,F5217057100200,SPRING ROD ASSY,2,1340,2025-05-02,EA,EA
PO-25-6134,Airbus,2025-05-02,Aeroparts AOG DWC LLC,USD,Draft,NSA8134-05X,BEARING SPHERICAL,5,21.64,2025-05-02,EA,EA
PO-25-6135,PROPONENT,2025-05-02,Aeroparts AOG DWC LLC,USD,Draft,ABS1040-80,BLEED AIR DUCT SEAL,200,53.69,2025-03-26,EA,EA
PO-25-6136,Airbus,2025-05-02,Aeroparts AOG DWC LLC,USD,Draft,NSA936603CC0100,CAP,300,0.14,2025-05-02,EA,EA
PO-25-6136,Airbus,2025-05-02,Aeroparts AOG DWC LLC,USD,Draft,AS21919WCH12,CLAMP,10,2.74,2025-05-02,EA,EA
PO-25-6136,Airbus,2025-05-02,Aeroparts AOG DWC LLC,USD,Draft,AS21919WCH08,CLAMP,30,1.38,2025-05-02,EA,EA
PO-25-6136,Airbus,2025-05-02,Aeroparts AOG DWC LLC,USD,Draft,ABS0805-10,CLAMP,30,1.59,2025-05-02,EA,EA
PO-25-6136,Airbus,2025-05-02,Aeroparts AOG DWC LLC,USD,Draft,NAS1801-08-21,SCREW,200,0.21,2025-05-02,EA,EA
PO-25-6136,Airbus,2025-05-02,Aeroparts AOG DWC LLC,USD,Draft,NSA5527-03-08D,SPACER,60,0.74,2025-05-02,EA,EA
PO-25-6136,Airbus,2025-05-02,Aeroparts AOG DWC LLC,USD,Draft,ABS0805-12,CLAMP,6,18.01,2025-05-02,EA,EA
PO-25-6136,Airbus,2025-05-02,Aeroparts AOG DWC LLC,USD,Draft,AS21919WCH09,CLAMP,30,1.77,2025-05-02,EA,EA
PO-25-6136,Airbus,2025-05-02,Aeroparts AOG DWC LLC,USD,Draft,NAS1801-3-21,SCREW,100,1.34,2025-05-02,EA,EA
PO-25-6137,Airbus,2025-05-02,Aeroparts AOG DWC LLC,USD,Draft,F9297001300700,ELECEQPT,3,12860,2025-05-02,EA,EA
PO-25-6137,Airbus,2025-05-02,Aeroparts AOG DWC LLC,USD,Draft,NSA935808C03,WASHER,60,2.04,2025-05-02,EA,EA
PO-25-6137,Airbus,2025-05-02,Aeroparts AOG DWC LLC,USD,Draft,AS21919WCH07,CLAMP,20,2.01,2025-05-02,EA,EA
PO-25-6138,DUBI CHEM MARINE INTERNATIONAL Est,2025-05-02,Aeroparts AOG DWC LLC,USD,Draft,VAT,VAT,1,23.44,2025-05-02,EA,EA
PO-25-6138,DUBI CHEM MARINE INTERNATIONAL Est,2025-05-02,Aeroparts AOG DWC LLC,USD,Draft,RXSOL-25-6014-500,Silica Gel White Desiccant 500 Gram,150,3.13,2025-05-02,EA,EA
PO-25-6139,BOEING FLEET,2025-05-04,Aeroparts AOG DWC LLC,USD,Draft,SC4L500301-5,FAUCET,5,4240,2025-05-04,EA,EA
PO-25-6140,ALARIS AEROSPACE LLC,2025-05-05,Aeroparts AOG DWC LLC,USD,Draft,975A0000-03,ACTUATOR,1,3800,2025-05-05,EA,EA
PO-25-6141,WENCOR,2025-05-05,Aeroparts AOG DWC LLC,USD,Draft,DAN169E3-11,SCREW,60,2.93,2025-05-05,EA,EA
PO-25-6141,WENCOR,2025-05-05,Aeroparts AOG DWC LLC,USD,Draft,DAN169E3-8,SCREW,84,2.9,2025-05-05,EA,EA
PO-25-6141,WENCOR,2025-05-05,Aeroparts AOG DWC LLC,USD,Draft,PL88-900LH00,LIGHT STRIP,15,548.75,2025-05-05,EA,EA
PO-25-6142,GULF AIRCRAFT & ENGINEERING SERVICES,2025-05-05,Aeroparts AOG DWC LLC,USD,Draft,GILLFAB4523,PANEL,2,6000,2025-05-05,EA,EA
PO-25-6143,JOB AIR TECHNIC,2025-05-05,Aeroparts AOG DWC LLC,USD,Draft,GILLFAB 4605,FLOOR PANEL,1,3843.83,2025-05-05,EA,EA
PO-25-6144,BOEING FLEET,2025-05-05,Aeroparts AOG DWC LLC,USD,Draft,44066,SEAL,33,22.17,2025-05-05,EA,EA
PO-25-6145,SKYONE,2025-05-07,Aeroparts AOG DWC LLC,USD,Draft,A320,AIRBUS A320,1,150000,2025-05-07,EA,EA
PO-25-6146,DASI LLC,2025-05-08,Aeroparts AOG DWC LLC,USD,Draft,ABS0805-08,CLAMP,17,21,2025-05-08,EA,EA
PO-25-6148,BOEING FLEET,2025-05-08,Aeroparts AOG DWC LLC,USD,Draft,411N1240-1,BRACKET,11,33.9,2025-05-08,EA,EA
PO-25-6149,AERO TECHNIC ME FZCO,2025-05-09,Aeroparts AOG DWC LLC,USD,Draft,4A4011-7,Emergency Evacuation Slide Assy,1,39499.99,2025-05-08,EA,EA
PO-25-6149,AERO TECHNIC ME FZCO,2025-05-09,Aeroparts AOG DWC LLC,USD,Draft,HAZMAT FEES,HAZMAT,1,200,2025-05-08,EA,EA
PO-25-6150,TAY AVIATION,2025-05-09,Aeroparts AOG DWC LLC,USD,Draft,4052510-979,FMC,1,21500,2025-05-09,EA,EA
PO-25-6151,RELIANCE AIRCRAFT INTERNATIONAL LLC,2025-05-09,Aeroparts AOG DWC LLC,USD,Draft,64753,COFFEE MAKER,1,2600,2025-05-09,EA,EA
PO-25-6152,ROTAFILO,2025-05-09,Aeroparts AOG DWC LLC,USD,Draft,856A1480G01,"FADEC-ENGINE PRESERVATION, FALSE METERING VALVE SI",1,1450,2025-05-09,EA,EA
PO-25-6153,Aviation Turbine Materials,2025-05-09,Aeroparts AOG DWC LLC,USD,Draft,1386M56P03,SHAFT-CPRSR ROTOR,1,20000,2025-05-09,EA,EA
PO-25-6154,PROPONENT,2025-05-12,Aeroparts AOG DWC LLC,USD,Draft,140N2022-1,VALVE - ASSEMBLY-DRAIN - FUSELAGE,50,21.18,2025-05-12,EA,EA
PO-25-6155,BAE SYSTEMS,2025-05-13,Aeroparts AOG DWC LLC,USD,Draft,115E4091G1,BRACKET ASSY,1,3581,2025-05-13,EA,EA
PO-25-6156,TOUCHDOWN AVIATION,2025-05-13,Aeroparts AOG DWC LLC,USD,Draft,LA2K2B100DL0000,FCPC,1,18995,2025-05-13,EA,EA
PO-25-6157,CFM INTERNATIONAL,2025-05-14,Aeroparts AOG DWC LLC,USD,Draft,J221P126,PACKING-PREFORMED O-RING,50,3.9,2025-05-14,EA,EA
PO-25-6157,CFM INTERNATIONAL,2025-05-14,Aeroparts AOG DWC LLC,USD,Draft,9992M86G08,PLUG ASSY,1,4160,2025-05-14,EA,EA
PO-25-6157,CFM INTERNATIONAL,2025-05-14,Aeroparts AOG DWC LLC,USD,Draft,J221P910,PACKING-PREFORMED O-RING,25,5.5,2025-05-14,EA,EA
PO-25-6157,CFM INTERNATIONAL,2025-05-14,Aeroparts AOG DWC LLC,USD,Draft,9375M33P01,"GASKET, METAL",5,75,2025-05-14,EA,EA
PO-25-6157,CFM INTERNATIONAL,2025-05-14,Aeroparts AOG DWC LLC,USD,Draft,1324M88P02,GASKET-SEAL,1,461.75,2025-05-14,EA,EA
PO-25-6157,CFM INTERNATIONAL,2025-05-14,Aeroparts AOG DWC LLC,USD,Draft,9973M77P07,"GASKET, SEAL",2,883,2025-05-14,EA,EA
PO-25-6157,CFM INTERNATIONAL,2025-05-14,Aeroparts AOG DWC LLC,USD,Draft,9375M33P02,"GASKET, METAL",5,70,2025-05-14,EA,EA
PO-25-6158,AVIALL SERVICES INC,2025-05-14,Aeroparts AOG DWC LLC,USD,Draft,68-1602,PACKING,1000,2.61,2025-05-14,EA,EA
PO-25-6159,SPECIALIST AVIATION LTD,2025-05-14,Aeroparts AOG DWC LLC,USD,Draft,DK120-90,BEACON,4,2500,2025-05-14,EA,EA
PO-25-6161,DASI LLC,2025-05-14,Aeroparts AOG DWC LLC,USD,Draft,NAS1473R4,NUT,20,7,2025-05-14,EA,EA
PO-25-6162,AVIALL,2025-05-15,Aeroparts AOG DWC LLC,USD,Draft,M83248/1-216,O-RING,2,3.13,2025-05-15,EA,EA
PO-25-6162,AVIALL,2025-05-15,Aeroparts AOG DWC LLC,USD,Draft,S700M0986,GASKET,2,91.25,2025-05-15,EA,EA
PO-25-6162,AVIALL,2025-05-15,Aeroparts AOG DWC LLC,USD,Draft,1538M29P10,"SEAL, RING",1,943,2025-05-15,EA,EA
PO-25-6162,AVIALL,2025-05-15,Aeroparts AOG DWC LLC,USD,Draft,1324M79P01,"GASKET, C-SEAL",1,518,2025-05-15,EA,EA
PO-25-6163,SAFARI AVIATION SERVICES FZE,2025-05-15,Aeroparts AOG DWC LLC,USD,Draft,CUSTOMS PROCESSING FEE,CUSTOMS PROCESSING FEE,1,35.33,2025-05-15,EA,EA
PO-25-6163,SAFARI AVIATION SERVICES FZE,2025-05-15,Aeroparts AOG DWC LLC,USD,Draft,VAT,VAT,1,14.57,2025-05-15,EA,EA
PO-25-6163,SAFARI AVIATION SERVICES FZE,2025-05-15,Aeroparts AOG DWC LLC,USD,Draft,52Z2278-064,NUT,8,36.43,2025-05-15,EA,EA
PO-25-6164,Airbus,2025-05-15,Aeroparts AOG DWC LLC,USD,Draft,ABS0336-09,STUD,100,1.72,2025-05-15,EA,EA
PO-25-6164,Airbus,2025-05-15,Aeroparts AOG DWC LLC,USD,Draft,ABS0336-10,STUD,100,1.45,2025-05-15,EA,EA
PO-25-6164,Airbus,2025-05-15,Aeroparts AOG DWC LLC,USD,Draft,ABS0336-12,STUD,100,1.84,2025-05-15,EA,EA
PO-25-6164,Airbus,2025-05-15,Aeroparts AOG DWC LLC,USD,Draft,ABS0336-13,STUD,100,1.6,2025-05-15,EA,EA
PO-25-6164,Airbus,2025-05-15,Aeroparts AOG DWC LLC,USD,Draft,SP127J,WASHER,100,0.28,2025-05-15,EA,EA
PO-25-6164,Airbus,2025-05-15,Aeroparts AOG DWC LLC,USD,Draft,A2901144800000,CLAMP,8,299,2025-05-15,EA,EA
PO-25-6164,Airbus,2025-05-15,Aeroparts AOG DWC LLC,USD,Draft,F0003157600000,CLAMP,1,181,2025-05-15,EA,EA
PO-25-6164,Airbus,2025-05-15,Aeroparts AOG DWC LLC,USD,Draft,F0003155000000,CLAMP,1,131,2025-05-15,EA,EA
PO-25-6164,Airbus,2025-05-15,Aeroparts AOG DWC LLC,USD,Draft,F0003154900000,CLAMP,1,112,2025-05-15,EA,EA
PO-25-6164,Airbus,2025-05-15,Aeroparts AOG DWC LLC,USD,Draft,F0003152800000,CLAMP - BLOCK,1,148,2025-05-15,EA,EA
PO-25-6164,Airbus,2025-05-15,Aeroparts AOG DWC LLC,USD,Draft,F0003159600000,CLAMP,1,193,2025-05-15,EA,EA
PO-25-6164,Airbus,2025-05-15,Aeroparts AOG DWC LLC,USD,Draft,F0003159300000,CLAMP,1,134,2025-05-15,EA,EA
PO-25-6164,Airbus,2025-05-15,Aeroparts AOG DWC LLC,USD,Draft,F0003152000000,CLAMP,2,84.3,2025-05-15,EA,EA
PO-25-6164,Airbus,2025-05-15,Aeroparts AOG DWC LLC,USD,Draft,F0003151900000,CLAMP,2,94.9,2025-05-15,EA,EA
PO-25-6164,Airbus,2025-05-15,Aeroparts AOG DWC LLC,USD,Draft,F5453431420200,STIFFENER,1,385,2025-05-15,EA,EA
PO-25-6164,Airbus,2025-05-15,Aeroparts AOG DWC LLC,USD,Draft,F5453255120000,PIN,1,1840,2025-05-15,EA,EA
PO-25-6164,Airbus,2025-05-15,Aeroparts AOG DWC LLC,USD,Draft,NSA5516-28ND,CLAMP,30,1.33,2025-05-15,EA,EA
PO-25-6164,Airbus,2025-05-15,Aeroparts AOG DWC LLC,USD,Draft,E0666D28A0,RELAY FIN,2,120.97,2025-05-15,EA,EA
PO-25-6164,Airbus,2025-05-15,Aeroparts AOG DWC LLC,USD,Draft,F5761029220100,SEAL,1,215,2025-05-15,EA,EA
PO-25-6165,STS COMPONENT SOLUTIONS,2025-05-15,Aeroparts AOG DWC LLC,USD,Draft,A2979-3,STRUT ASSY,2,6313,2025-03-14,EA,EA
PO-25-6167,Aircraft Parts Distribution,2025-05-16,Aeroparts AOG DWC LLC,USD,Draft,102AH2AG,TEMPSENSOR,1,7200,2025-05-16,EA,EA
PO-25-6168,BURWOOD AVIATION SUPPLIES LTD,2025-05-16,Aeroparts AOG DWC LLC,USD,Draft,7517900-10020,COMPUTER-TCAS,1,9500,2025-05-16,EA,EA
PO-25-6169,SAFARI AVIATION SERVICES FZE,2025-05-16,Aeroparts AOG DWC LLC,USD,Draft,CUSTOMS PROCESSING FEE,CUSTOMS PROCESSING FEE,1,35.4,2025-05-16,EA,EA
PO-25-6169,SAFARI AVIATION SERVICES FZE,2025-05-16,Aeroparts AOG DWC LLC,USD,Draft,HEALTH,CERTIFICATE,1,42.89,2025-05-16,EA,EA
PO-25-6169,SAFARI AVIATION SERVICES FZE,2025-05-16,Aeroparts AOG DWC LLC,USD,Draft,VAT,VAT,1,76.5,2025-05-16,EA,EA
PO-25-6169,SAFARI AVIATION SERVICES FZE,2025-05-16,Aeroparts AOG DWC LLC,USD,Draft,ARPOSOLVE-329,ACETONE329 FAST EVAPORATING CLEANER 1 GL,2,104.79,2025-05-16,EA,EA
PO-25-6169,SAFARI AVIATION SERVICES FZE,2025-05-16,Aeroparts AOG DWC LLC,USD,Draft,MOLYKOTE-D321R,MOLYKOTE D321R ANTI FRICTION COATING SPRAY,20,65.86,2025-05-16,CAN,CAN
PO-25-6171,SKYSPARES LTD,2025-05-16,Aeroparts AOG DWC LLC,USD,Draft,MOV,MINIMUM ORDER VALUE,1,1,2025-05-16,EA,EA
PO-25-6171,SKYSPARES LTD,2025-05-16,Aeroparts AOG DWC LLC,USD,Draft,MS24665-437,PIN,200,0.07,2025-05-16,EA,EA
PO-25-6172,SEDA Aerospace Ltd,2025-05-19,Aeroparts AOG DWC LLC,USD,Draft,62714,CARTRIDGE ASSY- VALVE,1,1100,2025-05-19,EA,EA
PO-25-6173,BOEING FLEET,2025-05-19,Aeroparts AOG DWC LLC,USD,Draft,21990-02,FOIL ANTISKATING,25,289,2025-05-19,EA,EA
PO-25-6174,NORDAIR USA INC,2025-05-20,Aeroparts AOG DWC LLC,USD,Draft,91E688-51,FAIRING,1,3890,2025-05-20,EA,EA
PO-25-6175,SATAIR,2025-05-20,Aeroparts AOG DWC LLC,USD,Draft,63600-101,LIFE VEST,204,94.51,2025-05-20,EA,EA
PO-25-6177,SILMID,2025-05-20,Aeroparts AOG DWC LLC,USD,Draft,DELIVERY CHARGES,DELIVERY,1,27,2025-05-20,EA,EA
PO-25-6177,SILMID,2025-05-20,Aeroparts AOG DWC LLC,USD,Draft,3M-2525,ORANGE PERFORMANCE FLATBACK TAPE,8,30,2025-05-20,EA,EA
PO-25-6178,SATAIR,2025-05-20,Aeroparts AOG DWC LLC,USD,Draft,HAZMAT,HAZMAT CHARGES,1,1175,2025-05-20,EA,EA
PO-25-6178,SATAIR,2025-05-20,Aeroparts AOG DWC LLC,USD,Draft,117042-02,OXYGEN GENERATOR,22,601.51,2025-05-20,EA,EA
PO-25-6178,SATAIR,2025-05-20,Aeroparts AOG DWC LLC,USD,Draft,117042-03,OXYGEN GENERATOR,36,849.16,2025-05-20,EA,EA
PO-25-6179,SATAIR,2025-05-20,Aeroparts AOG DWC LLC,USD,Draft,FK26342,CLIP,6,836.25,2025-05-20,EA,EA
PO-25-6180,TIPTOP,2025-05-21,Aeroparts AOG DWC LLC,USD,Draft,HG2021GP01,GLOBAL POSITION,1,14000,2025-02-24,EA,EA
PO-25-6184,BOEING FLEET,2025-05-22,Aeroparts AOG DWC LLC,USD,Draft,FO31/WW/BCAC,LAMP,144,24.8,2025-03-25,EA,EA
PO-25-6185,BOEING FLEET,2025-05-22,Aeroparts AOG DWC LLC,USD,Draft,114A1411-1,LINK ASSY,3,2130,2025-05-06,EA,EA
PO-25-6185,BOEING FLEET,2025-05-22,Aeroparts AOG DWC LLC,USD,Draft,114A1424-6,LINK ASSY,4,2769,2025-05-06,EA,EA
PO-25-6185,BOEING FLEET,2025-05-22,Aeroparts AOG DWC LLC,USD,Draft,114A1424-5,LINK ASSY,4,2769,2025-05-06,EA,EA
PO-25-6186,SOUTHERN CROSS AVIATION,2025-05-22,Aeroparts AOG DWC LLC,USD,Draft,HAZMAT,HAZMAT CHARGES,1,120,2025-05-22,EA,EA
PO-25-6186,SOUTHERN CROSS AVIATION,2025-05-22,Aeroparts AOG DWC LLC,USD,Draft,A0861,BRACKET,6,877.39,2025-05-22,EA,EA
PO-25-6186,SOUTHERN CROSS AVIATION,2025-05-22,Aeroparts AOG DWC LLC,USD,Draft,500-12Y,ELT,6,3928.22,2025-05-22,EA,EA
PO-25-6187,IFLYGSE,2025-05-23,Aeroparts AOG DWC LLC,USD,Draft,IAE2J12030,GUIDE TUBE,1,660,2025-05-23,EA,EA
PO-25-6187,IFLYGSE,2025-05-23,Aeroparts AOG DWC LLC,USD,Draft,IAE2P16204,"TUBE,BORESCOPE GUIDE",1,210,2025-05-23,EA,EA
PO-25-6188,DUBUDAT AEROSPACE,2025-05-23,Aeroparts AOG DWC LLC,USD,Draft,856A1310P02,Guide Tube,1,722,2025-05-23,EA,EA
PO-25-6190,PROPONENT,2025-05-23,Aeroparts AOG DWC LLC,USD,Draft,BACC10DK3,CLAMP,100,1.88,2025-05-23,EA,EA
PO-25-6191,PROPONENT,2025-05-23,Aeroparts AOG DWC LLC,USD,Draft,1864,BULB - 28V .17A,200,0.25,2025-05-23,EA,EA
PO-25-6191,PROPONENT,2025-05-23,Aeroparts AOG DWC LLC,USD,Draft,4557,LAMP,100,30.02,2025-05-23,EA,EA
PO-25-6191,PROPONENT,2025-05-23,Aeroparts AOG DWC LLC,USD,Draft,NAS1252-816L,WASHER,500,0.09,2025-05-23,EA,EA
PO-25-6192,AVIALL,2025-05-23,Aeroparts AOG DWC LLC,USD,Draft,AN960C516L,WASHER-FLAT,5000,0.49,2025-05-23,EA,EA
PO-25-6193,BOEING FLEET,2025-05-23,Aeroparts AOG DWC LLC,USD,Draft,7839,LAMP,160,0.65,2025-05-23,EA,EA
PO-25-6193,BOEING FLEET,2025-05-23,Aeroparts AOG DWC LLC,USD,Draft,312001P,FUSE,40,1.66,2025-05-23,EA,EA
PO-25-6193,BOEING FLEET,2025-05-23,Aeroparts AOG DWC LLC,USD,Draft,NAS333CPA4-5,SCREW,350,0.33,2025-05-23,EA,EA
PO-25-6194,FEZA AEROSPACE,2025-05-23,Aeroparts AOG DWC LLC,USD,Draft,98A28104000000,PURGER - WATER DRAIN,2,197,2025-05-23,EA,EA
PO-25-6195,Airbus,2025-05-26,Aeroparts AOG DWC LLC,USD,Draft,117042-02,OXYGEN GENERATOR,12,631,2025-05-26,EA,EA
PO-25-6196,NORDAIR USA INC,2025-05-26,Aeroparts AOG DWC LLC,USD,Draft,DAN269A25,TAPE,2,650,2025-05-26,EA,EA
PO-25-6197,Airbus,2025-05-26,Aeroparts AOG DWC LLC,USD,Draft,NAS1102E3-8,SCREW,90,0.5,2025-05-26,EA,EA
PO-25-6197,Airbus,2025-05-26,Aeroparts AOG DWC LLC,USD,Draft,NAS7204U10,SCREW,30,1.62,2025-05-26,EA,EA
PO-25-6197,Airbus,2025-05-26,Aeroparts AOG DWC LLC,USD,Draft,4132A880ZB,COUPLING,1,355,2025-05-26,EA,EA
PO-25-6197,Airbus,2025-05-26,Aeroparts AOG DWC LLC,USD,Draft,MS21062L4,NUT,20,2.18,2025-05-26,EA,EA
PO-25-6197,Airbus,2025-05-26,Aeroparts AOG DWC LLC,USD,Draft,995000-00,TOOL MANUAL RELEASE,15,52.5,2025-05-26,EA,EA
PO-25-6197,Airbus,2025-05-26,Aeroparts AOG DWC LLC,USD,Draft,F5755034820300,CLEAT,2,188,2025-05-26,EA,EA
PO-25-6198,DSC TRADING LLC,2025-05-26,Aeroparts AOG DWC LLC,USD,Draft,NAS1153V8R,SCREW,18,3,2025-05-26,EA,EA
PO-25-6199,PROPONENT,2025-05-26,Aeroparts AOG DWC LLC,USD,Draft,NSA8203-219,O-RING,36,4.13,2025-05-26,EA,EA
PO-25-6199,PROPONENT,2025-05-26,Aeroparts AOG DWC LLC,USD,Draft,3250-81,BALLAST,3,1753.52,2025-05-26,EA,EA
PO-25-6200,PDQ AIRSPARES,2025-05-27,Aeroparts AOG DWC LLC,USD,Draft,9EL406445-20,LENZ,2,2950,2025-05-27,EA,EA
PO-25-6201,"GA TELESIS, LLC",2025-05-28,Aeroparts AOG DWC LLC,USD,Draft,K615P04,CF6 HPCB STG6,1,788,2025-05-28,EA,EA
PO-25-6202,AEROCOR ENGINE GROUP,2025-05-28,Aeroparts AOG DWC LLC,USD,Draft,066-50007-0212,TRANSCEIVER-RADIO ALTIMITER,1,15000,2025-05-28,EA,EA
PO-25-6203,SAFARI AVIATION SERVICES FZE,2025-05-29,Aeroparts AOG DWC LLC,USD,Draft,CUSTOMS PROCESSING FEE,CUSTOMS PROCESSING FEE,1,35.4,2025-05-29,EA,EA
PO-25-6203,SAFARI AVIATION SERVICES FZE,2025-05-29,Aeroparts AOG DWC LLC,USD,Draft,VAT,VAT,1,9.65,2025-05-29,EA,EA
PO-25-6203,SAFARI AVIATION SERVICES FZE,2025-05-29,Aeroparts AOG DWC LLC,USD,Draft,718115-08,SEAL,2,56.22,2025-05-29,EA,EA
PO-25-6203,SAFARI AVIATION SERVICES FZE,2025-05-29,Aeroparts AOG DWC LLC,USD,Draft,MS27196-24,GASKET,2,40.09,2025-05-29,EA,EA
PO-25-6204,AVANTIAIR GMBH & CO. KG,2025-05-29,Aeroparts AOG DWC LLC,USD,Draft,A45250-037,BLOCK,2,120,2025-05-29,EA,EA
PO-25-6205,SAFARI AVIATION SERVICES FZE,2025-05-29,Aeroparts AOG DWC LLC,USD,Draft,CUSTOMS PROCESSING FEE,CUSTOMS PROCESSING FEE,1,35.4,2025-05-29,EA,EA
PO-25-6205,SAFARI AVIATION SERVICES FZE,2025-05-29,Aeroparts AOG DWC LLC,USD,Draft,VAT,VAT,1,923.51,2025-05-29,EA,EA
PO-25-6205,SAFARI AVIATION SERVICES FZE,2025-05-29,Aeroparts AOG DWC LLC,USD,Draft,PS870B1-2,SEALANT,200,92.16,2025-05-29,EA,EA
PO-25-6206,Airbus,2025-05-29,Aeroparts AOG DWC LLC,USD,Draft,A42414,SHAFT,1,2430,2025-05-29,EA,EA
PO-25-6206,Airbus,2025-05-29,Aeroparts AOG DWC LLC,USD,Draft,ABS0341-2-01,RETAINER,60,20.64,2025-05-29,EA,EA
PO-25-6206,Airbus,2025-05-29,Aeroparts AOG DWC LLC,USD,Draft,NAS1919M04S05AU,"RIVET,BLIND",10,5.4,2025-05-29,EA,EA
PO-25-6206,Airbus,2025-05-29,Aeroparts AOG DWC LLC,USD,Draft,AST7839BP2,LAMP,510,2.35,2025-05-29,EA,EA
PO-25-6206,Airbus,2025-05-29,Aeroparts AOG DWC LLC,USD,Draft,E0088-16-125,LEAD,50,0.64,2025-05-29,EA,EA
PO-25-6206,Airbus,2025-05-29,Aeroparts AOG DWC LLC,USD,Draft,D2527750401200,PANEL,8,200,2025-05-29,EA,EA
PO-25-6206,Airbus,2025-05-29,Aeroparts AOG DWC LLC,USD,Draft,PK010-0905,PACKING,8,50.5,2025-05-29,EA,EA
PO-25-6207,SAFARI AVIATION SERVICES FZE,2025-05-29,Aeroparts AOG DWC LLC,USD,Draft,CUSTOMS PROCESSING FEE,CUSTOMS PROCESSING FEE,1,35.4,2025-05-29,EA,EA
PO-25-6207,SAFARI AVIATION SERVICES FZE,2025-05-29,Aeroparts AOG DWC LLC,USD,Draft,CUSTOMS PROCESSING FEE,CUSTOMS PROCESSING FEE,1,19.56,2025-05-29,EA,EA
PO-25-6207,SAFARI AVIATION SERVICES FZE,2025-05-29,Aeroparts AOG DWC LLC,USD,Draft,64400-200,HEADSET,2,195.6,2025-05-29,EA,EA
PO-25-6208,ETIHAD AIRWAYS,2025-05-29,Aeroparts AOG DWC LLC,USD,Draft,201371613,"RING , RETAINING",2,259.34,2025-05-29,EA,EA
PO-25-6209,"Cypress Air, Inc",2025-05-29,Aeroparts AOG DWC LLC,USD,Draft,10088-0102,PRESELECTOR,1,3800,2025-05-29,EA,EA
PO-25-6210,"GA TELESIS, LLC",2025-05-29,Aeroparts AOG DWC LLC,USD,Draft,MF10-05-11,OXYGEN MASK,1,2850,2025-05-29,EA,EA
PO-25-6211,ATELIERS BIGATA,2025-05-29,Aeroparts AOG DWC LLC,USD,Draft,MF10-05-11,OXYGEN MASK,3,2600,2025-05-28,EA,EA
PO-25-6212,ETIHAD AIRWAYS,2025-05-30,Aeroparts AOG DWC LLC,USD,Draft,64400-200,HEADSET,2,221.31,2025-05-30,EA,EA
PO-25-6213,LEKI AVIATION,2025-05-30,Aeroparts AOG DWC LLC,USD,Draft,HAZMAT,HAZMAT CHARGES,1,225,2025-05-30,EA,EA
PO-25-6213,LEKI AVIATION,2025-05-30,Aeroparts AOG DWC LLC,USD,Draft,98N9091,BATTERY,2,837.9,2025-05-30,EA,EA
PO-25-6214,PROPONENT HELICOPTER SERVICES,2025-05-30,Aeroparts AOG DWC LLC,USD,Draft,MOV,MINIMUM ORDER VALUE,1,64.92,2025-05-30,EA,EA
PO-25-6214,PROPONENT HELICOPTER SERVICES,2025-05-30,Aeroparts AOG DWC LLC,USD,Draft,AN6290-3,GASKET,36,0.28,2025-05-30,EA,EA
PO-25-6215,DASI LLC,2025-05-30,Aeroparts AOG DWC LLC,USD,Draft,QA06101,FILTER,2,340,2025-05-30,EA,EA
PO-25-6216,PROPONENT,2025-05-30,Aeroparts AOG DWC LLC,USD,Draft,D23156000,PIN - SAFETY,5,93.33,2025-05-30,EA,EA
PO-25-6217,"GA TELESIS, LLC",2025-05-30,Aeroparts AOG DWC LLC,USD,Draft,6773F010000,HP VALVE,1,32500,2025-05-30,EA,EA
PO-25-6218,GLOBAL AVIATION RESOURCES,2025-05-30,Aeroparts AOG DWC LLC,USD,Draft,HG2060AD01,ADIRU,1,305000,2025-05-30,EA,EA
PO-25-6219,EMIRATES AIRLINES,2025-06-02,Aeroparts AOG DWC LLC,USD,Draft,HU55418-5DET48,PIN,2,909,2025-06-02,EA,EA
PO-25-6219,EMIRATES AIRLINES,2025-06-02,Aeroparts AOG DWC LLC,USD,Draft,HU55083-5DETL67,BODY/SCREW,2,909,2025-06-02,EA,EA
PO-25-6219,EMIRATES AIRLINES,2025-06-02,Aeroparts AOG DWC LLC,USD,Draft,HU55347-3DTL10,TRANSPORTATION TROLLEY,1,909,2025-06-02,EA,EA
PO-25-6219,EMIRATES AIRLINES,2025-06-02,Aeroparts AOG DWC LLC,USD,Draft,HU55280-2DETL2,SHOCK MOUNT RH FRNT,1,730.13,2025-06-02,EA,EA
PO-25-6219,EMIRATES AIRLINES,2025-06-02,Aeroparts AOG DWC LLC,USD,Draft,HU55280-2DETL4,SHOCK MOUNT REAR,4,272,2025-06-02,EA,EA
PO-25-6219,EMIRATES AIRLINES,2025-06-02,Aeroparts AOG DWC LLC,USD,Draft,HU40324,TURNING TOOL,3,303.03,2025-06-02,EA,EA
PO-25-6219,EMIRATES AIRLINES,2025-06-02,Aeroparts AOG DWC LLC,USD,Draft,J78005-3,BOX PROTECTOR,1,909.09,2025-06-02,EA,EA
PO-25-6219,EMIRATES AIRLINES,2025-06-02,Aeroparts AOG DWC LLC,USD,Draft,HU37545,PIN-LOCATION,2,454.55,2025-06-02,EA,EA
PO-25-6219,EMIRATES AIRLINES,2025-06-02,Aeroparts AOG DWC LLC,USD,Draft,HU55654,COVER-MVP,2,454.55,2025-06-02,EA,EA
PO-25-6219,EMIRATES AIRLINES,2025-06-02,Aeroparts AOG DWC LLC,USD,Draft,HU37292-2,"PLATE-SUPPORT,LP &",1,909.09,2025-06-02,EA,EA
PO-25-6219,EMIRATES AIRLINES,2025-06-02,Aeroparts AOG DWC LLC,USD,Draft,HU55436-2,ADAPTOR,2,454.55,2025-06-02,EA,EA
PO-25-6219,EMIRATES AIRLINES,2025-06-02,Aeroparts AOG DWC LLC,USD,Draft,HU80289,DECOKING TOOL,1,909.09,2025-06-02,EA,EA
PO-25-6219,EMIRATES AIRLINES,2025-06-02,Aeroparts AOG DWC LLC,USD,Draft,HU41877,PLATE,1,909.09,2025-06-02,EA,EA
PO-25-6219,EMIRATES AIRLINES,2025-06-02,Aeroparts AOG DWC LLC,USD,Draft,HU41811,Key,1,909.09,2025-06-02,EA,EA
PO-25-6219,EMIRATES AIRLINES,2025-06-02,Aeroparts AOG DWC LLC,USD,Draft,HU37694,TOOL: ASSEMBLE DEDICATED,1,909.09,2025-06-02,EA,EA
PO-25-6219,EMIRATES AIRLINES,2025-06-02,Aeroparts AOG DWC LLC,USD,Draft,315W5110-7,"KIT,COLOR CHIP",1,909.09,2025-06-02,KT,KT
PO-25-6219,EMIRATES AIRLINES,2025-06-02,Aeroparts AOG DWC LLC,USD,Draft,RSE3450-4,BOLT,9,101.01,2025-06-02,EA,EA
PO-25-6219,EMIRATES AIRLINES,2025-06-02,Aeroparts AOG DWC LLC,USD,Draft,HU42369,"GUIDE,PIN",1,909.09,2025-06-02,EA,EA
PO-25-6219,EMIRATES AIRLINES,2025-06-02,Aeroparts AOG DWC LLC,USD,Draft,HU50288-1,GAUGE-SETTING,1,909.09,2025-06-02,EA,EA
PO-25-6219,EMIRATES AIRLINES,2025-06-02,Aeroparts AOG DWC LLC,USD,Draft,HU81875,TOOL KIT ULTRASONIC,1,909.09,2025-06-02,KT,KT
PO-25-6219,EMIRATES AIRLINES,2025-06-02,Aeroparts AOG DWC LLC,USD,Draft,HU55423-5,CONVEYOR UNIT,1,909.09,2025-06-02,EA,EA
PO-25-6219,EMIRATES AIRLINES,2025-06-02,Aeroparts AOG DWC LLC,USD,Draft,3MIT315W5201,"MISCELANEOUS TOOL,FIELD REPAIR",2,454.55,2025-06-02,EA,EA
PO-25-6219,EMIRATES AIRLINES,2025-06-02,Aeroparts AOG DWC LLC,USD,Draft,HU55958,COVER-MVP,1,909.09,2025-06-02,EA,EA
PO-25-6219,EMIRATES AIRLINES,2025-06-02,Aeroparts AOG DWC LLC,USD,Draft,HU55957,COVER-MVP,1,909.09,2025-06-02,EA,EA
PO-25-6219,EMIRATES AIRLINES,2025-06-02,Aeroparts AOG DWC LLC,USD,Draft,HU55877,TOOL: EXHAUST LIFTING TOOL,1,909.09,2025-06-02,EA,EA
PO-25-6219,EMIRATES AIRLINES,2025-06-02,Aeroparts AOG DWC LLC,USD,Draft,HU55771-1,TOOL: STAND-TRANSPORTATION,1,909.09,2025-06-02,EA,EA
PO-25-6219,EMIRATES AIRLINES,2025-06-02,Aeroparts AOG DWC LLC,USD,Draft,HU55770,TOOL: STAND-TRANSPORTATION,1,909.09,2025-06-02,EA,EA
PO-25-6219,EMIRATES AIRLINES,2025-06-02,Aeroparts AOG DWC LLC,USD,Draft,HU55763,ADAPTOR-STAND,1,909.09,2025-06-02,EA,EA
PO-25-6219,EMIRATES AIRLINES,2025-06-02,Aeroparts AOG DWC LLC,USD,Draft,HU55732,ADAPTOR-STAND,1,909.09,2025-06-02,EA,EA
PO-25-6219,EMIRATES AIRLINES,2025-06-02,Aeroparts AOG DWC LLC,USD,Draft,HU44279,TOOL,1,909.09,2025-06-02,EA,EA
PO-25-6219,EMIRATES AIRLINES,2025-06-02,Aeroparts AOG DWC LLC,USD,Draft,HU44276,ASSEMBLY TOOL,1,909.09,2025-06-02,EA,EA
PO-25-6219,EMIRATES AIRLINES,2025-06-02,Aeroparts AOG DWC LLC,USD,Draft,HU44275,TOOL,1,909.09,2025-06-02,EA,EA
PO-25-6219,EMIRATES AIRLINES,2025-06-02,Aeroparts AOG DWC LLC,USD,Draft,HU44274,TOOL,1,909.09,2025-06-02,EA,EA
PO-25-6219,EMIRATES AIRLINES,2025-06-02,Aeroparts AOG DWC LLC,USD,Draft,EK3337830001,TOOL: THRUST REVERSER LEAK,1,909.09,2025-06-02,KT,KT
PO-25-6219,EMIRATES AIRLINES,2025-06-02,Aeroparts AOG DWC LLC,USD,Draft,A54P846,MALE AIRLINE,2,454.55,2025-06-02,EA,EA
PO-25-6219,EMIRATES AIRLINES,2025-06-02,Aeroparts AOG DWC LLC,USD,Draft,A54M1000,END LINK,2,454.55,2025-06-02,EA,EA
PO-25-6219,EMIRATES AIRLINES,2025-06-02,Aeroparts AOG DWC LLC,USD,Draft,A54M1201,MUFFLER AIRMOTOR,1,909.09,2025-06-02,EA,EA
PO-25-6219,EMIRATES AIRLINES,2025-06-02,Aeroparts AOG DWC LLC,USD,Draft,A54E848,CONNECTOR ASSY,1,909.09,2025-06-02,EA,EA
PO-25-6219,EMIRATES AIRLINES,2025-06-02,Aeroparts AOG DWC LLC,USD,Draft,A54M910,AIRMOTOR MOUNTING,1,909.09,2025-06-02,EA,EA
PO-25-6219,EMIRATES AIRLINES,2025-06-02,Aeroparts AOG DWC LLC,USD,Draft,A54P1015,INLET AIR ADAPTOR,1,909.09,2025-06-02,EA,EA
PO-25-6219,EMIRATES AIRLINES,2025-06-02,Aeroparts AOG DWC LLC,USD,Draft,A54E845,CONNECTOR ASSY,1,909.09,2025-06-02,EA,EA
PO-25-6219,EMIRATES AIRLINES,2025-06-02,Aeroparts AOG DWC LLC,USD,Draft,A54E847,FEMALE AIRLINE,8,113.64,2025-06-02,EA,EA
PO-25-6219,EMIRATES AIRLINES,2025-06-02,Aeroparts AOG DWC LLC,USD,Draft,A54M907,"1/2"" METRO DRIVE",2,454.55,2025-06-02,EA,EA
PO-25-6219,EMIRATES AIRLINES,2025-06-02,Aeroparts AOG DWC LLC,USD,Draft,NFE27160M5X16,SCREW-FHC,4,227.27,2025-06-02,EA,EA
PO-25-6219,EMIRATES AIRLINES,2025-06-02,Aeroparts AOG DWC LLC,USD,Draft,HU37524,"GAUGE SET, IP",1,909.09,2025-06-02,EA,EA
PO-25-6219,EMIRATES AIRLINES,2025-06-02,Aeroparts AOG DWC LLC,USD,Draft,HU38665,BLANK-BREATHER,1,909.09,2025-06-02,EA,EA
PO-25-6219,EMIRATES AIRLINES,2025-06-02,Aeroparts AOG DWC LLC,USD,Draft,A54M914,AIRMOTOR MOUNTING,1,909.09,2025-06-02,EA,EA
PO-25-6219,EMIRATES AIRLINES,2025-06-02,Aeroparts AOG DWC LLC,USD,Draft,HU55368-3,PIN PIVOT,1,909.09,2025-06-02,EA,EA
PO-25-6219,EMIRATES AIRLINES,2025-06-02,Aeroparts AOG DWC LLC,USD,Draft,FK15508,"COVER, TRANSPORTATION ONLY",4,227.27,2025-06-02,EA,EA
PO-25-6219,EMIRATES AIRLINES,2025-06-02,Aeroparts AOG DWC LLC,USD,Draft,A54P1000,ORING,50,18.18,2025-06-02,EA,EA
PO-25-6219,EMIRATES AIRLINES,2025-06-02,Aeroparts AOG DWC LLC,USD,Draft,A54M908,DRIVE SHEAR KEY,16,56.82,2025-06-02,EA,EA
PO-25-6219,EMIRATES AIRLINES,2025-06-02,Aeroparts AOG DWC LLC,USD,Draft,HU37060,Location pin,2,454.55,2025-06-02,EA,EA
PO-25-6219,EMIRATES AIRLINES,2025-06-02,Aeroparts AOG DWC LLC,USD,Draft,HU55368-3,PIN PIVOT,4,227.27,2025-06-02,EA,EA
PO-25-6219,EMIRATES AIRLINES,2025-06-02,Aeroparts AOG DWC LLC,USD,Draft,HU55419-1,PIN - SPRING,2,454.55,2025-06-02,EA,EA
PO-25-6219,EMIRATES AIRLINES,2025-06-02,Aeroparts AOG DWC LLC,USD,Draft,J78017-28,"ATTACH PIN 1/4""",2,454.55,2025-06-02,EA,EA
PO-25-6219,EMIRATES AIRLINES,2025-06-02,Aeroparts AOG DWC LLC,USD,Draft,HU34316,"SOCKET, PNEUMATIC",1,909.09,2025-06-02,EA,EA
PO-25-6219,EMIRATES AIRLINES,2025-06-02,Aeroparts AOG DWC LLC,USD,Draft,HU38477,RING-SUPPORT,1,909.09,2025-06-02,EA,EA
PO-25-6219,EMIRATES AIRLINES,2025-06-02,Aeroparts AOG DWC LLC,USD,Draft,HU55324-5,SHOULDERED PIN,1,909.09,2025-06-02,EA,EA
PO-25-6219,EMIRATES AIRLINES,2025-06-02,Aeroparts AOG DWC LLC,USD,Draft,HU50466,PIN-GUIDE LP FAN,4,227.27,2025-06-02,EA,EA
PO-25-6219,EMIRATES AIRLINES,2025-06-02,Aeroparts AOG DWC LLC,USD,Draft,J71033-29,LH T/R LATCH ASSY,1,909.09,2025-06-02,EA,EA
PO-25-6219,EMIRATES AIRLINES,2025-06-02,Aeroparts AOG DWC LLC,USD,Draft,HU37849,BAR,2,454.55,2025-06-02,EA,EA
PO-25-6219,EMIRATES AIRLINES,2025-06-02,Aeroparts AOG DWC LLC,USD,Draft,HU38551,RING-SUPPORT,1,909.09,2025-06-02,EA,EA
PO-25-6219,EMIRATES AIRLINES,2025-06-02,Aeroparts AOG DWC LLC,USD,Draft,J71031-1,ALIGNMENT/THREAD PROTECTOR,1,909.09,2025-06-02,EA,EA
PO-25-6219,EMIRATES AIRLINES,2025-06-02,Aeroparts AOG DWC LLC,USD,Draft,HU55366-1,PIN SHOULDERED,2,454.55,2025-06-02,EA,EA
PO-25-6219,EMIRATES AIRLINES,2025-06-02,Aeroparts AOG DWC LLC,USD,Draft,HU50744,SUPPORT INNER -,1,909.09,2025-06-02,EA,EA
PO-25-6219,EMIRATES AIRLINES,2025-06-02,Aeroparts AOG DWC LLC,USD,Draft,HU85462,"EXTRACTOR, BUSH",1,909.09,2025-06-02,EA,EA
PO-25-6219,EMIRATES AIRLINES,2025-06-02,Aeroparts AOG DWC LLC,USD,Draft,HU85460,EXTRACTOR,1,909.09,2025-06-02,EA,EA
PO-25-6219,EMIRATES AIRLINES,2025-06-02,Aeroparts AOG DWC LLC,USD,Draft,HU85459,"EXTRACTOR, BUSH",1,909.09,2025-06-02,EA,EA
PO-25-6219,EMIRATES AIRLINES,2025-06-02,Aeroparts AOG DWC LLC,USD,Draft,HU85458,"EXTRACTOR, BUSH",1,909.09,2025-06-02,EA,EA
PO-25-6219,EMIRATES AIRLINES,2025-06-02,Aeroparts AOG DWC LLC,USD,Draft,HU38864,COVER-PROTECT V.S.C.,1,909.09,2025-06-02,EA,EA
PO-25-6219,EMIRATES AIRLINES,2025-06-02,Aeroparts AOG DWC LLC,USD,Draft,HU55324-5,SHOULDERED PIN,4,227.27,2025-06-02,EA,EA
PO-25-6219,EMIRATES AIRLINES,2025-06-02,Aeroparts AOG DWC LLC,USD,Draft,HU50111-1,SPANNER,2,454.55,2025-06-02,EA,EA
PO-25-6219,EMIRATES AIRLINES,2025-06-02,Aeroparts AOG DWC LLC,USD,Draft,HU38390-3,PRESS-LOCKNUT CUP,1,909.09,2025-06-02,EA,EA
PO-25-6219,EMIRATES AIRLINES,2025-06-02,Aeroparts AOG DWC LLC,USD,Draft,HU38685,PIN,1,909.09,2025-06-02,EA,EA
PO-25-6219,EMIRATES AIRLINES,2025-06-02,Aeroparts AOG DWC LLC,USD,Draft,HU37807-2,Locking tool,1,909.09,2025-06-02,EA,EA
PO-25-6219,EMIRATES AIRLINES,2025-06-02,Aeroparts AOG DWC LLC,USD,Draft,00464-134-000,BALL LOCK PIN,2,454.55,2025-06-02,EA,EA
PO-25-6219,EMIRATES AIRLINES,2025-06-02,Aeroparts AOG DWC LLC,USD,Draft,HU51409,LEVER,1,909.09,2025-06-02,EA,EA
PO-25-6219,EMIRATES AIRLINES,2025-06-02,Aeroparts AOG DWC LLC,USD,Draft,J71001-48,CABLE ASSY,2,454.55,2025-06-02,EA,EA
PO-25-6219,EMIRATES AIRLINES,2025-06-02,Aeroparts AOG DWC LLC,USD,Draft,HU37848,BAR,3,303.03,2025-06-02,EA,EA
PO-25-6219,EMIRATES AIRLINES,2025-06-02,Aeroparts AOG DWC LLC,USD,Draft,MSE46B,BIT,48,18.94,2025-06-02,EA,EA
PO-25-6219,EMIRATES AIRLINES,2025-06-02,Aeroparts AOG DWC LLC,USD,Draft,HU37693,ASSEMBLE OIL SLINGER,3,303.03,2025-06-02,EA,EA
PO-25-6219,EMIRATES AIRLINES,2025-06-02,Aeroparts AOG DWC LLC,USD,Draft,HU55324-5,SHOULDERED PIN,4,227.27,2025-06-02,EA,EA
PO-25-6219,EMIRATES AIRLINES,2025-06-02,Aeroparts AOG DWC LLC,USD,Draft,HU85237-1,DRIFT,1,909.09,2025-06-02,EA,EA
PO-25-6219,EMIRATES AIRLINES,2025-06-02,Aeroparts AOG DWC LLC,USD,Draft,HU85455,"PUSHER, BUSH",1,909.09,2025-06-02,EA,EA
PO-25-6219,EMIRATES AIRLINES,2025-06-02,Aeroparts AOG DWC LLC,USD,Draft,APV7830-00-0G,PIN,3,303.03,2025-06-02,EA,EA
PO-25-6219,EMIRATES AIRLINES,2025-06-02,Aeroparts AOG DWC LLC,USD,Draft,HU85418,SUPPORT,1,909.09,2025-06-02,EA,EA
PO-25-6219,EMIRATES AIRLINES,2025-06-02,Aeroparts AOG DWC LLC,USD,Draft,HU85299,WRENCH,1,909.09,2025-06-02,EA,EA
PO-25-6219,EMIRATES AIRLINES,2025-06-02,Aeroparts AOG DWC LLC,USD,Draft,HU85315,"PIN, LOCATING",1,909.09,2025-06-02,EA,EA
PO-25-6219,EMIRATES AIRLINES,2025-06-02,Aeroparts AOG DWC LLC,USD,Draft,HU85158,"SUPPORT, CENTERING",1,909.09,2025-06-02,EA,EA
PO-25-6219,EMIRATES AIRLINES,2025-06-02,Aeroparts AOG DWC LLC,USD,Draft,HU85036,SUPPORT,1,909.09,2025-06-02,EA,EA
PO-25-6219,EMIRATES AIRLINES,2025-06-02,Aeroparts AOG DWC LLC,USD,Draft,HU85454,"PUSHER, BUSH",1,909.09,2025-06-02,EA,EA
PO-25-6219,EMIRATES AIRLINES,2025-06-02,Aeroparts AOG DWC LLC,USD,Draft,HU85448,TOOL,1,909.09,2025-06-02,EA,EA
PO-25-6219,EMIRATES AIRLINES,2025-06-02,Aeroparts AOG DWC LLC,USD,Draft,HU85236,SEAL FITTING TOOL,1,909.09,2025-06-02,EA,EA
PO-25-6219,EMIRATES AIRLINES,2025-06-02,Aeroparts AOG DWC LLC,USD,Draft,HU85058,HAND TOOL,1,909.09,2025-06-02,EA,EA
PO-25-6219,EMIRATES AIRLINES,2025-06-02,Aeroparts AOG DWC LLC,USD,Draft,J78017-6,"FITTING, LOWER ATTACH",1,909.09,2025-06-02,EA,EA
PO-25-6219,EMIRATES AIRLINES,2025-06-02,Aeroparts AOG DWC LLC,USD,Draft,HU85297,RAM,1,909.09,2025-06-02,EA,EA
PO-25-6219,EMIRATES AIRLINES,2025-06-02,Aeroparts AOG DWC LLC,USD,Draft,HU85296,EXTRACTOR,1,909.09,2025-06-02,EA,EA
PO-25-6219,EMIRATES AIRLINES,2025-06-02,Aeroparts AOG DWC LLC,USD,Draft,HU55419-1,PIN - SPRING,2,454.55,2025-06-02,EA,EA
PO-25-6219,EMIRATES AIRLINES,2025-06-02,Aeroparts AOG DWC LLC,USD,Draft,HU85457,"PUSHER, BUSH",1,909.09,2025-06-02,EA,EA
PO-25-6219,EMIRATES AIRLINES,2025-06-02,Aeroparts AOG DWC LLC,USD,Draft,HU85456,"PUSHER, BUSH",1,909.09,2025-06-02,EA,EA
PO-25-6219,EMIRATES AIRLINES,2025-06-02,Aeroparts AOG DWC LLC,USD,Draft,HU85241,"FITTING TOOL, CONNECTOR",1,909.09,2025-06-02,EA,EA
PO-25-6219,EMIRATES AIRLINES,2025-06-02,Aeroparts AOG DWC LLC,USD,Draft,HU85240,FITTING TOOL,1,909.09,2025-06-02,EA,EA
PO-25-6219,EMIRATES AIRLINES,2025-06-02,Aeroparts AOG DWC LLC,USD,Draft,HU85228,SEAL FITTING TOOL,1,909.09,2025-06-02,EA,EA
PO-25-6219,EMIRATES AIRLINES,2025-06-02,Aeroparts AOG DWC LLC,USD,Draft,HU55419-1,PIN - SPRING,2,454.55,2025-06-02,EA,EA
PO-25-6219,EMIRATES AIRLINES,2025-06-02,Aeroparts AOG DWC LLC,USD,Draft,HU85132,SUPPORT,1,909.09,2025-06-02,EA,EA
PO-25-6219,EMIRATES AIRLINES,2025-06-02,Aeroparts AOG DWC LLC,USD,Draft,HU55083-4,HANDLE ASSY,1,909.09,2025-06-02,EA,EA
PO-25-6219,EMIRATES AIRLINES,2025-06-02,Aeroparts AOG DWC LLC,USD,Draft,6400022,TOOL: GAS DETECTOR,2,454.55,2025-06-02,EA,EA
PO-25-6219,EMIRATES AIRLINES,2025-06-02,Aeroparts AOG DWC LLC,USD,Draft,HU85074,EXTRACTOR,1,909.09,2025-06-02,EA,EA
PO-25-6219,EMIRATES AIRLINES,2025-06-02,Aeroparts AOG DWC LLC,USD,Draft,HU85083,EXTRACTOR,1,909.09,2025-06-02,EA,EA
PO-25-6219,EMIRATES AIRLINES,2025-06-02,Aeroparts AOG DWC LLC,USD,Draft,HU41095,IMPACT ADAPTOR,1,909.09,2025-06-02,EA,EA
PO-25-6219,EMIRATES AIRLINES,2025-06-02,Aeroparts AOG DWC LLC,USD,Draft,HU85546,TOOL,1,909.09,2025-06-02,EA,EA
PO-25-6219,EMIRATES AIRLINES,2025-06-02,Aeroparts AOG DWC LLC,USD,Draft,HU41303-2,ADJUSTER-VSV1,1,909.09,2025-06-02,EA,EA
PO-25-6219,EMIRATES AIRLINES,2025-06-02,Aeroparts AOG DWC LLC,USD,Draft,HU85069,EXTRACTOR,1,909.09,2025-06-02,EA,EA
PO-25-6219,EMIRATES AIRLINES,2025-06-02,Aeroparts AOG DWC LLC,USD,Draft,HU85213,SEAL FITTING TOOL,1,909.09,2025-06-02,EA,EA
PO-25-6219,EMIRATES AIRLINES,2025-06-02,Aeroparts AOG DWC LLC,USD,Draft,HU85547,TOOL,1,909.09,2025-06-02,EA,EA
PO-25-6219,EMIRATES AIRLINES,2025-06-02,Aeroparts AOG DWC LLC,USD,Draft,HU38817,PLATE-TORQUE,1,909.09,2025-06-02,EA,EA
PO-25-6219,EMIRATES AIRLINES,2025-06-02,Aeroparts AOG DWC LLC,USD,Draft,00468-325-000,BEARING,8,113.64,2025-06-02,EA,EA
PO-25-6219,EMIRATES AIRLINES,2025-06-02,Aeroparts AOG DWC LLC,USD,Draft,HU85212,SEAL FITTING TOOL,1,909.09,2025-06-02,EA,EA
PO-25-6219,EMIRATES AIRLINES,2025-06-02,Aeroparts AOG DWC LLC,USD,Draft,HU85488,TOOL,1,909.09,2025-06-02,EA,EA
PO-25-6219,EMIRATES AIRLINES,2025-06-02,Aeroparts AOG DWC LLC,USD,Draft,HU85293,SUPPORT,1,909.09,2025-06-02,EA,EA
PO-25-6219,EMIRATES AIRLINES,2025-06-02,Aeroparts AOG DWC LLC,USD,Draft,WL29D93,PLUG DISCHARGER,1,909.09,2025-06-02,EA,EA
PO-25-6219,EMIRATES AIRLINES,2025-06-02,Aeroparts AOG DWC LLC,USD,Draft,HU85226,SEAL FITTING TOOL,1,909.09,2025-06-02,EA,EA
PO-25-6219,EMIRATES AIRLINES,2025-06-02,Aeroparts AOG DWC LLC,USD,Draft,HU85059,EXTRACTOR,1,909.09,2025-06-02,EA,EA
PO-25-6219,EMIRATES AIRLINES,2025-06-02,Aeroparts AOG DWC LLC,USD,Draft,HU41046,KEEP RING-BEARING REMOVAL,1,909.09,2025-06-02,EA,EA
PO-25-6219,EMIRATES AIRLINES,2025-06-02,Aeroparts AOG DWC LLC,USD,Draft,HU85256,ADAPTOR,1,909.09,2025-06-02,EA,EA
PO-25-6219,EMIRATES AIRLINES,2025-06-02,Aeroparts AOG DWC LLC,USD,Draft,HU85071,EXTRACTOR,1,909.09,2025-06-02,EA,EA
PO-25-6219,EMIRATES AIRLINES,2025-06-02,Aeroparts AOG DWC LLC,USD,Draft,HU85091,DRIFT,1,909.09,2025-06-02,EA,EA
PO-25-6219,EMIRATES AIRLINES,2025-06-02,Aeroparts AOG DWC LLC,USD,Draft,HU85536-1,"SUPPORT, BEARING",1,909.09,2025-06-02,EA,EA
PO-25-6219,EMIRATES AIRLINES,2025-06-02,Aeroparts AOG DWC LLC,USD,Draft,HU37631,Loading tool,1,909.09,2025-06-02,EA,EA
PO-25-6219,EMIRATES AIRLINES,2025-06-02,Aeroparts AOG DWC LLC,USD,Draft,HU85131,PRESS,1,909.09,2025-06-02,EA,EA
PO-25-6219,EMIRATES AIRLINES,2025-06-02,Aeroparts AOG DWC LLC,USD,Draft,HU85072,"PUSHER, ROLLER",1,909.09,2025-06-02,EA,EA
PO-25-6219,EMIRATES AIRLINES,2025-06-02,Aeroparts AOG DWC LLC,USD,Draft,HU85421,PUSHER,1,909.09,2025-06-02,EA,EA
PO-25-6219,EMIRATES AIRLINES,2025-06-02,Aeroparts AOG DWC LLC,USD,Draft,HU85294,SUPPORT,1,909.09,2025-06-02,EA,EA
PO-25-6219,EMIRATES AIRLINES,2025-06-02,Aeroparts AOG DWC LLC,USD,Draft,HU55419-1,PIN - SPRING,2,454.55,2025-06-02,EA,EA
PO-25-6219,EMIRATES AIRLINES,2025-06-02,Aeroparts AOG DWC LLC,USD,Draft,HU30071,"BOLT-STOP,IP TURBINE",5,181.82,2025-06-02,EA,EA
PO-25-6219,EMIRATES AIRLINES,2025-06-02,Aeroparts AOG DWC LLC,USD,Draft,HU85150,SUPPORT,1,909.09,2025-06-02,EA,EA
PO-25-6219,EMIRATES AIRLINES,2025-06-02,Aeroparts AOG DWC LLC,USD,Draft,HU41302-1,ADJUSTING TOOL,1,909.09,2025-06-02,EA,EA
PO-25-6219,EMIRATES AIRLINES,2025-06-02,Aeroparts AOG DWC LLC,USD,Draft,HU41424,TOOL: SLING-LIFT,1,909.09,2025-06-02,EA,EA
PO-25-6219,EMIRATES AIRLINES,2025-06-02,Aeroparts AOG DWC LLC,USD,Draft,HU85214,EXTRACTOR,1,909.09,2025-06-02,EA,EA
PO-25-6219,EMIRATES AIRLINES,2025-06-02,Aeroparts AOG DWC LLC,USD,Draft,HU40025,SHAFT ( TOOL ),1,909.09,2025-06-02,EA,EA
PO-25-6219,EMIRATES AIRLINES,2025-06-02,Aeroparts AOG DWC LLC,USD,Draft,HU85065,HAND TOOL,1,909.09,2025-06-02,EA,EA
PO-25-6219,EMIRATES AIRLINES,2025-06-02,Aeroparts AOG DWC LLC,USD,Draft,HU85447,CONNECTOR,1,909.09,2025-06-02,EA,EA
PO-25-6219,EMIRATES AIRLINES,2025-06-02,Aeroparts AOG DWC LLC,USD,Draft,HU85446,CONNECTOR,1,909.09,2025-06-02,EA,EA
PO-25-6219,EMIRATES AIRLINES,2025-06-02,Aeroparts AOG DWC LLC,USD,Draft,HU85445,CONNECTOR,1,909.09,2025-06-02,EA,EA
PO-25-6219,EMIRATES AIRLINES,2025-06-02,Aeroparts AOG DWC LLC,USD,Draft,HU85077,PUSHER,1,909.09,2025-06-02,EA,EA
PO-25-6219,EMIRATES AIRLINES,2025-06-02,Aeroparts AOG DWC LLC,USD,Draft,HU85420,SUPPORT,1,909.09,2025-06-02,EA,EA
PO-25-6219,EMIRATES AIRLINES,2025-06-02,Aeroparts AOG DWC LLC,USD,Draft,HU85272,SUPPORT,1,909.09,2025-06-02,EA,EA
PO-25-6219,EMIRATES AIRLINES,2025-06-02,Aeroparts AOG DWC LLC,USD,Draft,HU85295,RAM,1,909.09,2025-06-02,EA,EA
PO-25-6219,EMIRATES AIRLINES,2025-06-02,Aeroparts AOG DWC LLC,USD,Draft,HU38878,EXTRACTOR-CENTRAL,1,909.09,2025-06-02,EA,EA
PO-25-6219,EMIRATES AIRLINES,2025-06-02,Aeroparts AOG DWC LLC,USD,Draft,HU55281-4,Engine cradle,1,909.09,2025-06-02,EA,EA
PO-25-6219,EMIRATES AIRLINES,2025-06-02,Aeroparts AOG DWC LLC,USD,Draft,HU85317,"PUSHER, INSTALLATION",1,909.09,2025-06-02,EA,EA
PO-25-6219,EMIRATES AIRLINES,2025-06-02,Aeroparts AOG DWC LLC,USD,Draft,HU41805,ROUND UP RING,1,909.09,2025-06-02,EA,EA
PO-25-6219,EMIRATES AIRLINES,2025-06-02,Aeroparts AOG DWC LLC,USD,Draft,HU85056,EXTRACTOR,1,909.09,2025-06-02,EA,EA
PO-25-6219,EMIRATES AIRLINES,2025-06-02,Aeroparts AOG DWC LLC,USD,Draft,HU85055,SUPPORT,1,909.09,2025-06-02,EA,EA
PO-25-6219,EMIRATES AIRLINES,2025-06-02,Aeroparts AOG DWC LLC,USD,Draft,HU85070,CENTERING SUPPORT,1,909.09,2025-06-02,EA,EA
PO-25-6219,EMIRATES AIRLINES,2025-06-02,Aeroparts AOG DWC LLC,USD,Draft,HU55281-4,Engine cradle,1,909.09,2025-06-02,EA,EA
PO-25-6219,EMIRATES AIRLINES,2025-06-02,Aeroparts AOG DWC LLC,USD,Draft,1000535,CABLE LIQUID LIGHT GUIDE,2,454.55,2025-06-02,EA,EA
PO-25-6219,EMIRATES AIRLINES,2025-06-02,Aeroparts AOG DWC LLC,USD,Draft,HU85075,CENTERING SUPPORT,1,909.09,2025-06-02,EA,EA
PO-25-6219,EMIRATES AIRLINES,2025-06-02,Aeroparts AOG DWC LLC,USD,Draft,HU85006,TOOL: ACCESS COVER DRIVE,2,454.55,2025-06-02,EA,EA
PO-25-6219,EMIRATES AIRLINES,2025-06-02,Aeroparts AOG DWC LLC,USD,Draft,HU38865,"PIN-GUIDE,HP SYSTEM",6,151.52,2025-06-02,EA,EA
PO-25-6219,EMIRATES AIRLINES,2025-06-02,Aeroparts AOG DWC LLC,USD,Draft,HU85276,EXTRACTOR,1,909.09,2025-06-02,EA,EA
PO-25-6219,EMIRATES AIRLINES,2025-06-02,Aeroparts AOG DWC LLC,USD,Draft,HU85057,SUPPORT,1,909.09,2025-06-02,EA,EA
PO-25-6219,EMIRATES AIRLINES,2025-06-02,Aeroparts AOG DWC LLC,USD,Draft,HU44564,GUIDE TUBE,2,454.55,2025-06-02,EA,EA
PO-25-6219,EMIRATES AIRLINES,2025-06-02,Aeroparts AOG DWC LLC,USD,Draft,HU85020,"SUPPORT, CENTERING",1,909.09,2025-06-02,EA,EA
PO-25-6219,EMIRATES AIRLINES,2025-06-02,Aeroparts AOG DWC LLC,USD,Draft,HU85155,FIXTURE,1,909.09,2025-06-02,EA,EA
PO-25-6219,EMIRATES AIRLINES,2025-06-02,Aeroparts AOG DWC LLC,USD,Draft,HU55368-3,PIN PIVOT,4,227.27,2025-06-02,EA,EA
PO-25-6219,EMIRATES AIRLINES,2025-06-02,Aeroparts AOG DWC LLC,USD,Draft,HU85239,BOBBIN,1,909.09,2025-06-02,EA,EA
PO-25-6219,EMIRATES AIRLINES,2025-06-02,Aeroparts AOG DWC LLC,USD,Draft,HU85238,BOBBIN,1,909.09,2025-06-02,EA,EA
PO-25-6219,EMIRATES AIRLINES,2025-06-02,Aeroparts AOG DWC LLC,USD,Draft,HU85028,DRIFT,2,454.55,2025-06-02,EA,EA
PO-25-6219,EMIRATES AIRLINES,2025-06-02,Aeroparts AOG DWC LLC,USD,Draft,HU85519,"SUPPORT, CENTERING",1,909.09,2025-06-02,EA,EA
PO-25-6219,EMIRATES AIRLINES,2025-06-02,Aeroparts AOG DWC LLC,USD,Draft,HU85484,EXTRACTOR,2,454.55,2025-06-02,EA,EA
PO-25-6219,EMIRATES AIRLINES,2025-06-02,Aeroparts AOG DWC LLC,USD,Draft,HU85509,WRENCH,1,909.09,2025-06-02,EA,EA
PO-25-6219,EMIRATES AIRLINES,2025-06-02,Aeroparts AOG DWC LLC,USD,Draft,HU85067-1,CENTERING SUPPORT,1,909.09,2025-06-02,EA,EA
PO-25-6219,EMIRATES AIRLINES,2025-06-02,Aeroparts AOG DWC LLC,USD,Draft,HU85060,EXTRACTOR,1,909.09,2025-06-02,EA,EA
PO-25-6219,EMIRATES AIRLINES,2025-06-02,Aeroparts AOG DWC LLC,USD,Draft,HU38555,TOOL: ALIGNMENT TORQUE,2,454.55,2025-06-02,EA,EA
PO-25-6219,EMIRATES AIRLINES,2025-06-02,Aeroparts AOG DWC LLC,USD,Draft,HU85227,SEAL FITTING TOOL,2,454.55,2025-06-02,EA,EA
PO-25-6219,EMIRATES AIRLINES,2025-06-02,Aeroparts AOG DWC LLC,USD,Draft,J78006-1,TOOL: T/R COWL HOLD OPEN,3,303.03,2025-06-02,EA,EA
PO-25-6219,EMIRATES AIRLINES,2025-06-02,Aeroparts AOG DWC LLC,USD,Draft,HU85023-1,ADPTOR PUSHER.,1,909.09,2025-06-02,EA,EA
PO-25-6219,EMIRATES AIRLINES,2025-06-02,Aeroparts AOG DWC LLC,USD,Draft,HU85024,PULLER,1,909.09,2025-06-02,EA,EA
PO-25-6219,EMIRATES AIRLINES,2025-06-02,Aeroparts AOG DWC LLC,USD,Draft,J78005-5,PROTECTOR THREAD RR,10,90.91,2025-06-02,EA,EA
PO-25-6219,EMIRATES AIRLINES,2025-06-02,Aeroparts AOG DWC LLC,USD,Draft,HU56101,HOIST SLING,1,909.09,2025-06-02,EA,EA
PO-25-6219,EMIRATES AIRLINES,2025-06-02,Aeroparts AOG DWC LLC,USD,Draft,HU85528,TOOL,1,909.09,2025-06-02,EA,EA
PO-25-6219,EMIRATES AIRLINES,2025-06-02,Aeroparts AOG DWC LLC,USD,Draft,HU85080,EXTRACTOR,1,909.09,2025-06-02,EA,EA
PO-25-6219,EMIRATES AIRLINES,2025-06-02,Aeroparts AOG DWC LLC,USD,Draft,HU85419,IMMOBILISER,1,909.09,2025-06-02,EA,EA
PO-25-6219,EMIRATES AIRLINES,2025-06-02,Aeroparts AOG DWC LLC,USD,Draft,HU85486,TOOL,1,909.09,2025-06-02,EA,EA
PO-25-6219,EMIRATES AIRLINES,2025-06-02,Aeroparts AOG DWC LLC,USD,Draft,HU85302,TOOL: ANTI ROTATION KEY,2,454.55,2025-06-02,EA,EA
PO-25-6219,EMIRATES AIRLINES,2025-06-02,Aeroparts AOG DWC LLC,USD,Draft,HU38235,"CLAMP-RING,SHOP",4,227.27,2025-06-02,EA,EA
PO-25-6219,EMIRATES AIRLINES,2025-06-02,Aeroparts AOG DWC LLC,USD,Draft,HU85307,TOOL: WASHER GEAR BOX,2,454.55,2025-06-02,EA,EA
PO-25-6219,EMIRATES AIRLINES,2025-06-02,Aeroparts AOG DWC LLC,USD,Draft,HU38460,SPACER-SUPPORT AND,3,303.03,2025-06-02,EA,EA
PO-25-6219,EMIRATES AIRLINES,2025-06-02,Aeroparts AOG DWC LLC,USD,Draft,HU85316,CUTTER,1,909.09,2025-06-02,EA,EA
PO-25-6219,EMIRATES AIRLINES,2025-06-02,Aeroparts AOG DWC LLC,USD,Draft,HU85092,SUPPORT,1,909.09,2025-06-02,EA,EA
PO-25-6219,EMIRATES AIRLINES,2025-06-02,Aeroparts AOG DWC LLC,USD,Draft,HU31047-3,Socket wrench adapter,1,909.09,2025-06-02,EA,EA
PO-25-6219,EMIRATES AIRLINES,2025-06-02,Aeroparts AOG DWC LLC,USD,Draft,HU39043,LOCATION BRACKET,1,909.09,2025-06-02,EA,EA
PO-25-6219,EMIRATES AIRLINES,2025-06-02,Aeroparts AOG DWC LLC,USD,Draft,HU41620,CLAMP,4,227.27,2025-06-02,EA,EA
PO-25-6219,EMIRATES AIRLINES,2025-06-02,Aeroparts AOG DWC LLC,USD,Draft,HU85424,SUPPORT,1,909.09,2025-06-02,EA,EA
PO-25-6219,EMIRATES AIRLINES,2025-06-02,Aeroparts AOG DWC LLC,USD,Draft,HU85138,WASHER,1,909.09,2025-06-02,EA,EA
PO-25-6219,EMIRATES AIRLINES,2025-06-02,Aeroparts AOG DWC LLC,USD,Draft,HU85076,SUPPORT,1,909.09,2025-06-02,EA,EA
PO-25-6219,EMIRATES AIRLINES,2025-06-02,Aeroparts AOG DWC LLC,USD,Draft,HU37561,Support tool,4,227.27,2025-06-02,EA,EA
PO-25-6219,EMIRATES AIRLINES,2025-06-02,Aeroparts AOG DWC LLC,USD,Draft,HU55418-5,PIN,2,454.55,2025-06-02,EA,EA
PO-25-6219,EMIRATES AIRLINES,2025-06-02,Aeroparts AOG DWC LLC,USD,Draft,HU55396,TOOL: LOWER NOSE COWL,2,454.55,2025-06-02,EA,EA
PO-25-6219,EMIRATES AIRLINES,2025-06-02,Aeroparts AOG DWC LLC,USD,Draft,S535A22,TOOL: TORQUE TESTER,1,909.09,2025-06-02,EA,EA
PO-25-6219,EMIRATES AIRLINES,2025-06-02,Aeroparts AOG DWC LLC,USD,Draft,HU85169,SUPPORT,1,909.09,2025-06-02,EA,EA
PO-25-6219,EMIRATES AIRLINES,2025-06-02,Aeroparts AOG DWC LLC,USD,Draft,HU85139,SPACER,1,909.09,2025-06-02,EA,EA
PO-25-6219,EMIRATES AIRLINES,2025-06-02,Aeroparts AOG DWC LLC,USD,Draft,J71031-18,ALIGNMENT/THREAD PROTECTOR,6,151.52,2025-06-02,EA,EA
PO-25-6219,EMIRATES AIRLINES,2025-06-02,Aeroparts AOG DWC LLC,USD,Draft,HU55368-3,PIN PIVOT,4,227.27,2025-06-02,EA,EA
PO-25-6219,EMIRATES AIRLINES,2025-06-02,Aeroparts AOG DWC LLC,USD,Draft,HU85095,CLAMP,1,909.09,2025-06-02,EA,EA
PO-25-6219,EMIRATES AIRLINES,2025-06-02,Aeroparts AOG DWC LLC,USD,Draft,HU55418-3,"PIN, SHOULDER",5,181.82,2025-06-02,EA,EA
PO-25-6219,EMIRATES AIRLINES,2025-06-02,Aeroparts AOG DWC LLC,USD,Draft,HU85415,SUPPORT,1,909.09,2025-06-02,EA,EA
PO-25-6219,EMIRATES AIRLINES,2025-06-02,Aeroparts AOG DWC LLC,USD,Draft,1047868,BATTERY,4,227.27,2025-06-02,EA,EA
PO-25-6219,EMIRATES AIRLINES,2025-06-02,Aeroparts AOG DWC LLC,USD,Draft,HU37276,TOOL: SUPPORT WEIGHT,1,909.09,2025-06-02,EA,EA
PO-25-6219,EMIRATES AIRLINES,2025-06-02,Aeroparts AOG DWC LLC,USD,Draft,HU37975-1,"TRUNNION SUPPORT, LP",1,909.09,2025-06-02,EA,EA
PO-25-6219,EMIRATES AIRLINES,2025-06-02,Aeroparts AOG DWC LLC,USD,Draft,HU42254,RING,1,909.09,2025-06-02,EA,EA
PO-25-6219,EMIRATES AIRLINES,2025-06-02,Aeroparts AOG DWC LLC,USD,Draft,HU28653,Stop Bolt,5,181.82,2025-06-02,EA,EA
PO-25-6219,EMIRATES AIRLINES,2025-06-02,Aeroparts AOG DWC LLC,USD,Draft,HU55330,TOOL: ADAPTOR SUPPORT,1,909.09,2025-06-02,EA,EA
PO-25-6219,EMIRATES AIRLINES,2025-06-02,Aeroparts AOG DWC LLC,USD,Draft,HU55418-5,PIN,2,454.55,2025-06-02,EA,EA
PO-25-6219,EMIRATES AIRLINES,2025-06-02,Aeroparts AOG DWC LLC,USD,Draft,HU85123,SPACER,1,909.09,2025-06-02,EA,EA
PO-25-6219,EMIRATES AIRLINES,2025-06-02,Aeroparts AOG DWC LLC,USD,Draft,MH14186,BLANK,6,151.52,2025-06-02,EA,EA
PO-25-6219,EMIRATES AIRLINES,2025-06-02,Aeroparts AOG DWC LLC,USD,Draft,HU50404-1,"PILOT-GUIDE, FAN",1,909.09,2025-06-02,EA,EA
PO-25-6219,EMIRATES AIRLINES,2025-06-02,Aeroparts AOG DWC LLC,USD,Draft,HU80624-1,TOOL: FIXTURE,1,909.09,2025-06-02,EA,EA
PO-25-6219,EMIRATES AIRLINES,2025-06-02,Aeroparts AOG DWC LLC,USD,Draft,J71008-8,TOOL: TORQUE,2,454.55,2025-06-02,EA,EA
PO-25-6219,EMIRATES AIRLINES,2025-06-02,Aeroparts AOG DWC LLC,USD,Draft,HU51268,TOOL: TROLLEY LP,2,454.55,2025-06-02,EA,EA
PO-25-6219,EMIRATES AIRLINES,2025-06-02,Aeroparts AOG DWC LLC,USD,Draft,HU38629,PLIER TORQUE TIGHTEN FAN,1,909.09,2025-06-02,EA,EA
PO-25-6219,EMIRATES AIRLINES,2025-06-02,Aeroparts AOG DWC LLC,USD,Draft,HU37507,RING-SUPPORTING,1,909.09,2025-06-02,EA,EA
PO-25-6219,EMIRATES AIRLINES,2025-06-02,Aeroparts AOG DWC LLC,USD,Draft,HU85126,SPACER,1,909.09,2025-06-02,EA,EA
PO-25-6219,EMIRATES AIRLINES,2025-06-02,Aeroparts AOG DWC LLC,USD,Draft,HU85117-1,TARGETING TOOL,1,909.09,2025-06-02,EA,EA
PO-25-6219,EMIRATES AIRLINES,2025-06-02,Aeroparts AOG DWC LLC,USD,Draft,HU55950,COVER-MVP,1,909.09,2025-06-02,EA,EA
PO-25-6219,EMIRATES AIRLINES,2025-06-02,Aeroparts AOG DWC LLC,USD,Draft,HU85453,IMMOBILISER,3,303.03,2025-06-02,EA,EA
PO-25-6219,EMIRATES AIRLINES,2025-06-02,Aeroparts AOG DWC LLC,USD,Draft,RX77794,SEAL,8,113.64,2025-06-02,EA,EA
PO-25-6219,EMIRATES AIRLINES,2025-06-02,Aeroparts AOG DWC LLC,USD,Draft,RX77793,SEAL,8,113.64,2025-06-02,EA,EA
PO-25-6219,EMIRATES AIRLINES,2025-06-02,Aeroparts AOG DWC LLC,USD,Draft,HU37660-1,TOOL: SLEEVE SETTING LP,1,909.09,2025-06-02,EA,EA
PO-25-6219,EMIRATES AIRLINES,2025-06-02,Aeroparts AOG DWC LLC,USD,Draft,HU55418-5,PIN,4,227.27,2025-06-02,EA,EA
PO-25-6219,EMIRATES AIRLINES,2025-06-02,Aeroparts AOG DWC LLC,USD,Draft,J71009-45,UPPER CTL BEAM,1,1818,2025-06-02,EA,EA
PO-25-6219,EMIRATES AIRLINES,2025-06-02,Aeroparts AOG DWC LLC,USD,Draft,HU38554-1,TOOL: PLATE-INDEXING FAN,1,909.09,2025-06-02,EA,EA
PO-25-6219,EMIRATES AIRLINES,2025-06-02,Aeroparts AOG DWC LLC,USD,Draft,HU85122,SPACER,1,909.09,2025-06-02,EA,EA
PO-25-6219,EMIRATES AIRLINES,2025-06-02,Aeroparts AOG DWC LLC,USD,Draft,HU85121,SPACER,1,909.09,2025-06-02,EA,EA
PO-25-6219,EMIRATES AIRLINES,2025-06-02,Aeroparts AOG DWC LLC,USD,Draft,HU80298,FLEXIBLE DRIVE BRUSH,4,227.27,2025-06-02,EA,EA
PO-25-6219,EMIRATES AIRLINES,2025-06-02,Aeroparts AOG DWC LLC,USD,Draft,HU41809,Extraction tool,1,909.09,2025-06-02,EA,EA
PO-25-6219,EMIRATES AIRLINES,2025-06-02,Aeroparts AOG DWC LLC,USD,Draft,HU85275,EXTRACTOR,2,454.55,2025-06-02,EA,EA
PO-25-6219,EMIRATES AIRLINES,2025-06-02,Aeroparts AOG DWC LLC,USD,Draft,HU55683,TOOL: ADJUSTER-SUPPORT,2,454.55,2025-06-02,EA,EA
PO-25-6219,EMIRATES AIRLINES,2025-06-02,Aeroparts AOG DWC LLC,USD,Draft,HU85125,SPACER,1,909.09,2025-06-02,EA,EA
PO-25-6219,EMIRATES AIRLINES,2025-06-02,Aeroparts AOG DWC LLC,USD,Draft,HU55650,COVER-MVP IP,6,151.52,2025-06-02,EA,EA
PO-25-6219,EMIRATES AIRLINES,2025-06-02,Aeroparts AOG DWC LLC,USD,Draft,RX77792,SEAL,10,90.91,2025-06-02,EA,EA
PO-25-6219,EMIRATES AIRLINES,2025-06-02,Aeroparts AOG DWC LLC,USD,Draft,HU55280-2DETL3,SHOCK MOUNT LH FRNT,1,909.09,2025-06-02,EA,EA
PO-25-6219,EMIRATES AIRLINES,2025-06-02,Aeroparts AOG DWC LLC,USD,Draft,HU55551-1,HOISTING DEVICE,1,909.09,2025-06-02,EA,EA
PO-25-6219,EMIRATES AIRLINES,2025-06-02,Aeroparts AOG DWC LLC,USD,Draft,HU55074-2,TOOL: CRADLE-INSTALL/REM,1,909.09,2025-06-02,EA,EA
PO-25-6219,EMIRATES AIRLINES,2025-06-02,Aeroparts AOG DWC LLC,USD,Draft,HU55081-1,SLING TURN OVER AGB,1,909.09,2025-06-02,EA,EA
PO-25-6219,EMIRATES AIRLINES,2025-06-02,Aeroparts AOG DWC LLC,USD,Draft,HU55336-1,TOOL: STAND PA,1,909.09,2025-06-02,EA,EA
PO-25-6219,EMIRATES AIRLINES,2025-06-02,Aeroparts AOG DWC LLC,USD,Draft,HU41818-1,EXTRACTION TOOL,1,909.09,2025-06-02,EA,EA
PO-25-6219,EMIRATES AIRLINES,2025-06-02,Aeroparts AOG DWC LLC,USD,Draft,HU85064,EXTRACTOR,1,909.09,2025-06-02,EA,EA
PO-25-6219,EMIRATES AIRLINES,2025-06-02,Aeroparts AOG DWC LLC,USD,Draft,HU55550-1,HOISTING DEVICE,1,909.09,2025-06-02,EA,EA
PO-25-6219,EMIRATES AIRLINES,2025-06-02,Aeroparts AOG DWC LLC,USD,Draft,HU43468,ALIGNMENT TOOL,9,101.01,2025-06-02,EA,EA
PO-25-6219,EMIRATES AIRLINES,2025-06-02,Aeroparts AOG DWC LLC,USD,Draft,HU20242-10,TOOL: SLING LIFT HP,1,909.09,2025-06-02,EA,EA
PO-25-6219,EMIRATES AIRLINES,2025-06-02,Aeroparts AOG DWC LLC,USD,Draft,HU41278-1,SPANNER-LPT NUT,1,909.09,2025-06-02,EA,EA
PO-25-6219,EMIRATES AIRLINES,2025-06-02,Aeroparts AOG DWC LLC,USD,Draft,HU55418-5,PIN,9,101.01,2025-06-02,EA,EA
PO-25-6219,EMIRATES AIRLINES,2025-06-02,Aeroparts AOG DWC LLC,USD,Draft,HU55324-6,ADAPTOR LIFTING,4,227.27,2025-06-02,EA,EA
PO-25-6219,EMIRATES AIRLINES,2025-06-02,Aeroparts AOG DWC LLC,USD,Draft,HU55355-3,TOOL: SLING,1,909.09,2025-06-02,EA,EA
PO-25-6219,EMIRATES AIRLINES,2025-06-02,Aeroparts AOG DWC LLC,USD,Draft,HU85005-2,"BEAM - HANDLING,EXT. GEARBOX",1,909.09,2025-06-02,EA,EA
PO-25-6219,EMIRATES AIRLINES,2025-06-02,Aeroparts AOG DWC LLC,USD,Draft,HU55108,TOOL: SLING REMOVAL/,1,909.09,2025-06-02,EA,EA
PO-25-6219,EMIRATES AIRLINES,2025-06-02,Aeroparts AOG DWC LLC,USD,Draft,HU50304-6,Supporting device,3,303.03,2025-06-02,EA,EA
PO-25-6219,EMIRATES AIRLINES,2025-06-02,Aeroparts AOG DWC LLC,USD,Draft,HU85005-1,"BEAN - HANDLING,EXT. GEARBOX",1,909.09,2025-06-02,EA,EA
PO-25-6219,EMIRATES AIRLINES,2025-06-02,Aeroparts AOG DWC LLC,USD,Draft,HU29216-2,TOOL: DISC SLAVE HP,1,909.09,2025-06-02,EA,EA
PO-25-6219,EMIRATES AIRLINES,2025-06-02,Aeroparts AOG DWC LLC,USD,Draft,HU55347-1,TOOL: STAND PARK/SHOP,1,909.09,2025-06-02,EA,EA
PO-25-6219,EMIRATES AIRLINES,2025-06-02,Aeroparts AOG DWC LLC,USD,Draft,HU55368-3,PIN PIVOT,1,909.09,2025-06-02,EA,EA
PO-25-6219,EMIRATES AIRLINES,2025-06-02,Aeroparts AOG DWC LLC,USD,Draft,HU55391-1,TOOL: NOSE COWL STAND,1,909.09,2025-06-02,EA,EA
PO-25-6219,EMIRATES AIRLINES,2025-06-02,Aeroparts AOG DWC LLC,USD,Draft,HU55391,TOOL: NOSE COWL STAND,1,909.09,2025-06-02,EA,EA
PO-25-6219,EMIRATES AIRLINES,2025-06-02,Aeroparts AOG DWC LLC,USD,Draft,EP48200,DOLLY-FAN COWL,1,909.09,2025-06-02,EA,EA
PO-25-6219,EMIRATES AIRLINES,2025-06-02,Aeroparts AOG DWC LLC,USD,Draft,HU55380-2,TRANSPORTATION CONTAINER,1,909.09,2025-06-02,EA,EA
PO-25-6219,EMIRATES AIRLINES,2025-06-02,Aeroparts AOG DWC LLC,USD,Draft,HU55148,TOOL: PUMP-THRUST RESERVER,8,113.64,2025-06-02,EA,EA
PO-25-6219,EMIRATES AIRLINES,2025-06-02,Aeroparts AOG DWC LLC,USD,Draft,HU55104-1,Container,3,303.03,2025-06-02,EA,EA
PO-25-6219,EMIRATES AIRLINES,2025-06-02,Aeroparts AOG DWC LLC,USD,Draft,HU55423-5,CONVEYOR UNIT,1,909.09,2025-06-02,EA,EA
PO-25-6219,EMIRATES AIRLINES,2025-06-02,Aeroparts AOG DWC LLC,USD,Draft,HU55381,TOOL: STAND-TRANSPORTATION,4,227.27,2025-06-02,EA,EA
PO-25-6219,EMIRATES AIRLINES,2025-06-02,Aeroparts AOG DWC LLC,USD,Draft,HU55062-3,Supporting device,1,909.09,2025-06-02,EA,EA
PO-25-6219,EMIRATES AIRLINES,2025-06-02,Aeroparts AOG DWC LLC,USD,Draft,HU87133,TOOL: SLING,3,303.03,2025-06-02,EA,EA
PO-25-6219,EMIRATES AIRLINES,2025-06-02,Aeroparts AOG DWC LLC,USD,Draft,HU85303,Container,3,303.03,2025-06-02,EA,EA
PO-25-6220,BOEING FLEET,2025-06-02,Aeroparts AOG DWC LLC,USD,Draft,141A3812-1,GENERATOR,30,44.83,2025-06-02,EA,EA
PO-25-6221,NORDIC AIRCRAFT SYS,2025-06-03,Aeroparts AOG DWC LLC,USD,Draft,3250-31,BALL UNIT,2,750,2025-06-03,EA,EA
PO-25-6222,ZCHEM SPECIALITIES PVT LTD,2025-01-13,Aeroparts AOG DWC LLC,USD,Draft,ZC-450 MPI,ZC-450 MPI Bench Equipment,1,49000,2025-06-30,EA,EA
PO-25-6222,ZCHEM SPECIALITIES PVT LTD,2025-01-13,Aeroparts AOG DWC LLC,USD,Draft,ZC-FP-900 - FPI,FPI DIP TANK SYSTEM,1,100000,2025-06-30,EA,EA
PO-25-6223,C&L AEROSPACE,2025-06-04,Aeroparts AOG DWC LLC,USD,Draft,MR-10022NEMB,PBE,28,1425,2025-06-04,EA,EA
PO-25-6224,DASI LLC,2025-06-04,Aeroparts AOG DWC LLC,USD,Draft,F1101380-03,HOUSING EMER LIGHT EXIT SIGN,2,200,2025-06-04,EA,EA
PO-25-6224,DASI LLC,2025-06-04,Aeroparts AOG DWC LLC,USD,Draft,S3225-216,PACKING,6,67.05,2025-06-04,EA,EA
PO-25-6225,SAFARI AVIATION SERVICES FZE,2025-06-04,Aeroparts AOG DWC LLC,USD,Draft,16131784,ARPOSOLVE IPA 735A,5,77.33,2025-06-04,GA,GA
PO-25-6226,ROTAFILO,2025-06-09,Aeroparts AOG DWC LLC,USD,Draft,FREIGHT,Freight,1,2250,2025-06-09,EA,EA
PO-25-6226,ROTAFILO,2025-06-09,Aeroparts AOG DWC LLC,USD,Draft,RFENGSTDIAECFM2,CFM56-5 ENGINE STAND,3,26500,2025-06-09,EA,EA
PO-25-6227,Airbus,2025-06-09,Aeroparts AOG DWC LLC,USD,Draft,8009431,SEALING,150,145,2025-06-09,EA,EA
PO-25-6227,Airbus,2025-06-09,Aeroparts AOG DWC LLC,USD,Draft,F5725777120200,PIN,1,775,2025-06-09,EA,EA
PO-25-6227,Airbus,2025-06-09,Aeroparts AOG DWC LLC,USD,Draft,F2527669947600,STRIP JOINING CARPET,2,514,2025-06-09,EA,EA
PO-25-6227,Airbus,2025-06-09,Aeroparts AOG DWC LLC,USD,Draft,F5755034820200,CLEAT,2,177,2025-06-09,EA,EA
PO-25-6228,Airbus,2025-06-09,Aeroparts AOG DWC LLC,USD,Draft,MA5115,ELSD DEVICE,1,29100,2025-06-09,EA,EA
PO-25-6229,Aerospace Reliance,2025-06-10,Aeroparts AOG DWC LLC,USD,Draft,FLOORSIL2-8.8 (310-ML-CARTRIDGE),PACIFIC BLUE SILICONE SEALANT,12,45,2025-06-10,EA,EA
PO-25-6230,Airbus,2025-06-12,Aeroparts AOG DWC LLC,USD,Draft,431-0662-006,SCREW,1,12.1,2025-06-12,EA,EA
PO-25-6230,Airbus,2025-06-12,Aeroparts AOG DWC LLC,USD,Draft,F1131045420000,PLACARD,1,169,2025-06-12,EA,EA
PO-25-6230,Airbus,2025-06-12,Aeroparts AOG DWC LLC,USD,Draft,F5331586120000,PAD,1,142,2025-06-12,EA,EA
PO-25-6230,Airbus,2025-06-12,Aeroparts AOG DWC LLC,USD,Draft,ABS0638B16,BACKSHLL,4,10.84,2025-06-12,EA,EA
PO-25-6230,Airbus,2025-06-12,Aeroparts AOG DWC LLC,USD,Draft,F2127922320000,EDGING,1,32.5,2025-06-12,EA,EA
PO-25-6230,Airbus,2025-06-12,Aeroparts AOG DWC LLC,USD,Draft,F0003011800000,ROD,1,1740,2025-06-12,EA,EA
PO-25-6230,Airbus,2025-06-12,Aeroparts AOG DWC LLC,USD,Draft,F0003073101200,HOSE,1,159,2025-06-12,EA,EA
PO-25-6230,Airbus,2025-06-12,Aeroparts AOG DWC LLC,USD,Draft,A5461036120000,SEAL,4,192,2025-06-12,EA,EA
PO-25-6230,Airbus,2025-06-12,Aeroparts AOG DWC LLC,USD,Draft,F5453043022000,SEAL,2,207,2025-06-12,EA,EA
PO-25-6230,Airbus,2025-06-12,Aeroparts AOG DWC LLC,USD,Draft,F5453043020100,SEAL,2,119,2025-06-12,EA,EA
PO-25-6231,AEROSPACE SUPPORT ASSOCIATES LTD,2025-06-13,Aeroparts AOG DWC LLC,USD,Draft,NSA937901MA2206,MODULE,4,20,2025-06-13,EA,EA
PO-25-6232,AERO PACIFIC INDUSTRIES LTD,2025-06-13,Aeroparts AOG DWC LLC,USD,Draft,21SN04-333,SWITCH -FUEL PRESSURE,1,600,2025-06-13,EA,EA
PO-25-6233,"Falcon Dynamics, Inc",2025-06-13,Aeroparts AOG DWC LLC,USD,Draft,1011402-131,PIVOT,10,285,2025-05-07,EA,EA
PO-25-6234,Matty Aviation,2025-06-16,Aeroparts AOG DWC LLC,USD,Draft,TEST,tes pn,1,120000,2025-06-16,EA,EA
PO-25-6235,Airbus,2025-06-17,Aeroparts AOG DWC LLC,USD,Draft,F5537111620800,FITTING,1,1160,2025-06-17,EA,EA
PO-25-6235,Airbus,2025-06-17,Aeroparts AOG DWC LLC,USD,Draft,E0080-01-10C,BACKSHELL - CONNECTOR,5,6.82,2025-06-17,EA,EA
PO-25-6235,Airbus,2025-06-17,Aeroparts AOG DWC LLC,USD,Draft,EN3646A61006DN,CONNECTOR PLUG,1,59.3,2025-06-17,EA,EA
PO-25-6235,Airbus,2025-06-17,Aeroparts AOG DWC LLC,USD,Draft,E0080-02-12C,BACKSHELL,2,13.59,2025-06-17,EA,EA
PO-25-6235,Airbus,2025-06-17,Aeroparts AOG DWC LLC,USD,Draft,ABS0638B10,BACKSHELL CONNECTOR,10,7.13,2025-06-17,EA,EA
PO-25-6235,Airbus,2025-06-17,Aeroparts AOG DWC LLC,USD,Draft,EN3646A61006BN,CONNECTOR - PLUG,3,18.1,2025-06-17,EA,EA
PO-25-6235,Airbus,2025-06-17,Aeroparts AOG DWC LLC,USD,Draft,ABS0638A12,BACKSHELL - CONNECTOR,5,6.61,2025-06-17,EA,EA
PO-25-6235,Airbus,2025-06-17,Aeroparts AOG DWC LLC,USD,Draft,8-372-05,Sensor,1,3210,2025-06-17,EA,EA
PO-25-6235,Airbus,2025-06-17,Aeroparts AOG DWC LLC,USD,Draft,D37LUQ400,BELLOWS,1,936,2025-06-17,EA,EA
PO-25-6235,Airbus,2025-06-17,Aeroparts AOG DWC LLC,USD,Draft,F5247162420400,BUSHING,1,447,2025-06-17,EA,EA
PO-25-6235,Airbus,2025-06-17,Aeroparts AOG DWC LLC,USD,Draft,F5358972120600,DOOR SEAL,2,246,2025-06-17,EA,EA
PO-25-6235,Airbus,2025-06-17,Aeroparts AOG DWC LLC,USD,Draft,EN3646A6083ABN,CONNECTOR PLUG,3,14.17,2025-06-17,EA,EA
PO-25-6235,Airbus,2025-06-17,Aeroparts AOG DWC LLC,USD,Draft,NAS1102E3-6,SCREW,90,1.05,2025-06-17,EA,EA
PO-25-6235,Airbus,2025-06-17,Aeroparts AOG DWC LLC,USD,Draft,NSA5619-01,WASHER,70,0.58,2025-06-17,EA,EA
PO-25-6235,Airbus,2025-06-17,Aeroparts AOG DWC LLC,USD,Draft,E0088-41-100,BONDING LEAD,60,0.64,2025-06-17,EA,EA
PO-25-6235,Airbus,2025-06-17,Aeroparts AOG DWC LLC,USD,Draft,ASNA2337-01,FASTNER,4,10.23,2025-06-17,EA,EA
PO-25-6236,PDQ AIRSPARES,2025-06-17,Aeroparts AOG DWC LLC,USD,Draft,NAS7204-5,BOLT,17,5,2025-06-17,EA,EA
PO-25-6236,PDQ AIRSPARES,2025-06-17,Aeroparts AOG DWC LLC,USD,Draft,ABS0364A26S,CONNECTOR-RECEPTACLE,2,80,2025-06-17,EA,EA
PO-25-6236,PDQ AIRSPARES,2025-06-17,Aeroparts AOG DWC LLC,USD,Draft,E0088-06-160,BONDING JUMPER,10,1,2025-06-17,EA,EA
PO-25-6237,UNICAL AVIATION,2025-06-17,Aeroparts AOG DWC LLC,USD,Draft,F5725306120000,PIN FAIL SAFE,1,2830,2025-06-17,EA,EA
PO-25-6238,JET INTERNATIONAL COMPANY,2025-06-17,Aeroparts AOG DWC LLC,USD,Draft,ABS0364B26P,CONNECTOR,1,150,2025-06-17,EA,EA
PO-25-6239,WENCOR,2025-06-17,Aeroparts AOG DWC LLC,USD,Draft,NAS1100-06-8,SCREW,10,0.7,2025-06-17,EA,EA
PO-25-6239,WENCOR,2025-06-17,Aeroparts AOG DWC LLC,USD,Draft,MS27291-3,BACKSHELL,1,18.42,2025-06-17,EA,EA
PO-25-6239,WENCOR,2025-06-17,Aeroparts AOG DWC LLC,USD,Draft,AS3582-029,PACKING,25,1.1,2025-06-17,EA,EA
PO-25-6239,WENCOR,2025-06-17,Aeroparts AOG DWC LLC,USD,Draft,E0088-16-200,BONDING JUMPER,1,2.31,2025-06-17,EA,EA
PO-25-6239,WENCOR,2025-06-17,Aeroparts AOG DWC LLC,USD,Draft,NAS1611-116,PACKING,25,1.84,2025-06-17,EA,EA
PO-25-6240,AVIALL,2025-06-17,Aeroparts AOG DWC LLC,USD,Draft,ABS1238-26-30B,LMAP,20,5.47,2025-06-17,EA,EA
PO-25-6240,AVIALL,2025-06-17,Aeroparts AOG DWC LLC,USD,Draft,ABS1238-26-15B,LAMP,15,6.71,2025-06-17,EA,EA
PO-25-6241,WENCOR,2025-06-17,Aeroparts AOG DWC LLC,USD,Draft,MS20392-3C19,PIN,1,0.91,2025-06-17,EA,EA
PO-25-6241,WENCOR,2025-06-17,Aeroparts AOG DWC LLC,USD,Draft,NAS1149DN832K,WASHER,50,0.55,2025-06-17,EA,EA
PO-25-6241,WENCOR,2025-06-17,Aeroparts AOG DWC LLC,USD,Draft,NAS1096-2-7,SCREW,50,0.35,2025-06-17,EA,EA
PO-25-6241,WENCOR,2025-06-17,Aeroparts AOG DWC LLC,USD,Draft,DAN125-4,WASHER,50,0.91,2025-06-17,EA,EA
PO-25-6241,WENCOR,2025-06-17,Aeroparts AOG DWC LLC,USD,Draft,NAS1102-08-8,SCREW,50,0.26,2025-06-17,EA,EA
PO-25-6241,WENCOR,2025-06-17,Aeroparts AOG DWC LLC,USD,Draft,ABS0718-03,STUD,16,2.9,2025-06-17,EA,EA
PO-25-6241,WENCOR,2025-06-17,Aeroparts AOG DWC LLC,USD,Draft,20001-204,COTTER-PIN,2,118.84,2025-06-17,EA,EA
PO-25-6241,WENCOR,2025-06-17,Aeroparts AOG DWC LLC,USD,Draft,DAN169E3-12,SCREW,100,2.75,2025-06-17,EA,EA
PO-25-6242,SATAIR,2025-06-17,Aeroparts AOG DWC LLC,USD,Draft,QA07695,FILTER,6,1320.41,2025-06-17,EA,EA
PO-25-6243,DUBUDAT AEROSPACE,2025-06-18,Aeroparts AOG DWC LLC,USD,Draft,98F32104003000,HANDLING TROLLEY,1,18880,2025-07-18,EA,EA
PO-25-6244,PROPONENT,2025-06-18,Aeroparts AOG DWC LLC,USD,Draft,624912,PACKING,2,44.05,2025-06-18,EA,EA
PO-25-6244,PROPONENT,2025-06-18,Aeroparts AOG DWC LLC,USD,Draft,343463,RETAINING RING,2,19.06,2025-06-18,EA,EA
PO-25-6244,PROPONENT,2025-06-18,Aeroparts AOG DWC LLC,USD,Draft,NAS1611-119,O-RING,11,3.13,2025-06-18,EA,EA
PO-25-6244,PROPONENT,2025-06-18,Aeroparts AOG DWC LLC,USD,Draft,346937,"SHAFT, CPLG",1,1065.15,2025-06-18,EA,EA
PO-25-6245,DASI LLC,2025-06-18,Aeroparts AOG DWC LLC,USD,Draft,8GS406708-28,LAMP,400,13,2025-06-18,EA,EA
PO-25-6245,DASI LLC,2025-06-18,Aeroparts AOG DWC LLC,USD,Draft,8GS406707-28,LAMP,400,12,2025-06-18,EA,EA
PO-25-6246,Airbus,2025-06-18,Aeroparts AOG DWC LLC,USD,Draft,F5331440121000,STRIP PTFE,2,695,2025-06-18,EA,EA
PO-25-6246,Airbus,2025-06-18,Aeroparts AOG DWC LLC,USD,Draft,F5331440820800,STRIP PTFE,10,164,2025-06-18,EA,EA
PO-25-6246,Airbus,2025-06-18,Aeroparts AOG DWC LLC,USD,Draft,F5331440820200,STRIP PTFE,2,127,2025-06-18,EA,EA
PO-25-6246,Airbus,2025-06-18,Aeroparts AOG DWC LLC,USD,Draft,NAS1153V9R,SCREW,20,1.59,2025-06-18,EA,EA
PO-25-6246,Airbus,2025-06-18,Aeroparts AOG DWC LLC,USD,Draft,NSA5084-3,"NUT, CLIP",50,0.83,2025-06-18,EA,EA
PO-25-6246,Airbus,2025-06-18,Aeroparts AOG DWC LLC,USD,Draft,ASNA2001T4-23,SCREW,40,3.15,2025-06-18,EA,EA
PO-25-6246,Airbus,2025-06-18,Aeroparts AOG DWC LLC,USD,Draft,EN6092-01,RECEPTACLE,75,4.93,2025-06-18,EA,EA
PO-25-6246,Airbus,2025-06-18,Aeroparts AOG DWC LLC,USD,Draft,ASNA2001V3-10,SCREW,30,1.39,2025-06-18,EA,EA
PO-25-6246,Airbus,2025-06-18,Aeroparts AOG DWC LLC,USD,Draft,ABS0258-10A,COLLAR,20,1.73,2025-06-18,EA,EA
PO-25-6246,Airbus,2025-06-18,Aeroparts AOG DWC LLC,USD,Draft,NSA5031-4-19,BOLT,5,5.93,2025-06-18,EA,EA
PO-25-6246,Airbus,2025-06-18,Aeroparts AOG DWC LLC,USD,Draft,F5391505620000,HOLDER,1,195,2025-06-18,EA,EA
PO-25-6246,Airbus,2025-06-18,Aeroparts AOG DWC LLC,USD,Draft,ASNA2412B150,ATTACHMENT-RETENTION,1,59.46,2025-06-18,EA,EA
PO-25-6246,Airbus,2025-06-18,Aeroparts AOG DWC LLC,USD,Draft,ABS0581V08-06P,FITTING,6,32.2,2025-06-18,EA,EA
PO-25-6246,Airbus,2025-06-18,Aeroparts AOG DWC LLC,USD,Draft,EN3646RS61006BN,CONNECTOR,4,19.99,2025-06-18,EA,EA
PO-25-6246,Airbus,2025-06-18,Aeroparts AOG DWC LLC,USD,Draft,ABS0638B08,BACKSHELL-CONNECTOR,10,3.62,2025-06-18,EA,EA
PO-25-6246,Airbus,2025-06-18,Aeroparts AOG DWC LLC,USD,Draft,ABS0638B10,BACKSHELL CONNECTOR,10,7.13,2025-06-18,EA,EA
PO-25-6247,OMS,2025-06-18,Aeroparts AOG DWC LLC,USD,Draft,FRH010041,ACTUATOR TWIN MOTOR,1,2000,2025-06-18,EA,EA
PO-25-6248,PROPONENT,2025-06-18,Aeroparts AOG DWC LLC,USD,Draft,EN3646A61203BN,CONNECTOR,2,50.08,2025-06-18,EA,EA
PO-25-6248,PROPONENT,2025-06-18,Aeroparts AOG DWC LLC,USD,Draft,NSA5379-6C,WASHER,2,6.8,2025-06-18,EA,EA
PO-25-6248,PROPONENT,2025-06-18,Aeroparts AOG DWC LLC,USD,Draft,NAS1790-4R6,BOLT,5,2.34,2025-06-18,EA,EA
PO-25-6248,PROPONENT,2025-06-18,Aeroparts AOG DWC LLC,USD,Draft,EN3155-019F2018,CONTACT,6,2.26,2025-06-18,EA,EA
PO-25-6248,PROPONENT,2025-06-18,Aeroparts AOG DWC LLC,USD,Draft,E0092-40-250NN,LEAD,2,5.11,2025-06-18,EA,EA
PO-25-6249,LIFT AEROSPACE,2025-06-18,Aeroparts AOG DWC LLC,USD,Draft,ZAW382-01,PRESSURE TRANSDUCER,1,900,2025-06-18,EA,EA
PO-25-6250,Airbus,2025-06-19,Aeroparts AOG DWC LLC,USD,Draft,CR2248-4-2,RIVET,120,0.29,2025-06-19,EA,EA
PO-25-6250,Airbus,2025-06-19,Aeroparts AOG DWC LLC,USD,Draft,MS21250-06010,BOLT,5,25.67,2025-06-19,EA,EA
PO-25-6250,Airbus,2025-06-19,Aeroparts AOG DWC LLC,USD,Draft,NSA5050-6C,NUT,30,1.91,2025-06-19,EA,EA
PO-25-6250,Airbus,2025-06-19,Aeroparts AOG DWC LLC,USD,Draft,A3611506320000,TAB - LOCK,2,70.6,2025-06-19,EA,EA
PO-25-6250,Airbus,2025-06-19,Aeroparts AOG DWC LLC,USD,Draft,EN3646RS61006DN,CONNECTOR,5,35.57,2025-06-19,EA,EA
PO-25-6250,Airbus,2025-06-19,Aeroparts AOG DWC LLC,USD,Draft,E0052N8B3ASNE,CONNECTOR,7,36.1,2025-06-19,EA,EA
PO-25-6250,Airbus,2025-06-19,Aeroparts AOG DWC LLC,USD,Draft,466-8,TEMPERATURE SENSOR,2,3080,2025-06-19,EA,EA
PO-25-6250,Airbus,2025-06-19,Aeroparts AOG DWC LLC,USD,Draft,DAN191C20,RING,50,0.63,2025-06-19,EA,EA
PO-25-6250,Airbus,2025-06-19,Aeroparts AOG DWC LLC,USD,Draft,NSA5732-150,ATTACHMENT,4,7.98,2025-06-19,EA,EA
PO-25-6250,Airbus,2025-06-19,Aeroparts AOG DWC LLC,USD,Draft,F5358972020400,SEAL,1,4310,2025-06-19,EA,EA
PO-25-6250,Airbus,2025-06-19,Aeroparts AOG DWC LLC,USD,Draft,E0080-02-08C,BACKSHELL,5,8.33,2025-06-19,EA,EA
PO-25-6250,Airbus,2025-06-19,Aeroparts AOG DWC LLC,USD,Draft,EN3646A6083ADN,CONNECTOR,1,37.86,2025-06-19,EA,EA
PO-25-6251,FINE FIT TRADING & UNIFORMS TAILORING,2025-06-19,Aeroparts AOG DWC LLC,USD,Draft,VAT,VAT,1,12.5,2025-06-19,EA,EA
PO-25-6251,FINE FIT TRADING & UNIFORMS TAILORING,2025-06-19,Aeroparts AOG DWC LLC,USD,Draft,UNIFORM,UNIFORM,8,20.38,2025-06-19,EA,EA
PO-25-6251,FINE FIT TRADING & UNIFORMS TAILORING,2025-06-19,Aeroparts AOG DWC LLC,USD,Draft,UNIFORM,UNIFORM,8,40,2025-06-19,EA,EA
PO-25-6253,"MRO Support, Inc",2025-06-20,Aeroparts AOG DWC LLC,USD,Draft,856A1310G01,"TOOL KIT, HP TURBINE",1,1750,2025-06-20,EA,EA
PO-25-6253,"MRO Support, Inc",2025-06-20,Aeroparts AOG DWC LLC,USD,Draft,856A1351P01,"GUIDE TUBE, BORESCOPE HP TURBINE SHROUD",1,1100,2025-06-20,EA,EA
PO-25-6255,TUFUL WORLD TRADING,2025-06-20,Aeroparts AOG DWC LLC,USD,Draft,TAAI2-308120-01,SEAT COVER BOTTOM,1,332.62,2025-06-20,EA,EA
PO-25-6256,AEROMAT,2025-06-23,Aeroparts AOG DWC LLC,USD,Draft,336-014-808-0,"SPOOL,BOOSTER",1,127770,2025-06-23,EA,EA
PO-25-6257,Pacific Air Industries,2025-06-24,Aeroparts AOG DWC LLC,USD,Draft,MS24693C307,SCREW,2,3.2,2025-06-24,EA,EA
PO-25-6257,Pacific Air Industries,2025-06-24,Aeroparts AOG DWC LLC,USD,Draft,NAS1739B4-6,BLIND RIVET,15,1.38,2025-06-24,EA,EA
PO-25-6257,Pacific Air Industries,2025-06-24,Aeroparts AOG DWC LLC,USD,Draft,NAS1739B5-5,BLIND RIVET,15,0.8,2025-06-24,EA,EA
PO-25-6257,Pacific Air Industries,2025-06-24,Aeroparts AOG DWC LLC,USD,Draft,CR2248-4-4,BLIND RIVET,15,2,2025-06-24,EA,EA
PO-25-6257,Pacific Air Industries,2025-06-24,Aeroparts AOG DWC LLC,USD,Draft,NAS1739B5-3,BLIND RIVET,15,1,2025-06-24,EA,EA
PO-25-6257,Pacific Air Industries,2025-06-24,Aeroparts AOG DWC LLC,USD,Draft,HST12WF6-4,HI-LITE,13,5.79,2025-06-24,EA,EA
PO-25-6257,Pacific Air Industries,2025-06-24,Aeroparts AOG DWC LLC,USD,Draft,3604,CLAMP,10,2.24,2025-06-24,EA,EA
PO-25-6258,BOEING DISTRIBUTION SERVICES,2025-06-25,Aeroparts AOG DWC LLC,USD,Draft,CR2248-5-6,BLIND RIVET,100,0.89,2025-06-25,EA,EA
PO-25-6258,BOEING DISTRIBUTION SERVICES,2025-06-25,Aeroparts AOG DWC LLC,USD,Draft,MS17987C412,QUICK RELEASE PIN,2,31.08,2025-06-25,EA,EA
PO-25-6258,BOEING DISTRIBUTION SERVICES,2025-06-25,Aeroparts AOG DWC LLC,USD,Draft,NAS7204-4,BOLT,31,1.62,2025-06-25,EA,EA
PO-25-6259,"GA TELESIS, LLC",2025-06-25,Aeroparts AOG DWC LLC,USD,Draft,065-50000-0509,SLAT AND FLAP CONTROL COMPUTER,1,5100,2025-06-25,EA,EA
PO-25-6260,AEROBAY,2025-06-26,Aeroparts AOG DWC LLC,USD,Draft,HU80298,FLEXIBLE DRIVE BRUSH,1,946,2025-06-26,EA,EA
PO-25-6261,WOLFE AERO,2025-06-26,Aeroparts AOG DWC LLC,USD,Draft,91-536,HOIST-MINILIFT,1,39090.5,2025-06-25,EA,EA
PO-25-6262,Airbus,2025-06-26,Aeroparts AOG DWC LLC,USD,Draft,F3231527220000,PIN,2,271,2025-06-26,EA,EA
PO-25-6263,Airbus,2025-06-30,Aeroparts AOG DWC LLC,USD,Draft,F0003067300000,STRUT-FOLDING,1,10730,2025-06-30,EA,EA
PO-25-6264,WENCOR,2025-06-30,Aeroparts AOG DWC LLC,USD,Draft,NSA5088V5-23,SCREW,6,9.83,2025-06-30,EA,EA
PO-25-6264,WENCOR,2025-06-30,Aeroparts AOG DWC LLC,USD,Draft,MS16624-1025,RETAINING-RING,20,0.41,2025-06-30,EA,EA
PO-25-6264,WENCOR,2025-06-30,Aeroparts AOG DWC LLC,USD,Draft,NAS1149D0416H,WASHER,20,0.11,2025-06-30,EA,EA
PO-25-6264,WENCOR,2025-06-30,Aeroparts AOG DWC LLC,USD,Draft,NAS514P832-5,SCREW,5,0.14,2025-06-30,EA,EA
PO-25-6264,WENCOR,2025-06-30,Aeroparts AOG DWC LLC,USD,Draft,MS21062-3,NUT,10,3.56,2025-06-30,EA,EA
PO-25-6265,Airbus,2025-07-01,Aeroparts AOG DWC LLC,USD,Draft,ASNA2528-6,NUT,10,2.88,2025-07-01,EA,EA
PO-25-6265,Airbus,2025-07-01,Aeroparts AOG DWC LLC,USD,Draft,EN6115V3X4,BOLT,10,4.6,2025-07-01,EA,EA
PO-25-6265,Airbus,2025-07-01,Aeroparts AOG DWC LLC,USD,Draft,ASNA2050DXJ4820,RIVET,60,0.84,2025-07-01,EA,EA
PO-25-6265,Airbus,2025-07-01,Aeroparts AOG DWC LLC,USD,Draft,ASNA2050DXJ4020,RIVET,60,0.7,2025-07-01,EA,EA
PO-25-6265,Airbus,2025-07-01,Aeroparts AOG DWC LLC,USD,Draft,NAS1169T10L,WASHER,200,0.24,2025-07-01,EA,EA
PO-25-6265,Airbus,2025-07-01,Aeroparts AOG DWC LLC,USD,Draft,NAS1153V3,SCREW,60,1.25,2025-07-01,EA,EA
PO-25-6265,Airbus,2025-07-01,Aeroparts AOG DWC LLC,USD,Draft,NAS1153V4,SCREW,50,1.23,2025-07-01,EA,EA
PO-25-6265,Airbus,2025-07-01,Aeroparts AOG DWC LLC,USD,Draft,NAS1153V5,SCREW,60,0.64,2025-07-01,EA,EA
PO-25-6265,Airbus,2025-07-01,Aeroparts AOG DWC LLC,USD,Draft,A9232132520000,WASHER,20,0,2025-07-01,EA,EA
PO-25-6265,Airbus,2025-07-01,Aeroparts AOG DWC LLC,USD,Draft,NSA5088V5-35,SCREW,4,23.73,2025-07-01,EA,EA
PO-25-6265,Airbus,2025-07-01,Aeroparts AOG DWC LLC,USD,Draft,EN3646RS61419DN,CONNECTOR,1,105.96,2025-07-01,EA,EA
PO-25-6265,Airbus,2025-07-01,Aeroparts AOG DWC LLC,USD,Draft,D61500-74,CONNECTOR,2,407,2025-07-01,EA,EA
PO-25-6265,Airbus,2025-07-01,Aeroparts AOG DWC LLC,USD,Draft,NAS1154V11,SCREW,20,12.67,2025-07-01,EA,EA
PO-25-6265,Airbus,2025-07-01,Aeroparts AOG DWC LLC,USD,Draft,ABS0785B05A,BRACKET,5,10.74,2025-07-01,EA,EA
PO-25-6265,Airbus,2025-07-01,Aeroparts AOG DWC LLC,USD,Draft,4744003-4,HINGE ARM,2,69.9,2025-07-01,EA,EA
PO-25-6265,Airbus,2025-07-01,Aeroparts AOG DWC LLC,USD,Draft,4744033-1,PIN,1,87,2025-07-01,EA,EA
PO-25-6265,Airbus,2025-07-01,Aeroparts AOG DWC LLC,USD,Draft,NAS1102E3-10,SCREW-MACH FLAT HEAD,100,0.44,2025-07-01,EA,EA
PO-25-6265,Airbus,2025-07-01,Aeroparts AOG DWC LLC,USD,Draft,F5725408900000,GASKET,10,307,2025-07-01,EA,EA
PO-25-6265,Airbus,2025-07-01,Aeroparts AOG DWC LLC,USD,Draft,F5725408900200,GASKET,26,347,2025-07-01,EA,EA
PO-25-6266,BOEING FLEET,2025-07-01,Aeroparts AOG DWC LLC,USD,Draft,141A4841-106,NUT PLATE ASSY,1,1094,2025-05-16,EA,EA
PO-25-6266,BOEING FLEET,2025-07-01,Aeroparts AOG DWC LLC,USD,Draft,141A4841-118,NUTPLATE STRIP ASSY,1,1180,2025-05-16,EA,EA
PO-25-6266,BOEING FLEET,2025-07-01,Aeroparts AOG DWC LLC,USD,Draft,141A4841-108,NUTPLATE STRIP ASSY,2,682,2025-05-16,EA,EA
PO-25-6266,BOEING FLEET,2025-07-01,Aeroparts AOG DWC LLC,USD,Draft,65C33095-5,GASKET,3,335,2025-05-16,EA,EA
PO-25-6266,BOEING FLEET,2025-07-01,Aeroparts AOG DWC LLC,USD,Draft,69B01706-13,SLEEVE,2,387,2025-05-16,EA,EA
PO-25-6267,AERO PACIFIC INDUSTRIES LTD,2025-07-02,Aeroparts AOG DWC LLC,USD,Draft,FK19265,LINK,1,1200,2025-07-02,EA,EA
PO-25-6268,PROPONENT,2025-07-02,Aeroparts AOG DWC LLC,USD,Draft,9EL406847-00,LENZ,1,64.65,2025-07-02,EA,EA
PO-25-6268,PROPONENT,2025-07-02,Aeroparts AOG DWC LLC,USD,Draft,NAS1154V10,SCREW,15,2.79,2025-07-02,EA,EA
PO-25-6268,PROPONENT,2025-07-02,Aeroparts AOG DWC LLC,USD,Draft,NAS1153V9,SCREW,25,1.81,2025-07-02,EA,EA
PO-25-6268,PROPONENT,2025-07-02,Aeroparts AOG DWC LLC,USD,Draft,EN6115V3X5,BOLT,5,4.3,2025-07-02,EA,EA
PO-25-6268,PROPONENT,2025-07-02,Aeroparts AOG DWC LLC,USD,Draft,NAS1102E3-24,SCREW,40,1.34,2025-07-02,EA,EA
PO-25-6268,PROPONENT,2025-07-02,Aeroparts AOG DWC LLC,USD,Draft,NAS1102E3-32,SCREW,30,1.38,2025-07-02,EA,EA
PO-25-6269,BOEING FLEET,2025-07-03,Aeroparts AOG DWC LLC,USD,Draft,9331M55P02,SEAL,5,2322,2025-07-03,EA,EA
PO-25-6270,"GA TELESIS, LLC",2025-07-04,Aeroparts AOG DWC LLC,USD,Draft,1320A0000-02,TRIM AIR VALVE,1,3000,2025-07-04,EA,EA
PO-25-6271,BOEING FLEET,2025-07-07,Aeroparts AOG DWC LLC,USD,Draft,31-7741-1,HOLDER LAMP,3,1544.8,2025-07-03,EA,EA
PO-25-6272,TOUCHDOWN AVIATION,2025-07-07,Aeroparts AOG DWC LLC,USD,Draft,LA2K2B100DL0000,FCPC,1,28000,2025-07-07,EA,EA
PO-25-6272,TOUCHDOWN AVIATION,2025-07-07,Aeroparts AOG DWC LLC,USD,Draft,LA2K2B100DL0000,FCPC,5,28000,2025-07-07,EA,EA
PO-25-6273,J1AERO,2025-07-07,Aeroparts AOG DWC LLC,USD,Draft,4A4011-7,Emergency Evacuation Slide Assy,1,49000,2025-05-08,EA,EA
PO-25-6274,SPECIALIST AVIATION LTD,2025-07-08,Aeroparts AOG DWC LLC,USD,Draft,FK16589,SEAL,1,2750,2025-07-08,EA,EA
PO-25-6275,"NELSON PARTS, LLC",2025-07-08,Aeroparts AOG DWC LLC,USD,Draft,2403-89,VHF ANTENNA,1,890,2025-07-08,EA,EA
PO-25-6276,BOEING FLEET,2025-07-08,Aeroparts AOG DWC LLC,USD,Draft,38HM98,SWITCH,1,1190,2025-07-13,EA,EA
PO-25-6277,SATAIR,2025-07-09,Aeroparts AOG DWC LLC,USD,Draft,FK21248,SEAL,1,1602.5,2025-07-09,EA,EA
PO-25-6278,SEDA Aerospace Ltd,2025-07-09,Aeroparts AOG DWC LLC,USD,Draft,2914114-3,SPRING TENSION,10,10,2025-07-09,EA,EA
PO-25-6279,BOEING FLEET,2025-07-10,Aeroparts AOG DWC LLC,USD,Draft,AS1503-37D0050,HOSE,5,100.48,2025-07-10,EA,EA
PO-25-6280,Airbus,2025-07-10,Aeroparts AOG DWC LLC,USD,Draft,D2557243520000,FILTER,30,11,2025-07-10,EA,EA
PO-25-6280,Airbus,2025-07-10,Aeroparts AOG DWC LLC,USD,Draft,D2557243220000,BRACKET,10,8.7,2025-07-10,EA,EA
PO-25-6280,Airbus,2025-07-10,Aeroparts AOG DWC LLC,USD,Draft,D9249107300400,CONNECTOR,4,53.6,2025-07-10,EA,EA
PO-25-6280,Airbus,2025-07-10,Aeroparts AOG DWC LLC,USD,Draft,F5218061600000,LEVER ASSY-LWR,1,1930,2025-07-10,EA,EA
PO-25-6280,Airbus,2025-07-10,Aeroparts AOG DWC LLC,USD,Draft,F0003157700000,CLMPBLCK,1,192,2025-07-10,EA,EA
PO-25-6280,Airbus,2025-07-10,Aeroparts AOG DWC LLC,USD,Draft,F0003157500000,CLMPBLCK,2,121,2025-07-10,EA,EA
PO-25-6280,Airbus,2025-07-10,Aeroparts AOG DWC LLC,USD,Draft,F5451138520000,PLATE,12,140,2025-07-10,EA,EA
PO-25-6280,Airbus,2025-07-10,Aeroparts AOG DWC LLC,USD,Draft,F5747002020200,SPRING,10,16.6,2025-07-10,EA,EA
PO-25-6280,Airbus,2025-07-10,Aeroparts AOG DWC LLC,USD,Draft,ABS0696X2-3-32,STUD,22,53.98,2025-07-10,EA,EA
PO-25-6280,Airbus,2025-07-10,Aeroparts AOG DWC LLC,USD,Draft,NAS1726-4E,NUT,50,0.57,2025-07-10,EA,EA
PO-25-6280,Airbus,2025-07-10,Aeroparts AOG DWC LLC,USD,Draft,NSA5031-4-5,BOLT,20,1.89,2025-07-10,EA,EA
PO-25-6280,Airbus,2025-07-10,Aeroparts AOG DWC LLC,USD,Draft,NSA5031-4-7,BOLT,30,1.8,2025-07-10,EA,EA
PO-25-6280,Airbus,2025-07-10,Aeroparts AOG DWC LLC,USD,Draft,EN6069AD5-12,RIVET,500,0.06,2025-07-10,EA,EA
PO-25-6280,Airbus,2025-07-10,Aeroparts AOG DWC LLC,USD,Draft,EN6122C05-03H,BOLT,40,1.16,2025-07-10,EA,EA
PO-25-6281,Koolhaas Alphen BV,2025-07-11,Aeroparts AOG DWC LLC,USD,Draft,1159SCP408-1,"ACTUATOR, SECONDARY LOCK",1,6900,2025-07-11,EA,EA
PO-25-6282,"Cypress Air, Inc",2025-07-11,Aeroparts AOG DWC LLC,USD,Draft,A5361006320300,RETAINER-CENTER,1,2500,2025-07-11,EA,EA
PO-25-6283,AVIATION PARTS SERVICE,2025-07-11,Aeroparts AOG DWC LLC,USD,Draft,A16051-007,BUSH,4,125,2025-07-11,EA,EA
PO-25-6284,DASI LLC,2025-07-11,Aeroparts AOG DWC LLC,USD,Draft,NAS1921C04-02,RIVET,7,3.17,2025-07-11,EA,EA
PO-25-6284,DASI LLC,2025-07-11,Aeroparts AOG DWC LLC,USD,Draft,NAS1921C05-06,RIVET,20,6.59,2025-07-11,EA,EA
PO-25-6284,DASI LLC,2025-07-11,Aeroparts AOG DWC LLC,USD,Draft,NAS1921C05-05,RIVET,20,3,2025-07-11,EA,EA
PO-25-6284,DASI LLC,2025-07-11,Aeroparts AOG DWC LLC,USD,Draft,NAS1921C05-04,RIVET,20,8.25,2025-07-11,EA,EA
PO-25-6284,DASI LLC,2025-07-11,Aeroparts AOG DWC LLC,USD,Draft,NAS1921C05-03,RIVET,5,8.25,2025-07-11,EA,EA
PO-25-6284,DASI LLC,2025-07-11,Aeroparts AOG DWC LLC,USD,Draft,ASNA2529-4,BOLT,25,0.8,2025-07-11,EA,EA
PO-25-6284,DASI LLC,2025-07-11,Aeroparts AOG DWC LLC,USD,Draft,ASNA2529-3,"NUT, SELF LOCKING",19,1.06,2025-07-11,EA,EA
PO-25-6285,SKY GLOBAL SUPPORT,2025-07-11,Aeroparts AOG DWC LLC,USD,Draft,98F27407513000,"FRAME - SUPPORT, THS AC-TUATOR",1,2850,2025-07-11,EA,EA
PO-25-6286,AVIALL SERVICES INC,2025-07-11,Aeroparts AOG DWC LLC,USD,Draft,325241-10,PACKING,15,17.74,2025-07-11,EA,EA
PO-25-6287,LIBERTY AERO SERVICES,2025-07-11,Aeroparts AOG DWC LLC,USD,Draft,D27510043001AF,CONTROL UNIT ASSY-FLAPS,1,38000,2025-07-11,EA,EA
PO-25-6288,NFF AVIATION,2025-07-11,Aeroparts AOG DWC LLC,USD,Draft,ABS0951B3LM002,SWITCH,4,500,2025-07-11,EA,EA
PO-25-6289,BOEING FLEET,2025-07-14,Aeroparts AOG DWC LLC,USD,Draft,KIT2040025-305,FILTER,1,10431,2025-07-14,EA,EA
PO-25-6290,WENCOR,2025-07-16,Aeroparts AOG DWC LLC,USD,Draft,ASNA2001T3-6,BOLT,150,2.87,2025-07-16,EA,EA
PO-25-6290,WENCOR,2025-07-16,Aeroparts AOG DWC LLC,USD,Draft,MS21043-3,SELF LOCKING NUT,6,1.25,2025-07-16,EA,EA
PO-25-6290,WENCOR,2025-07-16,Aeroparts AOG DWC LLC,USD,Draft,MS24665-162,PIN,8,0.25,2025-07-16,EA,EA
PO-25-6291,PROPONENT,2025-07-17,Aeroparts AOG DWC LLC,USD,Draft,NSA5060-6,NUT,2,7.27,2025-07-17,EA,EA
PO-25-6291,PROPONENT,2025-07-17,Aeroparts AOG DWC LLC,USD,Draft,HL10VF8-5,HIN/ALOK PIN,60,3.51,2025-07-17,EA,EA
PO-25-6291,PROPONENT,2025-07-17,Aeroparts AOG DWC LLC,USD,Draft,DAN5-8-4,HL PIN,100,2.83,2025-07-17,EA,EA
PO-25-6291,PROPONENT,2025-07-17,Aeroparts AOG DWC LLC,USD,Draft,DAN5-5-3,HI-LOK PIN,36,1.08,2025-07-17,EA,EA
PO-25-6291,PROPONENT,2025-07-17,Aeroparts AOG DWC LLC,USD,Draft,DIN65399-4020CF,RIVET,25,1.99,2025-07-17,EA,EA
PO-25-6292,GLENDALE INTERNATIONAL,2025-07-17,Aeroparts AOG DWC LLC,USD,Draft,ABS-61-2274-1,EMERGENCY LIGHT BATTERY,50,206.4,2025-07-17,EA,EA
PO-25-6293,ROLLS ROYCE,2025-07-21,Aeroparts AOG DWC LLC,USD,Draft,FK10129,BRACKET,2,4744,2025-07-21,EA,EA
PO-25-6294,AERO TECHNIC ME FZCO,2025-07-21,Aeroparts AOG DWC LLC,USD,Draft,E72230-09,GENERATOR,28,1825.71,2025-07-21,EA,EA
PO-25-6295,PTD AEROTECHNIC,2025-07-21,Aeroparts AOG DWC LLC,USD,Draft,F5725600420100,DOOR-NACA DUCT,1,2750,2025-07-21,EA,EA
PO-25-6296,Airbus,2025-07-22,Aeroparts AOG DWC LLC,USD,Draft,HL110VF6-3,PIN,20,3.45,2025-07-22,EA,EA
PO-25-6296,Airbus,2025-07-22,Aeroparts AOG DWC LLC,USD,Draft,DAN6-5-3,PIN,50,0.66,2025-07-22,EA,EA
PO-25-6296,Airbus,2025-07-22,Aeroparts AOG DWC LLC,USD,Draft,NSA5075-5,COLLAR,200,0.25,2025-07-22,EA,EA
PO-25-6296,Airbus,2025-07-22,Aeroparts AOG DWC LLC,USD,Draft,MS14103-10P,BEARING,2,61.24,2025-07-22,EA,EA
PO-25-6296,Airbus,2025-07-22,Aeroparts AOG DWC LLC,USD,Draft,ASNA2001T4-23,SCREW,50,3.15,2025-07-22,EA,EA
PO-25-6296,Airbus,2025-07-22,Aeroparts AOG DWC LLC,USD,Draft,ASNA2001T4-26,SCREW,30,2.94,2025-07-22,EA,EA
PO-25-6296,Airbus,2025-07-22,Aeroparts AOG DWC LLC,USD,Draft,ABS0473-22,MUFF,1,30.72,2025-07-22,EA,EA
PO-25-6296,Airbus,2025-07-22,Aeroparts AOG DWC LLC,USD,Draft,NAS7203U12,BOLT,45,1.05,2025-07-22,EA,EA
PO-25-6296,Airbus,2025-07-22,Aeroparts AOG DWC LLC,USD,Draft,ABS0376-3-35,SCREW,100,0.64,2025-07-22,EA,EA
PO-25-6296,Airbus,2025-07-22,Aeroparts AOG DWC LLC,USD,Draft,EN6115V3-5,BOLT,40,0.84,2025-07-22,EA,EA
PO-25-6296,Airbus,2025-07-22,Aeroparts AOG DWC LLC,USD,Draft,F5725600420000,DOOR,1,5460,2025-07-22,EA,EA
PO-25-6297,Air Station Aviation,2025-07-22,Aeroparts AOG DWC LLC,USD,Draft,2041446-0401,PLANAR ARRAY,1,1200,2025-07-22,EA,EA
PO-25-6298,SATAIR,2025-07-23,Aeroparts AOG DWC LLC,USD,Draft,FK16590,SEAL ASSY,2,3431.33,2025-07-23,EA,EA
PO-25-6298,SATAIR,2025-07-23,Aeroparts AOG DWC LLC,USD,Draft,FK16588,SEAL ASSY,2,7984.09,2025-07-23,EA,EA
PO-25-6299,WENCOR,2025-07-23,Aeroparts AOG DWC LLC,USD,Draft,MS9902-05,PLUG,30,22.13,2025-05-12,EA,EA
PO-25-6300,AVIALL SERVICES INC,2025-07-23,Aeroparts AOG DWC LLC,USD,Draft,45-231-1,TUBE ADJUSTER,280,129.09,2025-05-12,EA,EA
PO-25-6301,DASI LLC,2025-07-23,Aeroparts AOG DWC LLC,USD,Draft,697505685,PIN,2,17.5,2025-07-23,EA,EA
PO-25-6301,DASI LLC,2025-07-23,Aeroparts AOG DWC LLC,USD,Draft,NAS1739B5-2,BLIND RIVET,31,0.66,2025-07-23,EA,EA
PO-25-6301,DASI LLC,2025-07-23,Aeroparts AOG DWC LLC,USD,Draft,NAS1739B5-4,BLIND RIVET,75,0.27,2025-07-23,EA,EA
PO-25-6301,DASI LLC,2025-07-23,Aeroparts AOG DWC LLC,USD,Draft,HST12WF6-3,PIN,70,1.72,2025-07-23,EA,EA
PO-25-6302,LONSEAL INC.,2025-07-24,Aeroparts AOG DWC LLC,USD,Draft,C2F9895M96,LONCOIN II FW #9895M96 NAVY BLUE,4,3172.07,2025-07-24,RL,RL
PO-25-6303,PROPONENT,2025-07-24,Aeroparts AOG DWC LLC,USD,Draft,229455,GASKET,8,1472.94,2025-07-24,EA,EA
PO-25-6304,J&M PRODUCTS,2025-07-25,Aeroparts AOG DWC LLC,USD,Draft,AS21919WCH15,CLAMP,18,27.78,2025-07-25,EA,EA
PO-25-6305,HORIZON AIRCRAFT PARTS,2025-07-25,Aeroparts AOG DWC LLC,USD,Draft,130590-2,PANEL PRESSURE SELECTOR,1,3300,2025-07-25,EA,EA
PO-25-6306,MINGO AEROSPACE,2025-07-25,Aeroparts AOG DWC LLC,USD,Draft,123327-1,ROLLER ASSEMBLY,10,220,2025-07-25,EA,EA
PO-25-6306,MINGO AEROSPACE,2025-07-25,Aeroparts AOG DWC LLC,USD,Draft,2955810-3,ROLLER ASSY,10,950,2025-07-25,EA,EA
PO-25-6307,DUBUDAT AEROSPACE,2025-07-25,Aeroparts AOG DWC LLC,USD,Draft,98A54403011000,TOOL R I-SPIGOT BALL JOINT,1,6450,2025-07-25,EA,EA
PO-25-6308,"STELLAR AIR SERVICES, LLC",2025-07-25,Aeroparts AOG DWC LLC,USD,Draft,MISC-50346,PUMP,7,450.89,2025-07-25,EA,EA
PO-25-6309,Peerless Aerospace,2025-07-25,Aeroparts AOG DWC LLC,USD,Draft,PLT5115-06-10,BLIND BOLT,10,71.85,2025-07-25,EA,EA
PO-25-6309,Peerless Aerospace,2025-07-25,Aeroparts AOG DWC LLC,USD,Draft,PLT5115-06-09,BLIND BOLT,50,65.91,2025-07-25,EA,EA
PO-25-6309,Peerless Aerospace,2025-07-25,Aeroparts AOG DWC LLC,USD,Draft,PLT5115-06-08,BLIND BOLT,10,25.56,2025-07-25,EA,EA
PO-25-6310,SAFARI AVIATION SERVICES FZE,2025-07-28,Aeroparts AOG DWC LLC,USD,Draft,VAT,VAT,1,307.49,2025-07-28,EA,EA
PO-25-6310,SAFARI AVIATION SERVICES FZE,2025-07-28,Aeroparts AOG DWC LLC,USD,Draft,VAT,VAT,1,578.45,2025-07-28,EA,EA
PO-25-6310,SAFARI AVIATION SERVICES FZE,2025-07-28,Aeroparts AOG DWC LLC,USD,Draft,PS870A2-6OZ,Sealant 654 Semkit 6Oz,2,160.59,2025-07-28,EA,EA
PO-25-6310,SAFARI AVIATION SERVICES FZE,2025-07-28,Aeroparts AOG DWC LLC,USD,Draft,FLASHBREAKER 1R,GREEN PRESSURE SENSITIVE TAPE,2,150.48,2025-07-28,EA,EA
PO-25-6310,SAFARI AVIATION SERVICES FZE,2025-07-28,Aeroparts AOG DWC LLC,USD,Draft,PR1440A1-2,SEALANT 654 SEMKIT 6OZ,75,85,2025-07-28,EA,EA
PO-25-6310,SAFARI AVIATION SERVICES FZE,2025-07-28,Aeroparts AOG DWC LLC,USD,Draft,EA934NA-AB,Loctite EA934NA A/B QT KT,10,519.41,2025-07-28,EA,EA
PO-25-6310,SAFARI AVIATION SERVICES FZE,2025-07-28,Aeroparts AOG DWC LLC,USD,Draft,PR1440B1-2-6OZ,SEALANT,75,77.72,2025-07-28,EA,EA
PO-25-6311,SKYSPARES LTD,2025-07-28,Aeroparts AOG DWC LLC,USD,Draft,ASNA2027V3-8,BOLT,5,1.8,2025-07-28,EA,EA
PO-25-6311,SKYSPARES LTD,2025-07-28,Aeroparts AOG DWC LLC,USD,Draft,ASNA2027V3-8,BOLT,10,2,2025-07-28,EA,EA
PO-25-6312,DSC TRADING LLC,2025-07-28,Aeroparts AOG DWC LLC,USD,Draft,A5361100220200,ROLLER,1,40,2025-07-28,EA,EA
PO-25-6312,DSC TRADING LLC,2025-07-28,Aeroparts AOG DWC LLC,USD,Draft,FK22981,RUBBER SEAL,1,300,2025-07-28,EA,EA
PO-25-6312,DSC TRADING LLC,2025-07-28,Aeroparts AOG DWC LLC,USD,Draft,ASNA2532-3,NUT,5,0.75,2025-07-28,EA,EA
PO-25-6312,DSC TRADING LLC,2025-07-28,Aeroparts AOG DWC LLC,USD,Draft,NAS1921C04-03,RIVET,5,1,2025-07-28,EA,EA
PO-25-6313,SATAIR,2025-07-28,Aeroparts AOG DWC LLC,USD,Draft,FK21251,SEAL,30,1548.75,2025-07-28,EA,EA
PO-25-6314,BOEING FLEET,2025-07-28,Aeroparts AOG DWC LLC,USD,Draft,002A0002-502,SPRING CLIP,186,99,2025-07-28,EA,EA
PO-25-6315,Airbus,2025-07-28,Aeroparts AOG DWC LLC,USD,Draft,F5347821620200,BEAM LONGITUDINAL SEAT TRACK,1,670,2025-07-28,EA,EA
PO-25-6315,Airbus,2025-07-28,Aeroparts AOG DWC LLC,USD,Draft,F0003155400000,CLAMP BLOCK,2,570,2025-07-28,EA,EA
PO-25-6315,Airbus,2025-07-28,Aeroparts AOG DWC LLC,USD,Draft,F0003150400000,CLAMP - BLOCK,2,226,2025-07-28,EA,EA
PO-25-6315,Airbus,2025-07-28,Aeroparts AOG DWC LLC,USD,Draft,F0003157100000,CLAMP - BLOCK,2,148,2025-07-28,EA,EA
PO-25-6315,Airbus,2025-07-28,Aeroparts AOG DWC LLC,USD,Draft,F0003152800000,CLAMP - BLOCK,1,148,2025-07-28,EA,EA
PO-25-6315,Airbus,2025-07-28,Aeroparts AOG DWC LLC,USD,Draft,F5746232820200,BOLT,3,396,2025-07-28,EA,EA
PO-25-6315,Airbus,2025-07-28,Aeroparts AOG DWC LLC,USD,Draft,F0003006500100,SLEEVE,1,4550,2025-07-28,EA,EA
PO-25-6315,Airbus,2025-07-28,Aeroparts AOG DWC LLC,USD,Draft,DAN11-8X,COLLAR,30,0.99,2025-07-28,EA,EA
PO-25-6315,Airbus,2025-07-28,Aeroparts AOG DWC LLC,USD,Draft,HL70-8,COLLAR,100,0.68,2025-07-28,EA,EA
PO-25-6315,Airbus,2025-07-28,Aeroparts AOG DWC LLC,USD,Draft,DAN5-8-4X,PIN,20,2.94,2025-07-28,EA,EA
PO-25-6315,Airbus,2025-07-28,Aeroparts AOG DWC LLC,USD,Draft,HL110VF8-3,PIN,30,4.88,2025-07-28,EA,EA
PO-25-6315,Airbus,2025-07-28,Aeroparts AOG DWC LLC,USD,Draft,F5757477320000,WASHER,2,87.1,2025-07-28,EA,EA
PO-25-6315,Airbus,2025-07-28,Aeroparts AOG DWC LLC,USD,Draft,F5755033400200,STRUT,2,1150,2025-07-28,EA,EA
PO-25-6316,PROPONENT,2025-07-29,Aeroparts AOG DWC LLC,USD,Draft,DAN5-6-3,HI-LOK PIN,7,2.77,2025-07-29,EA,EA
PO-25-6316,PROPONENT,2025-07-29,Aeroparts AOG DWC LLC,USD,Draft,DAN6-5-4,HI-LOK PIN,30,1.32,2025-07-29,EA,EA
PO-25-6316,PROPONENT,2025-07-29,Aeroparts AOG DWC LLC,USD,Draft,30-75-00011,"CORD, COILED",1,307.1,2025-07-29,EA,EA
PO-25-6316,PROPONENT,2025-07-29,Aeroparts AOG DWC LLC,USD,Draft,ASNA2529-5,NUT,15,3.11,2025-07-29,EA,EA
PO-25-6316,PROPONENT,2025-07-29,Aeroparts AOG DWC LLC,USD,Draft,EN6115V4-9,BOLT,6,3.35,2025-07-29,EA,EA
PO-25-6316,PROPONENT,2025-07-29,Aeroparts AOG DWC LLC,USD,Draft,EN6115V3-3,BOLT,34,1.25,2025-07-29,EA,EA
PO-25-6317,BOEING DISTRIBUTION SERVICES,2025-07-30,Aeroparts AOG DWC LLC,USD,Draft,NAS1921C05-02,BLIND RIVET,25,18.27,2025-07-30,EA,EA
PO-25-6317,BOEING DISTRIBUTION SERVICES,2025-07-30,Aeroparts AOG DWC LLC,USD,Draft,AS21919WCH15,CLAMP,18,3.33,2025-07-30,EA,EA
PO-25-6317,BOEING DISTRIBUTION SERVICES,2025-07-30,Aeroparts AOG DWC LLC,USD,Draft,ABS0805-13M,CLAMP,18,3.9,2025-07-30,EA,EA
PO-25-6317,BOEING DISTRIBUTION SERVICES,2025-07-30,Aeroparts AOG DWC LLC,USD,Draft,EN2997KE508,CONNECTOR,3,213.46,2025-07-30,EA,EA
PO-25-6317,BOEING DISTRIBUTION SERVICES,2025-07-30,Aeroparts AOG DWC LLC,USD,Draft,EN2997KE510,CONNECTOR,3,143.42,2025-07-30,EA,EA
PO-25-6317,BOEING DISTRIBUTION SERVICES,2025-07-30,Aeroparts AOG DWC LLC,USD,Draft,ABS0805-11,CLAMP,3,8.35,2025-07-30,EA,EA
PO-25-6318,CFM INTERNATIONAL,2025-07-30,Aeroparts AOG DWC LLC,USD,Draft,2080M28P10,SHROUD-HPT STATOR,10,8819,2025-07-30,EA,EA
PO-25-6319,WENCOR,2025-07-30,Aeroparts AOG DWC LLC,USD,Draft,ASNA2529-3,"NUT, SELF LOCKING",16,0.91,2025-07-30,EA,EA
PO-25-6319,WENCOR,2025-07-30,Aeroparts AOG DWC LLC,USD,Draft,ASNA0113-48ADL,WASHER,10,0.25,2025-07-30,EA,EA
PO-25-6319,WENCOR,2025-07-30,Aeroparts AOG DWC LLC,USD,Draft,NAS1102E3-36,SCREW,50,3.05,2025-07-30,EA,EA
PO-25-6319,WENCOR,2025-07-30,Aeroparts AOG DWC LLC,USD,Draft,DAN169E3-11,SCREW,60,2.93,2025-07-30,EA,EA
PO-25-6319,WENCOR,2025-07-30,Aeroparts AOG DWC LLC,USD,Draft,DAN169E3-8,SCREW,84,2.9,2025-07-30,EA,EA
PO-25-6319,WENCOR,2025-07-30,Aeroparts AOG DWC LLC,USD,Draft,ASNA2001T3-6,BOLT,450,2.87,2025-07-30,EA,EA
PO-25-6319,WENCOR,2025-07-30,Aeroparts AOG DWC LLC,USD,Draft,MS27291-3,BACKSHELL,1,18.42,2025-07-30,EA,EA
PO-25-6319,WENCOR,2025-07-30,Aeroparts AOG DWC LLC,USD,Draft,ABS0376-3-25,BOLT,300,1.11,2025-07-30,EA,EA
PO-25-6319,WENCOR,2025-07-30,Aeroparts AOG DWC LLC,USD,Draft,EN6131-3C2,NUT,100,3.5,2025-07-30,EA,EA
PO-25-6319,WENCOR,2025-07-30,Aeroparts AOG DWC LLC,USD,Draft,EN6131-3C1,NUT CLIP,350,2.5,2025-07-30,EA,EA
PO-25-6319,WENCOR,2025-07-30,Aeroparts AOG DWC LLC,USD,Draft,EN6115V3-4,BOLT,20,1.9,2025-07-30,EA,EA
PO-25-6319,WENCOR,2025-07-30,Aeroparts AOG DWC LLC,USD,Draft,Q4631,LAMP,24,30.85,2025-07-30,EA,EA
PO-25-6319,WENCOR,2025-07-30,Aeroparts AOG DWC LLC,USD,Draft,NSA5472-7K7,NUT,20,5.3,2025-07-30,EA,EA
PO-25-6319,WENCOR,2025-07-30,Aeroparts AOG DWC LLC,USD,Draft,NAS1096-3-8,SCREW,10,0.28,2025-07-30,EA,EA
PO-25-6320,ITS TESTING SERVICES,2025-07-31,Aeroparts AOG DWC LLC,USD,Draft,VAT,VAT,1,61.27,2025-07-31,EA,EA
PO-25-6320,ITS TESTING SERVICES,2025-07-31,Aeroparts AOG DWC LLC,USD,Draft,HYDRAULIC ANALYSIS,HYDRAULIC ANALYSIS,2,204.22,2025-07-31,EA,EA
PO-25-6320,ITS TESTING SERVICES,2025-07-31,Aeroparts AOG DWC LLC,USD,Draft,HYDRAULIC ANALYSIS,HYDRAULIC ANALYSIS,2,204.22,2025-07-31,EA,EA
PO-25-6320,ITS TESTING SERVICES,2025-07-31,Aeroparts AOG DWC LLC,USD,Draft,HYDRAULIC ANALYSIS,HYDRAULIC ANALYSIS,2,204.22,2025-07-31,EA,EA
PO-25-6321,"GA TELESIS, LLC",2025-07-31,Aeroparts AOG DWC LLC,USD,Draft,3250-81,BALLAST,4,650,2025-07-31,EA,EA
PO-25-6322,SEDA Aerospace Ltd,2025-08-01,Aeroparts AOG DWC LLC,USD,Draft,MOV,MINIMUM ORDER VALUE,1,63.9,2025-08-01,EA,EA
PO-25-6322,SEDA Aerospace Ltd,2025-08-01,Aeroparts AOG DWC LLC,USD,Draft,HL70-6,HI-LOK,19,1.9,2025-08-01,EA,EA
PO-25-6323,WENCOR,2025-08-01,Aeroparts AOG DWC LLC,USD,Draft,768681,COVER,5,222.75,2025-08-01,EA,EA
PO-25-6324,Peerless Aerospace,2025-08-01,Aeroparts AOG DWC LLC,USD,Draft,PLT5115-06-12,BLIND BOLT,20,141.89,2025-08-01,EA,EA
PO-25-6325,AERO TECHNIC ME FZCO,2025-08-04,Aeroparts AOG DWC LLC,USD,Draft,BACC63BV22B19PN,CONNECTOR,1,994.14,2025-01-17,EA,EA
PO-25-6326,AL HANA OIL FIELD EQUIPMENT TRADING,2025-08-04,Aeroparts AOG DWC LLC,USD,Draft,VAT,VAT,1,46.29,2025-08-04,EA,EA
PO-25-6326,AL HANA OIL FIELD EQUIPMENT TRADING,2025-08-04,Aeroparts AOG DWC LLC,USD,Draft,P15-350S,FLEECE FLITER,1,925.8,2025-08-04,RL,RL
PO-25-6327,SKYSPARES LTD,2025-08-05,Aeroparts AOG DWC LLC,USD,Draft,AN415-5,PIN,3,0.92,2025-08-05,EA,EA
PO-25-6327,SKYSPARES LTD,2025-08-05,Aeroparts AOG DWC LLC,USD,Draft,NSA5472-9K7,NUT,20,6.5,2025-08-05,EA,EA
PO-25-6327,SKYSPARES LTD,2025-08-05,Aeroparts AOG DWC LLC,USD,Draft,5.0586E+12,REAR SEAT FITTING,12,112.5,2025-08-05,EA,EA
PO-25-6328,Wyatt Aerospace,2025-08-05,Aeroparts AOG DWC LLC,USD,Draft,7012-18088-03,VALVE,1,11000,2025-08-05,EA,EA
PO-25-6329,ALARIS AEROSPACE LLC,2025-08-05,Aeroparts AOG DWC LLC,USD,Draft,7012-18088-03,VALVE,1,12000,2025-08-05,EA,EA
PO-25-6330,ALESO GLOBAL,2025-08-05,Aeroparts AOG DWC LLC,USD,Draft,966A0000-02,HEAT EXCHANGER,1,5600,2025-08-05,EA,EA
PO-25-6331,DASI LLC,2025-08-06,Aeroparts AOG DWC LLC,USD,Draft,NAS6405-23D,BOLT,1,50,2025-08-06,EA,EA
PO-25-6331,DASI LLC,2025-08-06,Aeroparts AOG DWC LLC,USD,Draft,A5361100320000,SPACER,1,86.4,2025-08-06,EA,EA
PO-25-6331,DASI LLC,2025-08-06,Aeroparts AOG DWC LLC,USD,Draft,ASNA2536-3,NUT,61,0.88,2025-08-06,EA,EA
PO-25-6331,DASI LLC,2025-08-06,Aeroparts AOG DWC LLC,USD,Draft,F5348609520800,PLATE SHEAR,1,155.7,2025-08-06,EA,EA
PO-25-6331,DASI LLC,2025-08-06,Aeroparts AOG DWC LLC,USD,Draft,HL11VF10-7,HI-LOCK,10,8.68,2025-08-06,EA,EA
PO-25-6331,DASI LLC,2025-08-06,Aeroparts AOG DWC LLC,USD,Draft,ASNA2397KD10L,WASHER,34,2.21,2025-08-06,EA,EA
PO-25-6332,PROPONENT BATTERY,2025-08-06,Aeroparts AOG DWC LLC,USD,Draft,3214-31,BATTERY,6,803,2025-08-06,EA,EA
PO-25-6333,"GA TELESIS, LLC",2025-08-07,Aeroparts AOG DWC LLC,USD,Draft,84354350,"BREAKER, REMOTE CONT",1,2700,2025-08-07,EA,EA
PO-25-6334,BOEING FLEET,2025-08-08,Aeroparts AOG DWC LLC,USD,Draft,BACB30MY5K5,BOLT,100,1.49,2025-08-08,EA,EA
PO-25-6335,Pacific Air Industries,2025-08-08,Aeroparts AOG DWC LLC,USD,Draft,TA1670-02WD0401,CLIP,1,133.34,2025-08-08,EA,EA
PO-25-6335,Pacific Air Industries,2025-08-08,Aeroparts AOG DWC LLC,USD,Draft,F5755033400000,STRUT,1,674.2,2025-08-08,EA,EA
PO-25-6335,Pacific Air Industries,2025-08-08,Aeroparts AOG DWC LLC,USD,Draft,F5331637720000,SPACER,1,200,2025-08-08,EA,EA
PO-25-6335,Pacific Air Industries,2025-08-08,Aeroparts AOG DWC LLC,USD,Draft,DAN254A4X7X9D,RIVET,4,0.33,2025-08-08,EA,EA
PO-25-6335,Pacific Air Industries,2025-08-08,Aeroparts AOG DWC LLC,USD,Draft,NSA5472-8K7,NUT,50,2.47,2025-08-08,EA,EA
PO-25-6335,Pacific Air Industries,2025-08-08,Aeroparts AOG DWC LLC,USD,Draft,NSA5516CA28NJ,CLAMP,2,22.91,2025-08-08,EA,EA
PO-25-6336,AVIALL,2025-08-11,Aeroparts AOG DWC LLC,USD,Draft,170-15647-990,SHADE,1,922.04,2025-07-21,EA,EA
PO-25-6337,ROLLS ROYCE,2025-08-12,Aeroparts AOG DWC LLC,USD,Draft,FK21249,SEAL,2,352,2025-08-12,EA,EA
PO-25-6337,ROLLS ROYCE,2025-08-12,Aeroparts AOG DWC LLC,USD,Draft,TA1670-02WD0401,CLIP,1,180,2025-08-12,EA,EA
PO-25-6338,PROPONENT,2025-08-13,Aeroparts AOG DWC LLC,USD,Draft,ABS0304A2-11H,"PROFILE, SILICONE4.5ME LENGTH",5400,0.13,2025-08-13,CM,CM
PO-25-6338,PROPONENT,2025-08-13,Aeroparts AOG DWC LLC,USD,Draft,NAS1102E08-8,SCREW,35,2.15,2025-08-13,EA,EA
PO-25-6338,PROPONENT,2025-08-13,Aeroparts AOG DWC LLC,USD,Draft,NSA55144-003,"WASHER, LOCK RETAINING",113,0.37,2025-08-13,EA,EA
PO-25-6338,PROPONENT,2025-08-13,Aeroparts AOG DWC LLC,USD,Draft,ASNA2056-01DB,STUD,3,17.39,2025-08-13,EA,EA
PO-25-6338,PROPONENT,2025-08-13,Aeroparts AOG DWC LLC,USD,Draft,F2527060120400,MASK,4,33.78,2025-08-13,EA,EA
PO-25-6338,PROPONENT,2025-08-13,Aeroparts AOG DWC LLC,USD,Draft,NSA939511-04,COVER,32,1.25,2025-08-13,EA,EA
PO-25-6338,PROPONENT,2025-08-13,Aeroparts AOG DWC LLC,USD,Draft,NSA5039-3-5,SCREW,2,9.16,2025-08-13,EA,EA
PO-25-6338,PROPONENT,2025-08-13,Aeroparts AOG DWC LLC,USD,Draft,NSA5030-3-3,SCREW,45,0.92,2025-08-13,EA,EA
PO-25-6338,PROPONENT,2025-08-13,Aeroparts AOG DWC LLC,USD,Draft,ABS0336-06,STUD,50,3,2025-08-13,EA,EA
PO-25-6338,PROPONENT,2025-08-13,Aeroparts AOG DWC LLC,USD,Draft,740001-1,DISCHARGER-STATIC,9,79.13,2025-08-13,EA,EA
PO-25-6338,PROPONENT,2025-08-13,Aeroparts AOG DWC LLC,USD,Draft,ABS0551-040,STUD,10,6.13,2025-08-13,EA,EA
PO-25-6338,PROPONENT,2025-08-13,Aeroparts AOG DWC LLC,USD,Draft,5L0039100115000,WASHER - LOCK,10,36.55,2025-08-13,EA,EA
PO-25-6338,PROPONENT,2025-08-13,Aeroparts AOG DWC LLC,USD,Draft,LN1434-06X16,BOLT,5,14.49,2025-08-13,EA,EA
PO-25-6338,PROPONENT,2025-08-13,Aeroparts AOG DWC LLC,USD,Draft,MS29513-266,O-RING,1,5.23,2025-08-13,EA,EA
PO-25-6338,PROPONENT,2025-08-13,Aeroparts AOG DWC LLC,USD,Draft,E0091-40-460NN,BONDING JUMPER,1,7.07,2025-08-13,EA,EA
PO-25-6338,PROPONENT,2025-08-13,Aeroparts AOG DWC LLC,USD,Draft,NSA8206-273,O-RING,1,38.95,2025-08-13,EA,EA
PO-25-6338,PROPONENT,2025-08-13,Aeroparts AOG DWC LLC,USD,Draft,NAS1919M04S03U,RIVET,56,3.7,2025-08-13,EA,EA
PO-25-6339,AERO TECHNIC ME FZCO,2025-08-13,Aeroparts AOG DWC LLC,USD,Draft,00-12976-01,MOLDED ASSY,2,4252.78,2025-08-13,EA,EA
PO-25-6340,WENCOR,2025-08-13,Aeroparts AOG DWC LLC,USD,Draft,NAS1611-012,O-RING,25,1.02,2025-08-13,EA,EA
PO-25-6340,WENCOR,2025-08-13,Aeroparts AOG DWC LLC,USD,Draft,ABS0691-140,STUD,15,6.6,2025-08-13,EA,EA
PO-25-6340,WENCOR,2025-08-13,Aeroparts AOG DWC LLC,USD,Draft,NSA5067-08-1,NUT,6,1.37,2025-08-13,EA,EA
PO-25-6340,WENCOR,2025-08-13,Aeroparts AOG DWC LLC,USD,Draft,NSA55132-103,STUD,7,4.1,2025-08-13,EA,EA
PO-25-6340,WENCOR,2025-08-13,Aeroparts AOG DWC LLC,USD,Draft,ABS0336-07,STUD,100,2,2025-08-13,EA,EA
PO-25-6340,WENCOR,2025-08-13,Aeroparts AOG DWC LLC,USD,Draft,ABS0336-11,STUD,50,2.5,2025-08-13,EA,EA
PO-25-6341,RAMARAJAN ELECTROMECHANICAL EQUIPMENT INSTALLATION,2025-08-13,Aeroparts AOG DWC LLC,USD,Draft,VAT,VAT,1,878.15,2025-08-13,EA,EA
PO-25-6341,RAMARAJAN ELECTROMECHANICAL EQUIPMENT INSTALLATION,2025-08-13,Aeroparts AOG DWC LLC,USD,Draft,DISC,DISCOUNT,1,-555.48,2025-08-13,EA,EA
PO-25-6341,RAMARAJAN ELECTROMECHANICAL EQUIPMENT INSTALLATION,2025-08-13,Aeroparts AOG DWC LLC,USD,Draft,LABOR,LABOR,1,231.45,2025-08-13,EA,EA
PO-25-6341,RAMARAJAN ELECTROMECHANICAL EQUIPMENT INSTALLATION,2025-08-13,Aeroparts AOG DWC LLC,USD,Draft,LABOR,LABOR,1,408.44,2025-08-13,EA,EA
PO-25-6341,RAMARAJAN ELECTROMECHANICAL EQUIPMENT INSTALLATION,2025-08-13,Aeroparts AOG DWC LLC,USD,Draft,LABOR,LABOR,1,1361.47,2025-08-13,EA,EA
PO-25-6341,RAMARAJAN ELECTROMECHANICAL EQUIPMENT INSTALLATION,2025-08-13,Aeroparts AOG DWC LLC,USD,Draft,LABOR,LABOR,1,408.44,2025-08-13,EA,EA
PO-25-6341,RAMARAJAN ELECTROMECHANICAL EQUIPMENT INSTALLATION,2025-08-13,Aeroparts AOG DWC LLC,USD,Draft,LABOR,LABOR,1,272.29,2025-08-13,EA,EA
PO-25-6341,RAMARAJAN ELECTROMECHANICAL EQUIPMENT INSTALLATION,2025-08-13,Aeroparts AOG DWC LLC,USD,Draft,LABOR,LABOR,1,721.58,2025-08-13,EA,EA
PO-25-6341,RAMARAJAN ELECTROMECHANICAL EQUIPMENT INSTALLATION,2025-08-13,Aeroparts AOG DWC LLC,USD,Draft,LABOR,LABOR,1,721.58,2025-08-13,EA,EA
PO-25-6341,RAMARAJAN ELECTROMECHANICAL EQUIPMENT INSTALLATION,2025-08-13,Aeroparts AOG DWC LLC,USD,Draft,LABOR,LABOR,1,776.04,2025-08-13,EA,EA
PO-25-6341,RAMARAJAN ELECTROMECHANICAL EQUIPMENT INSTALLATION,2025-08-13,Aeroparts AOG DWC LLC,USD,Draft,LABOR,LABOR,1,776.04,2025-08-13,EA,EA
PO-25-6341,RAMARAJAN ELECTROMECHANICAL EQUIPMENT INSTALLATION,2025-08-13,Aeroparts AOG DWC LLC,USD,Draft,LABOR,LABOR,1,776.04,2025-08-13,EA,EA
PO-25-6341,RAMARAJAN ELECTROMECHANICAL EQUIPMENT INSTALLATION,2025-08-13,Aeroparts AOG DWC LLC,USD,Draft,LABOR,LABOR,1,2314.5,2025-08-13,EA,EA
PO-25-6341,RAMARAJAN ELECTROMECHANICAL EQUIPMENT INSTALLATION,2025-08-13,Aeroparts AOG DWC LLC,USD,Draft,LABOR,LABOR,1,939.41,2025-08-13,EA,EA
PO-25-6341,RAMARAJAN ELECTROMECHANICAL EQUIPMENT INSTALLATION,2025-08-13,Aeroparts AOG DWC LLC,USD,Draft,LABOR,LABOR,1,776.04,2025-08-13,EA,EA
PO-25-6341,RAMARAJAN ELECTROMECHANICAL EQUIPMENT INSTALLATION,2025-08-13,Aeroparts AOG DWC LLC,USD,Draft,LABOR,LABOR,1,776.04,2025-08-13,EA,EA
PO-25-6341,RAMARAJAN ELECTROMECHANICAL EQUIPMENT INSTALLATION,2025-08-13,Aeroparts AOG DWC LLC,USD,Draft,LABOR,LABOR,1,2314.5,2025-08-13,EA,EA
PO-25-6341,RAMARAJAN ELECTROMECHANICAL EQUIPMENT INSTALLATION,2025-08-13,Aeroparts AOG DWC LLC,USD,Draft,LABOR,LABOR,1,939.41,2025-08-13,EA,EA
PO-25-6341,RAMARAJAN ELECTROMECHANICAL EQUIPMENT INSTALLATION,2025-08-13,Aeroparts AOG DWC LLC,USD,Draft,LABOR,LABOR,1,1157.25,2025-08-13,EA,EA
PO-25-6341,RAMARAJAN ELECTROMECHANICAL EQUIPMENT INSTALLATION,2025-08-13,Aeroparts AOG DWC LLC,USD,Draft,LABOR,LABOR,3,403,2025-08-13,EA,EA
PO-25-6341,RAMARAJAN ELECTROMECHANICAL EQUIPMENT INSTALLATION,2025-08-13,Aeroparts AOG DWC LLC,USD,Draft,LABOR,LABOR,1,231.45,2025-08-13,EA,EA
PO-25-6341,RAMARAJAN ELECTROMECHANICAL EQUIPMENT INSTALLATION,2025-08-13,Aeroparts AOG DWC LLC,USD,Draft,LABOR,LABOR,2,503.74,2025-08-13,EA,EA
PO-25-6342,DASI LLC,2025-08-14,Aeroparts AOG DWC LLC,USD,Draft,PSC738-6U13,SCREW,10,14,2025-08-14,EA,EA
PO-25-6342,DASI LLC,2025-08-14,Aeroparts AOG DWC LLC,USD,Draft,E0053R8B3APNE,CONNECTOR,2,15,2025-08-14,EA,EA
PO-25-6342,DASI LLC,2025-08-14,Aeroparts AOG DWC LLC,USD,Draft,F5725002400000,PANEL ASSY,1,3000,2025-08-14,EA,EA
PO-25-6342,DASI LLC,2025-08-14,Aeroparts AOG DWC LLC,USD,Draft,CR2248-4-3,BLIND RIVET,31,0.65,2025-08-14,EA,EA
PO-25-6342,DASI LLC,2025-08-14,Aeroparts AOG DWC LLC,USD,Draft,AS12946,WASHER,7,3.1,2025-08-14,EA,EA
PO-25-6342,DASI LLC,2025-08-14,Aeroparts AOG DWC LLC,USD,Draft,DAN254A4X7X7D,RIVET,55,0.37,2025-08-14,EA,EA
PO-25-6342,DASI LLC,2025-08-14,Aeroparts AOG DWC LLC,USD,Draft,AS60422,BOLT,3,16.24,2025-08-14,EA,EA
PO-25-6342,DASI LLC,2025-08-14,Aeroparts AOG DWC LLC,USD,Draft,F5508054020801,PLATE,1,95.87,2025-08-14,EA,EA
PO-25-6342,DASI LLC,2025-08-14,Aeroparts AOG DWC LLC,USD,Draft,F0003150000000,CLAMPBLOCK,1,137,2025-08-14,EA,EA
PO-25-6342,DASI LLC,2025-08-14,Aeroparts AOG DWC LLC,USD,Draft,F5218122000600,PLATE ASSY - SHEET METAL,1,3544,2025-08-14,EA,EA
PO-25-6342,DASI LLC,2025-08-14,Aeroparts AOG DWC LLC,USD,Draft,ABS0473-14,MUFF,2,69.65,2025-08-14,EA,EA
PO-25-6343,AERO TECHNIC ME FZCO,2025-08-14,Aeroparts AOG DWC LLC,USD,Draft,CR3524-6-05,RIVET,200,3.65,2025-08-14,EA,EA
PO-25-6344,BOEING DISTRIBUTION SERVICES,2025-08-15,Aeroparts AOG DWC LLC,USD,Draft,HST11AG8-6,BOLT,20,2.06,2025-08-15,EA,EA
PO-25-6345,AVIALL SERVICES INC,2025-08-15,Aeroparts AOG DWC LLC,USD,Draft,RTV157-2-80Z,SEALANT,2,55.68,2025-08-15,EA,EA
PO-25-6346,AVIALL SERVICES INC,2025-08-18,Aeroparts AOG DWC LLC,USD,Draft,31-7741-1,HOLDER LAMP,3,1544.8,2025-07-03,EA,EA
PO-25-6347,Aerospace Technical Services,2025-08-18,Aeroparts AOG DWC LLC,USD,Draft,D41428,REDUCER PRESSURE,1,980,2025-08-18,EA,EA
PO-25-6348,BOEING FLEET,2025-08-18,Aeroparts AOG DWC LLC,USD,Draft,147W2672-5,CLIP,15,390,2025-08-18,EA,EA
PO-25-6350,SAFARI AVIATION SERVICES FZE,2025-08-18,Aeroparts AOG DWC LLC,USD,Draft,KB73,ADHESIVE TAPE - INSULATION BLANKET,3,574.79,2025-08-18,EA,EA
PO-25-6350,SAFARI AVIATION SERVICES FZE,2025-08-18,Aeroparts AOG DWC LLC,USD,Draft,GS-213,SEALANT TAPE,4,51.09,2025-08-18,EA,EA
PO-25-6350,SAFARI AVIATION SERVICES FZE,2025-08-18,Aeroparts AOG DWC LLC,USD,Draft,EA9396AB,LOCTITE EA 9396 AERO EXPOXY PASTE ADHESIVE A/B,2,850.19,2025-08-18,EA,EA
PO-25-6350,SAFARI AVIATION SERVICES FZE,2025-08-18,Aeroparts AOG DWC LLC,USD,Draft,EA9394,LOCTITE EA 9394 AERO,1,622.31,2025-08-18,EA,EA
PO-25-6350,SAFARI AVIATION SERVICES FZE,2025-08-18,Aeroparts AOG DWC LLC,USD,Draft,AEROSPEC 100,SEMI-FLUID GREASE,14,625,2025-08-18,EA,EA
PO-25-6350,SAFARI AVIATION SERVICES FZE,2025-08-18,Aeroparts AOG DWC LLC,USD,Draft,MSRR1064,CHT PRIMER NO6 SILICONE PRIMER,1,114.16,2025-08-18,EA,EA
PO-25-6350,SAFARI AVIATION SERVICES FZE,2025-08-18,Aeroparts AOG DWC LLC,USD,Draft,PR-1204,DOWSIL PR 1204 CLEAR SILICON PRIMER,1,295.03,2025-08-18,EA,EA
PO-25-6350,SAFARI AVIATION SERVICES FZE,2025-08-18,Aeroparts AOG DWC LLC,USD,Draft,RTV3145,DOWSIL 3145 RTV CLEAR SILICON ADHESIVE SEALANT,3,120.06,2025-08-18,EA,EA
PO-25-6351,Aircraft Parts Distribution,2025-08-19,Aeroparts AOG DWC LLC,USD,Draft,HST97DU6,COLLAR,20,45.14,2025-08-19,EA,EA
PO-25-6352,WENCOR,2025-08-19,Aeroparts AOG DWC LLC,USD,Draft,MS28775-341,O-RING,100,2.81,2025-08-19,EA,EA
PO-25-6353,SOUTHERN CROSS AVIATION,2025-08-19,Aeroparts AOG DWC LLC,USD,Draft,2013-1A,EMERGENCY BATTERY,4,3050,2025-08-19,EA,EA
PO-25-6354,AVIANOR INC,2025-08-20,Aeroparts AOG DWC LLC,USD,Draft,BLT5562,BOLT,6,35,2025-08-20,EA,EA
PO-25-6354,AVIANOR INC,2025-08-20,Aeroparts AOG DWC LLC,USD,Draft,FW20462,SEAL,1,1350,2025-08-20,EA,EA
PO-25-6355,Airbus,2025-08-20,Aeroparts AOG DWC LLC,USD,Draft,F2121588400000,DUCT,1,6970,2025-08-20,EA,EA
PO-25-6355,Airbus,2025-08-20,Aeroparts AOG DWC LLC,USD,Draft,A5735003820200,RING,8,73,2025-08-20,EA,EA
PO-25-6355,Airbus,2025-08-20,Aeroparts AOG DWC LLC,USD,Draft,F5508054020801,PLATE,2,140,2025-08-20,EA,EA
PO-25-6355,Airbus,2025-08-20,Aeroparts AOG DWC LLC,USD,Draft,F5508054020901,PLATE,3,173,2025-08-20,EA,EA
PO-25-6355,Airbus,2025-08-20,Aeroparts AOG DWC LLC,USD,Draft,F5725397000000,PLUG,4,179,2025-08-20,EA,EA
PO-25-6355,Airbus,2025-08-20,Aeroparts AOG DWC LLC,USD,Draft,DTF55AV360,HOSE,1,593,2025-08-20,EA,EA
PO-25-6355,Airbus,2025-08-20,Aeroparts AOG DWC LLC,USD,Draft,NAS1919M04S04U,RIVET,75,1.03,2025-08-20,EA,EA
PO-25-6355,Airbus,2025-08-20,Aeroparts AOG DWC LLC,USD,Draft,F2581072000000,BLANKET,1,746,2025-08-20,EA,EA
PO-25-6355,Airbus,2025-08-20,Aeroparts AOG DWC LLC,USD,Draft,EN6114K6-8,BOLT,10,3.77,2025-08-20,EA,EA
PO-25-6355,Airbus,2025-08-20,Aeroparts AOG DWC LLC,USD,Draft,F5311681520000,RAIL,1,2500,2025-08-20,EA,EA
PO-25-6355,Airbus,2025-08-20,Aeroparts AOG DWC LLC,USD,Draft,F2557795420000,FILTER,20,12.9,2025-08-20,EA,EA
PO-25-6355,Airbus,2025-08-20,Aeroparts AOG DWC LLC,USD,Draft,LN9198-4820CF,RIVET,90,0.5,2025-08-20,EA,EA
PO-25-6355,Airbus,2025-08-20,Aeroparts AOG DWC LLC,USD,Draft,F5391622620101,BRACKET,1,204,2025-08-20,EA,EA
PO-25-6355,Airbus,2025-08-20,Aeroparts AOG DWC LLC,USD,Draft,F5391622620001,BRACKET,1,204,2025-08-20,EA,EA
PO-25-6355,Airbus,2025-08-20,Aeroparts AOG DWC LLC,USD,Draft,S628-21-95X1-78,PACKING,100,6.2,2025-08-20,EA,EA
PO-25-6355,Airbus,2025-08-20,Aeroparts AOG DWC LLC,USD,Draft,2201859-39,HOSE,2,563,2025-08-20,EA,EA
PO-25-6355,Airbus,2025-08-20,Aeroparts AOG DWC LLC,USD,Draft,F5755033400000,STRUT,1,1080,2025-08-20,EA,EA
PO-25-6355,Airbus,2025-08-20,Aeroparts AOG DWC LLC,USD,Draft,EN3646RS61006DN,CONNECTOR,2,35.57,2025-08-20,EA,EA
PO-25-6355,Airbus,2025-08-20,Aeroparts AOG DWC LLC,USD,Draft,D9251122801100,PLATE,1,111,2025-08-20,EA,EA
PO-25-6355,Airbus,2025-08-20,Aeroparts AOG DWC LLC,USD,Draft,F5331637720000,SPACER,1,273,2025-08-20,EA,EA
PO-25-6356,AVFLEX,2025-08-20,Aeroparts AOG DWC LLC,USD,Draft,8ES005045-00,POWER SUPPLY UNIT,1,2150,2025-08-20,EA,EA
PO-25-6358,AVIATION CONCEPTS,2025-08-22,Aeroparts AOG DWC LLC,USD,Draft,A5211070420000,SPACER,1,300,2025-08-22,EA,EA
PO-25-6359,PROPONENT,2025-08-26,Aeroparts AOG DWC LLC,USD,Draft,ABS0718A05,STUD,360,1.58,2025-08-26,EA,EA
PO-25-6359,PROPONENT,2025-08-26,Aeroparts AOG DWC LLC,USD,Draft,ABS1040-80,BLEED AIR DUCT SEAL,57,61.31,2025-08-26,EA,EA
PO-25-6359,PROPONENT,2025-08-26,Aeroparts AOG DWC LLC,USD,Draft,HL94-8,COLLAR,15,4.68,2025-08-26,EA,EA
PO-25-6359,PROPONENT,2025-08-26,Aeroparts AOG DWC LLC,USD,Draft,NSA5050-4,NUT,30,1.36,2025-08-26,EA,EA
PO-25-6359,PROPONENT,2025-08-26,Aeroparts AOG DWC LLC,USD,Draft,EN6115V4-9,BOLT,6,3.35,2025-08-26,EA,EA
PO-25-6359,PROPONENT,2025-08-26,Aeroparts AOG DWC LLC,USD,Draft,NSA8203-237,PACKING,2,28.06,2025-08-26,EA,EA
PO-25-6359,PROPONENT,2025-08-26,Aeroparts AOG DWC LLC,USD,Draft,TA025169-08,CLAMP,2,561.81,2025-08-26,EA,EA
PO-25-6359,PROPONENT,2025-08-26,Aeroparts AOG DWC LLC,USD,Draft,ABS0718-07,STUD,350,1.96,2025-08-26,EA,EA
PO-25-6359,PROPONENT,2025-08-26,Aeroparts AOG DWC LLC,USD,Draft,ABS0718A06,STUD,375,1.75,2025-08-26,EA,EA
PO-25-6359,PROPONENT,2025-08-26,Aeroparts AOG DWC LLC,USD,Draft,ABS0718A03,STUD,234,1.81,2025-08-26,EA,EA
PO-25-6359,PROPONENT,2025-08-26,Aeroparts AOG DWC LLC,USD,Draft,DIN65399-4020CF,RIVET,65,1.99,2025-08-26,EA,EA
PO-25-6360,WENCOR,2025-08-27,Aeroparts AOG DWC LLC,USD,Draft,M25988-4-011,RING,25,1.84,2025-08-27,EA,EA
PO-25-6360,WENCOR,2025-08-27,Aeroparts AOG DWC LLC,USD,Draft,M25988-4-240,O-RING,25,6.2,2025-08-27,EA,EA
PO-25-6360,WENCOR,2025-08-27,Aeroparts AOG DWC LLC,USD,Draft,A1111013820500,PATCH,294,15.5,2025-08-27,EA,EA
PO-25-6360,WENCOR,2025-08-27,Aeroparts AOG DWC LLC,USD,Draft,ABS0901R130,CLAMP,6,7,2025-08-27,EA,EA
PO-25-6360,WENCOR,2025-08-27,Aeroparts AOG DWC LLC,USD,Draft,ABS0305KA2-11,SECTION,210,7.45,2025-08-27,MTR,MTR
PO-25-6360,WENCOR,2025-08-27,Aeroparts AOG DWC LLC,USD,Draft,NAS1149CN816R,WASHER,75,0.07,2025-08-27,EA,EA
PO-25-6361,"ED AVIATION, PROJECT MANAGEMENT & ENGINEERING SL",2025-08-28,Aeroparts AOG DWC LLC,USD,Draft,G5757123020000,COVER,50,15.5,2025-08-28,EA,EA
PO-25-6362,AVSTOCK AERO ASSETS TRADING LLC,2025-08-28,Aeroparts AOG DWC LLC,USD,Draft,11-811538-1,PRECOOLER EXCHANGER,1,43000,2025-08-28,EA,EA
PO-25-6363,FARSOUND,2025-08-28,Aeroparts AOG DWC LLC,USD,Draft,ARM986,SEAL,4,225,2025-08-28,EA,EA
PO-25-6364,DASI LLC,2025-08-28,Aeroparts AOG DWC LLC,USD,Draft,R5307008820600,RE KIT,1,1800,2025-08-28,EA,EA
PO-25-6364,DASI LLC,2025-08-28,Aeroparts AOG DWC LLC,USD,Draft,U756213,SCREW,7,7.5,2025-08-28,EA,EA
PO-25-6364,DASI LLC,2025-08-28,Aeroparts AOG DWC LLC,USD,Draft,BLT5562,BOLT,3,20.5,2025-08-28,EA,EA
PO-25-6364,DASI LLC,2025-08-28,Aeroparts AOG DWC LLC,USD,Draft,ASNA2634-224,SLEEVE,1,34.76,2025-08-28,EA,EA
PO-25-6364,DASI LLC,2025-08-28,Aeroparts AOG DWC LLC,USD,Draft,ABS0718-04,STUD,350,3.4,2025-08-28,EA,EA
PO-25-6364,DASI LLC,2025-08-28,Aeroparts AOG DWC LLC,USD,Draft,ABS0741-6C79,PIN,10,23.63,2025-08-28,EA,EA
PO-25-6364,DASI LLC,2025-08-28,Aeroparts AOG DWC LLC,USD,Draft,A5237808920200,GASKET,4,10.2,2025-08-28,EA,EA
PO-25-6364,DASI LLC,2025-08-28,Aeroparts AOG DWC LLC,USD,Draft,DCIN112-08,HINGE ASSY,2,365,2025-08-28,EA,EA
PO-25-6364,DASI LLC,2025-08-28,Aeroparts AOG DWC LLC,USD,Draft,A5217533322700,SLIDE PROTECT STRIP,1,56.85,2025-08-28,EA,EA
PO-25-6364,DASI LLC,2025-08-28,Aeroparts AOG DWC LLC,USD,Draft,A5217533322600,SLIDE PROTECT STRIP,2,46,2025-08-28,EA,EA
PO-25-6364,DASI LLC,2025-08-28,Aeroparts AOG DWC LLC,USD,Draft,F5218122000700,PLATE ASSYSHEET METAL,1,3900,2025-08-28,EA,EA
PO-25-6365,PROPONENT,2025-08-28,Aeroparts AOG DWC LLC,USD,Draft,MS25988/1-904,ORING,100,0.78,2025-08-18,EA,EA
PO-25-6366,BOEING DISTRIBUTION SERVICES,2025-08-29,Aeroparts AOG DWC LLC,USD,Draft,HL82-10A,HI-COLLAR,11,2.35,2025-08-29,EA,EA
PO-25-6366,BOEING DISTRIBUTION SERVICES,2025-08-29,Aeroparts AOG DWC LLC,USD,Draft,EN6114K6-9,BOLT,5,10.37,2025-08-29,EA,EA
PO-25-6366,BOEING DISTRIBUTION SERVICES,2025-08-29,Aeroparts AOG DWC LLC,USD,Draft,EN6114K6-7,BOLT,5,6.47,2025-08-29,EA,EA
PO-25-6366,BOEING DISTRIBUTION SERVICES,2025-08-29,Aeroparts AOG DWC LLC,USD,Draft,ABS0126-12-02,BACKSHELL,1,380.8,2025-08-29,EA,EA
PO-25-6367,AOG-247 LIMITED,2025-08-29,Aeroparts AOG DWC LLC,USD,Draft,QA07693,HYD. FILTER ASSY,1,4000,2025-08-29,EA,EA
PO-25-6368,ATLANTA AIR EXCHANGE,2025-08-29,Aeroparts AOG DWC LLC,USD,Draft,D41428,REDUCER PRESSURE,1,980,2025-08-29,EA,EA
PO-25-6369,HESTON MATERIALS,2025-08-29,Aeroparts AOG DWC LLC,USD,Draft,066-50013-0202,DME INTERROGATOR,1,4500,2025-08-29,EA,EA
PO-25-6370,SKYSPARES LTD,2025-09-01,Aeroparts AOG DWC LLC,USD,Draft,CR2248-4-5,BLIND RIVET,10,0.3,2025-09-01,EA,EA
PO-25-6370,SKYSPARES LTD,2025-09-01,Aeroparts AOG DWC LLC,USD,Draft,MS21242S05K,CLEVIS ROD-END,1,70,2025-09-01,EA,EA
PO-25-6371,AERO TECHNIC ME FZCO,2025-09-01,Aeroparts AOG DWC LLC,USD,Draft,D2907018301400,ACCUMULATOR,1,9450,2025-09-01,EA,EA
PO-25-6372,WENCOR,2025-09-02,Aeroparts AOG DWC LLC,USD,Draft,MS35338-137,"WASHER, LOCK",2,0.23,2025-09-02,EA,EA
PO-25-6372,WENCOR,2025-09-02,Aeroparts AOG DWC LLC,USD,Draft,NSA939511-10,COVER,13,3.78,2025-09-02,EA,EA
PO-25-6372,WENCOR,2025-09-02,Aeroparts AOG DWC LLC,USD,Draft,A2527576120400,HANDLE SECTION,21,152.49,2025-09-02,EA,EA
PO-25-6372,WENCOR,2025-09-02,Aeroparts AOG DWC LLC,USD,Draft,9855DV,DAMPER,2,39.5,2025-09-02,EA,EA
PO-25-6373,"GA TELESIS, LLC",2025-09-03,Aeroparts AOG DWC LLC,USD,Draft,A25317-1,VALVE,1,2500,2025-09-03,EA,EA
PO-25-6373,"GA TELESIS, LLC",2025-09-03,Aeroparts AOG DWC LLC,USD,Draft,E03A00,Engine Pump Fire Valve,1,1050,2025-09-03,EA,EA
PO-25-6374,Pacific Air Industries,2025-09-03,Aeroparts AOG DWC LLC,USD,Draft,E0667A28A0,RELAY,1,399,2025-09-03,EA,EA
PO-25-6374,Pacific Air Industries,2025-09-03,Aeroparts AOG DWC LLC,USD,Draft,NAS1100-08-16,SCREW,44,13.65,2025-09-03,EA,EA
PO-25-6374,Pacific Air Industries,2025-09-03,Aeroparts AOG DWC LLC,USD,Draft,MS51861-12C,SCREW,15,0.2,2025-09-03,EA,EA
PO-25-6374,Pacific Air Industries,2025-09-03,Aeroparts AOG DWC LLC,USD,Draft,NSA8147-05-10,BEARING,2,4.94,2025-09-03,EA,EA
PO-25-6374,Pacific Air Industries,2025-09-03,Aeroparts AOG DWC LLC,USD,Draft,BLT5562,BOLT,1,57.26,2025-09-03,EA,EA
PO-25-6374,Pacific Air Industries,2025-09-03,Aeroparts AOG DWC LLC,USD,Draft,ABS0691-150,STUD,5,14.2,2025-09-03,EA,EA
PO-25-6374,Pacific Air Industries,2025-09-03,Aeroparts AOG DWC LLC,USD,Draft,HL94-6,COLLAR,10,6.21,2025-09-03,EA,EA
PO-25-6375,NORDAM,2025-09-04,Aeroparts AOG DWC LLC,USD,Draft,91E079-00,BUSHING,4,250,2025-09-04,EA,EA
PO-25-6375,NORDAM,2025-09-04,Aeroparts AOG DWC LLC,USD,Draft,91E075-00,BUSHING,4,300,2025-09-04,EA,EA
PO-25-6376,OMS,2025-09-05,Aeroparts AOG DWC LLC,USD,Draft,822-1338-225,ATC Transponder,1,5000,2025-09-05,EA,EA
PO-25-6377,"GA TELESIS, LLC",2025-09-05,Aeroparts AOG DWC LLC,USD,Draft,822-1338-225,ATC Transponder,1,8400,2025-09-05,EA,EA
PO-25-6378,Pacific Air Industries,2025-09-05,Aeroparts AOG DWC LLC,USD,Draft,NSA5042-08-165,BOLT,1,6.39,2025-09-05,EA,EA
PO-25-6378,Pacific Air Industries,2025-09-05,Aeroparts AOG DWC LLC,USD,Draft,A3611504720000,SEAL,2,75,2025-09-05,EA,EA
PO-INTIAL STOCK,Aeroparts AOG Migration,2024-08-29,Aeroparts AOG DWC LLC,USD,Draft,769105A,AIR CYCLE MACHINE,1,0,2024-08-29,EA,EA
PO-INTIAL STOCK,Aeroparts AOG Migration,2024-08-29,Aeroparts AOG DWC LLC,USD,Draft,337-108-401-0,"BEARING, ROLLER NO 5",1,0,2024-08-29,EA,EA
PO-INTIAL STOCK,Aeroparts AOG Migration,2024-08-29,Aeroparts AOG DWC LLC,USD,Draft,2083M88P01,DEFLECTOR,1,0,2024-08-29,EA,EA
PO-INTIAL STOCK,Aeroparts AOG Migration,2024-08-29,Aeroparts AOG DWC LLC,USD,Draft,622-4540-020,DME INTERROGATE,1,0,2024-08-29,EA,EA
PO-INTIAL STOCK,Aeroparts AOG Migration,2024-08-29,Aeroparts AOG DWC LLC,USD,Draft,390-300-241-0,PLUG IDENTI -5A3 W O PMUX,1,0,2024-08-29,EA,EA
PO-INTIAL STOCK,Aeroparts AOG Migration,2024-08-29,Aeroparts AOG DWC LLC,USD,Draft,8GH004554-28,LAMP,2,0,2024-08-29,EA,EA
PO-INTIAL STOCK,Aeroparts AOG Migration,2024-08-29,Aeroparts AOG DWC LLC,USD,Draft,CN20250020,HONEYCOMB,20,0,2024-08-29,EA,EA
PO-2,ABASCO TOOLS TRADING LLC,2025-07-03,Aeroparts AOG DWC LLC,USD,Draft,293-332-30,DIGITAL MICROMETER,1,317,2025-07-03,EA,EA
PO-3,EMIRATES CALIBRATION SERVICES,2025-07-07,Aeroparts AOG DWC LLC,USD,Draft,TORQUE MULTIPLIER,TORQUE MULTIPLIER,1,250,2025-07-07,EA,EA
PO-3,EMIRATES CALIBRATION SERVICES,2025-07-07,Aeroparts AOG DWC LLC,USD,Draft,DYNAMOMETER,DYNAMOMETER,1,250,2025-07-07,EA,EA
PO-3,EMIRATES CALIBRATION SERVICES,2025-07-07,Aeroparts AOG DWC LLC,USD,Draft,EPOCH 650,OKM KIT LEND KNOB,1,250,2025-07-07,EA,EA
PO-3,EMIRATES CALIBRATION SERVICES,2025-07-07,Aeroparts AOG DWC LLC,USD,Draft,LG-050,GAUGE-DIAL PUSH PULL,1,250,2025-07-07,EA,EA
PO-3,EMIRATES CALIBRATION SERVICES,2025-07-07,Aeroparts AOG DWC LLC,USD,Draft,WT81,DIGITAL LUX METER,1,250,2025-07-07,EA,EA
PO-3,EMIRATES CALIBRATION SERVICES,2025-07-07,Aeroparts AOG DWC LLC,USD,Draft,KDTW2020T,TORQUE WRENCH,1,250,2025-07-07,EA,EA
PO-3,EMIRATES CALIBRATION SERVICES,2025-07-07,Aeroparts AOG DWC LLC,USD,Draft,KDTW2010T,TORQUE WRENCH,1,250,2025-07-07,EA,EA
PO-3,EMIRATES CALIBRATION SERVICES,2025-07-07,Aeroparts AOG DWC LLC,USD,Draft,KDMW30060,TORQUE WRENCH,1,250,2025-07-07,EA,EA
PO-3,EMIRATES CALIBRATION SERVICES,2025-07-07,Aeroparts AOG DWC LLC,USD,Draft,QD4N550,TORQUE WRENCH,1,250,2025-07-07,EA,EA
PO-3,EMIRATES CALIBRATION SERVICES,2025-07-07,Aeroparts AOG DWC LLC,USD,Draft,4934220,TORQUE WRENCH,1,250,2025-07-07,EA,EA
PO-3,EMIRATES CALIBRATION SERVICES,2025-07-07,Aeroparts AOG DWC LLC,USD,Draft,64-452A,TORQUE WRENCH,1,250,2025-07-07,EA,EA
PO-3,EMIRATES CALIBRATION SERVICES,2025-07-07,Aeroparts AOG DWC LLC,USD,Draft,64-452A,TORQUE WRENCH,1,250,2025-07-07,EA,EA
PO-3,EMIRATES CALIBRATION SERVICES,2025-07-07,Aeroparts AOG DWC LLC,USD,Draft,1108-150,DIGITAL CALIPER,1,250,2025-07-07,EA,EA
PO-3,EMIRATES CALIBRATION SERVICES,2025-07-07,Aeroparts AOG DWC LLC,USD,Draft,1108-200,DIGITAL CALIPER,1,250,2025-07-07,EA,EA
PO-3,EMIRATES CALIBRATION SERVICES,2025-07-07,Aeroparts AOG DWC LLC,USD,Draft,1108-300,DIGITAL CALIPER,1,250,2025-07-07,EA,EA
PO-3,EMIRATES CALIBRATION SERVICES,2025-07-07,Aeroparts AOG DWC LLC,USD,Draft,571-212-30,DIGITAL CALIPER,1,250,2025-07-07,EA,EA
PO-3,EMIRATES CALIBRATION SERVICES,2025-07-07,Aeroparts AOG DWC LLC,USD,Draft,571-211-30,DEPTH GAUGE,1,250,2025-07-07,EA,EA
PO-3,EMIRATES CALIBRATION SERVICES,2025-07-07,Aeroparts AOG DWC LLC,USD,Draft,293-351-30,DIGITAL MICROMETER,1,250,2025-07-07,EA,EA
PO-3,EMIRATES CALIBRATION SERVICES,2025-07-07,Aeroparts AOG DWC LLC,USD,Draft,293-350-10,DIGITAL MICROMETER,1,250,2025-07-07,EA,EA
PO-3,EMIRATES CALIBRATION SERVICES,2025-07-07,Aeroparts AOG DWC LLC,USD,Draft,293-343-30,DIGITAL MICROMETER,1,250,2025-07-07,EA,EA
PO-3,EMIRATES CALIBRATION SERVICES,2025-07-07,Aeroparts AOG DWC LLC,USD,Draft,293-341-30,DIGITAL MICROMETER,1,250,2025-07-07,EA,EA
PO-3,EMIRATES CALIBRATION SERVICES,2025-07-07,Aeroparts AOG DWC LLC,USD,Draft,293-340-30,DIGITAL MICROMETER,1,250,2025-07-07,EA,EA
PO-PO-DXB02483-,AERC-PO-ap Materials,2024-09-02,Aeroparts AOG DWC LLC,USD,Draft,CFM56-5A,CFM56-5A,14,217142,2024-09-02,EA,EA
PO-PO-DXB02483-,AERC-PO-ap Materials,2024-09-02,Aeroparts AOG DWC LLC,USD,Draft,A319,AIRBUS A319,6,495002,2024-09-02,EA,EA
PO-PO-DXB02483-,AERC-PO-ap Materials,2024-09-02,Aeroparts AOG DWC LLC,USD,Draft,A320,AIRBUS A320,2,495000,2024-09-02,EA,EA
